                                kicad schematic
                                Transient Analysis  Tue Oct 21 20:02:38  2025
--------------------------------------------------------------------------------
Index   time            in              net-_r1-pad2_   net-_v2-pad1_   
--------------------------------------------------------------------------------
0	0.000000e+00	0.000000e+00	9.841445e-04	1.500000e+01	
1	1.000000e-07	6.283185e-05	9.885855e-04	1.500000e+01	
2	2.000000e-07	1.256637e-04	9.951234e-04	1.500000e+01	
3	4.000000e-07	2.513271e-04	1.013690e-03	1.500000e+01	
4	8.000000e-07	5.026527e-04	1.081757e-03	1.500000e+01	
5	1.600000e-06	1.005293e-03	1.314629e-03	1.500000e+01	
6	3.200000e-06	2.010484e-03	2.022375e-03	1.500000e+01	
7	6.400000e-06	4.020155e-03	3.848218e-03	1.500000e+01	
8	1.280000e-05	8.033810e-03	7.842990e-03	1.500000e+01	
9	2.280000e-05	1.427671e-02	1.409703e-02	1.500000e+01	
10	3.280000e-05	2.046327e-02	2.029104e-02	1.500000e+01	
11	4.280000e-05	2.656907e-02	2.641263e-02	1.500000e+01	
12	5.280000e-05	3.257002e-02	3.243214e-02	1.500000e+01	
13	6.280000e-05	3.844242e-02	3.832834e-02	1.500000e+01	
14	7.280000e-05	4.416311e-02	4.407678e-02	1.500000e+01	
15	8.280000e-05	4.970951e-02	4.965534e-02	1.500000e+01	
16	9.280000e-05	5.505973e-02	5.504171e-02	1.500000e+01	
17	1.028000e-04	6.019265e-02	6.021480e-02	1.500000e+01	
18	1.128000e-04	6.508802e-02	6.515407e-02	1.500000e+01	
19	1.228000e-04	6.972652e-02	6.984012e-02	1.500000e+01	
20	1.328000e-04	7.408984e-02	7.425439e-02	1.500000e+01	
21	1.428000e-04	7.816076e-02	7.837951e-02	1.500000e+01	
22	1.528000e-04	8.192321e-02	8.219914e-02	1.500000e+01	
23	1.628000e-04	8.536235e-02	8.569827e-02	1.500000e+01	
24	1.728000e-04	8.846461e-02	8.886303e-02	1.500000e+01	
25	1.828000e-04	9.121773e-02	9.168099e-02	1.500000e+01	
26	1.928000e-04	9.361087e-02	9.414097e-02	1.500000e+01	
27	2.028000e-04	9.563456e-02	9.623332e-02	1.500000e+01	
28	2.128000e-04	9.728082e-02	9.794973e-02	1.500000e+01	
29	2.228000e-04	9.854317e-02	9.928348e-02	1.500000e+01	
30	2.328000e-04	9.941660e-02	1.002293e-01	1.500000e+01	
31	2.428000e-04	9.989769e-02	1.007834e-01	1.500000e+01	
32	2.528000e-04	9.998452e-02	1.009436e-01	1.500000e+01	
33	2.628000e-04	9.967677e-02	1.007094e-01	1.500000e+01	
34	2.728000e-04	9.897563e-02	1.000815e-01	1.500000e+01	
35	2.828000e-04	9.788388e-02	9.906263e-02	1.500000e+01	
36	2.928000e-04	9.640583e-02	9.765664e-02	1.500000e+01	
37	3.028000e-04	9.454731e-02	9.586917e-02	1.500000e+01	
38	3.128000e-04	9.231566e-02	9.370721e-02	1.500000e+01	
39	3.228000e-04	8.971967e-02	9.117935e-02	1.500000e+01	
40	3.328000e-04	8.676961e-02	8.829552e-02	1.500000e+01	
41	3.428000e-04	8.347710e-02	8.506715e-02	1.500000e+01	
42	3.528000e-04	7.985515e-02	8.150693e-02	1.500000e+01	
43	3.628000e-04	7.591804e-02	7.762897e-02	1.500000e+01	
44	3.728000e-04	7.168133e-02	7.344851e-02	1.500000e+01	
45	3.828000e-04	6.716171e-02	6.898211e-02	1.500000e+01	
46	3.928000e-04	6.237705e-02	6.424734e-02	1.500000e+01	
47	4.028000e-04	5.734621e-02	5.926294e-02	1.500000e+01	
48	4.128000e-04	5.208904e-02	5.404852e-02	1.500000e+01	
49	4.228000e-04	4.662631e-02	4.862473e-02	1.500000e+01	
50	4.328000e-04	4.097957e-02	4.301290e-02	1.500000e+01	
51	4.428000e-04	3.517109e-02	3.723524e-02	1.500000e+01	
52	4.528000e-04	2.922382e-02	3.131449e-02	1.500000e+01	
53	4.628000e-04	2.316121e-02	2.527407e-02	1.500000e+01	
54	4.728000e-04	1.700719e-02	1.913777e-02	1.500000e+01	

Index   time            in              net-_r1-pad2_   net-_v2-pad1_   
--------------------------------------------------------------------------------
55	4.828000e-04	1.078605e-02	1.292985e-02	1.500000e+01	
56	4.928000e-04	4.522351e-03	6.674764e-03	1.500000e+01	
57	5.028000e-04	-1.75920e-03	3.972439e-04	1.500000e+01	
58	5.128000e-04	-8.03381e-03	-5.87799e-03	1.500000e+01	
59	5.228000e-04	-1.42767e-02	-1.21261e-02	1.500000e+01	
60	5.328000e-04	-2.04633e-02	-1.83225e-02	1.500000e+01	
61	5.428000e-04	-2.65691e-02	-2.44427e-02	1.500000e+01	
62	5.528000e-04	-3.25700e-02	-3.04626e-02	1.500000e+01	
63	5.628000e-04	-3.84424e-02	-3.63584e-02	1.500000e+01	
64	5.728000e-04	-4.41631e-02	-4.21068e-02	1.500000e+01	
65	5.828000e-04	-4.97095e-02	-4.76851e-02	1.500000e+01	
66	5.928000e-04	-5.50597e-02	-5.30714e-02	1.500000e+01	
67	6.028000e-04	-6.01927e-02	-5.82444e-02	1.500000e+01	
68	6.128000e-04	-6.50880e-02	-6.31836e-02	1.500000e+01	
69	6.228000e-04	-6.97265e-02	-6.78696e-02	1.500000e+01	
70	6.328000e-04	-7.40898e-02	-7.22838e-02	1.500000e+01	
71	6.428000e-04	-7.81608e-02	-7.64089e-02	1.500000e+01	
72	6.528000e-04	-8.19232e-02	-8.02286e-02	1.500000e+01	
73	6.628000e-04	-8.53624e-02	-8.37277e-02	1.500000e+01	
74	6.728000e-04	-8.84646e-02	-8.68926e-02	1.500000e+01	
75	6.828000e-04	-9.12177e-02	-8.97106e-02	1.500000e+01	
76	6.928000e-04	-9.36109e-02	-9.21707e-02	1.500000e+01	
77	7.028000e-04	-9.56346e-02	-9.42631e-02	1.500000e+01	
78	7.128000e-04	-9.72808e-02	-9.59797e-02	1.500000e+01	
79	7.228000e-04	-9.85432e-02	-9.73136e-02	1.500000e+01	
80	7.328000e-04	-9.94166e-02	-9.82596e-02	1.500000e+01	
81	7.428000e-04	-9.98977e-02	-9.88139e-02	1.500000e+01	
82	7.528000e-04	-9.99845e-02	-9.89743e-02	1.500000e+01	
83	7.628000e-04	-9.96768e-02	-9.87402e-02	1.500000e+01	
84	7.728000e-04	-9.89756e-02	-9.81126e-02	1.500000e+01	
85	7.828000e-04	-9.78839e-02	-9.70939e-02	1.500000e+01	
86	7.928000e-04	-9.64058e-02	-9.56881e-02	1.500000e+01	
87	8.028000e-04	-9.45473e-02	-9.39008e-02	1.500000e+01	
88	8.128000e-04	-9.23157e-02	-9.17391e-02	1.500000e+01	
89	8.228000e-04	-8.97197e-02	-8.92113e-02	1.500000e+01	
90	8.328000e-04	-8.67696e-02	-8.63277e-02	1.500000e+01	
91	8.428000e-04	-8.34771e-02	-8.30994e-02	1.500000e+01	
92	8.528000e-04	-7.98551e-02	-7.95393e-02	1.500000e+01	
93	8.628000e-04	-7.59180e-02	-7.56614e-02	1.500000e+01	
94	8.728000e-04	-7.16813e-02	-7.14810e-02	1.500000e+01	
95	8.828000e-04	-6.71617e-02	-6.70146e-02	1.500000e+01	
96	8.928000e-04	-6.23770e-02	-6.22799e-02	1.500000e+01	
97	9.028000e-04	-5.73462e-02	-5.72955e-02	1.500000e+01	
98	9.128000e-04	-5.20890e-02	-5.20810e-02	1.500000e+01	
99	9.228000e-04	-4.66263e-02	-4.66572e-02	1.500000e+01	
100	9.328000e-04	-4.09796e-02	-4.10453e-02	1.500000e+01	
101	9.428000e-04	-3.51711e-02	-3.52675e-02	1.500000e+01	
102	9.528000e-04	-2.92238e-02	-2.93466e-02	1.500000e+01	
103	9.628000e-04	-2.31612e-02	-2.33060e-02	1.500000e+01	
104	9.728000e-04	-1.70072e-02	-1.71696e-02	1.500000e+01	
105	9.828000e-04	-1.07861e-02	-1.09615e-02	1.500000e+01	
106	9.928000e-04	-4.52235e-03	-4.70624e-03	1.500000e+01	
107	1.002800e-03	1.759201e-03	1.571501e-03	1.500000e+01	
108	1.012800e-03	8.033810e-03	7.846904e-03	1.500000e+01	
109	1.022800e-03	1.427671e-02	1.409526e-02	1.500000e+01	
110	1.032800e-03	2.046327e-02	2.029184e-02	1.500000e+01	
111	1.042800e-03	2.656907e-02	2.641226e-02	1.500000e+01	
112	1.052800e-03	3.257002e-02	3.243231e-02	1.500000e+01	

Index   time            in              net-_r1-pad2_   net-_v2-pad1_   
--------------------------------------------------------------------------------
113	1.062800e-03	3.844242e-02	3.832827e-02	1.500000e+01	
114	1.072800e-03	4.416311e-02	4.407682e-02	1.500000e+01	
115	1.082800e-03	4.970951e-02	4.965533e-02	1.500000e+01	
116	1.092800e-03	5.505973e-02	5.504172e-02	1.500000e+01	
117	1.102800e-03	6.019265e-02	6.021479e-02	1.500000e+01	
118	1.112800e-03	6.508802e-02	6.515407e-02	1.500000e+01	
119	1.122800e-03	6.972652e-02	6.984012e-02	1.500000e+01	
120	1.132800e-03	7.408984e-02	7.425439e-02	1.500000e+01	
121	1.142800e-03	7.816076e-02	7.837951e-02	1.500000e+01	
122	1.152800e-03	8.192321e-02	8.219914e-02	1.500000e+01	
123	1.162800e-03	8.536235e-02	8.569827e-02	1.500000e+01	
124	1.172800e-03	8.846461e-02	8.886303e-02	1.500000e+01	
125	1.182800e-03	9.121773e-02	9.168099e-02	1.500000e+01	
126	1.192800e-03	9.361087e-02	9.414097e-02	1.500000e+01	
127	1.202800e-03	9.563456e-02	9.623332e-02	1.500000e+01	
128	1.212800e-03	9.728082e-02	9.794973e-02	1.500000e+01	
129	1.222800e-03	9.854317e-02	9.928348e-02	1.500000e+01	
130	1.232800e-03	9.941660e-02	1.002293e-01	1.500000e+01	
131	1.242800e-03	9.989769e-02	1.007834e-01	1.500000e+01	
132	1.252800e-03	9.998452e-02	1.009436e-01	1.500000e+01	
133	1.262800e-03	9.967677e-02	1.007094e-01	1.500000e+01	
134	1.272800e-03	9.897563e-02	1.000815e-01	1.500000e+01	
135	1.282800e-03	9.788388e-02	9.906263e-02	1.500000e+01	
136	1.292800e-03	9.640583e-02	9.765665e-02	1.500000e+01	
137	1.302800e-03	9.454731e-02	9.586917e-02	1.500000e+01	
138	1.312800e-03	9.231566e-02	9.370721e-02	1.500000e+01	
139	1.322800e-03	8.971967e-02	9.117935e-02	1.500000e+01	
140	1.332800e-03	8.676961e-02	8.829552e-02	1.500000e+01	
141	1.342800e-03	8.347710e-02	8.506715e-02	1.500000e+01	
142	1.352800e-03	7.985515e-02	8.150693e-02	1.500000e+01	
143	1.362800e-03	7.591804e-02	7.762897e-02	1.500000e+01	
144	1.372800e-03	7.168133e-02	7.344851e-02	1.500000e+01	
145	1.382800e-03	6.716171e-02	6.898211e-02	1.500000e+01	
146	1.392800e-03	6.237705e-02	6.424734e-02	1.500000e+01	
147	1.402800e-03	5.734621e-02	5.926294e-02	1.500000e+01	
148	1.412800e-03	5.208904e-02	5.404853e-02	1.500000e+01	
149	1.422800e-03	4.662631e-02	4.862473e-02	1.500000e+01	
150	1.432800e-03	4.097957e-02	4.301290e-02	1.500000e+01	
151	1.442800e-03	3.517109e-02	3.723524e-02	1.500000e+01	
152	1.452800e-03	2.922382e-02	3.131449e-02	1.500000e+01	
153	1.462800e-03	2.316121e-02	2.527407e-02	1.500000e+01	
154	1.472800e-03	1.700719e-02	1.913777e-02	1.500000e+01	
155	1.482800e-03	1.078605e-02	1.292985e-02	1.500000e+01	
156	1.492800e-03	4.522351e-03	6.674765e-03	1.500000e+01	
157	1.502800e-03	-1.75920e-03	3.972423e-04	1.500000e+01	
158	1.512800e-03	-8.03381e-03	-5.87799e-03	1.500000e+01	
159	1.522800e-03	-1.42767e-02	-1.21261e-02	1.500000e+01	
160	1.532800e-03	-2.04633e-02	-1.83225e-02	1.500000e+01	
161	1.542800e-03	-2.65691e-02	-2.44427e-02	1.500000e+01	
162	1.552800e-03	-3.25700e-02	-3.04626e-02	1.500000e+01	
163	1.562800e-03	-3.84424e-02	-3.63584e-02	1.500000e+01	
164	1.572800e-03	-4.41631e-02	-4.21068e-02	1.500000e+01	
165	1.582800e-03	-4.97095e-02	-4.76851e-02	1.500000e+01	
166	1.592800e-03	-5.50597e-02	-5.30714e-02	1.500000e+01	
167	1.602800e-03	-6.01927e-02	-5.82444e-02	1.500000e+01	
168	1.612800e-03	-6.50880e-02	-6.31836e-02	1.500000e+01	
169	1.622800e-03	-6.97265e-02	-6.78696e-02	1.500000e+01	
170	1.632800e-03	-7.40898e-02	-7.22838e-02	1.500000e+01	

Index   time            in              net-_r1-pad2_   net-_v2-pad1_   
--------------------------------------------------------------------------------
171	1.642800e-03	-7.81608e-02	-7.64089e-02	1.500000e+01	
172	1.652800e-03	-8.19232e-02	-8.02286e-02	1.500000e+01	
173	1.662800e-03	-8.53624e-02	-8.37277e-02	1.500000e+01	
174	1.672800e-03	-8.84646e-02	-8.68926e-02	1.500000e+01	
175	1.682800e-03	-9.12177e-02	-8.97106e-02	1.500000e+01	
176	1.692800e-03	-9.36109e-02	-9.21707e-02	1.500000e+01	
177	1.702800e-03	-9.56346e-02	-9.42631e-02	1.500000e+01	
178	1.712800e-03	-9.72808e-02	-9.59797e-02	1.500000e+01	
179	1.722800e-03	-9.85432e-02	-9.73136e-02	1.500000e+01	
180	1.732800e-03	-9.94166e-02	-9.82596e-02	1.500000e+01	
181	1.742800e-03	-9.98977e-02	-9.88139e-02	1.500000e+01	
182	1.752800e-03	-9.99845e-02	-9.89743e-02	1.500000e+01	
183	1.762800e-03	-9.96768e-02	-9.87402e-02	1.500000e+01	
184	1.772800e-03	-9.89756e-02	-9.81126e-02	1.500000e+01	
185	1.782800e-03	-9.78839e-02	-9.70939e-02	1.500000e+01	
186	1.792800e-03	-9.64058e-02	-9.56881e-02	1.500000e+01	
187	1.802800e-03	-9.45473e-02	-9.39008e-02	1.500000e+01	
188	1.812800e-03	-9.23157e-02	-9.17391e-02	1.500000e+01	
189	1.822800e-03	-8.97197e-02	-8.92113e-02	1.500000e+01	
190	1.832800e-03	-8.67696e-02	-8.63277e-02	1.500000e+01	
191	1.842800e-03	-8.34771e-02	-8.30994e-02	1.500000e+01	
192	1.852800e-03	-7.98551e-02	-7.95393e-02	1.500000e+01	
193	1.862800e-03	-7.59180e-02	-7.56614e-02	1.500000e+01	
194	1.872800e-03	-7.16813e-02	-7.14810e-02	1.500000e+01	
195	1.882800e-03	-6.71617e-02	-6.70147e-02	1.500000e+01	
196	1.892800e-03	-6.23770e-02	-6.22799e-02	1.500000e+01	
197	1.902800e-03	-5.73462e-02	-5.72955e-02	1.500000e+01	
198	1.912800e-03	-5.20890e-02	-5.20810e-02	1.500000e+01	
199	1.922800e-03	-4.66263e-02	-4.66572e-02	1.500000e+01	
200	1.932800e-03	-4.09796e-02	-4.10453e-02	1.500000e+01	
201	1.942800e-03	-3.51711e-02	-3.52675e-02	1.500000e+01	
202	1.952800e-03	-2.92238e-02	-2.93466e-02	1.500000e+01	
203	1.962800e-03	-2.31612e-02	-2.33060e-02	1.500000e+01	
204	1.972800e-03	-1.70072e-02	-1.71696e-02	1.500000e+01	
205	1.982800e-03	-1.07861e-02	-1.09615e-02	1.500000e+01	
206	1.992800e-03	-4.52235e-03	-4.70623e-03	1.500000e+01	
207	2.002800e-03	1.759201e-03	1.571500e-03	1.500000e+01	
208	2.012800e-03	8.033810e-03	7.846906e-03	1.500000e+01	
209	2.022800e-03	1.427671e-02	1.409525e-02	1.500000e+01	
210	2.032800e-03	2.046327e-02	2.029185e-02	1.500000e+01	
211	2.042800e-03	2.656907e-02	2.641226e-02	1.500000e+01	
212	2.052800e-03	3.257002e-02	3.243231e-02	1.500000e+01	
213	2.062800e-03	3.844242e-02	3.832827e-02	1.500000e+01	
214	2.072800e-03	4.416311e-02	4.407682e-02	1.500000e+01	
215	2.082800e-03	4.970951e-02	4.965532e-02	1.500000e+01	
216	2.092800e-03	5.505973e-02	5.504172e-02	1.500000e+01	
217	2.102800e-03	6.019265e-02	6.021479e-02	1.500000e+01	
218	2.112800e-03	6.508802e-02	6.515408e-02	1.500000e+01	
219	2.122800e-03	6.972652e-02	6.984012e-02	1.500000e+01	
220	2.132800e-03	7.408984e-02	7.425439e-02	1.500000e+01	
221	2.142800e-03	7.816076e-02	7.837950e-02	1.500000e+01	
222	2.152800e-03	8.192321e-02	8.219914e-02	1.500000e+01	
223	2.162800e-03	8.536235e-02	8.569827e-02	1.500000e+01	
224	2.172800e-03	8.846461e-02	8.886304e-02	1.500000e+01	
225	2.182800e-03	9.121773e-02	9.168099e-02	1.500000e+01	
226	2.192800e-03	9.361087e-02	9.414098e-02	1.500000e+01	
227	2.202800e-03	9.563456e-02	9.623332e-02	1.500000e+01	
228	2.212800e-03	9.728082e-02	9.794973e-02	1.500000e+01	

Index   time            in              net-_r1-pad2_   net-_v2-pad1_   
--------------------------------------------------------------------------------
229	2.222800e-03	9.854317e-02	9.928348e-02	1.500000e+01	
230	2.232800e-03	9.941660e-02	1.002293e-01	1.500000e+01	
231	2.242800e-03	9.989769e-02	1.007834e-01	1.500000e+01	
232	2.252800e-03	9.998452e-02	1.009436e-01	1.500000e+01	
233	2.262800e-03	9.967677e-02	1.007094e-01	1.500000e+01	
234	2.272800e-03	9.897563e-02	1.000815e-01	1.500000e+01	
235	2.282800e-03	9.788388e-02	9.906263e-02	1.500000e+01	
236	2.292800e-03	9.640583e-02	9.765665e-02	1.500000e+01	
237	2.302800e-03	9.454731e-02	9.586917e-02	1.500000e+01	
238	2.312800e-03	9.231566e-02	9.370721e-02	1.500000e+01	
239	2.322800e-03	8.971967e-02	9.117935e-02	1.500000e+01	
240	2.332800e-03	8.676961e-02	8.829552e-02	1.500000e+01	
241	2.342800e-03	8.347710e-02	8.506715e-02	1.500000e+01	
242	2.352800e-03	7.985515e-02	8.150693e-02	1.500000e+01	
243	2.362800e-03	7.591804e-02	7.762897e-02	1.500000e+01	
244	2.372800e-03	7.168133e-02	7.344851e-02	1.500000e+01	
245	2.382800e-03	6.716171e-02	6.898211e-02	1.500000e+01	
246	2.392800e-03	6.237705e-02	6.424734e-02	1.500000e+01	
247	2.402800e-03	5.734621e-02	5.926294e-02	1.500000e+01	
248	2.412800e-03	5.208904e-02	5.404853e-02	1.500000e+01	
249	2.422800e-03	4.662631e-02	4.862473e-02	1.500000e+01	
250	2.432800e-03	4.097957e-02	4.301290e-02	1.500000e+01	
251	2.442800e-03	3.517109e-02	3.723523e-02	1.500000e+01	
252	2.452800e-03	2.922382e-02	3.131449e-02	1.500000e+01	
253	2.462800e-03	2.316121e-02	2.527407e-02	1.500000e+01	
254	2.472800e-03	1.700719e-02	1.913777e-02	1.500000e+01	
255	2.482800e-03	1.078605e-02	1.292985e-02	1.500000e+01	
256	2.492800e-03	4.522351e-03	6.674767e-03	1.500000e+01	
257	2.502800e-03	-1.75920e-03	3.972408e-04	1.500000e+01	
258	2.512800e-03	-8.03381e-03	-5.87799e-03	1.500000e+01	
259	2.522800e-03	-1.42767e-02	-1.21261e-02	1.500000e+01	
260	2.532800e-03	-2.04633e-02	-1.83225e-02	1.500000e+01	
261	2.542800e-03	-2.65691e-02	-2.44427e-02	1.500000e+01	
262	2.552800e-03	-3.25700e-02	-3.04626e-02	1.500000e+01	
263	2.562800e-03	-3.84424e-02	-3.63584e-02	1.500000e+01	
264	2.572800e-03	-4.41631e-02	-4.21068e-02	1.500000e+01	
265	2.582800e-03	-4.97095e-02	-4.76851e-02	1.500000e+01	
266	2.592800e-03	-5.50597e-02	-5.30714e-02	1.500000e+01	
267	2.602800e-03	-6.01927e-02	-5.82444e-02	1.500000e+01	
268	2.612800e-03	-6.50880e-02	-6.31836e-02	1.500000e+01	
269	2.622800e-03	-6.97265e-02	-6.78696e-02	1.500000e+01	
270	2.632800e-03	-7.40898e-02	-7.22838e-02	1.500000e+01	
271	2.642800e-03	-7.81608e-02	-7.64089e-02	1.500000e+01	
272	2.652800e-03	-8.19232e-02	-8.02286e-02	1.500000e+01	
273	2.662800e-03	-8.53624e-02	-8.37277e-02	1.500000e+01	
274	2.672800e-03	-8.84646e-02	-8.68925e-02	1.500000e+01	
275	2.682800e-03	-9.12177e-02	-8.97106e-02	1.500000e+01	
276	2.692800e-03	-9.36109e-02	-9.21707e-02	1.500000e+01	
277	2.702800e-03	-9.56346e-02	-9.42631e-02	1.500000e+01	
278	2.712800e-03	-9.72808e-02	-9.59797e-02	1.500000e+01	
279	2.722800e-03	-9.85432e-02	-9.73136e-02	1.500000e+01	
280	2.732800e-03	-9.94166e-02	-9.82596e-02	1.500000e+01	
281	2.742800e-03	-9.98977e-02	-9.88139e-02	1.500000e+01	
282	2.752800e-03	-9.99845e-02	-9.89743e-02	1.500000e+01	
283	2.762800e-03	-9.96768e-02	-9.87402e-02	1.500000e+01	
284	2.772800e-03	-9.89756e-02	-9.81126e-02	1.500000e+01	
285	2.782800e-03	-9.78839e-02	-9.70939e-02	1.500000e+01	
286	2.792800e-03	-9.64058e-02	-9.56881e-02	1.500000e+01	

Index   time            in              net-_r1-pad2_   net-_v2-pad1_   
--------------------------------------------------------------------------------
287	2.802800e-03	-9.45473e-02	-9.39008e-02	1.500000e+01	
288	2.812800e-03	-9.23157e-02	-9.17391e-02	1.500000e+01	
289	2.822800e-03	-8.97197e-02	-8.92113e-02	1.500000e+01	
290	2.832800e-03	-8.67696e-02	-8.63277e-02	1.500000e+01	
291	2.842800e-03	-8.34771e-02	-8.30994e-02	1.500000e+01	
292	2.852800e-03	-7.98551e-02	-7.95393e-02	1.500000e+01	
293	2.862800e-03	-7.59180e-02	-7.56614e-02	1.500000e+01	
294	2.872800e-03	-7.16813e-02	-7.14810e-02	1.500000e+01	
295	2.882800e-03	-6.71617e-02	-6.70147e-02	1.500000e+01	
296	2.892800e-03	-6.23770e-02	-6.22799e-02	1.500000e+01	
297	2.902800e-03	-5.73462e-02	-5.72955e-02	1.500000e+01	
298	2.912800e-03	-5.20890e-02	-5.20810e-02	1.500000e+01	
299	2.922800e-03	-4.66263e-02	-4.66572e-02	1.500000e+01	
300	2.932800e-03	-4.09796e-02	-4.10453e-02	1.500000e+01	
301	2.942800e-03	-3.51711e-02	-3.52675e-02	1.500000e+01	
302	2.952800e-03	-2.92238e-02	-2.93466e-02	1.500000e+01	
303	2.962800e-03	-2.31612e-02	-2.33060e-02	1.500000e+01	
304	2.972800e-03	-1.70072e-02	-1.71696e-02	1.500000e+01	
305	2.982800e-03	-1.07861e-02	-1.09615e-02	1.500000e+01	
306	2.992800e-03	-4.52235e-03	-4.70623e-03	1.500000e+01	
307	3.002800e-03	1.759201e-03	1.571498e-03	1.500000e+01	
308	3.012800e-03	8.033810e-03	7.846907e-03	1.500000e+01	
309	3.022800e-03	1.427671e-02	1.409525e-02	1.500000e+01	
310	3.032800e-03	2.046327e-02	2.029185e-02	1.500000e+01	
311	3.042800e-03	2.656907e-02	2.641226e-02	1.500000e+01	
312	3.052800e-03	3.257002e-02	3.243231e-02	1.500000e+01	
313	3.062800e-03	3.844242e-02	3.832826e-02	1.500000e+01	
314	3.072800e-03	4.416311e-02	4.407682e-02	1.500000e+01	
315	3.082800e-03	4.970951e-02	4.965532e-02	1.500000e+01	
316	3.092800e-03	5.505973e-02	5.504172e-02	1.500000e+01	
317	3.102800e-03	6.019265e-02	6.021479e-02	1.500000e+01	
318	3.112800e-03	6.508802e-02	6.515408e-02	1.500000e+01	
319	3.122800e-03	6.972652e-02	6.984012e-02	1.500000e+01	
320	3.132800e-03	7.408984e-02	7.425439e-02	1.500000e+01	
321	3.142800e-03	7.816076e-02	7.837950e-02	1.500000e+01	
322	3.152800e-03	8.192321e-02	8.219914e-02	1.500000e+01	
323	3.162800e-03	8.536235e-02	8.569827e-02	1.500000e+01	
324	3.172800e-03	8.846461e-02	8.886304e-02	1.500000e+01	
325	3.182800e-03	9.121773e-02	9.168099e-02	1.500000e+01	
326	3.192800e-03	9.361087e-02	9.414098e-02	1.500000e+01	
327	3.202800e-03	9.563456e-02	9.623332e-02	1.500000e+01	
328	3.212800e-03	9.728082e-02	9.794974e-02	1.500000e+01	
329	3.222800e-03	9.854317e-02	9.928348e-02	1.500000e+01	
330	3.232800e-03	9.941660e-02	1.002293e-01	1.500000e+01	
331	3.242800e-03	9.989769e-02	1.007834e-01	1.500000e+01	
332	3.252800e-03	9.998452e-02	1.009436e-01	1.500000e+01	
333	3.262800e-03	9.967677e-02	1.007094e-01	1.500000e+01	
334	3.272800e-03	9.897563e-02	1.000815e-01	1.500000e+01	
335	3.282800e-03	9.788388e-02	9.906263e-02	1.500000e+01	
336	3.292800e-03	9.640583e-02	9.765665e-02	1.500000e+01	
337	3.302800e-03	9.454731e-02	9.586917e-02	1.500000e+01	
338	3.312800e-03	9.231566e-02	9.370721e-02	1.500000e+01	
339	3.322800e-03	8.971967e-02	9.117935e-02	1.500000e+01	
340	3.332800e-03	8.676961e-02	8.829552e-02	1.500000e+01	
341	3.342800e-03	8.347710e-02	8.506715e-02	1.500000e+01	
342	3.352800e-03	7.985515e-02	8.150694e-02	1.500000e+01	
343	3.362800e-03	7.591804e-02	7.762896e-02	1.500000e+01	
344	3.372800e-03	7.168133e-02	7.344851e-02	1.500000e+01	

Index   time            in              net-_r1-pad2_   net-_v2-pad1_   
--------------------------------------------------------------------------------
345	3.382800e-03	6.716171e-02	6.898211e-02	1.500000e+01	
346	3.392800e-03	6.237705e-02	6.424734e-02	1.500000e+01	
347	3.402800e-03	5.734621e-02	5.926294e-02	1.500000e+01	
348	3.412800e-03	5.208904e-02	5.404853e-02	1.500000e+01	
349	3.422800e-03	4.662631e-02	4.862472e-02	1.500000e+01	
350	3.432800e-03	4.097957e-02	4.301290e-02	1.500000e+01	
351	3.442800e-03	3.517109e-02	3.723523e-02	1.500000e+01	
352	3.452800e-03	2.922382e-02	3.131449e-02	1.500000e+01	
353	3.462800e-03	2.316121e-02	2.527407e-02	1.500000e+01	
354	3.472800e-03	1.700719e-02	1.913777e-02	1.500000e+01	
355	3.482800e-03	1.078605e-02	1.292985e-02	1.500000e+01	
356	3.492800e-03	4.522351e-03	6.674768e-03	1.500000e+01	
357	3.502800e-03	-1.75920e-03	3.972395e-04	1.500000e+01	
358	3.512800e-03	-8.03381e-03	-5.87799e-03	1.500000e+01	
359	3.522800e-03	-1.42767e-02	-1.21261e-02	1.500000e+01	
360	3.532800e-03	-2.04633e-02	-1.83225e-02	1.500000e+01	
361	3.542800e-03	-2.65691e-02	-2.44427e-02	1.500000e+01	
362	3.552800e-03	-3.25700e-02	-3.04626e-02	1.500000e+01	
363	3.562800e-03	-3.84424e-02	-3.63584e-02	1.500000e+01	
364	3.572800e-03	-4.41631e-02	-4.21068e-02	1.500000e+01	
365	3.582800e-03	-4.97095e-02	-4.76851e-02	1.500000e+01	
366	3.592800e-03	-5.50597e-02	-5.30714e-02	1.500000e+01	
367	3.602800e-03	-6.01927e-02	-5.82444e-02	1.500000e+01	
368	3.612800e-03	-6.50880e-02	-6.31836e-02	1.500000e+01	
369	3.622800e-03	-6.97265e-02	-6.78696e-02	1.500000e+01	
370	3.632800e-03	-7.40898e-02	-7.22838e-02	1.500000e+01	
371	3.642800e-03	-7.81608e-02	-7.64089e-02	1.500000e+01	
372	3.652800e-03	-8.19232e-02	-8.02286e-02	1.500000e+01	
373	3.662800e-03	-8.53624e-02	-8.37277e-02	1.500000e+01	
374	3.672800e-03	-8.84646e-02	-8.68925e-02	1.500000e+01	
375	3.682800e-03	-9.12177e-02	-8.97106e-02	1.500000e+01	
376	3.692800e-03	-9.36109e-02	-9.21707e-02	1.500000e+01	
377	3.702800e-03	-9.56346e-02	-9.42631e-02	1.500000e+01	
378	3.712800e-03	-9.72808e-02	-9.59797e-02	1.500000e+01	
379	3.722800e-03	-9.85432e-02	-9.73136e-02	1.500000e+01	
380	3.732800e-03	-9.94166e-02	-9.82596e-02	1.500000e+01	
381	3.742800e-03	-9.98977e-02	-9.88139e-02	1.500000e+01	
382	3.752800e-03	-9.99845e-02	-9.89743e-02	1.500000e+01	
383	3.762800e-03	-9.96768e-02	-9.87402e-02	1.500000e+01	
384	3.772800e-03	-9.89756e-02	-9.81126e-02	1.500000e+01	
385	3.782800e-03	-9.78839e-02	-9.70939e-02	1.500000e+01	
386	3.792800e-03	-9.64058e-02	-9.56881e-02	1.500000e+01	
387	3.802800e-03	-9.45473e-02	-9.39008e-02	1.500000e+01	
388	3.812800e-03	-9.23157e-02	-9.17391e-02	1.500000e+01	
389	3.822800e-03	-8.97197e-02	-8.92114e-02	1.500000e+01	
390	3.832800e-03	-8.67696e-02	-8.63277e-02	1.500000e+01	
391	3.842800e-03	-8.34771e-02	-8.30994e-02	1.500000e+01	
392	3.852800e-03	-7.98551e-02	-7.95393e-02	1.500000e+01	
393	3.862800e-03	-7.59180e-02	-7.56614e-02	1.500000e+01	
394	3.872800e-03	-7.16813e-02	-7.14810e-02	1.500000e+01	
395	3.882800e-03	-6.71617e-02	-6.70147e-02	1.500000e+01	
396	3.892800e-03	-6.23770e-02	-6.22799e-02	1.500000e+01	
397	3.902800e-03	-5.73462e-02	-5.72955e-02	1.500000e+01	
398	3.912800e-03	-5.20890e-02	-5.20810e-02	1.500000e+01	
399	3.922800e-03	-4.66263e-02	-4.66572e-02	1.500000e+01	
400	3.932800e-03	-4.09796e-02	-4.10453e-02	1.500000e+01	
401	3.942800e-03	-3.51711e-02	-3.52675e-02	1.500000e+01	
402	3.952800e-03	-2.92238e-02	-2.93466e-02	1.500000e+01	

Index   time            in              net-_r1-pad2_   net-_v2-pad1_   
--------------------------------------------------------------------------------
403	3.962800e-03	-2.31612e-02	-2.33060e-02	1.500000e+01	
404	3.972800e-03	-1.70072e-02	-1.71696e-02	1.500000e+01	
405	3.982800e-03	-1.07861e-02	-1.09615e-02	1.500000e+01	
406	3.992800e-03	-4.52235e-03	-4.70623e-03	1.500000e+01	
407	4.002800e-03	1.759201e-03	1.571497e-03	1.500000e+01	
408	4.012800e-03	8.033810e-03	7.846908e-03	1.500000e+01	
409	4.022800e-03	1.427671e-02	1.409525e-02	1.500000e+01	
410	4.032800e-03	2.046327e-02	2.029185e-02	1.500000e+01	
411	4.042800e-03	2.656907e-02	2.641226e-02	1.500000e+01	
412	4.052800e-03	3.257002e-02	3.243231e-02	1.500000e+01	
413	4.062800e-03	3.844242e-02	3.832826e-02	1.500000e+01	
414	4.072800e-03	4.416311e-02	4.407682e-02	1.500000e+01	
415	4.082800e-03	4.970951e-02	4.965532e-02	1.500000e+01	
416	4.092800e-03	5.505973e-02	5.504172e-02	1.500000e+01	
417	4.102800e-03	6.019265e-02	6.021479e-02	1.500000e+01	
418	4.112800e-03	6.508802e-02	6.515408e-02	1.500000e+01	
419	4.122800e-03	6.972652e-02	6.984012e-02	1.500000e+01	
420	4.132800e-03	7.408984e-02	7.425439e-02	1.500000e+01	
421	4.142800e-03	7.816076e-02	7.837950e-02	1.500000e+01	
422	4.152800e-03	8.192321e-02	8.219915e-02	1.500000e+01	
423	4.162800e-03	8.536235e-02	8.569827e-02	1.500000e+01	
424	4.172800e-03	8.846461e-02	8.886304e-02	1.500000e+01	
425	4.182800e-03	9.121773e-02	9.168099e-02	1.500000e+01	
426	4.192800e-03	9.361087e-02	9.414098e-02	1.500000e+01	
427	4.202800e-03	9.563456e-02	9.623332e-02	1.500000e+01	
428	4.212800e-03	9.728082e-02	9.794974e-02	1.500000e+01	
429	4.222800e-03	9.854317e-02	9.928348e-02	1.500000e+01	
430	4.232800e-03	9.941660e-02	1.002293e-01	1.500000e+01	
431	4.242800e-03	9.989769e-02	1.007834e-01	1.500000e+01	
432	4.252800e-03	9.998452e-02	1.009436e-01	1.500000e+01	
433	4.262800e-03	9.967677e-02	1.007094e-01	1.500000e+01	
434	4.272800e-03	9.897563e-02	1.000815e-01	1.500000e+01	
435	4.282800e-03	9.788388e-02	9.906263e-02	1.500000e+01	
436	4.292800e-03	9.640583e-02	9.765665e-02	1.500000e+01	
437	4.302800e-03	9.454731e-02	9.586917e-02	1.500000e+01	
438	4.312800e-03	9.231566e-02	9.370721e-02	1.500000e+01	
439	4.322800e-03	8.971967e-02	9.117935e-02	1.500000e+01	
440	4.332800e-03	8.676961e-02	8.829553e-02	1.500000e+01	
441	4.342800e-03	8.347710e-02	8.506715e-02	1.500000e+01	
442	4.352800e-03	7.985515e-02	8.150694e-02	1.500000e+01	
443	4.362800e-03	7.591804e-02	7.762896e-02	1.500000e+01	
444	4.372800e-03	7.168133e-02	7.344851e-02	1.500000e+01	
445	4.382800e-03	6.716171e-02	6.898210e-02	1.500000e+01	
446	4.392800e-03	6.237705e-02	6.424734e-02	1.500000e+01	
447	4.402800e-03	5.734621e-02	5.926293e-02	1.500000e+01	
448	4.412800e-03	5.208904e-02	5.404853e-02	1.500000e+01	
449	4.422800e-03	4.662631e-02	4.862472e-02	1.500000e+01	
450	4.432800e-03	4.097957e-02	4.301290e-02	1.500000e+01	
451	4.442800e-03	3.517109e-02	3.723523e-02	1.500000e+01	
452	4.452800e-03	2.922382e-02	3.131449e-02	1.500000e+01	
453	4.462800e-03	2.316121e-02	2.527407e-02	1.500000e+01	
454	4.472800e-03	1.700719e-02	1.913777e-02	1.500000e+01	
455	4.482800e-03	1.078605e-02	1.292985e-02	1.500000e+01	
456	4.492800e-03	4.522351e-03	6.674769e-03	1.500000e+01	
457	4.502800e-03	-1.75920e-03	3.972386e-04	1.500000e+01	
458	4.512800e-03	-8.03381e-03	-5.87799e-03	1.500000e+01	
459	4.522800e-03	-1.42767e-02	-1.21261e-02	1.500000e+01	
460	4.532800e-03	-2.04633e-02	-1.83225e-02	1.500000e+01	

Index   time            in              net-_r1-pad2_   net-_v2-pad1_   
--------------------------------------------------------------------------------
461	4.542800e-03	-2.65691e-02	-2.44427e-02	1.500000e+01	
462	4.552800e-03	-3.25700e-02	-3.04626e-02	1.500000e+01	
463	4.562800e-03	-3.84424e-02	-3.63584e-02	1.500000e+01	
464	4.572800e-03	-4.41631e-02	-4.21068e-02	1.500000e+01	
465	4.582800e-03	-4.97095e-02	-4.76851e-02	1.500000e+01	
466	4.592800e-03	-5.50597e-02	-5.30714e-02	1.500000e+01	
467	4.602800e-03	-6.01927e-02	-5.82444e-02	1.500000e+01	
468	4.612800e-03	-6.50880e-02	-6.31836e-02	1.500000e+01	
469	4.622800e-03	-6.97265e-02	-6.78696e-02	1.500000e+01	
470	4.632800e-03	-7.40898e-02	-7.22838e-02	1.500000e+01	
471	4.642800e-03	-7.81608e-02	-7.64089e-02	1.500000e+01	
472	4.652800e-03	-8.19232e-02	-8.02286e-02	1.500000e+01	
473	4.662800e-03	-8.53624e-02	-8.37277e-02	1.500000e+01	
474	4.672800e-03	-8.84646e-02	-8.68925e-02	1.500000e+01	
475	4.682800e-03	-9.12177e-02	-8.97106e-02	1.500000e+01	
476	4.692800e-03	-9.36109e-02	-9.21707e-02	1.500000e+01	
477	4.702800e-03	-9.56346e-02	-9.42631e-02	1.500000e+01	
478	4.712800e-03	-9.72808e-02	-9.59797e-02	1.500000e+01	
479	4.722800e-03	-9.85432e-02	-9.73136e-02	1.500000e+01	
480	4.732800e-03	-9.94166e-02	-9.82596e-02	1.500000e+01	
481	4.742800e-03	-9.98977e-02	-9.88139e-02	1.500000e+01	
482	4.752800e-03	-9.99845e-02	-9.89743e-02	1.500000e+01	
483	4.762800e-03	-9.96768e-02	-9.87402e-02	1.500000e+01	
484	4.772800e-03	-9.89756e-02	-9.81126e-02	1.500000e+01	
485	4.782800e-03	-9.78839e-02	-9.70939e-02	1.500000e+01	
486	4.792800e-03	-9.64058e-02	-9.56881e-02	1.500000e+01	
487	4.802800e-03	-9.45473e-02	-9.39008e-02	1.500000e+01	
488	4.812800e-03	-9.23157e-02	-9.17391e-02	1.500000e+01	
489	4.822800e-03	-8.97197e-02	-8.92114e-02	1.500000e+01	
490	4.832800e-03	-8.67696e-02	-8.63277e-02	1.500000e+01	
491	4.842800e-03	-8.34771e-02	-8.30994e-02	1.500000e+01	
492	4.852800e-03	-7.98551e-02	-7.95393e-02	1.500000e+01	
493	4.862800e-03	-7.59180e-02	-7.56614e-02	1.500000e+01	
494	4.872800e-03	-7.16813e-02	-7.14810e-02	1.500000e+01	
495	4.882800e-03	-6.71617e-02	-6.70147e-02	1.500000e+01	
496	4.892800e-03	-6.23770e-02	-6.22799e-02	1.500000e+01	
497	4.902800e-03	-5.73462e-02	-5.72955e-02	1.500000e+01	
498	4.912800e-03	-5.20890e-02	-5.20810e-02	1.500000e+01	
499	4.922800e-03	-4.66263e-02	-4.66572e-02	1.500000e+01	
500	4.932800e-03	-4.09796e-02	-4.10453e-02	1.500000e+01	
501	4.942800e-03	-3.51711e-02	-3.52675e-02	1.500000e+01	
502	4.952800e-03	-2.92238e-02	-2.93466e-02	1.500000e+01	
503	4.962800e-03	-2.31612e-02	-2.33060e-02	1.500000e+01	
504	4.972800e-03	-1.70072e-02	-1.71696e-02	1.500000e+01	
505	4.982800e-03	-1.07861e-02	-1.09615e-02	1.500000e+01	
506	4.992800e-03	-4.52235e-03	-4.70623e-03	1.500000e+01	
507	5.000000e-03	5.880821e-16	-1.86856e-04	1.500000e+01	

                                kicad schematic
                                Transient Analysis  Tue Oct 21 20:02:38  2025
--------------------------------------------------------------------------------
Index   time            net-_v3-pad2_   out             q.x1.q1#collCX  
--------------------------------------------------------------------------------
0	0.000000e+00	-1.50000e+01	2.110741e-02	1.446106e+01	
1	1.000000e-07	-1.50000e+01	2.113706e-02	1.446106e+01	
2	2.000000e-07	-1.50000e+01	2.119701e-02	1.446106e+01	
3	4.000000e-07	-1.50000e+01	2.137448e-02	1.446106e+01	
4	8.000000e-07	-1.50000e+01	2.204163e-02	1.446106e+01	
5	1.600000e-06	-1.50000e+01	2.435006e-02	1.446106e+01	
6	3.200000e-06	-1.50000e+01	3.140561e-02	1.446106e+01	
7	6.400000e-06	-1.50000e+01	4.965059e-02	1.446106e+01	
8	1.280000e-05	-1.50000e+01	8.959803e-02	1.446106e+01	
9	2.280000e-05	-1.50000e+01	1.521407e-01	1.446105e+01	
10	3.280000e-05	-1.50000e+01	2.140830e-01	1.446105e+01	
11	4.280000e-05	-1.50000e+01	2.753017e-01	1.446105e+01	
12	5.280000e-05	-1.50000e+01	3.354999e-01	1.446105e+01	
13	6.280000e-05	-1.50000e+01	3.944653e-01	1.446104e+01	
14	7.280000e-05	-1.50000e+01	4.519536e-01	1.446104e+01	
15	8.280000e-05	-1.50000e+01	5.077431e-01	1.446104e+01	
16	9.280000e-05	-1.50000e+01	5.616113e-01	1.446104e+01	
17	1.028000e-04	-1.50000e+01	6.133467e-01	1.446104e+01	
18	1.128000e-04	-1.50000e+01	6.627445e-01	1.446104e+01	
19	1.228000e-04	-1.50000e+01	7.096101e-01	1.446103e+01	
20	1.328000e-04	-1.50000e+01	7.537583e-01	1.446103e+01	
21	1.428000e-04	-1.50000e+01	7.950149e-01	1.446103e+01	
22	1.528000e-04	-1.50000e+01	8.332172e-01	1.446103e+01	
23	1.628000e-04	-1.50000e+01	8.682143e-01	1.446103e+01	
24	1.728000e-04	-1.50000e+01	8.998681e-01	1.446103e+01	
25	1.828000e-04	-1.50000e+01	9.280538e-01	1.446103e+01	
26	1.928000e-04	-1.50000e+01	9.526600e-01	1.446103e+01	
27	2.028000e-04	-1.50000e+01	9.735897e-01	1.446103e+01	
28	2.128000e-04	-1.50000e+01	9.907603e-01	1.446103e+01	
29	2.228000e-04	-1.50000e+01	1.004104e+00	1.446102e+01	
30	2.328000e-04	-1.50000e+01	1.013568e+00	1.446102e+01	
31	2.428000e-04	-1.50000e+01	1.019116e+00	1.446102e+01	
32	2.528000e-04	-1.50000e+01	1.020724e+00	1.446102e+01	
33	2.628000e-04	-1.50000e+01	1.018388e+00	1.446102e+01	
34	2.728000e-04	-1.50000e+01	1.012116e+00	1.446102e+01	
35	2.828000e-04	-1.50000e+01	1.001933e+00	1.446103e+01	
36	2.928000e-04	-1.50000e+01	9.878788e-01	1.446103e+01	
37	3.028000e-04	-1.50000e+01	9.700095e-01	1.446103e+01	
38	3.128000e-04	-1.50000e+01	9.483954e-01	1.446103e+01	
39	3.228000e-04	-1.50000e+01	9.231218e-01	1.446103e+01	
40	3.328000e-04	-1.50000e+01	8.942886e-01	1.446103e+01	
41	3.428000e-04	-1.50000e+01	8.620094e-01	1.446103e+01	
42	3.528000e-04	-1.50000e+01	8.264117e-01	1.446103e+01	
43	3.628000e-04	-1.50000e+01	7.876360e-01	1.446103e+01	
44	3.728000e-04	-1.50000e+01	7.458353e-01	1.446104e+01	
45	3.828000e-04	-1.50000e+01	7.011745e-01	1.446104e+01	
46	3.928000e-04	-1.50000e+01	6.538300e-01	1.446104e+01	
47	4.028000e-04	-1.50000e+01	6.039886e-01	1.446104e+01	
48	4.128000e-04	-1.50000e+01	5.518469e-01	1.446104e+01	
49	4.228000e-04	-1.50000e+01	4.976108e-01	1.446104e+01	
50	4.328000e-04	-1.50000e+01	4.414942e-01	1.446105e+01	
51	4.428000e-04	-1.50000e+01	3.837186e-01	1.446105e+01	
52	4.528000e-04	-1.50000e+01	3.245121e-01	1.446105e+01	
53	4.628000e-04	-1.50000e+01	2.641081e-01	1.446105e+01	
54	4.728000e-04	-1.50000e+01	2.027452e-01	1.446106e+01	

Index   time            net-_v3-pad2_   out             q.x1.q1#collCX  
--------------------------------------------------------------------------------
55	4.828000e-04	-1.50000e+01	1.406655e-01	1.446106e+01	
56	4.928000e-04	-1.50000e+01	7.811397e-02	1.446106e+01	
57	5.028000e-04	-1.50000e+01	1.533742e-02	1.446106e+01	
58	5.128000e-04	-1.50000e+01	-4.74164e-02	1.446106e+01	
59	5.228000e-04	-1.50000e+01	-1.09900e-01	1.446107e+01	
60	5.328000e-04	-1.50000e+01	-1.71866e-01	1.446107e+01	
61	5.428000e-04	-1.50000e+01	-2.33071e-01	1.446107e+01	
62	5.528000e-04	-1.50000e+01	-2.93273e-01	1.446107e+01	
63	5.628000e-04	-1.50000e+01	-3.52234e-01	1.446107e+01	
64	5.728000e-04	-1.50000e+01	-4.09722e-01	1.446108e+01	
65	5.828000e-04	-1.50000e+01	-4.65509e-01	1.446108e+01	
66	5.928000e-04	-1.50000e+01	-5.19377e-01	1.446108e+01	
67	6.028000e-04	-1.50000e+01	-5.71111e-01	1.446108e+01	
68	6.128000e-04	-1.50000e+01	-6.20508e-01	1.446108e+01	
69	6.228000e-04	-1.50000e+01	-6.67373e-01	1.446109e+01	
70	6.328000e-04	-1.50000e+01	-7.11520e-01	1.446109e+01	
71	6.428000e-04	-1.50000e+01	-7.52777e-01	1.446109e+01	
72	6.528000e-04	-1.50000e+01	-7.90979e-01	1.446109e+01	
73	6.628000e-04	-1.50000e+01	-8.25977e-01	1.446109e+01	
74	6.728000e-04	-1.50000e+01	-8.57631e-01	1.446109e+01	
75	6.828000e-04	-1.50000e+01	-8.85818e-01	1.446109e+01	
76	6.928000e-04	-1.50000e+01	-9.10425e-01	1.446109e+01	
77	7.028000e-04	-1.50000e+01	-9.31356e-01	1.446109e+01	
78	7.128000e-04	-1.50000e+01	-9.48528e-01	1.446109e+01	
79	7.228000e-04	-1.50000e+01	-9.61873e-01	1.446110e+01	
80	7.328000e-04	-1.50000e+01	-9.71339e-01	1.446110e+01	
81	7.428000e-04	-1.50000e+01	-9.76889e-01	1.446110e+01	
82	7.528000e-04	-1.50000e+01	-9.78499e-01	1.446110e+01	
83	7.628000e-04	-1.50000e+01	-9.76165e-01	1.446110e+01	
84	7.728000e-04	-1.50000e+01	-9.69895e-01	1.446109e+01	
85	7.828000e-04	-1.50000e+01	-9.59714e-01	1.446109e+01	
86	7.928000e-04	-1.50000e+01	-9.45662e-01	1.446109e+01	
87	8.028000e-04	-1.50000e+01	-9.27794e-01	1.446109e+01	
88	8.128000e-04	-1.50000e+01	-9.06182e-01	1.446109e+01	
89	8.228000e-04	-1.50000e+01	-8.80910e-01	1.446109e+01	
90	8.328000e-04	-1.50000e+01	-8.52078e-01	1.446109e+01	
91	8.428000e-04	-1.50000e+01	-8.19800e-01	1.446109e+01	
92	8.528000e-04	-1.50000e+01	-7.84203e-01	1.446109e+01	
93	8.628000e-04	-1.50000e+01	-7.45429e-01	1.446109e+01	
94	8.728000e-04	-1.50000e+01	-7.03628e-01	1.446108e+01	
95	8.828000e-04	-1.50000e+01	-6.58968e-01	1.446108e+01	
96	8.928000e-04	-1.50000e+01	-6.11624e-01	1.446108e+01	
97	9.028000e-04	-1.50000e+01	-5.61782e-01	1.446108e+01	
98	9.128000e-04	-1.50000e+01	-5.09640e-01	1.446108e+01	
99	9.228000e-04	-1.50000e+01	-4.55403e-01	1.446108e+01	
100	9.328000e-04	-1.50000e+01	-3.99286e-01	1.446107e+01	
101	9.428000e-04	-1.50000e+01	-3.41509e-01	1.446107e+01	
102	9.528000e-04	-1.50000e+01	-2.82301e-01	1.446107e+01	
103	9.628000e-04	-1.50000e+01	-2.21896e-01	1.446107e+01	
104	9.728000e-04	-1.50000e+01	-1.60532e-01	1.446106e+01	
105	9.828000e-04	-1.50000e+01	-9.84501e-02	1.446106e+01	
106	9.928000e-04	-1.50000e+01	-3.58967e-02	1.446106e+01	
107	1.002800e-03	-1.50000e+01	2.688170e-02	1.446106e+01	
108	1.012800e-03	-1.50000e+01	8.963744e-02	1.446106e+01	
109	1.022800e-03	-1.50000e+01	1.521228e-01	1.446105e+01	
110	1.032800e-03	-1.50000e+01	2.140912e-01	1.446105e+01	
111	1.042800e-03	-1.50000e+01	2.752980e-01	1.446105e+01	
112	1.052800e-03	-1.50000e+01	3.355016e-01	1.446105e+01	

Index   time            net-_v3-pad2_   out             q.x1.q1#collCX  
--------------------------------------------------------------------------------
113	1.062800e-03	-1.50000e+01	3.944645e-01	1.446104e+01	
114	1.072800e-03	-1.50000e+01	4.519539e-01	1.446104e+01	
115	1.082800e-03	-1.50000e+01	5.077429e-01	1.446104e+01	
116	1.092800e-03	-1.50000e+01	5.616114e-01	1.446104e+01	
117	1.102800e-03	-1.50000e+01	6.133467e-01	1.446104e+01	
118	1.112800e-03	-1.50000e+01	6.627445e-01	1.446104e+01	
119	1.122800e-03	-1.50000e+01	7.096101e-01	1.446103e+01	
120	1.132800e-03	-1.50000e+01	7.537583e-01	1.446103e+01	
121	1.142800e-03	-1.50000e+01	7.950149e-01	1.446103e+01	
122	1.152800e-03	-1.50000e+01	8.332172e-01	1.446103e+01	
123	1.162800e-03	-1.50000e+01	8.682143e-01	1.446103e+01	
124	1.172800e-03	-1.50000e+01	8.998681e-01	1.446103e+01	
125	1.182800e-03	-1.50000e+01	9.280538e-01	1.446103e+01	
126	1.192800e-03	-1.50000e+01	9.526600e-01	1.446103e+01	
127	1.202800e-03	-1.50000e+01	9.735897e-01	1.446103e+01	
128	1.212800e-03	-1.50000e+01	9.907603e-01	1.446103e+01	
129	1.222800e-03	-1.50000e+01	1.004104e+00	1.446102e+01	
130	1.232800e-03	-1.50000e+01	1.013568e+00	1.446102e+01	
131	1.242800e-03	-1.50000e+01	1.019116e+00	1.446102e+01	
132	1.252800e-03	-1.50000e+01	1.020724e+00	1.446102e+01	
133	1.262800e-03	-1.50000e+01	1.018388e+00	1.446102e+01	
134	1.272800e-03	-1.50000e+01	1.012116e+00	1.446102e+01	
135	1.282800e-03	-1.50000e+01	1.001933e+00	1.446103e+01	
136	1.292800e-03	-1.50000e+01	9.878788e-01	1.446103e+01	
137	1.302800e-03	-1.50000e+01	9.700095e-01	1.446103e+01	
138	1.312800e-03	-1.50000e+01	9.483954e-01	1.446103e+01	
139	1.322800e-03	-1.50000e+01	9.231218e-01	1.446103e+01	
140	1.332800e-03	-1.50000e+01	8.942886e-01	1.446103e+01	
141	1.342800e-03	-1.50000e+01	8.620094e-01	1.446103e+01	
142	1.352800e-03	-1.50000e+01	8.264117e-01	1.446103e+01	
143	1.362800e-03	-1.50000e+01	7.876360e-01	1.446103e+01	
144	1.372800e-03	-1.50000e+01	7.458353e-01	1.446104e+01	
145	1.382800e-03	-1.50000e+01	7.011745e-01	1.446104e+01	
146	1.392800e-03	-1.50000e+01	6.538300e-01	1.446104e+01	
147	1.402800e-03	-1.50000e+01	6.039886e-01	1.446104e+01	
148	1.412800e-03	-1.50000e+01	5.518469e-01	1.446104e+01	
149	1.422800e-03	-1.50000e+01	4.976108e-01	1.446104e+01	
150	1.432800e-03	-1.50000e+01	4.414942e-01	1.446105e+01	
151	1.442800e-03	-1.50000e+01	3.837186e-01	1.446105e+01	
152	1.452800e-03	-1.50000e+01	3.245121e-01	1.446105e+01	
153	1.462800e-03	-1.50000e+01	2.641081e-01	1.446105e+01	
154	1.472800e-03	-1.50000e+01	2.027452e-01	1.446106e+01	
155	1.482800e-03	-1.50000e+01	1.406655e-01	1.446106e+01	
156	1.492800e-03	-1.50000e+01	7.811397e-02	1.446106e+01	
157	1.502800e-03	-1.50000e+01	1.533742e-02	1.446106e+01	
158	1.512800e-03	-1.50000e+01	-4.74164e-02	1.446106e+01	
159	1.522800e-03	-1.50000e+01	-1.09900e-01	1.446107e+01	
160	1.532800e-03	-1.50000e+01	-1.71866e-01	1.446107e+01	
161	1.542800e-03	-1.50000e+01	-2.33071e-01	1.446107e+01	
162	1.552800e-03	-1.50000e+01	-2.93273e-01	1.446107e+01	
163	1.562800e-03	-1.50000e+01	-3.52234e-01	1.446107e+01	
164	1.572800e-03	-1.50000e+01	-4.09722e-01	1.446108e+01	
165	1.582800e-03	-1.50000e+01	-4.65509e-01	1.446108e+01	
166	1.592800e-03	-1.50000e+01	-5.19377e-01	1.446108e+01	
167	1.602800e-03	-1.50000e+01	-5.71111e-01	1.446108e+01	
168	1.612800e-03	-1.50000e+01	-6.20508e-01	1.446108e+01	
169	1.622800e-03	-1.50000e+01	-6.67373e-01	1.446109e+01	
170	1.632800e-03	-1.50000e+01	-7.11520e-01	1.446109e+01	

Index   time            net-_v3-pad2_   out             q.x1.q1#collCX  
--------------------------------------------------------------------------------
171	1.642800e-03	-1.50000e+01	-7.52777e-01	1.446109e+01	
172	1.652800e-03	-1.50000e+01	-7.90979e-01	1.446109e+01	
173	1.662800e-03	-1.50000e+01	-8.25977e-01	1.446109e+01	
174	1.672800e-03	-1.50000e+01	-8.57631e-01	1.446109e+01	
175	1.682800e-03	-1.50000e+01	-8.85818e-01	1.446109e+01	
176	1.692800e-03	-1.50000e+01	-9.10425e-01	1.446109e+01	
177	1.702800e-03	-1.50000e+01	-9.31356e-01	1.446109e+01	
178	1.712800e-03	-1.50000e+01	-9.48528e-01	1.446109e+01	
179	1.722800e-03	-1.50000e+01	-9.61873e-01	1.446110e+01	
180	1.732800e-03	-1.50000e+01	-9.71339e-01	1.446110e+01	
181	1.742800e-03	-1.50000e+01	-9.76889e-01	1.446110e+01	
182	1.752800e-03	-1.50000e+01	-9.78499e-01	1.446110e+01	
183	1.762800e-03	-1.50000e+01	-9.76165e-01	1.446110e+01	
184	1.772800e-03	-1.50000e+01	-9.69895e-01	1.446109e+01	
185	1.782800e-03	-1.50000e+01	-9.59714e-01	1.446109e+01	
186	1.792800e-03	-1.50000e+01	-9.45662e-01	1.446109e+01	
187	1.802800e-03	-1.50000e+01	-9.27794e-01	1.446109e+01	
188	1.812800e-03	-1.50000e+01	-9.06182e-01	1.446109e+01	
189	1.822800e-03	-1.50000e+01	-8.80910e-01	1.446109e+01	
190	1.832800e-03	-1.50000e+01	-8.52078e-01	1.446109e+01	
191	1.842800e-03	-1.50000e+01	-8.19800e-01	1.446109e+01	
192	1.852800e-03	-1.50000e+01	-7.84203e-01	1.446109e+01	
193	1.862800e-03	-1.50000e+01	-7.45429e-01	1.446109e+01	
194	1.872800e-03	-1.50000e+01	-7.03628e-01	1.446108e+01	
195	1.882800e-03	-1.50000e+01	-6.58968e-01	1.446108e+01	
196	1.892800e-03	-1.50000e+01	-6.11624e-01	1.446108e+01	
197	1.902800e-03	-1.50000e+01	-5.61782e-01	1.446108e+01	
198	1.912800e-03	-1.50000e+01	-5.09640e-01	1.446108e+01	
199	1.922800e-03	-1.50000e+01	-4.55403e-01	1.446108e+01	
200	1.932800e-03	-1.50000e+01	-3.99286e-01	1.446107e+01	
201	1.942800e-03	-1.50000e+01	-3.41509e-01	1.446107e+01	
202	1.952800e-03	-1.50000e+01	-2.82301e-01	1.446107e+01	
203	1.962800e-03	-1.50000e+01	-2.21896e-01	1.446107e+01	
204	1.972800e-03	-1.50000e+01	-1.60532e-01	1.446106e+01	
205	1.982800e-03	-1.50000e+01	-9.84501e-02	1.446106e+01	
206	1.992800e-03	-1.50000e+01	-3.58967e-02	1.446106e+01	
207	2.002800e-03	-1.50000e+01	2.688170e-02	1.446106e+01	
208	2.012800e-03	-1.50000e+01	8.963744e-02	1.446106e+01	
209	2.022800e-03	-1.50000e+01	1.521228e-01	1.446105e+01	
210	2.032800e-03	-1.50000e+01	2.140912e-01	1.446105e+01	
211	2.042800e-03	-1.50000e+01	2.752980e-01	1.446105e+01	
212	2.052800e-03	-1.50000e+01	3.355016e-01	1.446105e+01	
213	2.062800e-03	-1.50000e+01	3.944645e-01	1.446104e+01	
214	2.072800e-03	-1.50000e+01	4.519539e-01	1.446104e+01	
215	2.082800e-03	-1.50000e+01	5.077429e-01	1.446104e+01	
216	2.092800e-03	-1.50000e+01	5.616114e-01	1.446104e+01	
217	2.102800e-03	-1.50000e+01	6.133467e-01	1.446104e+01	
218	2.112800e-03	-1.50000e+01	6.627445e-01	1.446104e+01	
219	2.122800e-03	-1.50000e+01	7.096101e-01	1.446103e+01	
220	2.132800e-03	-1.50000e+01	7.537583e-01	1.446103e+01	
221	2.142800e-03	-1.50000e+01	7.950149e-01	1.446103e+01	
222	2.152800e-03	-1.50000e+01	8.332172e-01	1.446103e+01	
223	2.162800e-03	-1.50000e+01	8.682143e-01	1.446103e+01	
224	2.172800e-03	-1.50000e+01	8.998681e-01	1.446103e+01	
225	2.182800e-03	-1.50000e+01	9.280538e-01	1.446103e+01	
226	2.192800e-03	-1.50000e+01	9.526600e-01	1.446103e+01	
227	2.202800e-03	-1.50000e+01	9.735897e-01	1.446103e+01	
228	2.212800e-03	-1.50000e+01	9.907603e-01	1.446103e+01	

Index   time            net-_v3-pad2_   out             q.x1.q1#collCX  
--------------------------------------------------------------------------------
229	2.222800e-03	-1.50000e+01	1.004104e+00	1.446102e+01	
230	2.232800e-03	-1.50000e+01	1.013568e+00	1.446102e+01	
231	2.242800e-03	-1.50000e+01	1.019116e+00	1.446102e+01	
232	2.252800e-03	-1.50000e+01	1.020724e+00	1.446102e+01	
233	2.262800e-03	-1.50000e+01	1.018388e+00	1.446102e+01	
234	2.272800e-03	-1.50000e+01	1.012116e+00	1.446102e+01	
235	2.282800e-03	-1.50000e+01	1.001933e+00	1.446103e+01	
236	2.292800e-03	-1.50000e+01	9.878788e-01	1.446103e+01	
237	2.302800e-03	-1.50000e+01	9.700095e-01	1.446103e+01	
238	2.312800e-03	-1.50000e+01	9.483954e-01	1.446103e+01	
239	2.322800e-03	-1.50000e+01	9.231218e-01	1.446103e+01	
240	2.332800e-03	-1.50000e+01	8.942886e-01	1.446103e+01	
241	2.342800e-03	-1.50000e+01	8.620094e-01	1.446103e+01	
242	2.352800e-03	-1.50000e+01	8.264117e-01	1.446103e+01	
243	2.362800e-03	-1.50000e+01	7.876360e-01	1.446103e+01	
244	2.372800e-03	-1.50000e+01	7.458353e-01	1.446104e+01	
245	2.382800e-03	-1.50000e+01	7.011745e-01	1.446104e+01	
246	2.392800e-03	-1.50000e+01	6.538300e-01	1.446104e+01	
247	2.402800e-03	-1.50000e+01	6.039886e-01	1.446104e+01	
248	2.412800e-03	-1.50000e+01	5.518469e-01	1.446104e+01	
249	2.422800e-03	-1.50000e+01	4.976108e-01	1.446104e+01	
250	2.432800e-03	-1.50000e+01	4.414942e-01	1.446105e+01	
251	2.442800e-03	-1.50000e+01	3.837186e-01	1.446105e+01	
252	2.452800e-03	-1.50000e+01	3.245121e-01	1.446105e+01	
253	2.462800e-03	-1.50000e+01	2.641081e-01	1.446105e+01	
254	2.472800e-03	-1.50000e+01	2.027452e-01	1.446106e+01	
255	2.482800e-03	-1.50000e+01	1.406655e-01	1.446106e+01	
256	2.492800e-03	-1.50000e+01	7.811397e-02	1.446106e+01	
257	2.502800e-03	-1.50000e+01	1.533742e-02	1.446106e+01	
258	2.512800e-03	-1.50000e+01	-4.74164e-02	1.446106e+01	
259	2.522800e-03	-1.50000e+01	-1.09900e-01	1.446107e+01	
260	2.532800e-03	-1.50000e+01	-1.71866e-01	1.446107e+01	
261	2.542800e-03	-1.50000e+01	-2.33071e-01	1.446107e+01	
262	2.552800e-03	-1.50000e+01	-2.93273e-01	1.446107e+01	
263	2.562800e-03	-1.50000e+01	-3.52234e-01	1.446107e+01	
264	2.572800e-03	-1.50000e+01	-4.09722e-01	1.446108e+01	
265	2.582800e-03	-1.50000e+01	-4.65509e-01	1.446108e+01	
266	2.592800e-03	-1.50000e+01	-5.19377e-01	1.446108e+01	
267	2.602800e-03	-1.50000e+01	-5.71111e-01	1.446108e+01	
268	2.612800e-03	-1.50000e+01	-6.20508e-01	1.446108e+01	
269	2.622800e-03	-1.50000e+01	-6.67373e-01	1.446109e+01	
270	2.632800e-03	-1.50000e+01	-7.11520e-01	1.446109e+01	
271	2.642800e-03	-1.50000e+01	-7.52777e-01	1.446109e+01	
272	2.652800e-03	-1.50000e+01	-7.90979e-01	1.446109e+01	
273	2.662800e-03	-1.50000e+01	-8.25977e-01	1.446109e+01	
274	2.672800e-03	-1.50000e+01	-8.57631e-01	1.446109e+01	
275	2.682800e-03	-1.50000e+01	-8.85818e-01	1.446109e+01	
276	2.692800e-03	-1.50000e+01	-9.10425e-01	1.446109e+01	
277	2.702800e-03	-1.50000e+01	-9.31356e-01	1.446109e+01	
278	2.712800e-03	-1.50000e+01	-9.48528e-01	1.446109e+01	
279	2.722800e-03	-1.50000e+01	-9.61873e-01	1.446110e+01	
280	2.732800e-03	-1.50000e+01	-9.71339e-01	1.446110e+01	
281	2.742800e-03	-1.50000e+01	-9.76889e-01	1.446110e+01	
282	2.752800e-03	-1.50000e+01	-9.78499e-01	1.446110e+01	
283	2.762800e-03	-1.50000e+01	-9.76165e-01	1.446110e+01	
284	2.772800e-03	-1.50000e+01	-9.69895e-01	1.446109e+01	
285	2.782800e-03	-1.50000e+01	-9.59714e-01	1.446109e+01	
286	2.792800e-03	-1.50000e+01	-9.45662e-01	1.446109e+01	

Index   time            net-_v3-pad2_   out             q.x1.q1#collCX  
--------------------------------------------------------------------------------
287	2.802800e-03	-1.50000e+01	-9.27794e-01	1.446109e+01	
288	2.812800e-03	-1.50000e+01	-9.06182e-01	1.446109e+01	
289	2.822800e-03	-1.50000e+01	-8.80910e-01	1.446109e+01	
290	2.832800e-03	-1.50000e+01	-8.52078e-01	1.446109e+01	
291	2.842800e-03	-1.50000e+01	-8.19800e-01	1.446109e+01	
292	2.852800e-03	-1.50000e+01	-7.84203e-01	1.446109e+01	
293	2.862800e-03	-1.50000e+01	-7.45429e-01	1.446109e+01	
294	2.872800e-03	-1.50000e+01	-7.03628e-01	1.446108e+01	
295	2.882800e-03	-1.50000e+01	-6.58968e-01	1.446108e+01	
296	2.892800e-03	-1.50000e+01	-6.11624e-01	1.446108e+01	
297	2.902800e-03	-1.50000e+01	-5.61782e-01	1.446108e+01	
298	2.912800e-03	-1.50000e+01	-5.09640e-01	1.446108e+01	
299	2.922800e-03	-1.50000e+01	-4.55403e-01	1.446108e+01	
300	2.932800e-03	-1.50000e+01	-3.99286e-01	1.446107e+01	
301	2.942800e-03	-1.50000e+01	-3.41509e-01	1.446107e+01	
302	2.952800e-03	-1.50000e+01	-2.82301e-01	1.446107e+01	
303	2.962800e-03	-1.50000e+01	-2.21896e-01	1.446107e+01	
304	2.972800e-03	-1.50000e+01	-1.60532e-01	1.446106e+01	
305	2.982800e-03	-1.50000e+01	-9.84501e-02	1.446106e+01	
306	2.992800e-03	-1.50000e+01	-3.58967e-02	1.446106e+01	
307	3.002800e-03	-1.50000e+01	2.688170e-02	1.446106e+01	
308	3.012800e-03	-1.50000e+01	8.963744e-02	1.446106e+01	
309	3.022800e-03	-1.50000e+01	1.521228e-01	1.446105e+01	
310	3.032800e-03	-1.50000e+01	2.140912e-01	1.446105e+01	
311	3.042800e-03	-1.50000e+01	2.752980e-01	1.446105e+01	
312	3.052800e-03	-1.50000e+01	3.355016e-01	1.446105e+01	
313	3.062800e-03	-1.50000e+01	3.944645e-01	1.446104e+01	
314	3.072800e-03	-1.50000e+01	4.519539e-01	1.446104e+01	
315	3.082800e-03	-1.50000e+01	5.077429e-01	1.446104e+01	
316	3.092800e-03	-1.50000e+01	5.616114e-01	1.446104e+01	
317	3.102800e-03	-1.50000e+01	6.133467e-01	1.446104e+01	
318	3.112800e-03	-1.50000e+01	6.627445e-01	1.446104e+01	
319	3.122800e-03	-1.50000e+01	7.096101e-01	1.446103e+01	
320	3.132800e-03	-1.50000e+01	7.537583e-01	1.446103e+01	
321	3.142800e-03	-1.50000e+01	7.950149e-01	1.446103e+01	
322	3.152800e-03	-1.50000e+01	8.332172e-01	1.446103e+01	
323	3.162800e-03	-1.50000e+01	8.682143e-01	1.446103e+01	
324	3.172800e-03	-1.50000e+01	8.998681e-01	1.446103e+01	
325	3.182800e-03	-1.50000e+01	9.280538e-01	1.446103e+01	
326	3.192800e-03	-1.50000e+01	9.526600e-01	1.446103e+01	
327	3.202800e-03	-1.50000e+01	9.735897e-01	1.446103e+01	
328	3.212800e-03	-1.50000e+01	9.907603e-01	1.446103e+01	
329	3.222800e-03	-1.50000e+01	1.004104e+00	1.446102e+01	
330	3.232800e-03	-1.50000e+01	1.013568e+00	1.446102e+01	
331	3.242800e-03	-1.50000e+01	1.019116e+00	1.446102e+01	
332	3.252800e-03	-1.50000e+01	1.020724e+00	1.446102e+01	
333	3.262800e-03	-1.50000e+01	1.018388e+00	1.446102e+01	
334	3.272800e-03	-1.50000e+01	1.012116e+00	1.446102e+01	
335	3.282800e-03	-1.50000e+01	1.001933e+00	1.446103e+01	
336	3.292800e-03	-1.50000e+01	9.878788e-01	1.446103e+01	
337	3.302800e-03	-1.50000e+01	9.700095e-01	1.446103e+01	
338	3.312800e-03	-1.50000e+01	9.483954e-01	1.446103e+01	
339	3.322800e-03	-1.50000e+01	9.231218e-01	1.446103e+01	
340	3.332800e-03	-1.50000e+01	8.942886e-01	1.446103e+01	
341	3.342800e-03	-1.50000e+01	8.620094e-01	1.446103e+01	
342	3.352800e-03	-1.50000e+01	8.264117e-01	1.446103e+01	
343	3.362800e-03	-1.50000e+01	7.876360e-01	1.446103e+01	
344	3.372800e-03	-1.50000e+01	7.458353e-01	1.446104e+01	

Index   time            net-_v3-pad2_   out             q.x1.q1#collCX  
--------------------------------------------------------------------------------
345	3.382800e-03	-1.50000e+01	7.011745e-01	1.446104e+01	
346	3.392800e-03	-1.50000e+01	6.538300e-01	1.446104e+01	
347	3.402800e-03	-1.50000e+01	6.039886e-01	1.446104e+01	
348	3.412800e-03	-1.50000e+01	5.518469e-01	1.446104e+01	
349	3.422800e-03	-1.50000e+01	4.976108e-01	1.446104e+01	
350	3.432800e-03	-1.50000e+01	4.414942e-01	1.446105e+01	
351	3.442800e-03	-1.50000e+01	3.837186e-01	1.446105e+01	
352	3.452800e-03	-1.50000e+01	3.245121e-01	1.446105e+01	
353	3.462800e-03	-1.50000e+01	2.641081e-01	1.446105e+01	
354	3.472800e-03	-1.50000e+01	2.027452e-01	1.446106e+01	
355	3.482800e-03	-1.50000e+01	1.406655e-01	1.446106e+01	
356	3.492800e-03	-1.50000e+01	7.811397e-02	1.446106e+01	
357	3.502800e-03	-1.50000e+01	1.533742e-02	1.446106e+01	
358	3.512800e-03	-1.50000e+01	-4.74164e-02	1.446106e+01	
359	3.522800e-03	-1.50000e+01	-1.09900e-01	1.446107e+01	
360	3.532800e-03	-1.50000e+01	-1.71866e-01	1.446107e+01	
361	3.542800e-03	-1.50000e+01	-2.33071e-01	1.446107e+01	
362	3.552800e-03	-1.50000e+01	-2.93273e-01	1.446107e+01	
363	3.562800e-03	-1.50000e+01	-3.52234e-01	1.446107e+01	
364	3.572800e-03	-1.50000e+01	-4.09722e-01	1.446108e+01	
365	3.582800e-03	-1.50000e+01	-4.65509e-01	1.446108e+01	
366	3.592800e-03	-1.50000e+01	-5.19377e-01	1.446108e+01	
367	3.602800e-03	-1.50000e+01	-5.71111e-01	1.446108e+01	
368	3.612800e-03	-1.50000e+01	-6.20508e-01	1.446108e+01	
369	3.622800e-03	-1.50000e+01	-6.67373e-01	1.446109e+01	
370	3.632800e-03	-1.50000e+01	-7.11520e-01	1.446109e+01	
371	3.642800e-03	-1.50000e+01	-7.52777e-01	1.446109e+01	
372	3.652800e-03	-1.50000e+01	-7.90979e-01	1.446109e+01	
373	3.662800e-03	-1.50000e+01	-8.25977e-01	1.446109e+01	
374	3.672800e-03	-1.50000e+01	-8.57631e-01	1.446109e+01	
375	3.682800e-03	-1.50000e+01	-8.85818e-01	1.446109e+01	
376	3.692800e-03	-1.50000e+01	-9.10425e-01	1.446109e+01	
377	3.702800e-03	-1.50000e+01	-9.31356e-01	1.446109e+01	
378	3.712800e-03	-1.50000e+01	-9.48528e-01	1.446109e+01	
379	3.722800e-03	-1.50000e+01	-9.61873e-01	1.446110e+01	
380	3.732800e-03	-1.50000e+01	-9.71339e-01	1.446110e+01	
381	3.742800e-03	-1.50000e+01	-9.76889e-01	1.446110e+01	
382	3.752800e-03	-1.50000e+01	-9.78499e-01	1.446110e+01	
383	3.762800e-03	-1.50000e+01	-9.76165e-01	1.446110e+01	
384	3.772800e-03	-1.50000e+01	-9.69895e-01	1.446109e+01	
385	3.782800e-03	-1.50000e+01	-9.59714e-01	1.446109e+01	
386	3.792800e-03	-1.50000e+01	-9.45662e-01	1.446109e+01	
387	3.802800e-03	-1.50000e+01	-9.27794e-01	1.446109e+01	
388	3.812800e-03	-1.50000e+01	-9.06182e-01	1.446109e+01	
389	3.822800e-03	-1.50000e+01	-8.80910e-01	1.446109e+01	
390	3.832800e-03	-1.50000e+01	-8.52078e-01	1.446109e+01	
391	3.842800e-03	-1.50000e+01	-8.19800e-01	1.446109e+01	
392	3.852800e-03	-1.50000e+01	-7.84203e-01	1.446109e+01	
393	3.862800e-03	-1.50000e+01	-7.45429e-01	1.446109e+01	
394	3.872800e-03	-1.50000e+01	-7.03628e-01	1.446108e+01	
395	3.882800e-03	-1.50000e+01	-6.58968e-01	1.446108e+01	
396	3.892800e-03	-1.50000e+01	-6.11624e-01	1.446108e+01	
397	3.902800e-03	-1.50000e+01	-5.61782e-01	1.446108e+01	
398	3.912800e-03	-1.50000e+01	-5.09640e-01	1.446108e+01	
399	3.922800e-03	-1.50000e+01	-4.55403e-01	1.446108e+01	
400	3.932800e-03	-1.50000e+01	-3.99286e-01	1.446107e+01	
401	3.942800e-03	-1.50000e+01	-3.41509e-01	1.446107e+01	
402	3.952800e-03	-1.50000e+01	-2.82301e-01	1.446107e+01	

Index   time            net-_v3-pad2_   out             q.x1.q1#collCX  
--------------------------------------------------------------------------------
403	3.962800e-03	-1.50000e+01	-2.21896e-01	1.446107e+01	
404	3.972800e-03	-1.50000e+01	-1.60532e-01	1.446106e+01	
405	3.982800e-03	-1.50000e+01	-9.84501e-02	1.446106e+01	
406	3.992800e-03	-1.50000e+01	-3.58967e-02	1.446106e+01	
407	4.002800e-03	-1.50000e+01	2.688170e-02	1.446106e+01	
408	4.012800e-03	-1.50000e+01	8.963744e-02	1.446106e+01	
409	4.022800e-03	-1.50000e+01	1.521228e-01	1.446105e+01	
410	4.032800e-03	-1.50000e+01	2.140912e-01	1.446105e+01	
411	4.042800e-03	-1.50000e+01	2.752980e-01	1.446105e+01	
412	4.052800e-03	-1.50000e+01	3.355016e-01	1.446105e+01	
413	4.062800e-03	-1.50000e+01	3.944645e-01	1.446104e+01	
414	4.072800e-03	-1.50000e+01	4.519539e-01	1.446104e+01	
415	4.082800e-03	-1.50000e+01	5.077429e-01	1.446104e+01	
416	4.092800e-03	-1.50000e+01	5.616114e-01	1.446104e+01	
417	4.102800e-03	-1.50000e+01	6.133467e-01	1.446104e+01	
418	4.112800e-03	-1.50000e+01	6.627445e-01	1.446104e+01	
419	4.122800e-03	-1.50000e+01	7.096101e-01	1.446103e+01	
420	4.132800e-03	-1.50000e+01	7.537583e-01	1.446103e+01	
421	4.142800e-03	-1.50000e+01	7.950149e-01	1.446103e+01	
422	4.152800e-03	-1.50000e+01	8.332172e-01	1.446103e+01	
423	4.162800e-03	-1.50000e+01	8.682143e-01	1.446103e+01	
424	4.172800e-03	-1.50000e+01	8.998681e-01	1.446103e+01	
425	4.182800e-03	-1.50000e+01	9.280538e-01	1.446103e+01	
426	4.192800e-03	-1.50000e+01	9.526600e-01	1.446103e+01	
427	4.202800e-03	-1.50000e+01	9.735897e-01	1.446103e+01	
428	4.212800e-03	-1.50000e+01	9.907603e-01	1.446103e+01	
429	4.222800e-03	-1.50000e+01	1.004104e+00	1.446102e+01	
430	4.232800e-03	-1.50000e+01	1.013568e+00	1.446102e+01	
431	4.242800e-03	-1.50000e+01	1.019116e+00	1.446102e+01	
432	4.252800e-03	-1.50000e+01	1.020724e+00	1.446102e+01	
433	4.262800e-03	-1.50000e+01	1.018388e+00	1.446102e+01	
434	4.272800e-03	-1.50000e+01	1.012116e+00	1.446102e+01	
435	4.282800e-03	-1.50000e+01	1.001933e+00	1.446103e+01	
436	4.292800e-03	-1.50000e+01	9.878788e-01	1.446103e+01	
437	4.302800e-03	-1.50000e+01	9.700095e-01	1.446103e+01	
438	4.312800e-03	-1.50000e+01	9.483954e-01	1.446103e+01	
439	4.322800e-03	-1.50000e+01	9.231218e-01	1.446103e+01	
440	4.332800e-03	-1.50000e+01	8.942886e-01	1.446103e+01	
441	4.342800e-03	-1.50000e+01	8.620094e-01	1.446103e+01	
442	4.352800e-03	-1.50000e+01	8.264117e-01	1.446103e+01	
443	4.362800e-03	-1.50000e+01	7.876360e-01	1.446103e+01	
444	4.372800e-03	-1.50000e+01	7.458353e-01	1.446104e+01	
445	4.382800e-03	-1.50000e+01	7.011745e-01	1.446104e+01	
446	4.392800e-03	-1.50000e+01	6.538300e-01	1.446104e+01	
447	4.402800e-03	-1.50000e+01	6.039886e-01	1.446104e+01	
448	4.412800e-03	-1.50000e+01	5.518469e-01	1.446104e+01	
449	4.422800e-03	-1.50000e+01	4.976108e-01	1.446104e+01	
450	4.432800e-03	-1.50000e+01	4.414942e-01	1.446105e+01	
451	4.442800e-03	-1.50000e+01	3.837186e-01	1.446105e+01	
452	4.452800e-03	-1.50000e+01	3.245121e-01	1.446105e+01	
453	4.462800e-03	-1.50000e+01	2.641081e-01	1.446105e+01	
454	4.472800e-03	-1.50000e+01	2.027452e-01	1.446106e+01	
455	4.482800e-03	-1.50000e+01	1.406655e-01	1.446106e+01	
456	4.492800e-03	-1.50000e+01	7.811397e-02	1.446106e+01	
457	4.502800e-03	-1.50000e+01	1.533742e-02	1.446106e+01	
458	4.512800e-03	-1.50000e+01	-4.74164e-02	1.446106e+01	
459	4.522800e-03	-1.50000e+01	-1.09900e-01	1.446107e+01	
460	4.532800e-03	-1.50000e+01	-1.71866e-01	1.446107e+01	

Index   time            net-_v3-pad2_   out             q.x1.q1#collCX  
--------------------------------------------------------------------------------
461	4.542800e-03	-1.50000e+01	-2.33071e-01	1.446107e+01	
462	4.552800e-03	-1.50000e+01	-2.93273e-01	1.446107e+01	
463	4.562800e-03	-1.50000e+01	-3.52234e-01	1.446107e+01	
464	4.572800e-03	-1.50000e+01	-4.09722e-01	1.446108e+01	
465	4.582800e-03	-1.50000e+01	-4.65509e-01	1.446108e+01	
466	4.592800e-03	-1.50000e+01	-5.19377e-01	1.446108e+01	
467	4.602800e-03	-1.50000e+01	-5.71111e-01	1.446108e+01	
468	4.612800e-03	-1.50000e+01	-6.20508e-01	1.446108e+01	
469	4.622800e-03	-1.50000e+01	-6.67373e-01	1.446109e+01	
470	4.632800e-03	-1.50000e+01	-7.11520e-01	1.446109e+01	
471	4.642800e-03	-1.50000e+01	-7.52777e-01	1.446109e+01	
472	4.652800e-03	-1.50000e+01	-7.90979e-01	1.446109e+01	
473	4.662800e-03	-1.50000e+01	-8.25977e-01	1.446109e+01	
474	4.672800e-03	-1.50000e+01	-8.57631e-01	1.446109e+01	
475	4.682800e-03	-1.50000e+01	-8.85818e-01	1.446109e+01	
476	4.692800e-03	-1.50000e+01	-9.10425e-01	1.446109e+01	
477	4.702800e-03	-1.50000e+01	-9.31356e-01	1.446109e+01	
478	4.712800e-03	-1.50000e+01	-9.48528e-01	1.446109e+01	
479	4.722800e-03	-1.50000e+01	-9.61873e-01	1.446110e+01	
480	4.732800e-03	-1.50000e+01	-9.71339e-01	1.446110e+01	
481	4.742800e-03	-1.50000e+01	-9.76889e-01	1.446110e+01	
482	4.752800e-03	-1.50000e+01	-9.78499e-01	1.446110e+01	
483	4.762800e-03	-1.50000e+01	-9.76165e-01	1.446110e+01	
484	4.772800e-03	-1.50000e+01	-9.69895e-01	1.446109e+01	
485	4.782800e-03	-1.50000e+01	-9.59714e-01	1.446109e+01	
486	4.792800e-03	-1.50000e+01	-9.45662e-01	1.446109e+01	
487	4.802800e-03	-1.50000e+01	-9.27794e-01	1.446109e+01	
488	4.812800e-03	-1.50000e+01	-9.06182e-01	1.446109e+01	
489	4.822800e-03	-1.50000e+01	-8.80910e-01	1.446109e+01	
490	4.832800e-03	-1.50000e+01	-8.52078e-01	1.446109e+01	
491	4.842800e-03	-1.50000e+01	-8.19800e-01	1.446109e+01	
492	4.852800e-03	-1.50000e+01	-7.84203e-01	1.446109e+01	
493	4.862800e-03	-1.50000e+01	-7.45429e-01	1.446109e+01	
494	4.872800e-03	-1.50000e+01	-7.03628e-01	1.446108e+01	
495	4.882800e-03	-1.50000e+01	-6.58968e-01	1.446108e+01	
496	4.892800e-03	-1.50000e+01	-6.11624e-01	1.446108e+01	
497	4.902800e-03	-1.50000e+01	-5.61782e-01	1.446108e+01	
498	4.912800e-03	-1.50000e+01	-5.09640e-01	1.446108e+01	
499	4.922800e-03	-1.50000e+01	-4.55403e-01	1.446108e+01	
500	4.932800e-03	-1.50000e+01	-3.99286e-01	1.446107e+01	
501	4.942800e-03	-1.50000e+01	-3.41509e-01	1.446107e+01	
502	4.952800e-03	-1.50000e+01	-2.82301e-01	1.446107e+01	
503	4.962800e-03	-1.50000e+01	-2.21896e-01	1.446107e+01	
504	4.972800e-03	-1.50000e+01	-1.60532e-01	1.446106e+01	
505	4.982800e-03	-1.50000e+01	-9.84501e-02	1.446106e+01	
506	4.992800e-03	-1.50000e+01	-3.58967e-02	1.446106e+01	
507	5.000000e-03	-1.50000e+01	9.297821e-03	1.446106e+01	

                                kicad schematic
                                Transient Analysis  Tue Oct 21 20:02:38  2025
--------------------------------------------------------------------------------
Index   time            q.x1.q2#collCX  q.x1.q3#collCX  q.x1.q4#collCX  
--------------------------------------------------------------------------------
0	0.000000e+00	1.446106e+01	1.499999e+01	1.446108e+01	
1	1.000000e-07	1.446106e+01	1.499999e+01	1.446108e+01	
2	2.000000e-07	1.446106e+01	1.499999e+01	1.446108e+01	
3	4.000000e-07	1.446106e+01	1.499999e+01	1.446108e+01	
4	8.000000e-07	1.446106e+01	1.499999e+01	1.446108e+01	
5	1.600000e-06	1.446106e+01	1.499999e+01	1.446108e+01	
6	3.200000e-06	1.446106e+01	1.499999e+01	1.446108e+01	
7	6.400000e-06	1.446106e+01	1.499999e+01	1.446108e+01	
8	1.280000e-05	1.446106e+01	1.499999e+01	1.446108e+01	
9	2.280000e-05	1.446105e+01	1.499999e+01	1.446108e+01	
10	3.280000e-05	1.446105e+01	1.499999e+01	1.446108e+01	
11	4.280000e-05	1.446105e+01	1.499999e+01	1.446107e+01	
12	5.280000e-05	1.446105e+01	1.499999e+01	1.446107e+01	
13	6.280000e-05	1.446104e+01	1.499999e+01	1.446107e+01	
14	7.280000e-05	1.446104e+01	1.499999e+01	1.446107e+01	
15	8.280000e-05	1.446104e+01	1.499999e+01	1.446107e+01	
16	9.280000e-05	1.446104e+01	1.499999e+01	1.446106e+01	
17	1.028000e-04	1.446104e+01	1.499999e+01	1.446106e+01	
18	1.128000e-04	1.446104e+01	1.499999e+01	1.446106e+01	
19	1.228000e-04	1.446103e+01	1.499999e+01	1.446106e+01	
20	1.328000e-04	1.446103e+01	1.499999e+01	1.446106e+01	
21	1.428000e-04	1.446103e+01	1.499999e+01	1.446106e+01	
22	1.528000e-04	1.446103e+01	1.499999e+01	1.446105e+01	
23	1.628000e-04	1.446103e+01	1.499999e+01	1.446105e+01	
24	1.728000e-04	1.446103e+01	1.499999e+01	1.446105e+01	
25	1.828000e-04	1.446103e+01	1.499999e+01	1.446105e+01	
26	1.928000e-04	1.446103e+01	1.499999e+01	1.446105e+01	
27	2.028000e-04	1.446103e+01	1.499999e+01	1.446105e+01	
28	2.128000e-04	1.446102e+01	1.499999e+01	1.446105e+01	
29	2.228000e-04	1.446102e+01	1.499999e+01	1.446105e+01	
30	2.328000e-04	1.446102e+01	1.499999e+01	1.446105e+01	
31	2.428000e-04	1.446102e+01	1.499999e+01	1.446105e+01	
32	2.528000e-04	1.446102e+01	1.499999e+01	1.446105e+01	
33	2.628000e-04	1.446102e+01	1.499999e+01	1.446105e+01	
34	2.728000e-04	1.446102e+01	1.499999e+01	1.446105e+01	
35	2.828000e-04	1.446103e+01	1.499999e+01	1.446105e+01	
36	2.928000e-04	1.446103e+01	1.499999e+01	1.446105e+01	
37	3.028000e-04	1.446103e+01	1.499999e+01	1.446105e+01	
38	3.128000e-04	1.446103e+01	1.499999e+01	1.446105e+01	
39	3.228000e-04	1.446103e+01	1.499999e+01	1.446105e+01	
40	3.328000e-04	1.446103e+01	1.499999e+01	1.446105e+01	
41	3.428000e-04	1.446103e+01	1.499999e+01	1.446106e+01	
42	3.528000e-04	1.446103e+01	1.499999e+01	1.446106e+01	
43	3.628000e-04	1.446103e+01	1.499999e+01	1.446106e+01	
44	3.728000e-04	1.446104e+01	1.499999e+01	1.446106e+01	
45	3.828000e-04	1.446104e+01	1.499999e+01	1.446106e+01	
46	3.928000e-04	1.446104e+01	1.499999e+01	1.446106e+01	
47	4.028000e-04	1.446104e+01	1.499999e+01	1.446107e+01	
48	4.128000e-04	1.446104e+01	1.499999e+01	1.446107e+01	
49	4.228000e-04	1.446104e+01	1.499999e+01	1.446107e+01	
50	4.328000e-04	1.446105e+01	1.499999e+01	1.446107e+01	
51	4.428000e-04	1.446105e+01	1.499999e+01	1.446107e+01	
52	4.528000e-04	1.446105e+01	1.499999e+01	1.446108e+01	
53	4.628000e-04	1.446105e+01	1.499999e+01	1.446108e+01	
54	4.728000e-04	1.446105e+01	1.499999e+01	1.446108e+01	

Index   time            q.x1.q2#collCX  q.x1.q3#collCX  q.x1.q4#collCX  
--------------------------------------------------------------------------------
55	4.828000e-04	1.446106e+01	1.499999e+01	1.446108e+01	
56	4.928000e-04	1.446106e+01	1.499999e+01	1.446108e+01	
57	5.028000e-04	1.446106e+01	1.499999e+01	1.446109e+01	
58	5.128000e-04	1.446106e+01	1.499999e+01	1.446109e+01	
59	5.228000e-04	1.446107e+01	1.499999e+01	1.446109e+01	
60	5.328000e-04	1.446107e+01	1.499999e+01	1.446109e+01	
61	5.428000e-04	1.446107e+01	1.499999e+01	1.446110e+01	
62	5.528000e-04	1.446107e+01	1.499999e+01	1.446110e+01	
63	5.628000e-04	1.446107e+01	1.499999e+01	1.446110e+01	
64	5.728000e-04	1.446108e+01	1.499999e+01	1.446110e+01	
65	5.828000e-04	1.446108e+01	1.499999e+01	1.446110e+01	
66	5.928000e-04	1.446108e+01	1.499999e+01	1.446111e+01	
67	6.028000e-04	1.446108e+01	1.499999e+01	1.446111e+01	
68	6.128000e-04	1.446108e+01	1.499999e+01	1.446111e+01	
69	6.228000e-04	1.446109e+01	1.499999e+01	1.446111e+01	
70	6.328000e-04	1.446109e+01	1.499999e+01	1.446111e+01	
71	6.428000e-04	1.446109e+01	1.499999e+01	1.446111e+01	
72	6.528000e-04	1.446109e+01	1.499999e+01	1.446111e+01	
73	6.628000e-04	1.446109e+01	1.499999e+01	1.446112e+01	
74	6.728000e-04	1.446109e+01	1.499999e+01	1.446112e+01	
75	6.828000e-04	1.446109e+01	1.499999e+01	1.446112e+01	
76	6.928000e-04	1.446109e+01	1.499999e+01	1.446112e+01	
77	7.028000e-04	1.446109e+01	1.499999e+01	1.446112e+01	
78	7.128000e-04	1.446109e+01	1.499999e+01	1.446112e+01	
79	7.228000e-04	1.446109e+01	1.499999e+01	1.446112e+01	
80	7.328000e-04	1.446110e+01	1.499999e+01	1.446112e+01	
81	7.428000e-04	1.446110e+01	1.499999e+01	1.446112e+01	
82	7.528000e-04	1.446110e+01	1.499999e+01	1.446112e+01	
83	7.628000e-04	1.446109e+01	1.499999e+01	1.446112e+01	
84	7.728000e-04	1.446109e+01	1.499999e+01	1.446112e+01	
85	7.828000e-04	1.446109e+01	1.499999e+01	1.446112e+01	
86	7.928000e-04	1.446109e+01	1.499999e+01	1.446112e+01	
87	8.028000e-04	1.446109e+01	1.499999e+01	1.446112e+01	
88	8.128000e-04	1.446109e+01	1.499999e+01	1.446112e+01	
89	8.228000e-04	1.446109e+01	1.499999e+01	1.446112e+01	
90	8.328000e-04	1.446109e+01	1.499999e+01	1.446111e+01	
91	8.428000e-04	1.446109e+01	1.499999e+01	1.446111e+01	
92	8.528000e-04	1.446109e+01	1.499999e+01	1.446111e+01	
93	8.628000e-04	1.446109e+01	1.499999e+01	1.446111e+01	
94	8.728000e-04	1.446108e+01	1.499999e+01	1.446111e+01	
95	8.828000e-04	1.446108e+01	1.499999e+01	1.446111e+01	
96	8.928000e-04	1.446108e+01	1.499999e+01	1.446111e+01	
97	9.028000e-04	1.446108e+01	1.499999e+01	1.446110e+01	
98	9.128000e-04	1.446108e+01	1.499999e+01	1.446110e+01	
99	9.228000e-04	1.446108e+01	1.499999e+01	1.446110e+01	
100	9.328000e-04	1.446107e+01	1.499999e+01	1.446110e+01	
101	9.428000e-04	1.446107e+01	1.499999e+01	1.446110e+01	
102	9.528000e-04	1.446107e+01	1.499999e+01	1.446109e+01	
103	9.628000e-04	1.446107e+01	1.499999e+01	1.446109e+01	
104	9.728000e-04	1.446106e+01	1.499999e+01	1.446109e+01	
105	9.828000e-04	1.446106e+01	1.499999e+01	1.446109e+01	
106	9.928000e-04	1.446106e+01	1.499999e+01	1.446108e+01	
107	1.002800e-03	1.446106e+01	1.499999e+01	1.446108e+01	
108	1.012800e-03	1.446106e+01	1.499999e+01	1.446108e+01	
109	1.022800e-03	1.446105e+01	1.499999e+01	1.446108e+01	
110	1.032800e-03	1.446105e+01	1.499999e+01	1.446108e+01	
111	1.042800e-03	1.446105e+01	1.499999e+01	1.446107e+01	
112	1.052800e-03	1.446105e+01	1.499999e+01	1.446107e+01	

Index   time            q.x1.q2#collCX  q.x1.q3#collCX  q.x1.q4#collCX  
--------------------------------------------------------------------------------
113	1.062800e-03	1.446104e+01	1.499999e+01	1.446107e+01	
114	1.072800e-03	1.446104e+01	1.499999e+01	1.446107e+01	
115	1.082800e-03	1.446104e+01	1.499999e+01	1.446107e+01	
116	1.092800e-03	1.446104e+01	1.499999e+01	1.446106e+01	
117	1.102800e-03	1.446104e+01	1.499999e+01	1.446106e+01	
118	1.112800e-03	1.446104e+01	1.499999e+01	1.446106e+01	
119	1.122800e-03	1.446103e+01	1.499999e+01	1.446106e+01	
120	1.132800e-03	1.446103e+01	1.499999e+01	1.446106e+01	
121	1.142800e-03	1.446103e+01	1.499999e+01	1.446106e+01	
122	1.152800e-03	1.446103e+01	1.499999e+01	1.446105e+01	
123	1.162800e-03	1.446103e+01	1.499999e+01	1.446105e+01	
124	1.172800e-03	1.446103e+01	1.499999e+01	1.446105e+01	
125	1.182800e-03	1.446103e+01	1.499999e+01	1.446105e+01	
126	1.192800e-03	1.446103e+01	1.499999e+01	1.446105e+01	
127	1.202800e-03	1.446103e+01	1.499999e+01	1.446105e+01	
128	1.212800e-03	1.446102e+01	1.499999e+01	1.446105e+01	
129	1.222800e-03	1.446102e+01	1.499999e+01	1.446105e+01	
130	1.232800e-03	1.446102e+01	1.499999e+01	1.446105e+01	
131	1.242800e-03	1.446102e+01	1.499999e+01	1.446105e+01	
132	1.252800e-03	1.446102e+01	1.499999e+01	1.446105e+01	
133	1.262800e-03	1.446102e+01	1.499999e+01	1.446105e+01	
134	1.272800e-03	1.446102e+01	1.499999e+01	1.446105e+01	
135	1.282800e-03	1.446103e+01	1.499999e+01	1.446105e+01	
136	1.292800e-03	1.446103e+01	1.499999e+01	1.446105e+01	
137	1.302800e-03	1.446103e+01	1.499999e+01	1.446105e+01	
138	1.312800e-03	1.446103e+01	1.499999e+01	1.446105e+01	
139	1.322800e-03	1.446103e+01	1.499999e+01	1.446105e+01	
140	1.332800e-03	1.446103e+01	1.499999e+01	1.446105e+01	
141	1.342800e-03	1.446103e+01	1.499999e+01	1.446106e+01	
142	1.352800e-03	1.446103e+01	1.499999e+01	1.446106e+01	
143	1.362800e-03	1.446103e+01	1.499999e+01	1.446106e+01	
144	1.372800e-03	1.446104e+01	1.499999e+01	1.446106e+01	
145	1.382800e-03	1.446104e+01	1.499999e+01	1.446106e+01	
146	1.392800e-03	1.446104e+01	1.499999e+01	1.446106e+01	
147	1.402800e-03	1.446104e+01	1.499999e+01	1.446107e+01	
148	1.412800e-03	1.446104e+01	1.499999e+01	1.446107e+01	
149	1.422800e-03	1.446104e+01	1.499999e+01	1.446107e+01	
150	1.432800e-03	1.446105e+01	1.499999e+01	1.446107e+01	
151	1.442800e-03	1.446105e+01	1.499999e+01	1.446107e+01	
152	1.452800e-03	1.446105e+01	1.499999e+01	1.446108e+01	
153	1.462800e-03	1.446105e+01	1.499999e+01	1.446108e+01	
154	1.472800e-03	1.446105e+01	1.499999e+01	1.446108e+01	
155	1.482800e-03	1.446106e+01	1.499999e+01	1.446108e+01	
156	1.492800e-03	1.446106e+01	1.499999e+01	1.446108e+01	
157	1.502800e-03	1.446106e+01	1.499999e+01	1.446109e+01	
158	1.512800e-03	1.446106e+01	1.499999e+01	1.446109e+01	
159	1.522800e-03	1.446107e+01	1.499999e+01	1.446109e+01	
160	1.532800e-03	1.446107e+01	1.499999e+01	1.446109e+01	
161	1.542800e-03	1.446107e+01	1.499999e+01	1.446110e+01	
162	1.552800e-03	1.446107e+01	1.499999e+01	1.446110e+01	
163	1.562800e-03	1.446107e+01	1.499999e+01	1.446110e+01	
164	1.572800e-03	1.446108e+01	1.499999e+01	1.446110e+01	
165	1.582800e-03	1.446108e+01	1.499999e+01	1.446110e+01	
166	1.592800e-03	1.446108e+01	1.499999e+01	1.446111e+01	
167	1.602800e-03	1.446108e+01	1.499999e+01	1.446111e+01	
168	1.612800e-03	1.446108e+01	1.499999e+01	1.446111e+01	
169	1.622800e-03	1.446109e+01	1.499999e+01	1.446111e+01	
170	1.632800e-03	1.446109e+01	1.499999e+01	1.446111e+01	

Index   time            q.x1.q2#collCX  q.x1.q3#collCX  q.x1.q4#collCX  
--------------------------------------------------------------------------------
171	1.642800e-03	1.446109e+01	1.499999e+01	1.446111e+01	
172	1.652800e-03	1.446109e+01	1.499999e+01	1.446111e+01	
173	1.662800e-03	1.446109e+01	1.499999e+01	1.446112e+01	
174	1.672800e-03	1.446109e+01	1.499999e+01	1.446112e+01	
175	1.682800e-03	1.446109e+01	1.499999e+01	1.446112e+01	
176	1.692800e-03	1.446109e+01	1.499999e+01	1.446112e+01	
177	1.702800e-03	1.446109e+01	1.499999e+01	1.446112e+01	
178	1.712800e-03	1.446109e+01	1.499999e+01	1.446112e+01	
179	1.722800e-03	1.446109e+01	1.499999e+01	1.446112e+01	
180	1.732800e-03	1.446110e+01	1.499999e+01	1.446112e+01	
181	1.742800e-03	1.446110e+01	1.499999e+01	1.446112e+01	
182	1.752800e-03	1.446110e+01	1.499999e+01	1.446112e+01	
183	1.762800e-03	1.446109e+01	1.499999e+01	1.446112e+01	
184	1.772800e-03	1.446109e+01	1.499999e+01	1.446112e+01	
185	1.782800e-03	1.446109e+01	1.499999e+01	1.446112e+01	
186	1.792800e-03	1.446109e+01	1.499999e+01	1.446112e+01	
187	1.802800e-03	1.446109e+01	1.499999e+01	1.446112e+01	
188	1.812800e-03	1.446109e+01	1.499999e+01	1.446112e+01	
189	1.822800e-03	1.446109e+01	1.499999e+01	1.446112e+01	
190	1.832800e-03	1.446109e+01	1.499999e+01	1.446111e+01	
191	1.842800e-03	1.446109e+01	1.499999e+01	1.446111e+01	
192	1.852800e-03	1.446109e+01	1.499999e+01	1.446111e+01	
193	1.862800e-03	1.446109e+01	1.499999e+01	1.446111e+01	
194	1.872800e-03	1.446108e+01	1.499999e+01	1.446111e+01	
195	1.882800e-03	1.446108e+01	1.499999e+01	1.446111e+01	
196	1.892800e-03	1.446108e+01	1.499999e+01	1.446111e+01	
197	1.902800e-03	1.446108e+01	1.499999e+01	1.446110e+01	
198	1.912800e-03	1.446108e+01	1.499999e+01	1.446110e+01	
199	1.922800e-03	1.446108e+01	1.499999e+01	1.446110e+01	
200	1.932800e-03	1.446107e+01	1.499999e+01	1.446110e+01	
201	1.942800e-03	1.446107e+01	1.499999e+01	1.446110e+01	
202	1.952800e-03	1.446107e+01	1.499999e+01	1.446109e+01	
203	1.962800e-03	1.446107e+01	1.499999e+01	1.446109e+01	
204	1.972800e-03	1.446106e+01	1.499999e+01	1.446109e+01	
205	1.982800e-03	1.446106e+01	1.499999e+01	1.446109e+01	
206	1.992800e-03	1.446106e+01	1.499999e+01	1.446108e+01	
207	2.002800e-03	1.446106e+01	1.499999e+01	1.446108e+01	
208	2.012800e-03	1.446106e+01	1.499999e+01	1.446108e+01	
209	2.022800e-03	1.446105e+01	1.499999e+01	1.446108e+01	
210	2.032800e-03	1.446105e+01	1.499999e+01	1.446108e+01	
211	2.042800e-03	1.446105e+01	1.499999e+01	1.446107e+01	
212	2.052800e-03	1.446105e+01	1.499999e+01	1.446107e+01	
213	2.062800e-03	1.446104e+01	1.499999e+01	1.446107e+01	
214	2.072800e-03	1.446104e+01	1.499999e+01	1.446107e+01	
215	2.082800e-03	1.446104e+01	1.499999e+01	1.446107e+01	
216	2.092800e-03	1.446104e+01	1.499999e+01	1.446106e+01	
217	2.102800e-03	1.446104e+01	1.499999e+01	1.446106e+01	
218	2.112800e-03	1.446104e+01	1.499999e+01	1.446106e+01	
219	2.122800e-03	1.446103e+01	1.499999e+01	1.446106e+01	
220	2.132800e-03	1.446103e+01	1.499999e+01	1.446106e+01	
221	2.142800e-03	1.446103e+01	1.499999e+01	1.446106e+01	
222	2.152800e-03	1.446103e+01	1.499999e+01	1.446105e+01	
223	2.162800e-03	1.446103e+01	1.499999e+01	1.446105e+01	
224	2.172800e-03	1.446103e+01	1.499999e+01	1.446105e+01	
225	2.182800e-03	1.446103e+01	1.499999e+01	1.446105e+01	
226	2.192800e-03	1.446103e+01	1.499999e+01	1.446105e+01	
227	2.202800e-03	1.446103e+01	1.499999e+01	1.446105e+01	
228	2.212800e-03	1.446102e+01	1.499999e+01	1.446105e+01	

Index   time            q.x1.q2#collCX  q.x1.q3#collCX  q.x1.q4#collCX  
--------------------------------------------------------------------------------
229	2.222800e-03	1.446102e+01	1.499999e+01	1.446105e+01	
230	2.232800e-03	1.446102e+01	1.499999e+01	1.446105e+01	
231	2.242800e-03	1.446102e+01	1.499999e+01	1.446105e+01	
232	2.252800e-03	1.446102e+01	1.499999e+01	1.446105e+01	
233	2.262800e-03	1.446102e+01	1.499999e+01	1.446105e+01	
234	2.272800e-03	1.446102e+01	1.499999e+01	1.446105e+01	
235	2.282800e-03	1.446103e+01	1.499999e+01	1.446105e+01	
236	2.292800e-03	1.446103e+01	1.499999e+01	1.446105e+01	
237	2.302800e-03	1.446103e+01	1.499999e+01	1.446105e+01	
238	2.312800e-03	1.446103e+01	1.499999e+01	1.446105e+01	
239	2.322800e-03	1.446103e+01	1.499999e+01	1.446105e+01	
240	2.332800e-03	1.446103e+01	1.499999e+01	1.446105e+01	
241	2.342800e-03	1.446103e+01	1.499999e+01	1.446106e+01	
242	2.352800e-03	1.446103e+01	1.499999e+01	1.446106e+01	
243	2.362800e-03	1.446103e+01	1.499999e+01	1.446106e+01	
244	2.372800e-03	1.446104e+01	1.499999e+01	1.446106e+01	
245	2.382800e-03	1.446104e+01	1.499999e+01	1.446106e+01	
246	2.392800e-03	1.446104e+01	1.499999e+01	1.446106e+01	
247	2.402800e-03	1.446104e+01	1.499999e+01	1.446107e+01	
248	2.412800e-03	1.446104e+01	1.499999e+01	1.446107e+01	
249	2.422800e-03	1.446104e+01	1.499999e+01	1.446107e+01	
250	2.432800e-03	1.446105e+01	1.499999e+01	1.446107e+01	
251	2.442800e-03	1.446105e+01	1.499999e+01	1.446107e+01	
252	2.452800e-03	1.446105e+01	1.499999e+01	1.446108e+01	
253	2.462800e-03	1.446105e+01	1.499999e+01	1.446108e+01	
254	2.472800e-03	1.446105e+01	1.499999e+01	1.446108e+01	
255	2.482800e-03	1.446106e+01	1.499999e+01	1.446108e+01	
256	2.492800e-03	1.446106e+01	1.499999e+01	1.446108e+01	
257	2.502800e-03	1.446106e+01	1.499999e+01	1.446109e+01	
258	2.512800e-03	1.446106e+01	1.499999e+01	1.446109e+01	
259	2.522800e-03	1.446107e+01	1.499999e+01	1.446109e+01	
260	2.532800e-03	1.446107e+01	1.499999e+01	1.446109e+01	
261	2.542800e-03	1.446107e+01	1.499999e+01	1.446110e+01	
262	2.552800e-03	1.446107e+01	1.499999e+01	1.446110e+01	
263	2.562800e-03	1.446107e+01	1.499999e+01	1.446110e+01	
264	2.572800e-03	1.446108e+01	1.499999e+01	1.446110e+01	
265	2.582800e-03	1.446108e+01	1.499999e+01	1.446110e+01	
266	2.592800e-03	1.446108e+01	1.499999e+01	1.446111e+01	
267	2.602800e-03	1.446108e+01	1.499999e+01	1.446111e+01	
268	2.612800e-03	1.446108e+01	1.499999e+01	1.446111e+01	
269	2.622800e-03	1.446109e+01	1.499999e+01	1.446111e+01	
270	2.632800e-03	1.446109e+01	1.499999e+01	1.446111e+01	
271	2.642800e-03	1.446109e+01	1.499999e+01	1.446111e+01	
272	2.652800e-03	1.446109e+01	1.499999e+01	1.446111e+01	
273	2.662800e-03	1.446109e+01	1.499999e+01	1.446112e+01	
274	2.672800e-03	1.446109e+01	1.499999e+01	1.446112e+01	
275	2.682800e-03	1.446109e+01	1.499999e+01	1.446112e+01	
276	2.692800e-03	1.446109e+01	1.499999e+01	1.446112e+01	
277	2.702800e-03	1.446109e+01	1.499999e+01	1.446112e+01	
278	2.712800e-03	1.446109e+01	1.499999e+01	1.446112e+01	
279	2.722800e-03	1.446109e+01	1.499999e+01	1.446112e+01	
280	2.732800e-03	1.446110e+01	1.499999e+01	1.446112e+01	
281	2.742800e-03	1.446110e+01	1.499999e+01	1.446112e+01	
282	2.752800e-03	1.446110e+01	1.499999e+01	1.446112e+01	
283	2.762800e-03	1.446109e+01	1.499999e+01	1.446112e+01	
284	2.772800e-03	1.446109e+01	1.499999e+01	1.446112e+01	
285	2.782800e-03	1.446109e+01	1.499999e+01	1.446112e+01	
286	2.792800e-03	1.446109e+01	1.499999e+01	1.446112e+01	

Index   time            q.x1.q2#collCX  q.x1.q3#collCX  q.x1.q4#collCX  
--------------------------------------------------------------------------------
287	2.802800e-03	1.446109e+01	1.499999e+01	1.446112e+01	
288	2.812800e-03	1.446109e+01	1.499999e+01	1.446112e+01	
289	2.822800e-03	1.446109e+01	1.499999e+01	1.446112e+01	
290	2.832800e-03	1.446109e+01	1.499999e+01	1.446111e+01	
291	2.842800e-03	1.446109e+01	1.499999e+01	1.446111e+01	
292	2.852800e-03	1.446109e+01	1.499999e+01	1.446111e+01	
293	2.862800e-03	1.446109e+01	1.499999e+01	1.446111e+01	
294	2.872800e-03	1.446108e+01	1.499999e+01	1.446111e+01	
295	2.882800e-03	1.446108e+01	1.499999e+01	1.446111e+01	
296	2.892800e-03	1.446108e+01	1.499999e+01	1.446111e+01	
297	2.902800e-03	1.446108e+01	1.499999e+01	1.446110e+01	
298	2.912800e-03	1.446108e+01	1.499999e+01	1.446110e+01	
299	2.922800e-03	1.446108e+01	1.499999e+01	1.446110e+01	
300	2.932800e-03	1.446107e+01	1.499999e+01	1.446110e+01	
301	2.942800e-03	1.446107e+01	1.499999e+01	1.446110e+01	
302	2.952800e-03	1.446107e+01	1.499999e+01	1.446109e+01	
303	2.962800e-03	1.446107e+01	1.499999e+01	1.446109e+01	
304	2.972800e-03	1.446106e+01	1.499999e+01	1.446109e+01	
305	2.982800e-03	1.446106e+01	1.499999e+01	1.446109e+01	
306	2.992800e-03	1.446106e+01	1.499999e+01	1.446108e+01	
307	3.002800e-03	1.446106e+01	1.499999e+01	1.446108e+01	
308	3.012800e-03	1.446106e+01	1.499999e+01	1.446108e+01	
309	3.022800e-03	1.446105e+01	1.499999e+01	1.446108e+01	
310	3.032800e-03	1.446105e+01	1.499999e+01	1.446108e+01	
311	3.042800e-03	1.446105e+01	1.499999e+01	1.446107e+01	
312	3.052800e-03	1.446105e+01	1.499999e+01	1.446107e+01	
313	3.062800e-03	1.446104e+01	1.499999e+01	1.446107e+01	
314	3.072800e-03	1.446104e+01	1.499999e+01	1.446107e+01	
315	3.082800e-03	1.446104e+01	1.499999e+01	1.446107e+01	
316	3.092800e-03	1.446104e+01	1.499999e+01	1.446106e+01	
317	3.102800e-03	1.446104e+01	1.499999e+01	1.446106e+01	
318	3.112800e-03	1.446104e+01	1.499999e+01	1.446106e+01	
319	3.122800e-03	1.446103e+01	1.499999e+01	1.446106e+01	
320	3.132800e-03	1.446103e+01	1.499999e+01	1.446106e+01	
321	3.142800e-03	1.446103e+01	1.499999e+01	1.446106e+01	
322	3.152800e-03	1.446103e+01	1.499999e+01	1.446105e+01	
323	3.162800e-03	1.446103e+01	1.499999e+01	1.446105e+01	
324	3.172800e-03	1.446103e+01	1.499999e+01	1.446105e+01	
325	3.182800e-03	1.446103e+01	1.499999e+01	1.446105e+01	
326	3.192800e-03	1.446103e+01	1.499999e+01	1.446105e+01	
327	3.202800e-03	1.446103e+01	1.499999e+01	1.446105e+01	
328	3.212800e-03	1.446102e+01	1.499999e+01	1.446105e+01	
329	3.222800e-03	1.446102e+01	1.499999e+01	1.446105e+01	
330	3.232800e-03	1.446102e+01	1.499999e+01	1.446105e+01	
331	3.242800e-03	1.446102e+01	1.499999e+01	1.446105e+01	
332	3.252800e-03	1.446102e+01	1.499999e+01	1.446105e+01	
333	3.262800e-03	1.446102e+01	1.499999e+01	1.446105e+01	
334	3.272800e-03	1.446102e+01	1.499999e+01	1.446105e+01	
335	3.282800e-03	1.446103e+01	1.499999e+01	1.446105e+01	
336	3.292800e-03	1.446103e+01	1.499999e+01	1.446105e+01	
337	3.302800e-03	1.446103e+01	1.499999e+01	1.446105e+01	
338	3.312800e-03	1.446103e+01	1.499999e+01	1.446105e+01	
339	3.322800e-03	1.446103e+01	1.499999e+01	1.446105e+01	
340	3.332800e-03	1.446103e+01	1.499999e+01	1.446105e+01	
341	3.342800e-03	1.446103e+01	1.499999e+01	1.446106e+01	
342	3.352800e-03	1.446103e+01	1.499999e+01	1.446106e+01	
343	3.362800e-03	1.446103e+01	1.499999e+01	1.446106e+01	
344	3.372800e-03	1.446104e+01	1.499999e+01	1.446106e+01	

Index   time            q.x1.q2#collCX  q.x1.q3#collCX  q.x1.q4#collCX  
--------------------------------------------------------------------------------
345	3.382800e-03	1.446104e+01	1.499999e+01	1.446106e+01	
346	3.392800e-03	1.446104e+01	1.499999e+01	1.446106e+01	
347	3.402800e-03	1.446104e+01	1.499999e+01	1.446107e+01	
348	3.412800e-03	1.446104e+01	1.499999e+01	1.446107e+01	
349	3.422800e-03	1.446104e+01	1.499999e+01	1.446107e+01	
350	3.432800e-03	1.446105e+01	1.499999e+01	1.446107e+01	
351	3.442800e-03	1.446105e+01	1.499999e+01	1.446107e+01	
352	3.452800e-03	1.446105e+01	1.499999e+01	1.446108e+01	
353	3.462800e-03	1.446105e+01	1.499999e+01	1.446108e+01	
354	3.472800e-03	1.446105e+01	1.499999e+01	1.446108e+01	
355	3.482800e-03	1.446106e+01	1.499999e+01	1.446108e+01	
356	3.492800e-03	1.446106e+01	1.499999e+01	1.446108e+01	
357	3.502800e-03	1.446106e+01	1.499999e+01	1.446109e+01	
358	3.512800e-03	1.446106e+01	1.499999e+01	1.446109e+01	
359	3.522800e-03	1.446107e+01	1.499999e+01	1.446109e+01	
360	3.532800e-03	1.446107e+01	1.499999e+01	1.446109e+01	
361	3.542800e-03	1.446107e+01	1.499999e+01	1.446110e+01	
362	3.552800e-03	1.446107e+01	1.499999e+01	1.446110e+01	
363	3.562800e-03	1.446107e+01	1.499999e+01	1.446110e+01	
364	3.572800e-03	1.446108e+01	1.499999e+01	1.446110e+01	
365	3.582800e-03	1.446108e+01	1.499999e+01	1.446110e+01	
366	3.592800e-03	1.446108e+01	1.499999e+01	1.446111e+01	
367	3.602800e-03	1.446108e+01	1.499999e+01	1.446111e+01	
368	3.612800e-03	1.446108e+01	1.499999e+01	1.446111e+01	
369	3.622800e-03	1.446109e+01	1.499999e+01	1.446111e+01	
370	3.632800e-03	1.446109e+01	1.499999e+01	1.446111e+01	
371	3.642800e-03	1.446109e+01	1.499999e+01	1.446111e+01	
372	3.652800e-03	1.446109e+01	1.499999e+01	1.446111e+01	
373	3.662800e-03	1.446109e+01	1.499999e+01	1.446112e+01	
374	3.672800e-03	1.446109e+01	1.499999e+01	1.446112e+01	
375	3.682800e-03	1.446109e+01	1.499999e+01	1.446112e+01	
376	3.692800e-03	1.446109e+01	1.499999e+01	1.446112e+01	
377	3.702800e-03	1.446109e+01	1.499999e+01	1.446112e+01	
378	3.712800e-03	1.446109e+01	1.499999e+01	1.446112e+01	
379	3.722800e-03	1.446109e+01	1.499999e+01	1.446112e+01	
380	3.732800e-03	1.446110e+01	1.499999e+01	1.446112e+01	
381	3.742800e-03	1.446110e+01	1.499999e+01	1.446112e+01	
382	3.752800e-03	1.446110e+01	1.499999e+01	1.446112e+01	
383	3.762800e-03	1.446109e+01	1.499999e+01	1.446112e+01	
384	3.772800e-03	1.446109e+01	1.499999e+01	1.446112e+01	
385	3.782800e-03	1.446109e+01	1.499999e+01	1.446112e+01	
386	3.792800e-03	1.446109e+01	1.499999e+01	1.446112e+01	
387	3.802800e-03	1.446109e+01	1.499999e+01	1.446112e+01	
388	3.812800e-03	1.446109e+01	1.499999e+01	1.446112e+01	
389	3.822800e-03	1.446109e+01	1.499999e+01	1.446112e+01	
390	3.832800e-03	1.446109e+01	1.499999e+01	1.446111e+01	
391	3.842800e-03	1.446109e+01	1.499999e+01	1.446111e+01	
392	3.852800e-03	1.446109e+01	1.499999e+01	1.446111e+01	
393	3.862800e-03	1.446109e+01	1.499999e+01	1.446111e+01	
394	3.872800e-03	1.446108e+01	1.499999e+01	1.446111e+01	
395	3.882800e-03	1.446108e+01	1.499999e+01	1.446111e+01	
396	3.892800e-03	1.446108e+01	1.499999e+01	1.446111e+01	
397	3.902800e-03	1.446108e+01	1.499999e+01	1.446110e+01	
398	3.912800e-03	1.446108e+01	1.499999e+01	1.446110e+01	
399	3.922800e-03	1.446108e+01	1.499999e+01	1.446110e+01	
400	3.932800e-03	1.446107e+01	1.499999e+01	1.446110e+01	
401	3.942800e-03	1.446107e+01	1.499999e+01	1.446110e+01	
402	3.952800e-03	1.446107e+01	1.499999e+01	1.446109e+01	

Index   time            q.x1.q2#collCX  q.x1.q3#collCX  q.x1.q4#collCX  
--------------------------------------------------------------------------------
403	3.962800e-03	1.446107e+01	1.499999e+01	1.446109e+01	
404	3.972800e-03	1.446106e+01	1.499999e+01	1.446109e+01	
405	3.982800e-03	1.446106e+01	1.499999e+01	1.446109e+01	
406	3.992800e-03	1.446106e+01	1.499999e+01	1.446108e+01	
407	4.002800e-03	1.446106e+01	1.499999e+01	1.446108e+01	
408	4.012800e-03	1.446106e+01	1.499999e+01	1.446108e+01	
409	4.022800e-03	1.446105e+01	1.499999e+01	1.446108e+01	
410	4.032800e-03	1.446105e+01	1.499999e+01	1.446108e+01	
411	4.042800e-03	1.446105e+01	1.499999e+01	1.446107e+01	
412	4.052800e-03	1.446105e+01	1.499999e+01	1.446107e+01	
413	4.062800e-03	1.446104e+01	1.499999e+01	1.446107e+01	
414	4.072800e-03	1.446104e+01	1.499999e+01	1.446107e+01	
415	4.082800e-03	1.446104e+01	1.499999e+01	1.446107e+01	
416	4.092800e-03	1.446104e+01	1.499999e+01	1.446106e+01	
417	4.102800e-03	1.446104e+01	1.499999e+01	1.446106e+01	
418	4.112800e-03	1.446104e+01	1.499999e+01	1.446106e+01	
419	4.122800e-03	1.446103e+01	1.499999e+01	1.446106e+01	
420	4.132800e-03	1.446103e+01	1.499999e+01	1.446106e+01	
421	4.142800e-03	1.446103e+01	1.499999e+01	1.446106e+01	
422	4.152800e-03	1.446103e+01	1.499999e+01	1.446105e+01	
423	4.162800e-03	1.446103e+01	1.499999e+01	1.446105e+01	
424	4.172800e-03	1.446103e+01	1.499999e+01	1.446105e+01	
425	4.182800e-03	1.446103e+01	1.499999e+01	1.446105e+01	
426	4.192800e-03	1.446103e+01	1.499999e+01	1.446105e+01	
427	4.202800e-03	1.446103e+01	1.499999e+01	1.446105e+01	
428	4.212800e-03	1.446102e+01	1.499999e+01	1.446105e+01	
429	4.222800e-03	1.446102e+01	1.499999e+01	1.446105e+01	
430	4.232800e-03	1.446102e+01	1.499999e+01	1.446105e+01	
431	4.242800e-03	1.446102e+01	1.499999e+01	1.446105e+01	
432	4.252800e-03	1.446102e+01	1.499999e+01	1.446105e+01	
433	4.262800e-03	1.446102e+01	1.499999e+01	1.446105e+01	
434	4.272800e-03	1.446102e+01	1.499999e+01	1.446105e+01	
435	4.282800e-03	1.446103e+01	1.499999e+01	1.446105e+01	
436	4.292800e-03	1.446103e+01	1.499999e+01	1.446105e+01	
437	4.302800e-03	1.446103e+01	1.499999e+01	1.446105e+01	
438	4.312800e-03	1.446103e+01	1.499999e+01	1.446105e+01	
439	4.322800e-03	1.446103e+01	1.499999e+01	1.446105e+01	
440	4.332800e-03	1.446103e+01	1.499999e+01	1.446105e+01	
441	4.342800e-03	1.446103e+01	1.499999e+01	1.446106e+01	
442	4.352800e-03	1.446103e+01	1.499999e+01	1.446106e+01	
443	4.362800e-03	1.446103e+01	1.499999e+01	1.446106e+01	
444	4.372800e-03	1.446104e+01	1.499999e+01	1.446106e+01	
445	4.382800e-03	1.446104e+01	1.499999e+01	1.446106e+01	
446	4.392800e-03	1.446104e+01	1.499999e+01	1.446106e+01	
447	4.402800e-03	1.446104e+01	1.499999e+01	1.446107e+01	
448	4.412800e-03	1.446104e+01	1.499999e+01	1.446107e+01	
449	4.422800e-03	1.446104e+01	1.499999e+01	1.446107e+01	
450	4.432800e-03	1.446105e+01	1.499999e+01	1.446107e+01	
451	4.442800e-03	1.446105e+01	1.499999e+01	1.446107e+01	
452	4.452800e-03	1.446105e+01	1.499999e+01	1.446108e+01	
453	4.462800e-03	1.446105e+01	1.499999e+01	1.446108e+01	
454	4.472800e-03	1.446105e+01	1.499999e+01	1.446108e+01	
455	4.482800e-03	1.446106e+01	1.499999e+01	1.446108e+01	
456	4.492800e-03	1.446106e+01	1.499999e+01	1.446108e+01	
457	4.502800e-03	1.446106e+01	1.499999e+01	1.446109e+01	
458	4.512800e-03	1.446106e+01	1.499999e+01	1.446109e+01	
459	4.522800e-03	1.446107e+01	1.499999e+01	1.446109e+01	
460	4.532800e-03	1.446107e+01	1.499999e+01	1.446109e+01	

Index   time            q.x1.q2#collCX  q.x1.q3#collCX  q.x1.q4#collCX  
--------------------------------------------------------------------------------
461	4.542800e-03	1.446107e+01	1.499999e+01	1.446110e+01	
462	4.552800e-03	1.446107e+01	1.499999e+01	1.446110e+01	
463	4.562800e-03	1.446107e+01	1.499999e+01	1.446110e+01	
464	4.572800e-03	1.446108e+01	1.499999e+01	1.446110e+01	
465	4.582800e-03	1.446108e+01	1.499999e+01	1.446110e+01	
466	4.592800e-03	1.446108e+01	1.499999e+01	1.446111e+01	
467	4.602800e-03	1.446108e+01	1.499999e+01	1.446111e+01	
468	4.612800e-03	1.446108e+01	1.499999e+01	1.446111e+01	
469	4.622800e-03	1.446109e+01	1.499999e+01	1.446111e+01	
470	4.632800e-03	1.446109e+01	1.499999e+01	1.446111e+01	
471	4.642800e-03	1.446109e+01	1.499999e+01	1.446111e+01	
472	4.652800e-03	1.446109e+01	1.499999e+01	1.446111e+01	
473	4.662800e-03	1.446109e+01	1.499999e+01	1.446112e+01	
474	4.672800e-03	1.446109e+01	1.499999e+01	1.446112e+01	
475	4.682800e-03	1.446109e+01	1.499999e+01	1.446112e+01	
476	4.692800e-03	1.446109e+01	1.499999e+01	1.446112e+01	
477	4.702800e-03	1.446109e+01	1.499999e+01	1.446112e+01	
478	4.712800e-03	1.446109e+01	1.499999e+01	1.446112e+01	
479	4.722800e-03	1.446109e+01	1.499999e+01	1.446112e+01	
480	4.732800e-03	1.446110e+01	1.499999e+01	1.446112e+01	
481	4.742800e-03	1.446110e+01	1.499999e+01	1.446112e+01	
482	4.752800e-03	1.446110e+01	1.499999e+01	1.446112e+01	
483	4.762800e-03	1.446109e+01	1.499999e+01	1.446112e+01	
484	4.772800e-03	1.446109e+01	1.499999e+01	1.446112e+01	
485	4.782800e-03	1.446109e+01	1.499999e+01	1.446112e+01	
486	4.792800e-03	1.446109e+01	1.499999e+01	1.446112e+01	
487	4.802800e-03	1.446109e+01	1.499999e+01	1.446112e+01	
488	4.812800e-03	1.446109e+01	1.499999e+01	1.446112e+01	
489	4.822800e-03	1.446109e+01	1.499999e+01	1.446112e+01	
490	4.832800e-03	1.446109e+01	1.499999e+01	1.446111e+01	
491	4.842800e-03	1.446109e+01	1.499999e+01	1.446111e+01	
492	4.852800e-03	1.446109e+01	1.499999e+01	1.446111e+01	
493	4.862800e-03	1.446109e+01	1.499999e+01	1.446111e+01	
494	4.872800e-03	1.446108e+01	1.499999e+01	1.446111e+01	
495	4.882800e-03	1.446108e+01	1.499999e+01	1.446111e+01	
496	4.892800e-03	1.446108e+01	1.499999e+01	1.446111e+01	
497	4.902800e-03	1.446108e+01	1.499999e+01	1.446110e+01	
498	4.912800e-03	1.446108e+01	1.499999e+01	1.446110e+01	
499	4.922800e-03	1.446108e+01	1.499999e+01	1.446110e+01	
500	4.932800e-03	1.446107e+01	1.499999e+01	1.446110e+01	
501	4.942800e-03	1.446107e+01	1.499999e+01	1.446110e+01	
502	4.952800e-03	1.446107e+01	1.499999e+01	1.446109e+01	
503	4.962800e-03	1.446107e+01	1.499999e+01	1.446109e+01	
504	4.972800e-03	1.446106e+01	1.499999e+01	1.446109e+01	
505	4.982800e-03	1.446106e+01	1.499999e+01	1.446109e+01	
506	4.992800e-03	1.446106e+01	1.499999e+01	1.446108e+01	
507	5.000000e-03	1.446106e+01	1.499999e+01	1.446108e+01	

                                kicad schematic
                                Transient Analysis  Tue Oct 21 20:02:38  2025
--------------------------------------------------------------------------------
Index   time            q.x1.q5#collCX  q.x1.q6#collCX  q.x1.q7#collCX  
--------------------------------------------------------------------------------
0	0.000000e+00	-1.37803e+01	-1.39498e+01	-1.39498e+01	
1	1.000000e-07	-1.37803e+01	-1.39497e+01	-1.39498e+01	
2	2.000000e-07	-1.37803e+01	-1.39497e+01	-1.39497e+01	
3	4.000000e-07	-1.37803e+01	-1.39497e+01	-1.39497e+01	
4	8.000000e-07	-1.37803e+01	-1.39496e+01	-1.39496e+01	
5	1.600000e-06	-1.37803e+01	-1.39495e+01	-1.39495e+01	
6	3.200000e-06	-1.37803e+01	-1.39494e+01	-1.39494e+01	
7	6.400000e-06	-1.37804e+01	-1.39493e+01	-1.39494e+01	
8	1.280000e-05	-1.37804e+01	-1.39493e+01	-1.39494e+01	
9	2.280000e-05	-1.37805e+01	-1.39493e+01	-1.39494e+01	
10	3.280000e-05	-1.37806e+01	-1.39493e+01	-1.39494e+01	
11	4.280000e-05	-1.37808e+01	-1.39493e+01	-1.39494e+01	
12	5.280000e-05	-1.37809e+01	-1.39493e+01	-1.39494e+01	
13	6.280000e-05	-1.37810e+01	-1.39493e+01	-1.39494e+01	
14	7.280000e-05	-1.37810e+01	-1.39494e+01	-1.39494e+01	
15	8.280000e-05	-1.37811e+01	-1.39494e+01	-1.39494e+01	
16	9.280000e-05	-1.37812e+01	-1.39494e+01	-1.39494e+01	
17	1.028000e-04	-1.37813e+01	-1.39494e+01	-1.39494e+01	
18	1.128000e-04	-1.37814e+01	-1.39494e+01	-1.39494e+01	
19	1.228000e-04	-1.37815e+01	-1.39494e+01	-1.39494e+01	
20	1.328000e-04	-1.37815e+01	-1.39494e+01	-1.39494e+01	
21	1.428000e-04	-1.37816e+01	-1.39494e+01	-1.39495e+01	
22	1.528000e-04	-1.37817e+01	-1.39495e+01	-1.39495e+01	
23	1.628000e-04	-1.37817e+01	-1.39495e+01	-1.39495e+01	
24	1.728000e-04	-1.37818e+01	-1.39495e+01	-1.39495e+01	
25	1.828000e-04	-1.37818e+01	-1.39495e+01	-1.39495e+01	
26	1.928000e-04	-1.37819e+01	-1.39496e+01	-1.39496e+01	
27	2.028000e-04	-1.37819e+01	-1.39496e+01	-1.39496e+01	
28	2.128000e-04	-1.37819e+01	-1.39496e+01	-1.39496e+01	
29	2.228000e-04	-1.37820e+01	-1.39496e+01	-1.39496e+01	
30	2.328000e-04	-1.37820e+01	-1.39497e+01	-1.39497e+01	
31	2.428000e-04	-1.37820e+01	-1.39497e+01	-1.39497e+01	
32	2.528000e-04	-1.37820e+01	-1.39497e+01	-1.39497e+01	
33	2.628000e-04	-1.37820e+01	-1.39497e+01	-1.39498e+01	
34	2.728000e-04	-1.37820e+01	-1.39498e+01	-1.39498e+01	
35	2.828000e-04	-1.37819e+01	-1.39498e+01	-1.39498e+01	
36	2.928000e-04	-1.37819e+01	-1.39498e+01	-1.39498e+01	
37	3.028000e-04	-1.37819e+01	-1.39498e+01	-1.39499e+01	
38	3.128000e-04	-1.37818e+01	-1.39499e+01	-1.39499e+01	
39	3.228000e-04	-1.37818e+01	-1.39499e+01	-1.39499e+01	
40	3.328000e-04	-1.37818e+01	-1.39499e+01	-1.39499e+01	
41	3.428000e-04	-1.37817e+01	-1.39499e+01	-1.39500e+01	
42	3.528000e-04	-1.37816e+01	-1.39500e+01	-1.39500e+01	
43	3.628000e-04	-1.37816e+01	-1.39500e+01	-1.39500e+01	
44	3.728000e-04	-1.37815e+01	-1.39500e+01	-1.39500e+01	
45	3.828000e-04	-1.37814e+01	-1.39500e+01	-1.39501e+01	
46	3.928000e-04	-1.37813e+01	-1.39501e+01	-1.39501e+01	
47	4.028000e-04	-1.37813e+01	-1.39501e+01	-1.39501e+01	
48	4.128000e-04	-1.37812e+01	-1.39501e+01	-1.39501e+01	
49	4.228000e-04	-1.37811e+01	-1.39501e+01	-1.39501e+01	
50	4.328000e-04	-1.37810e+01	-1.39501e+01	-1.39501e+01	
51	4.428000e-04	-1.37809e+01	-1.39501e+01	-1.39502e+01	
52	4.528000e-04	-1.37808e+01	-1.39502e+01	-1.39502e+01	
53	4.628000e-04	-1.37807e+01	-1.39502e+01	-1.39502e+01	
54	4.728000e-04	-1.37806e+01	-1.39502e+01	-1.39502e+01	

Index   time            q.x1.q5#collCX  q.x1.q6#collCX  q.x1.q7#collCX  
--------------------------------------------------------------------------------
55	4.828000e-04	-1.37805e+01	-1.39502e+01	-1.39502e+01	
56	4.928000e-04	-1.37804e+01	-1.39502e+01	-1.39502e+01	
57	5.028000e-04	-1.37803e+01	-1.39502e+01	-1.39502e+01	
58	5.128000e-04	-1.37802e+01	-1.39502e+01	-1.39502e+01	
59	5.228000e-04	-1.37801e+01	-1.39502e+01	-1.39502e+01	
60	5.328000e-04	-1.37799e+01	-1.39502e+01	-1.39502e+01	
61	5.428000e-04	-1.37798e+01	-1.39502e+01	-1.39502e+01	
62	5.528000e-04	-1.37797e+01	-1.39502e+01	-1.39502e+01	
63	5.628000e-04	-1.37796e+01	-1.39502e+01	-1.39502e+01	
64	5.728000e-04	-1.37795e+01	-1.39502e+01	-1.39502e+01	
65	5.828000e-04	-1.37795e+01	-1.39502e+01	-1.39502e+01	
66	5.928000e-04	-1.37794e+01	-1.39502e+01	-1.39502e+01	
67	6.028000e-04	-1.37793e+01	-1.39502e+01	-1.39502e+01	
68	6.128000e-04	-1.37792e+01	-1.39501e+01	-1.39502e+01	
69	6.228000e-04	-1.37791e+01	-1.39501e+01	-1.39501e+01	
70	6.328000e-04	-1.37790e+01	-1.39501e+01	-1.39501e+01	
71	6.428000e-04	-1.37790e+01	-1.39501e+01	-1.39501e+01	
72	6.528000e-04	-1.37789e+01	-1.39501e+01	-1.39501e+01	
73	6.628000e-04	-1.37788e+01	-1.39501e+01	-1.39501e+01	
74	6.728000e-04	-1.37788e+01	-1.39500e+01	-1.39500e+01	
75	6.828000e-04	-1.37788e+01	-1.39500e+01	-1.39500e+01	
76	6.928000e-04	-1.37787e+01	-1.39500e+01	-1.39500e+01	
77	7.028000e-04	-1.37787e+01	-1.39500e+01	-1.39500e+01	
78	7.128000e-04	-1.37786e+01	-1.39499e+01	-1.39500e+01	
79	7.228000e-04	-1.37786e+01	-1.39499e+01	-1.39499e+01	
80	7.328000e-04	-1.37786e+01	-1.39499e+01	-1.39499e+01	
81	7.428000e-04	-1.37786e+01	-1.39499e+01	-1.39499e+01	
82	7.528000e-04	-1.37786e+01	-1.39498e+01	-1.39498e+01	
83	7.628000e-04	-1.37786e+01	-1.39498e+01	-1.39498e+01	
84	7.728000e-04	-1.37786e+01	-1.39498e+01	-1.39498e+01	
85	7.828000e-04	-1.37786e+01	-1.39497e+01	-1.39498e+01	
86	7.928000e-04	-1.37787e+01	-1.39497e+01	-1.39497e+01	
87	8.028000e-04	-1.37787e+01	-1.39497e+01	-1.39497e+01	
88	8.128000e-04	-1.37787e+01	-1.39497e+01	-1.39497e+01	
89	8.228000e-04	-1.37788e+01	-1.39496e+01	-1.39497e+01	
90	8.328000e-04	-1.37788e+01	-1.39496e+01	-1.39496e+01	
91	8.428000e-04	-1.37789e+01	-1.39496e+01	-1.39496e+01	
92	8.528000e-04	-1.37789e+01	-1.39496e+01	-1.39496e+01	
93	8.628000e-04	-1.37790e+01	-1.39495e+01	-1.39496e+01	
94	8.728000e-04	-1.37791e+01	-1.39495e+01	-1.39495e+01	
95	8.828000e-04	-1.37792e+01	-1.39495e+01	-1.39495e+01	
96	8.928000e-04	-1.37792e+01	-1.39495e+01	-1.39495e+01	
97	9.028000e-04	-1.37793e+01	-1.39495e+01	-1.39495e+01	
98	9.128000e-04	-1.37794e+01	-1.39494e+01	-1.39495e+01	
99	9.228000e-04	-1.37795e+01	-1.39494e+01	-1.39494e+01	
100	9.328000e-04	-1.37796e+01	-1.39494e+01	-1.39494e+01	
101	9.428000e-04	-1.37797e+01	-1.39494e+01	-1.39494e+01	
102	9.528000e-04	-1.37798e+01	-1.39494e+01	-1.39494e+01	
103	9.628000e-04	-1.37799e+01	-1.39494e+01	-1.39494e+01	
104	9.728000e-04	-1.37800e+01	-1.39494e+01	-1.39494e+01	
105	9.828000e-04	-1.37801e+01	-1.39494e+01	-1.39494e+01	
106	9.928000e-04	-1.37802e+01	-1.39493e+01	-1.39494e+01	
107	1.002800e-03	-1.37803e+01	-1.39493e+01	-1.39494e+01	
108	1.012800e-03	-1.37804e+01	-1.39493e+01	-1.39494e+01	
109	1.022800e-03	-1.37805e+01	-1.39493e+01	-1.39494e+01	
110	1.032800e-03	-1.37806e+01	-1.39493e+01	-1.39494e+01	
111	1.042800e-03	-1.37808e+01	-1.39493e+01	-1.39494e+01	
112	1.052800e-03	-1.37809e+01	-1.39493e+01	-1.39494e+01	

Index   time            q.x1.q5#collCX  q.x1.q6#collCX  q.x1.q7#collCX  
--------------------------------------------------------------------------------
113	1.062800e-03	-1.37810e+01	-1.39493e+01	-1.39494e+01	
114	1.072800e-03	-1.37810e+01	-1.39494e+01	-1.39494e+01	
115	1.082800e-03	-1.37811e+01	-1.39494e+01	-1.39494e+01	
116	1.092800e-03	-1.37812e+01	-1.39494e+01	-1.39494e+01	
117	1.102800e-03	-1.37813e+01	-1.39494e+01	-1.39494e+01	
118	1.112800e-03	-1.37814e+01	-1.39494e+01	-1.39494e+01	
119	1.122800e-03	-1.37815e+01	-1.39494e+01	-1.39494e+01	
120	1.132800e-03	-1.37815e+01	-1.39494e+01	-1.39494e+01	
121	1.142800e-03	-1.37816e+01	-1.39494e+01	-1.39495e+01	
122	1.152800e-03	-1.37817e+01	-1.39495e+01	-1.39495e+01	
123	1.162800e-03	-1.37817e+01	-1.39495e+01	-1.39495e+01	
124	1.172800e-03	-1.37818e+01	-1.39495e+01	-1.39495e+01	
125	1.182800e-03	-1.37818e+01	-1.39495e+01	-1.39495e+01	
126	1.192800e-03	-1.37819e+01	-1.39496e+01	-1.39496e+01	
127	1.202800e-03	-1.37819e+01	-1.39496e+01	-1.39496e+01	
128	1.212800e-03	-1.37819e+01	-1.39496e+01	-1.39496e+01	
129	1.222800e-03	-1.37820e+01	-1.39496e+01	-1.39496e+01	
130	1.232800e-03	-1.37820e+01	-1.39497e+01	-1.39497e+01	
131	1.242800e-03	-1.37820e+01	-1.39497e+01	-1.39497e+01	
132	1.252800e-03	-1.37820e+01	-1.39497e+01	-1.39497e+01	
133	1.262800e-03	-1.37820e+01	-1.39497e+01	-1.39498e+01	
134	1.272800e-03	-1.37820e+01	-1.39498e+01	-1.39498e+01	
135	1.282800e-03	-1.37819e+01	-1.39498e+01	-1.39498e+01	
136	1.292800e-03	-1.37819e+01	-1.39498e+01	-1.39498e+01	
137	1.302800e-03	-1.37819e+01	-1.39498e+01	-1.39499e+01	
138	1.312800e-03	-1.37818e+01	-1.39499e+01	-1.39499e+01	
139	1.322800e-03	-1.37818e+01	-1.39499e+01	-1.39499e+01	
140	1.332800e-03	-1.37818e+01	-1.39499e+01	-1.39499e+01	
141	1.342800e-03	-1.37817e+01	-1.39499e+01	-1.39500e+01	
142	1.352800e-03	-1.37816e+01	-1.39500e+01	-1.39500e+01	
143	1.362800e-03	-1.37816e+01	-1.39500e+01	-1.39500e+01	
144	1.372800e-03	-1.37815e+01	-1.39500e+01	-1.39500e+01	
145	1.382800e-03	-1.37814e+01	-1.39500e+01	-1.39501e+01	
146	1.392800e-03	-1.37813e+01	-1.39501e+01	-1.39501e+01	
147	1.402800e-03	-1.37813e+01	-1.39501e+01	-1.39501e+01	
148	1.412800e-03	-1.37812e+01	-1.39501e+01	-1.39501e+01	
149	1.422800e-03	-1.37811e+01	-1.39501e+01	-1.39501e+01	
150	1.432800e-03	-1.37810e+01	-1.39501e+01	-1.39501e+01	
151	1.442800e-03	-1.37809e+01	-1.39501e+01	-1.39502e+01	
152	1.452800e-03	-1.37808e+01	-1.39502e+01	-1.39502e+01	
153	1.462800e-03	-1.37807e+01	-1.39502e+01	-1.39502e+01	
154	1.472800e-03	-1.37806e+01	-1.39502e+01	-1.39502e+01	
155	1.482800e-03	-1.37805e+01	-1.39502e+01	-1.39502e+01	
156	1.492800e-03	-1.37804e+01	-1.39502e+01	-1.39502e+01	
157	1.502800e-03	-1.37803e+01	-1.39502e+01	-1.39502e+01	
158	1.512800e-03	-1.37802e+01	-1.39502e+01	-1.39502e+01	
159	1.522800e-03	-1.37801e+01	-1.39502e+01	-1.39502e+01	
160	1.532800e-03	-1.37799e+01	-1.39502e+01	-1.39502e+01	
161	1.542800e-03	-1.37798e+01	-1.39502e+01	-1.39502e+01	
162	1.552800e-03	-1.37797e+01	-1.39502e+01	-1.39502e+01	
163	1.562800e-03	-1.37796e+01	-1.39502e+01	-1.39502e+01	
164	1.572800e-03	-1.37795e+01	-1.39502e+01	-1.39502e+01	
165	1.582800e-03	-1.37795e+01	-1.39502e+01	-1.39502e+01	
166	1.592800e-03	-1.37794e+01	-1.39502e+01	-1.39502e+01	
167	1.602800e-03	-1.37793e+01	-1.39502e+01	-1.39502e+01	
168	1.612800e-03	-1.37792e+01	-1.39501e+01	-1.39502e+01	
169	1.622800e-03	-1.37791e+01	-1.39501e+01	-1.39501e+01	
170	1.632800e-03	-1.37790e+01	-1.39501e+01	-1.39501e+01	

Index   time            q.x1.q5#collCX  q.x1.q6#collCX  q.x1.q7#collCX  
--------------------------------------------------------------------------------
171	1.642800e-03	-1.37790e+01	-1.39501e+01	-1.39501e+01	
172	1.652800e-03	-1.37789e+01	-1.39501e+01	-1.39501e+01	
173	1.662800e-03	-1.37788e+01	-1.39501e+01	-1.39501e+01	
174	1.672800e-03	-1.37788e+01	-1.39500e+01	-1.39500e+01	
175	1.682800e-03	-1.37788e+01	-1.39500e+01	-1.39500e+01	
176	1.692800e-03	-1.37787e+01	-1.39500e+01	-1.39500e+01	
177	1.702800e-03	-1.37787e+01	-1.39500e+01	-1.39500e+01	
178	1.712800e-03	-1.37786e+01	-1.39499e+01	-1.39500e+01	
179	1.722800e-03	-1.37786e+01	-1.39499e+01	-1.39499e+01	
180	1.732800e-03	-1.37786e+01	-1.39499e+01	-1.39499e+01	
181	1.742800e-03	-1.37786e+01	-1.39499e+01	-1.39499e+01	
182	1.752800e-03	-1.37786e+01	-1.39498e+01	-1.39498e+01	
183	1.762800e-03	-1.37786e+01	-1.39498e+01	-1.39498e+01	
184	1.772800e-03	-1.37786e+01	-1.39498e+01	-1.39498e+01	
185	1.782800e-03	-1.37786e+01	-1.39497e+01	-1.39498e+01	
186	1.792800e-03	-1.37787e+01	-1.39497e+01	-1.39497e+01	
187	1.802800e-03	-1.37787e+01	-1.39497e+01	-1.39497e+01	
188	1.812800e-03	-1.37787e+01	-1.39497e+01	-1.39497e+01	
189	1.822800e-03	-1.37788e+01	-1.39496e+01	-1.39497e+01	
190	1.832800e-03	-1.37788e+01	-1.39496e+01	-1.39496e+01	
191	1.842800e-03	-1.37789e+01	-1.39496e+01	-1.39496e+01	
192	1.852800e-03	-1.37789e+01	-1.39496e+01	-1.39496e+01	
193	1.862800e-03	-1.37790e+01	-1.39495e+01	-1.39496e+01	
194	1.872800e-03	-1.37791e+01	-1.39495e+01	-1.39495e+01	
195	1.882800e-03	-1.37792e+01	-1.39495e+01	-1.39495e+01	
196	1.892800e-03	-1.37792e+01	-1.39495e+01	-1.39495e+01	
197	1.902800e-03	-1.37793e+01	-1.39495e+01	-1.39495e+01	
198	1.912800e-03	-1.37794e+01	-1.39494e+01	-1.39495e+01	
199	1.922800e-03	-1.37795e+01	-1.39494e+01	-1.39494e+01	
200	1.932800e-03	-1.37796e+01	-1.39494e+01	-1.39494e+01	
201	1.942800e-03	-1.37797e+01	-1.39494e+01	-1.39494e+01	
202	1.952800e-03	-1.37798e+01	-1.39494e+01	-1.39494e+01	
203	1.962800e-03	-1.37799e+01	-1.39494e+01	-1.39494e+01	
204	1.972800e-03	-1.37800e+01	-1.39494e+01	-1.39494e+01	
205	1.982800e-03	-1.37801e+01	-1.39494e+01	-1.39494e+01	
206	1.992800e-03	-1.37802e+01	-1.39493e+01	-1.39494e+01	
207	2.002800e-03	-1.37803e+01	-1.39493e+01	-1.39494e+01	
208	2.012800e-03	-1.37804e+01	-1.39493e+01	-1.39494e+01	
209	2.022800e-03	-1.37805e+01	-1.39493e+01	-1.39494e+01	
210	2.032800e-03	-1.37806e+01	-1.39493e+01	-1.39494e+01	
211	2.042800e-03	-1.37808e+01	-1.39493e+01	-1.39494e+01	
212	2.052800e-03	-1.37809e+01	-1.39493e+01	-1.39494e+01	
213	2.062800e-03	-1.37810e+01	-1.39493e+01	-1.39494e+01	
214	2.072800e-03	-1.37810e+01	-1.39494e+01	-1.39494e+01	
215	2.082800e-03	-1.37811e+01	-1.39494e+01	-1.39494e+01	
216	2.092800e-03	-1.37812e+01	-1.39494e+01	-1.39494e+01	
217	2.102800e-03	-1.37813e+01	-1.39494e+01	-1.39494e+01	
218	2.112800e-03	-1.37814e+01	-1.39494e+01	-1.39494e+01	
219	2.122800e-03	-1.37815e+01	-1.39494e+01	-1.39494e+01	
220	2.132800e-03	-1.37815e+01	-1.39494e+01	-1.39494e+01	
221	2.142800e-03	-1.37816e+01	-1.39494e+01	-1.39495e+01	
222	2.152800e-03	-1.37817e+01	-1.39495e+01	-1.39495e+01	
223	2.162800e-03	-1.37817e+01	-1.39495e+01	-1.39495e+01	
224	2.172800e-03	-1.37818e+01	-1.39495e+01	-1.39495e+01	
225	2.182800e-03	-1.37818e+01	-1.39495e+01	-1.39495e+01	
226	2.192800e-03	-1.37819e+01	-1.39496e+01	-1.39496e+01	
227	2.202800e-03	-1.37819e+01	-1.39496e+01	-1.39496e+01	
228	2.212800e-03	-1.37819e+01	-1.39496e+01	-1.39496e+01	

Index   time            q.x1.q5#collCX  q.x1.q6#collCX  q.x1.q7#collCX  
--------------------------------------------------------------------------------
229	2.222800e-03	-1.37820e+01	-1.39496e+01	-1.39496e+01	
230	2.232800e-03	-1.37820e+01	-1.39497e+01	-1.39497e+01	
231	2.242800e-03	-1.37820e+01	-1.39497e+01	-1.39497e+01	
232	2.252800e-03	-1.37820e+01	-1.39497e+01	-1.39497e+01	
233	2.262800e-03	-1.37820e+01	-1.39497e+01	-1.39498e+01	
234	2.272800e-03	-1.37820e+01	-1.39498e+01	-1.39498e+01	
235	2.282800e-03	-1.37819e+01	-1.39498e+01	-1.39498e+01	
236	2.292800e-03	-1.37819e+01	-1.39498e+01	-1.39498e+01	
237	2.302800e-03	-1.37819e+01	-1.39498e+01	-1.39499e+01	
238	2.312800e-03	-1.37818e+01	-1.39499e+01	-1.39499e+01	
239	2.322800e-03	-1.37818e+01	-1.39499e+01	-1.39499e+01	
240	2.332800e-03	-1.37818e+01	-1.39499e+01	-1.39499e+01	
241	2.342800e-03	-1.37817e+01	-1.39499e+01	-1.39500e+01	
242	2.352800e-03	-1.37816e+01	-1.39500e+01	-1.39500e+01	
243	2.362800e-03	-1.37816e+01	-1.39500e+01	-1.39500e+01	
244	2.372800e-03	-1.37815e+01	-1.39500e+01	-1.39500e+01	
245	2.382800e-03	-1.37814e+01	-1.39500e+01	-1.39501e+01	
246	2.392800e-03	-1.37813e+01	-1.39501e+01	-1.39501e+01	
247	2.402800e-03	-1.37813e+01	-1.39501e+01	-1.39501e+01	
248	2.412800e-03	-1.37812e+01	-1.39501e+01	-1.39501e+01	
249	2.422800e-03	-1.37811e+01	-1.39501e+01	-1.39501e+01	
250	2.432800e-03	-1.37810e+01	-1.39501e+01	-1.39501e+01	
251	2.442800e-03	-1.37809e+01	-1.39501e+01	-1.39502e+01	
252	2.452800e-03	-1.37808e+01	-1.39502e+01	-1.39502e+01	
253	2.462800e-03	-1.37807e+01	-1.39502e+01	-1.39502e+01	
254	2.472800e-03	-1.37806e+01	-1.39502e+01	-1.39502e+01	
255	2.482800e-03	-1.37805e+01	-1.39502e+01	-1.39502e+01	
256	2.492800e-03	-1.37804e+01	-1.39502e+01	-1.39502e+01	
257	2.502800e-03	-1.37803e+01	-1.39502e+01	-1.39502e+01	
258	2.512800e-03	-1.37802e+01	-1.39502e+01	-1.39502e+01	
259	2.522800e-03	-1.37801e+01	-1.39502e+01	-1.39502e+01	
260	2.532800e-03	-1.37799e+01	-1.39502e+01	-1.39502e+01	
261	2.542800e-03	-1.37798e+01	-1.39502e+01	-1.39502e+01	
262	2.552800e-03	-1.37797e+01	-1.39502e+01	-1.39502e+01	
263	2.562800e-03	-1.37796e+01	-1.39502e+01	-1.39502e+01	
264	2.572800e-03	-1.37795e+01	-1.39502e+01	-1.39502e+01	
265	2.582800e-03	-1.37795e+01	-1.39502e+01	-1.39502e+01	
266	2.592800e-03	-1.37794e+01	-1.39502e+01	-1.39502e+01	
267	2.602800e-03	-1.37793e+01	-1.39502e+01	-1.39502e+01	
268	2.612800e-03	-1.37792e+01	-1.39501e+01	-1.39502e+01	
269	2.622800e-03	-1.37791e+01	-1.39501e+01	-1.39501e+01	
270	2.632800e-03	-1.37790e+01	-1.39501e+01	-1.39501e+01	
271	2.642800e-03	-1.37790e+01	-1.39501e+01	-1.39501e+01	
272	2.652800e-03	-1.37789e+01	-1.39501e+01	-1.39501e+01	
273	2.662800e-03	-1.37788e+01	-1.39501e+01	-1.39501e+01	
274	2.672800e-03	-1.37788e+01	-1.39500e+01	-1.39500e+01	
275	2.682800e-03	-1.37788e+01	-1.39500e+01	-1.39500e+01	
276	2.692800e-03	-1.37787e+01	-1.39500e+01	-1.39500e+01	
277	2.702800e-03	-1.37787e+01	-1.39500e+01	-1.39500e+01	
278	2.712800e-03	-1.37786e+01	-1.39499e+01	-1.39500e+01	
279	2.722800e-03	-1.37786e+01	-1.39499e+01	-1.39499e+01	
280	2.732800e-03	-1.37786e+01	-1.39499e+01	-1.39499e+01	
281	2.742800e-03	-1.37786e+01	-1.39499e+01	-1.39499e+01	
282	2.752800e-03	-1.37786e+01	-1.39498e+01	-1.39498e+01	
283	2.762800e-03	-1.37786e+01	-1.39498e+01	-1.39498e+01	
284	2.772800e-03	-1.37786e+01	-1.39498e+01	-1.39498e+01	
285	2.782800e-03	-1.37786e+01	-1.39497e+01	-1.39498e+01	
286	2.792800e-03	-1.37787e+01	-1.39497e+01	-1.39497e+01	

Index   time            q.x1.q5#collCX  q.x1.q6#collCX  q.x1.q7#collCX  
--------------------------------------------------------------------------------
287	2.802800e-03	-1.37787e+01	-1.39497e+01	-1.39497e+01	
288	2.812800e-03	-1.37787e+01	-1.39497e+01	-1.39497e+01	
289	2.822800e-03	-1.37788e+01	-1.39496e+01	-1.39497e+01	
290	2.832800e-03	-1.37788e+01	-1.39496e+01	-1.39496e+01	
291	2.842800e-03	-1.37789e+01	-1.39496e+01	-1.39496e+01	
292	2.852800e-03	-1.37789e+01	-1.39496e+01	-1.39496e+01	
293	2.862800e-03	-1.37790e+01	-1.39495e+01	-1.39496e+01	
294	2.872800e-03	-1.37791e+01	-1.39495e+01	-1.39495e+01	
295	2.882800e-03	-1.37792e+01	-1.39495e+01	-1.39495e+01	
296	2.892800e-03	-1.37792e+01	-1.39495e+01	-1.39495e+01	
297	2.902800e-03	-1.37793e+01	-1.39495e+01	-1.39495e+01	
298	2.912800e-03	-1.37794e+01	-1.39494e+01	-1.39495e+01	
299	2.922800e-03	-1.37795e+01	-1.39494e+01	-1.39494e+01	
300	2.932800e-03	-1.37796e+01	-1.39494e+01	-1.39494e+01	
301	2.942800e-03	-1.37797e+01	-1.39494e+01	-1.39494e+01	
302	2.952800e-03	-1.37798e+01	-1.39494e+01	-1.39494e+01	
303	2.962800e-03	-1.37799e+01	-1.39494e+01	-1.39494e+01	
304	2.972800e-03	-1.37800e+01	-1.39494e+01	-1.39494e+01	
305	2.982800e-03	-1.37801e+01	-1.39494e+01	-1.39494e+01	
306	2.992800e-03	-1.37802e+01	-1.39493e+01	-1.39494e+01	
307	3.002800e-03	-1.37803e+01	-1.39493e+01	-1.39494e+01	
308	3.012800e-03	-1.37804e+01	-1.39493e+01	-1.39494e+01	
309	3.022800e-03	-1.37805e+01	-1.39493e+01	-1.39494e+01	
310	3.032800e-03	-1.37806e+01	-1.39493e+01	-1.39494e+01	
311	3.042800e-03	-1.37808e+01	-1.39493e+01	-1.39494e+01	
312	3.052800e-03	-1.37809e+01	-1.39493e+01	-1.39494e+01	
313	3.062800e-03	-1.37810e+01	-1.39493e+01	-1.39494e+01	
314	3.072800e-03	-1.37810e+01	-1.39494e+01	-1.39494e+01	
315	3.082800e-03	-1.37811e+01	-1.39494e+01	-1.39494e+01	
316	3.092800e-03	-1.37812e+01	-1.39494e+01	-1.39494e+01	
317	3.102800e-03	-1.37813e+01	-1.39494e+01	-1.39494e+01	
318	3.112800e-03	-1.37814e+01	-1.39494e+01	-1.39494e+01	
319	3.122800e-03	-1.37815e+01	-1.39494e+01	-1.39494e+01	
320	3.132800e-03	-1.37815e+01	-1.39494e+01	-1.39494e+01	
321	3.142800e-03	-1.37816e+01	-1.39494e+01	-1.39495e+01	
322	3.152800e-03	-1.37817e+01	-1.39495e+01	-1.39495e+01	
323	3.162800e-03	-1.37817e+01	-1.39495e+01	-1.39495e+01	
324	3.172800e-03	-1.37818e+01	-1.39495e+01	-1.39495e+01	
325	3.182800e-03	-1.37818e+01	-1.39495e+01	-1.39495e+01	
326	3.192800e-03	-1.37819e+01	-1.39496e+01	-1.39496e+01	
327	3.202800e-03	-1.37819e+01	-1.39496e+01	-1.39496e+01	
328	3.212800e-03	-1.37819e+01	-1.39496e+01	-1.39496e+01	
329	3.222800e-03	-1.37820e+01	-1.39496e+01	-1.39496e+01	
330	3.232800e-03	-1.37820e+01	-1.39497e+01	-1.39497e+01	
331	3.242800e-03	-1.37820e+01	-1.39497e+01	-1.39497e+01	
332	3.252800e-03	-1.37820e+01	-1.39497e+01	-1.39497e+01	
333	3.262800e-03	-1.37820e+01	-1.39497e+01	-1.39498e+01	
334	3.272800e-03	-1.37820e+01	-1.39498e+01	-1.39498e+01	
335	3.282800e-03	-1.37819e+01	-1.39498e+01	-1.39498e+01	
336	3.292800e-03	-1.37819e+01	-1.39498e+01	-1.39498e+01	
337	3.302800e-03	-1.37819e+01	-1.39498e+01	-1.39499e+01	
338	3.312800e-03	-1.37818e+01	-1.39499e+01	-1.39499e+01	
339	3.322800e-03	-1.37818e+01	-1.39499e+01	-1.39499e+01	
340	3.332800e-03	-1.37818e+01	-1.39499e+01	-1.39499e+01	
341	3.342800e-03	-1.37817e+01	-1.39499e+01	-1.39500e+01	
342	3.352800e-03	-1.37816e+01	-1.39500e+01	-1.39500e+01	
343	3.362800e-03	-1.37816e+01	-1.39500e+01	-1.39500e+01	
344	3.372800e-03	-1.37815e+01	-1.39500e+01	-1.39500e+01	

Index   time            q.x1.q5#collCX  q.x1.q6#collCX  q.x1.q7#collCX  
--------------------------------------------------------------------------------
345	3.382800e-03	-1.37814e+01	-1.39500e+01	-1.39501e+01	
346	3.392800e-03	-1.37813e+01	-1.39501e+01	-1.39501e+01	
347	3.402800e-03	-1.37813e+01	-1.39501e+01	-1.39501e+01	
348	3.412800e-03	-1.37812e+01	-1.39501e+01	-1.39501e+01	
349	3.422800e-03	-1.37811e+01	-1.39501e+01	-1.39501e+01	
350	3.432800e-03	-1.37810e+01	-1.39501e+01	-1.39501e+01	
351	3.442800e-03	-1.37809e+01	-1.39501e+01	-1.39502e+01	
352	3.452800e-03	-1.37808e+01	-1.39502e+01	-1.39502e+01	
353	3.462800e-03	-1.37807e+01	-1.39502e+01	-1.39502e+01	
354	3.472800e-03	-1.37806e+01	-1.39502e+01	-1.39502e+01	
355	3.482800e-03	-1.37805e+01	-1.39502e+01	-1.39502e+01	
356	3.492800e-03	-1.37804e+01	-1.39502e+01	-1.39502e+01	
357	3.502800e-03	-1.37803e+01	-1.39502e+01	-1.39502e+01	
358	3.512800e-03	-1.37802e+01	-1.39502e+01	-1.39502e+01	
359	3.522800e-03	-1.37801e+01	-1.39502e+01	-1.39502e+01	
360	3.532800e-03	-1.37799e+01	-1.39502e+01	-1.39502e+01	
361	3.542800e-03	-1.37798e+01	-1.39502e+01	-1.39502e+01	
362	3.552800e-03	-1.37797e+01	-1.39502e+01	-1.39502e+01	
363	3.562800e-03	-1.37796e+01	-1.39502e+01	-1.39502e+01	
364	3.572800e-03	-1.37795e+01	-1.39502e+01	-1.39502e+01	
365	3.582800e-03	-1.37795e+01	-1.39502e+01	-1.39502e+01	
366	3.592800e-03	-1.37794e+01	-1.39502e+01	-1.39502e+01	
367	3.602800e-03	-1.37793e+01	-1.39502e+01	-1.39502e+01	
368	3.612800e-03	-1.37792e+01	-1.39501e+01	-1.39502e+01	
369	3.622800e-03	-1.37791e+01	-1.39501e+01	-1.39501e+01	
370	3.632800e-03	-1.37790e+01	-1.39501e+01	-1.39501e+01	
371	3.642800e-03	-1.37790e+01	-1.39501e+01	-1.39501e+01	
372	3.652800e-03	-1.37789e+01	-1.39501e+01	-1.39501e+01	
373	3.662800e-03	-1.37788e+01	-1.39501e+01	-1.39501e+01	
374	3.672800e-03	-1.37788e+01	-1.39500e+01	-1.39500e+01	
375	3.682800e-03	-1.37788e+01	-1.39500e+01	-1.39500e+01	
376	3.692800e-03	-1.37787e+01	-1.39500e+01	-1.39500e+01	
377	3.702800e-03	-1.37787e+01	-1.39500e+01	-1.39500e+01	
378	3.712800e-03	-1.37786e+01	-1.39499e+01	-1.39500e+01	
379	3.722800e-03	-1.37786e+01	-1.39499e+01	-1.39499e+01	
380	3.732800e-03	-1.37786e+01	-1.39499e+01	-1.39499e+01	
381	3.742800e-03	-1.37786e+01	-1.39499e+01	-1.39499e+01	
382	3.752800e-03	-1.37786e+01	-1.39498e+01	-1.39498e+01	
383	3.762800e-03	-1.37786e+01	-1.39498e+01	-1.39498e+01	
384	3.772800e-03	-1.37786e+01	-1.39498e+01	-1.39498e+01	
385	3.782800e-03	-1.37786e+01	-1.39497e+01	-1.39498e+01	
386	3.792800e-03	-1.37787e+01	-1.39497e+01	-1.39497e+01	
387	3.802800e-03	-1.37787e+01	-1.39497e+01	-1.39497e+01	
388	3.812800e-03	-1.37787e+01	-1.39497e+01	-1.39497e+01	
389	3.822800e-03	-1.37788e+01	-1.39496e+01	-1.39497e+01	
390	3.832800e-03	-1.37788e+01	-1.39496e+01	-1.39496e+01	
391	3.842800e-03	-1.37789e+01	-1.39496e+01	-1.39496e+01	
392	3.852800e-03	-1.37789e+01	-1.39496e+01	-1.39496e+01	
393	3.862800e-03	-1.37790e+01	-1.39495e+01	-1.39496e+01	
394	3.872800e-03	-1.37791e+01	-1.39495e+01	-1.39495e+01	
395	3.882800e-03	-1.37792e+01	-1.39495e+01	-1.39495e+01	
396	3.892800e-03	-1.37792e+01	-1.39495e+01	-1.39495e+01	
397	3.902800e-03	-1.37793e+01	-1.39495e+01	-1.39495e+01	
398	3.912800e-03	-1.37794e+01	-1.39494e+01	-1.39495e+01	
399	3.922800e-03	-1.37795e+01	-1.39494e+01	-1.39494e+01	
400	3.932800e-03	-1.37796e+01	-1.39494e+01	-1.39494e+01	
401	3.942800e-03	-1.37797e+01	-1.39494e+01	-1.39494e+01	
402	3.952800e-03	-1.37798e+01	-1.39494e+01	-1.39494e+01	

Index   time            q.x1.q5#collCX  q.x1.q6#collCX  q.x1.q7#collCX  
--------------------------------------------------------------------------------
403	3.962800e-03	-1.37799e+01	-1.39494e+01	-1.39494e+01	
404	3.972800e-03	-1.37800e+01	-1.39494e+01	-1.39494e+01	
405	3.982800e-03	-1.37801e+01	-1.39494e+01	-1.39494e+01	
406	3.992800e-03	-1.37802e+01	-1.39493e+01	-1.39494e+01	
407	4.002800e-03	-1.37803e+01	-1.39493e+01	-1.39494e+01	
408	4.012800e-03	-1.37804e+01	-1.39493e+01	-1.39494e+01	
409	4.022800e-03	-1.37805e+01	-1.39493e+01	-1.39494e+01	
410	4.032800e-03	-1.37806e+01	-1.39493e+01	-1.39494e+01	
411	4.042800e-03	-1.37808e+01	-1.39493e+01	-1.39494e+01	
412	4.052800e-03	-1.37809e+01	-1.39493e+01	-1.39494e+01	
413	4.062800e-03	-1.37810e+01	-1.39493e+01	-1.39494e+01	
414	4.072800e-03	-1.37810e+01	-1.39494e+01	-1.39494e+01	
415	4.082800e-03	-1.37811e+01	-1.39494e+01	-1.39494e+01	
416	4.092800e-03	-1.37812e+01	-1.39494e+01	-1.39494e+01	
417	4.102800e-03	-1.37813e+01	-1.39494e+01	-1.39494e+01	
418	4.112800e-03	-1.37814e+01	-1.39494e+01	-1.39494e+01	
419	4.122800e-03	-1.37815e+01	-1.39494e+01	-1.39494e+01	
420	4.132800e-03	-1.37815e+01	-1.39494e+01	-1.39494e+01	
421	4.142800e-03	-1.37816e+01	-1.39494e+01	-1.39495e+01	
422	4.152800e-03	-1.37817e+01	-1.39495e+01	-1.39495e+01	
423	4.162800e-03	-1.37817e+01	-1.39495e+01	-1.39495e+01	
424	4.172800e-03	-1.37818e+01	-1.39495e+01	-1.39495e+01	
425	4.182800e-03	-1.37818e+01	-1.39495e+01	-1.39495e+01	
426	4.192800e-03	-1.37819e+01	-1.39496e+01	-1.39496e+01	
427	4.202800e-03	-1.37819e+01	-1.39496e+01	-1.39496e+01	
428	4.212800e-03	-1.37819e+01	-1.39496e+01	-1.39496e+01	
429	4.222800e-03	-1.37820e+01	-1.39496e+01	-1.39496e+01	
430	4.232800e-03	-1.37820e+01	-1.39497e+01	-1.39497e+01	
431	4.242800e-03	-1.37820e+01	-1.39497e+01	-1.39497e+01	
432	4.252800e-03	-1.37820e+01	-1.39497e+01	-1.39497e+01	
433	4.262800e-03	-1.37820e+01	-1.39497e+01	-1.39498e+01	
434	4.272800e-03	-1.37820e+01	-1.39498e+01	-1.39498e+01	
435	4.282800e-03	-1.37819e+01	-1.39498e+01	-1.39498e+01	
436	4.292800e-03	-1.37819e+01	-1.39498e+01	-1.39498e+01	
437	4.302800e-03	-1.37819e+01	-1.39498e+01	-1.39499e+01	
438	4.312800e-03	-1.37818e+01	-1.39499e+01	-1.39499e+01	
439	4.322800e-03	-1.37818e+01	-1.39499e+01	-1.39499e+01	
440	4.332800e-03	-1.37818e+01	-1.39499e+01	-1.39499e+01	
441	4.342800e-03	-1.37817e+01	-1.39499e+01	-1.39500e+01	
442	4.352800e-03	-1.37816e+01	-1.39500e+01	-1.39500e+01	
443	4.362800e-03	-1.37816e+01	-1.39500e+01	-1.39500e+01	
444	4.372800e-03	-1.37815e+01	-1.39500e+01	-1.39500e+01	
445	4.382800e-03	-1.37814e+01	-1.39500e+01	-1.39501e+01	
446	4.392800e-03	-1.37813e+01	-1.39501e+01	-1.39501e+01	
447	4.402800e-03	-1.37813e+01	-1.39501e+01	-1.39501e+01	
448	4.412800e-03	-1.37812e+01	-1.39501e+01	-1.39501e+01	
449	4.422800e-03	-1.37811e+01	-1.39501e+01	-1.39501e+01	
450	4.432800e-03	-1.37810e+01	-1.39501e+01	-1.39501e+01	
451	4.442800e-03	-1.37809e+01	-1.39501e+01	-1.39502e+01	
452	4.452800e-03	-1.37808e+01	-1.39502e+01	-1.39502e+01	
453	4.462800e-03	-1.37807e+01	-1.39502e+01	-1.39502e+01	
454	4.472800e-03	-1.37806e+01	-1.39502e+01	-1.39502e+01	
455	4.482800e-03	-1.37805e+01	-1.39502e+01	-1.39502e+01	
456	4.492800e-03	-1.37804e+01	-1.39502e+01	-1.39502e+01	
457	4.502800e-03	-1.37803e+01	-1.39502e+01	-1.39502e+01	
458	4.512800e-03	-1.37802e+01	-1.39502e+01	-1.39502e+01	
459	4.522800e-03	-1.37801e+01	-1.39502e+01	-1.39502e+01	
460	4.532800e-03	-1.37799e+01	-1.39502e+01	-1.39502e+01	

Index   time            q.x1.q5#collCX  q.x1.q6#collCX  q.x1.q7#collCX  
--------------------------------------------------------------------------------
461	4.542800e-03	-1.37798e+01	-1.39502e+01	-1.39502e+01	
462	4.552800e-03	-1.37797e+01	-1.39502e+01	-1.39502e+01	
463	4.562800e-03	-1.37796e+01	-1.39502e+01	-1.39502e+01	
464	4.572800e-03	-1.37795e+01	-1.39502e+01	-1.39502e+01	
465	4.582800e-03	-1.37795e+01	-1.39502e+01	-1.39502e+01	
466	4.592800e-03	-1.37794e+01	-1.39502e+01	-1.39502e+01	
467	4.602800e-03	-1.37793e+01	-1.39502e+01	-1.39502e+01	
468	4.612800e-03	-1.37792e+01	-1.39501e+01	-1.39502e+01	
469	4.622800e-03	-1.37791e+01	-1.39501e+01	-1.39501e+01	
470	4.632800e-03	-1.37790e+01	-1.39501e+01	-1.39501e+01	
471	4.642800e-03	-1.37790e+01	-1.39501e+01	-1.39501e+01	
472	4.652800e-03	-1.37789e+01	-1.39501e+01	-1.39501e+01	
473	4.662800e-03	-1.37788e+01	-1.39501e+01	-1.39501e+01	
474	4.672800e-03	-1.37788e+01	-1.39500e+01	-1.39500e+01	
475	4.682800e-03	-1.37788e+01	-1.39500e+01	-1.39500e+01	
476	4.692800e-03	-1.37787e+01	-1.39500e+01	-1.39500e+01	
477	4.702800e-03	-1.37787e+01	-1.39500e+01	-1.39500e+01	
478	4.712800e-03	-1.37786e+01	-1.39499e+01	-1.39500e+01	
479	4.722800e-03	-1.37786e+01	-1.39499e+01	-1.39499e+01	
480	4.732800e-03	-1.37786e+01	-1.39499e+01	-1.39499e+01	
481	4.742800e-03	-1.37786e+01	-1.39499e+01	-1.39499e+01	
482	4.752800e-03	-1.37786e+01	-1.39498e+01	-1.39498e+01	
483	4.762800e-03	-1.37786e+01	-1.39498e+01	-1.39498e+01	
484	4.772800e-03	-1.37786e+01	-1.39498e+01	-1.39498e+01	
485	4.782800e-03	-1.37786e+01	-1.39497e+01	-1.39498e+01	
486	4.792800e-03	-1.37787e+01	-1.39497e+01	-1.39497e+01	
487	4.802800e-03	-1.37787e+01	-1.39497e+01	-1.39497e+01	
488	4.812800e-03	-1.37787e+01	-1.39497e+01	-1.39497e+01	
489	4.822800e-03	-1.37788e+01	-1.39496e+01	-1.39497e+01	
490	4.832800e-03	-1.37788e+01	-1.39496e+01	-1.39496e+01	
491	4.842800e-03	-1.37789e+01	-1.39496e+01	-1.39496e+01	
492	4.852800e-03	-1.37789e+01	-1.39496e+01	-1.39496e+01	
493	4.862800e-03	-1.37790e+01	-1.39495e+01	-1.39496e+01	
494	4.872800e-03	-1.37791e+01	-1.39495e+01	-1.39495e+01	
495	4.882800e-03	-1.37792e+01	-1.39495e+01	-1.39495e+01	
496	4.892800e-03	-1.37792e+01	-1.39495e+01	-1.39495e+01	
497	4.902800e-03	-1.37793e+01	-1.39495e+01	-1.39495e+01	
498	4.912800e-03	-1.37794e+01	-1.39494e+01	-1.39495e+01	
499	4.922800e-03	-1.37795e+01	-1.39494e+01	-1.39494e+01	
500	4.932800e-03	-1.37796e+01	-1.39494e+01	-1.39494e+01	
501	4.942800e-03	-1.37797e+01	-1.39494e+01	-1.39494e+01	
502	4.952800e-03	-1.37798e+01	-1.39494e+01	-1.39494e+01	
503	4.962800e-03	-1.37799e+01	-1.39494e+01	-1.39494e+01	
504	4.972800e-03	-1.37800e+01	-1.39494e+01	-1.39494e+01	
505	4.982800e-03	-1.37801e+01	-1.39494e+01	-1.39494e+01	
506	4.992800e-03	-1.37802e+01	-1.39493e+01	-1.39494e+01	
507	5.000000e-03	-1.37803e+01	-1.39493e+01	-1.39494e+01	

                                kicad schematic
                                Transient Analysis  Tue Oct 21 20:02:38  2025
--------------------------------------------------------------------------------
Index   time            q.x1.q8#collCX  q.x1.q9#collCX  q.x1.q10#collCX 
--------------------------------------------------------------------------------
0	0.000000e+00	-1.37803e+01	-1.03652e+00	1.435757e+01	
1	1.000000e-07	-1.37803e+01	-1.03649e+00	1.435757e+01	
2	2.000000e-07	-1.37803e+01	-1.03645e+00	1.435757e+01	
3	4.000000e-07	-1.37803e+01	-1.03638e+00	1.435757e+01	
4	8.000000e-07	-1.37803e+01	-1.03622e+00	1.435757e+01	
5	1.600000e-06	-1.37803e+01	-1.03586e+00	1.435757e+01	
6	3.200000e-06	-1.37804e+01	-1.03500e+00	1.435757e+01	
7	6.400000e-06	-1.37804e+01	-1.03308e+00	1.435757e+01	
8	1.280000e-05	-1.37805e+01	-1.02908e+00	1.435757e+01	
9	2.280000e-05	-1.37806e+01	-1.02284e+00	1.435757e+01	
10	3.280000e-05	-1.37807e+01	-1.01665e+00	1.435757e+01	
11	4.280000e-05	-1.37808e+01	-1.01054e+00	1.435757e+01	
12	5.280000e-05	-1.37809e+01	-1.00454e+00	1.435757e+01	
13	6.280000e-05	-1.37810e+01	-9.98657e-01	1.435757e+01	
14	7.280000e-05	-1.37811e+01	-9.92927e-01	1.435757e+01	
15	8.280000e-05	-1.37812e+01	-9.87368e-01	1.435757e+01	
16	9.280000e-05	-1.37812e+01	-9.82003e-01	1.435757e+01	
17	1.028000e-04	-1.37813e+01	-9.76854e-01	1.435757e+01	
18	1.128000e-04	-1.37814e+01	-9.71940e-01	1.435757e+01	
19	1.228000e-04	-1.37815e+01	-9.67281e-01	1.435757e+01	
20	1.328000e-04	-1.37816e+01	-9.62895e-01	1.435757e+01	
21	1.428000e-04	-1.37816e+01	-9.58799e-01	1.435757e+01	
22	1.528000e-04	-1.37817e+01	-9.55011e-01	1.435757e+01	
23	1.628000e-04	-1.37818e+01	-9.51544e-01	1.435757e+01	
24	1.728000e-04	-1.37818e+01	-9.48412e-01	1.435757e+01	
25	1.828000e-04	-1.37819e+01	-9.45628e-01	1.435757e+01	
26	1.928000e-04	-1.37819e+01	-9.43203e-01	1.435757e+01	
27	2.028000e-04	-1.37819e+01	-9.41146e-01	1.435757e+01	
28	2.128000e-04	-1.37820e+01	-9.39465e-01	1.435757e+01	
29	2.228000e-04	-1.37820e+01	-9.38168e-01	1.435757e+01	
30	2.328000e-04	-1.37820e+01	-9.37258e-01	1.435757e+01	
31	2.428000e-04	-1.37820e+01	-9.36740e-01	1.435757e+01	
32	2.528000e-04	-1.37820e+01	-9.36616e-01	1.435757e+01	
33	2.628000e-04	-1.37820e+01	-9.36886e-01	1.435757e+01	
34	2.728000e-04	-1.37820e+01	-9.37550e-01	1.435757e+01	
35	2.828000e-04	-1.37820e+01	-9.38604e-01	1.435757e+01	
36	2.928000e-04	-1.37819e+01	-9.40044e-01	1.435757e+01	
37	3.028000e-04	-1.37819e+01	-9.41865e-01	1.435757e+01	
38	3.128000e-04	-1.37819e+01	-9.44059e-01	1.435757e+01	
39	3.228000e-04	-1.37818e+01	-9.46619e-01	1.435757e+01	
40	3.328000e-04	-1.37818e+01	-9.49533e-01	1.435757e+01	
41	3.428000e-04	-1.37817e+01	-9.52790e-01	1.435757e+01	
42	3.528000e-04	-1.37817e+01	-9.56378e-01	1.435757e+01	
43	3.628000e-04	-1.37816e+01	-9.60282e-01	1.435757e+01	
44	3.728000e-04	-1.37815e+01	-9.64487e-01	1.435757e+01	
45	3.828000e-04	-1.37814e+01	-9.68976e-01	1.435757e+01	
46	3.928000e-04	-1.37814e+01	-9.73732e-01	1.435757e+01	
47	4.028000e-04	-1.37813e+01	-9.78735e-01	1.435757e+01	
48	4.128000e-04	-1.37812e+01	-9.83967e-01	1.435757e+01	
49	4.228000e-04	-1.37811e+01	-9.89406e-01	1.435757e+01	
50	4.328000e-04	-1.37810e+01	-9.95031e-01	1.435757e+01	
51	4.428000e-04	-1.37809e+01	-1.00082e+00	1.435757e+01	
52	4.528000e-04	-1.37808e+01	-1.00675e+00	1.435757e+01	
53	4.628000e-04	-1.37807e+01	-1.01280e+00	1.435757e+01	
54	4.728000e-04	-1.37806e+01	-1.01894e+00	1.435757e+01	

Index   time            q.x1.q8#collCX  q.x1.q9#collCX  q.x1.q10#collCX 
--------------------------------------------------------------------------------
55	4.828000e-04	-1.37805e+01	-1.02515e+00	1.435757e+01	
56	4.928000e-04	-1.37804e+01	-1.03140e+00	1.435757e+01	
57	5.028000e-04	-1.37803e+01	-1.03768e+00	1.435757e+01	
58	5.128000e-04	-1.37802e+01	-1.04395e+00	1.435757e+01	
59	5.228000e-04	-1.37801e+01	-1.05019e+00	1.435757e+01	
60	5.328000e-04	-1.37800e+01	-1.05637e+00	1.435757e+01	
61	5.428000e-04	-1.37799e+01	-1.06248e+00	1.435757e+01	
62	5.528000e-04	-1.37798e+01	-1.06849e+00	1.435757e+01	
63	5.628000e-04	-1.37797e+01	-1.07437e+00	1.435757e+01	
64	5.728000e-04	-1.37796e+01	-1.08010e+00	1.435757e+01	
65	5.828000e-04	-1.37795e+01	-1.08566e+00	1.435757e+01	
66	5.928000e-04	-1.37794e+01	-1.09102e+00	1.435757e+01	
67	6.028000e-04	-1.37793e+01	-1.09617e+00	1.435757e+01	
68	6.128000e-04	-1.37792e+01	-1.10109e+00	1.435757e+01	
69	6.228000e-04	-1.37791e+01	-1.10575e+00	1.435757e+01	
70	6.328000e-04	-1.37791e+01	-1.11014e+00	1.435757e+01	
71	6.428000e-04	-1.37790e+01	-1.11423e+00	1.435757e+01	
72	6.528000e-04	-1.37789e+01	-1.11802e+00	1.435757e+01	
73	6.628000e-04	-1.37789e+01	-1.12149e+00	1.435757e+01	
74	6.728000e-04	-1.37788e+01	-1.12462e+00	1.435757e+01	
75	6.828000e-04	-1.37788e+01	-1.12740e+00	1.435757e+01	
76	6.928000e-04	-1.37787e+01	-1.12983e+00	1.435757e+01	
77	7.028000e-04	-1.37787e+01	-1.13189e+00	1.435757e+01	
78	7.128000e-04	-1.37787e+01	-1.13357e+00	1.435757e+01	
79	7.228000e-04	-1.37786e+01	-1.13487e+00	1.435757e+01	
80	7.328000e-04	-1.37786e+01	-1.13578e+00	1.435757e+01	
81	7.428000e-04	-1.37786e+01	-1.13629e+00	1.435757e+01	
82	7.528000e-04	-1.37786e+01	-1.13642e+00	1.435757e+01	
83	7.628000e-04	-1.37786e+01	-1.13615e+00	1.435757e+01	
84	7.728000e-04	-1.37786e+01	-1.13548e+00	1.435757e+01	
85	7.828000e-04	-1.37787e+01	-1.13443e+00	1.435757e+01	
86	7.928000e-04	-1.37787e+01	-1.13299e+00	1.435757e+01	
87	8.028000e-04	-1.37787e+01	-1.13117e+00	1.435757e+01	
88	8.128000e-04	-1.37788e+01	-1.12897e+00	1.435757e+01	
89	8.228000e-04	-1.37788e+01	-1.12641e+00	1.435757e+01	
90	8.328000e-04	-1.37788e+01	-1.12350e+00	1.435757e+01	
91	8.428000e-04	-1.37789e+01	-1.12024e+00	1.435757e+01	
92	8.528000e-04	-1.37790e+01	-1.11665e+00	1.435757e+01	
93	8.628000e-04	-1.37790e+01	-1.11275e+00	1.435757e+01	
94	8.728000e-04	-1.37791e+01	-1.10854e+00	1.435757e+01	
95	8.828000e-04	-1.37792e+01	-1.10405e+00	1.435757e+01	
96	8.928000e-04	-1.37793e+01	-1.09930e+00	1.435757e+01	
97	9.028000e-04	-1.37793e+01	-1.09429e+00	1.435757e+01	
98	9.128000e-04	-1.37794e+01	-1.08906e+00	1.435757e+01	
99	9.228000e-04	-1.37795e+01	-1.08362e+00	1.435757e+01	
100	9.328000e-04	-1.37796e+01	-1.07800e+00	1.435757e+01	
101	9.428000e-04	-1.37797e+01	-1.07221e+00	1.435757e+01	
102	9.528000e-04	-1.37798e+01	-1.06628e+00	1.435757e+01	
103	9.628000e-04	-1.37799e+01	-1.06023e+00	1.435757e+01	
104	9.728000e-04	-1.37800e+01	-1.05409e+00	1.435757e+01	
105	9.828000e-04	-1.37801e+01	-1.04788e+00	1.435757e+01	
106	9.928000e-04	-1.37802e+01	-1.04163e+00	1.435757e+01	
107	1.002800e-03	-1.37803e+01	-1.03535e+00	1.435757e+01	
108	1.012800e-03	-1.37805e+01	-1.02908e+00	1.435757e+01	
109	1.022800e-03	-1.37806e+01	-1.02284e+00	1.435757e+01	
110	1.032800e-03	-1.37807e+01	-1.01665e+00	1.435757e+01	
111	1.042800e-03	-1.37808e+01	-1.01054e+00	1.435757e+01	
112	1.052800e-03	-1.37809e+01	-1.00454e+00	1.435757e+01	

Index   time            q.x1.q8#collCX  q.x1.q9#collCX  q.x1.q10#collCX 
--------------------------------------------------------------------------------
113	1.062800e-03	-1.37810e+01	-9.98657e-01	1.435757e+01	
114	1.072800e-03	-1.37811e+01	-9.92927e-01	1.435757e+01	
115	1.082800e-03	-1.37812e+01	-9.87368e-01	1.435757e+01	
116	1.092800e-03	-1.37812e+01	-9.82003e-01	1.435757e+01	
117	1.102800e-03	-1.37813e+01	-9.76854e-01	1.435757e+01	
118	1.112800e-03	-1.37814e+01	-9.71940e-01	1.435757e+01	
119	1.122800e-03	-1.37815e+01	-9.67281e-01	1.435757e+01	
120	1.132800e-03	-1.37816e+01	-9.62895e-01	1.435757e+01	
121	1.142800e-03	-1.37816e+01	-9.58799e-01	1.435757e+01	
122	1.152800e-03	-1.37817e+01	-9.55011e-01	1.435757e+01	
123	1.162800e-03	-1.37818e+01	-9.51544e-01	1.435757e+01	
124	1.172800e-03	-1.37818e+01	-9.48412e-01	1.435757e+01	
125	1.182800e-03	-1.37819e+01	-9.45628e-01	1.435757e+01	
126	1.192800e-03	-1.37819e+01	-9.43203e-01	1.435757e+01	
127	1.202800e-03	-1.37819e+01	-9.41146e-01	1.435757e+01	
128	1.212800e-03	-1.37820e+01	-9.39465e-01	1.435757e+01	
129	1.222800e-03	-1.37820e+01	-9.38168e-01	1.435757e+01	
130	1.232800e-03	-1.37820e+01	-9.37258e-01	1.435757e+01	
131	1.242800e-03	-1.37820e+01	-9.36740e-01	1.435757e+01	
132	1.252800e-03	-1.37820e+01	-9.36616e-01	1.435757e+01	
133	1.262800e-03	-1.37820e+01	-9.36886e-01	1.435757e+01	
134	1.272800e-03	-1.37820e+01	-9.37550e-01	1.435757e+01	
135	1.282800e-03	-1.37820e+01	-9.38604e-01	1.435757e+01	
136	1.292800e-03	-1.37819e+01	-9.40044e-01	1.435757e+01	
137	1.302800e-03	-1.37819e+01	-9.41865e-01	1.435757e+01	
138	1.312800e-03	-1.37819e+01	-9.44059e-01	1.435757e+01	
139	1.322800e-03	-1.37818e+01	-9.46619e-01	1.435757e+01	
140	1.332800e-03	-1.37818e+01	-9.49533e-01	1.435757e+01	
141	1.342800e-03	-1.37817e+01	-9.52790e-01	1.435757e+01	
142	1.352800e-03	-1.37817e+01	-9.56378e-01	1.435757e+01	
143	1.362800e-03	-1.37816e+01	-9.60282e-01	1.435757e+01	
144	1.372800e-03	-1.37815e+01	-9.64487e-01	1.435757e+01	
145	1.382800e-03	-1.37814e+01	-9.68976e-01	1.435757e+01	
146	1.392800e-03	-1.37814e+01	-9.73732e-01	1.435757e+01	
147	1.402800e-03	-1.37813e+01	-9.78735e-01	1.435757e+01	
148	1.412800e-03	-1.37812e+01	-9.83967e-01	1.435757e+01	
149	1.422800e-03	-1.37811e+01	-9.89406e-01	1.435757e+01	
150	1.432800e-03	-1.37810e+01	-9.95031e-01	1.435757e+01	
151	1.442800e-03	-1.37809e+01	-1.00082e+00	1.435757e+01	
152	1.452800e-03	-1.37808e+01	-1.00675e+00	1.435757e+01	
153	1.462800e-03	-1.37807e+01	-1.01280e+00	1.435757e+01	
154	1.472800e-03	-1.37806e+01	-1.01894e+00	1.435757e+01	
155	1.482800e-03	-1.37805e+01	-1.02515e+00	1.435757e+01	
156	1.492800e-03	-1.37804e+01	-1.03140e+00	1.435757e+01	
157	1.502800e-03	-1.37803e+01	-1.03768e+00	1.435757e+01	
158	1.512800e-03	-1.37802e+01	-1.04395e+00	1.435757e+01	
159	1.522800e-03	-1.37801e+01	-1.05019e+00	1.435757e+01	
160	1.532800e-03	-1.37800e+01	-1.05637e+00	1.435757e+01	
161	1.542800e-03	-1.37799e+01	-1.06248e+00	1.435757e+01	
162	1.552800e-03	-1.37798e+01	-1.06849e+00	1.435757e+01	
163	1.562800e-03	-1.37797e+01	-1.07437e+00	1.435757e+01	
164	1.572800e-03	-1.37796e+01	-1.08010e+00	1.435757e+01	
165	1.582800e-03	-1.37795e+01	-1.08566e+00	1.435757e+01	
166	1.592800e-03	-1.37794e+01	-1.09102e+00	1.435757e+01	
167	1.602800e-03	-1.37793e+01	-1.09617e+00	1.435757e+01	
168	1.612800e-03	-1.37792e+01	-1.10109e+00	1.435757e+01	
169	1.622800e-03	-1.37791e+01	-1.10575e+00	1.435757e+01	
170	1.632800e-03	-1.37791e+01	-1.11014e+00	1.435757e+01	

Index   time            q.x1.q8#collCX  q.x1.q9#collCX  q.x1.q10#collCX 
--------------------------------------------------------------------------------
171	1.642800e-03	-1.37790e+01	-1.11423e+00	1.435757e+01	
172	1.652800e-03	-1.37789e+01	-1.11802e+00	1.435757e+01	
173	1.662800e-03	-1.37789e+01	-1.12149e+00	1.435757e+01	
174	1.672800e-03	-1.37788e+01	-1.12462e+00	1.435757e+01	
175	1.682800e-03	-1.37788e+01	-1.12740e+00	1.435757e+01	
176	1.692800e-03	-1.37787e+01	-1.12983e+00	1.435757e+01	
177	1.702800e-03	-1.37787e+01	-1.13189e+00	1.435757e+01	
178	1.712800e-03	-1.37787e+01	-1.13357e+00	1.435757e+01	
179	1.722800e-03	-1.37786e+01	-1.13487e+00	1.435757e+01	
180	1.732800e-03	-1.37786e+01	-1.13578e+00	1.435757e+01	
181	1.742800e-03	-1.37786e+01	-1.13629e+00	1.435757e+01	
182	1.752800e-03	-1.37786e+01	-1.13642e+00	1.435757e+01	
183	1.762800e-03	-1.37786e+01	-1.13615e+00	1.435757e+01	
184	1.772800e-03	-1.37786e+01	-1.13548e+00	1.435757e+01	
185	1.782800e-03	-1.37787e+01	-1.13443e+00	1.435757e+01	
186	1.792800e-03	-1.37787e+01	-1.13299e+00	1.435757e+01	
187	1.802800e-03	-1.37787e+01	-1.13117e+00	1.435757e+01	
188	1.812800e-03	-1.37788e+01	-1.12897e+00	1.435757e+01	
189	1.822800e-03	-1.37788e+01	-1.12641e+00	1.435757e+01	
190	1.832800e-03	-1.37788e+01	-1.12350e+00	1.435757e+01	
191	1.842800e-03	-1.37789e+01	-1.12024e+00	1.435757e+01	
192	1.852800e-03	-1.37790e+01	-1.11665e+00	1.435757e+01	
193	1.862800e-03	-1.37790e+01	-1.11275e+00	1.435757e+01	
194	1.872800e-03	-1.37791e+01	-1.10854e+00	1.435757e+01	
195	1.882800e-03	-1.37792e+01	-1.10405e+00	1.435757e+01	
196	1.892800e-03	-1.37793e+01	-1.09930e+00	1.435757e+01	
197	1.902800e-03	-1.37793e+01	-1.09429e+00	1.435757e+01	
198	1.912800e-03	-1.37794e+01	-1.08906e+00	1.435757e+01	
199	1.922800e-03	-1.37795e+01	-1.08362e+00	1.435757e+01	
200	1.932800e-03	-1.37796e+01	-1.07800e+00	1.435757e+01	
201	1.942800e-03	-1.37797e+01	-1.07221e+00	1.435757e+01	
202	1.952800e-03	-1.37798e+01	-1.06628e+00	1.435757e+01	
203	1.962800e-03	-1.37799e+01	-1.06023e+00	1.435757e+01	
204	1.972800e-03	-1.37800e+01	-1.05409e+00	1.435757e+01	
205	1.982800e-03	-1.37801e+01	-1.04788e+00	1.435757e+01	
206	1.992800e-03	-1.37802e+01	-1.04163e+00	1.435757e+01	
207	2.002800e-03	-1.37803e+01	-1.03535e+00	1.435757e+01	
208	2.012800e-03	-1.37805e+01	-1.02908e+00	1.435757e+01	
209	2.022800e-03	-1.37806e+01	-1.02284e+00	1.435757e+01	
210	2.032800e-03	-1.37807e+01	-1.01665e+00	1.435757e+01	
211	2.042800e-03	-1.37808e+01	-1.01054e+00	1.435757e+01	
212	2.052800e-03	-1.37809e+01	-1.00454e+00	1.435757e+01	
213	2.062800e-03	-1.37810e+01	-9.98657e-01	1.435757e+01	
214	2.072800e-03	-1.37811e+01	-9.92927e-01	1.435757e+01	
215	2.082800e-03	-1.37812e+01	-9.87368e-01	1.435757e+01	
216	2.092800e-03	-1.37812e+01	-9.82003e-01	1.435757e+01	
217	2.102800e-03	-1.37813e+01	-9.76854e-01	1.435757e+01	
218	2.112800e-03	-1.37814e+01	-9.71940e-01	1.435757e+01	
219	2.122800e-03	-1.37815e+01	-9.67281e-01	1.435757e+01	
220	2.132800e-03	-1.37816e+01	-9.62895e-01	1.435757e+01	
221	2.142800e-03	-1.37816e+01	-9.58799e-01	1.435757e+01	
222	2.152800e-03	-1.37817e+01	-9.55011e-01	1.435757e+01	
223	2.162800e-03	-1.37818e+01	-9.51544e-01	1.435757e+01	
224	2.172800e-03	-1.37818e+01	-9.48412e-01	1.435757e+01	
225	2.182800e-03	-1.37819e+01	-9.45628e-01	1.435757e+01	
226	2.192800e-03	-1.37819e+01	-9.43203e-01	1.435757e+01	
227	2.202800e-03	-1.37819e+01	-9.41146e-01	1.435757e+01	
228	2.212800e-03	-1.37820e+01	-9.39465e-01	1.435757e+01	

Index   time            q.x1.q8#collCX  q.x1.q9#collCX  q.x1.q10#collCX 
--------------------------------------------------------------------------------
229	2.222800e-03	-1.37820e+01	-9.38168e-01	1.435757e+01	
230	2.232800e-03	-1.37820e+01	-9.37258e-01	1.435757e+01	
231	2.242800e-03	-1.37820e+01	-9.36740e-01	1.435757e+01	
232	2.252800e-03	-1.37820e+01	-9.36616e-01	1.435757e+01	
233	2.262800e-03	-1.37820e+01	-9.36886e-01	1.435757e+01	
234	2.272800e-03	-1.37820e+01	-9.37550e-01	1.435757e+01	
235	2.282800e-03	-1.37820e+01	-9.38604e-01	1.435757e+01	
236	2.292800e-03	-1.37819e+01	-9.40044e-01	1.435757e+01	
237	2.302800e-03	-1.37819e+01	-9.41865e-01	1.435757e+01	
238	2.312800e-03	-1.37819e+01	-9.44059e-01	1.435757e+01	
239	2.322800e-03	-1.37818e+01	-9.46619e-01	1.435757e+01	
240	2.332800e-03	-1.37818e+01	-9.49533e-01	1.435757e+01	
241	2.342800e-03	-1.37817e+01	-9.52790e-01	1.435757e+01	
242	2.352800e-03	-1.37817e+01	-9.56378e-01	1.435757e+01	
243	2.362800e-03	-1.37816e+01	-9.60282e-01	1.435757e+01	
244	2.372800e-03	-1.37815e+01	-9.64487e-01	1.435757e+01	
245	2.382800e-03	-1.37814e+01	-9.68976e-01	1.435757e+01	
246	2.392800e-03	-1.37814e+01	-9.73732e-01	1.435757e+01	
247	2.402800e-03	-1.37813e+01	-9.78735e-01	1.435757e+01	
248	2.412800e-03	-1.37812e+01	-9.83967e-01	1.435757e+01	
249	2.422800e-03	-1.37811e+01	-9.89406e-01	1.435757e+01	
250	2.432800e-03	-1.37810e+01	-9.95031e-01	1.435757e+01	
251	2.442800e-03	-1.37809e+01	-1.00082e+00	1.435757e+01	
252	2.452800e-03	-1.37808e+01	-1.00675e+00	1.435757e+01	
253	2.462800e-03	-1.37807e+01	-1.01280e+00	1.435757e+01	
254	2.472800e-03	-1.37806e+01	-1.01894e+00	1.435757e+01	
255	2.482800e-03	-1.37805e+01	-1.02515e+00	1.435757e+01	
256	2.492800e-03	-1.37804e+01	-1.03140e+00	1.435757e+01	
257	2.502800e-03	-1.37803e+01	-1.03768e+00	1.435757e+01	
258	2.512800e-03	-1.37802e+01	-1.04395e+00	1.435757e+01	
259	2.522800e-03	-1.37801e+01	-1.05019e+00	1.435757e+01	
260	2.532800e-03	-1.37800e+01	-1.05637e+00	1.435757e+01	
261	2.542800e-03	-1.37799e+01	-1.06248e+00	1.435757e+01	
262	2.552800e-03	-1.37798e+01	-1.06849e+00	1.435757e+01	
263	2.562800e-03	-1.37797e+01	-1.07437e+00	1.435757e+01	
264	2.572800e-03	-1.37796e+01	-1.08010e+00	1.435757e+01	
265	2.582800e-03	-1.37795e+01	-1.08566e+00	1.435757e+01	
266	2.592800e-03	-1.37794e+01	-1.09102e+00	1.435757e+01	
267	2.602800e-03	-1.37793e+01	-1.09617e+00	1.435757e+01	
268	2.612800e-03	-1.37792e+01	-1.10109e+00	1.435757e+01	
269	2.622800e-03	-1.37791e+01	-1.10575e+00	1.435757e+01	
270	2.632800e-03	-1.37791e+01	-1.11014e+00	1.435757e+01	
271	2.642800e-03	-1.37790e+01	-1.11423e+00	1.435757e+01	
272	2.652800e-03	-1.37789e+01	-1.11802e+00	1.435757e+01	
273	2.662800e-03	-1.37789e+01	-1.12149e+00	1.435757e+01	
274	2.672800e-03	-1.37788e+01	-1.12462e+00	1.435757e+01	
275	2.682800e-03	-1.37788e+01	-1.12740e+00	1.435757e+01	
276	2.692800e-03	-1.37787e+01	-1.12983e+00	1.435757e+01	
277	2.702800e-03	-1.37787e+01	-1.13189e+00	1.435757e+01	
278	2.712800e-03	-1.37787e+01	-1.13357e+00	1.435757e+01	
279	2.722800e-03	-1.37786e+01	-1.13487e+00	1.435757e+01	
280	2.732800e-03	-1.37786e+01	-1.13578e+00	1.435757e+01	
281	2.742800e-03	-1.37786e+01	-1.13629e+00	1.435757e+01	
282	2.752800e-03	-1.37786e+01	-1.13642e+00	1.435757e+01	
283	2.762800e-03	-1.37786e+01	-1.13615e+00	1.435757e+01	
284	2.772800e-03	-1.37786e+01	-1.13548e+00	1.435757e+01	
285	2.782800e-03	-1.37787e+01	-1.13443e+00	1.435757e+01	
286	2.792800e-03	-1.37787e+01	-1.13299e+00	1.435757e+01	

Index   time            q.x1.q8#collCX  q.x1.q9#collCX  q.x1.q10#collCX 
--------------------------------------------------------------------------------
287	2.802800e-03	-1.37787e+01	-1.13117e+00	1.435757e+01	
288	2.812800e-03	-1.37788e+01	-1.12897e+00	1.435757e+01	
289	2.822800e-03	-1.37788e+01	-1.12641e+00	1.435757e+01	
290	2.832800e-03	-1.37788e+01	-1.12350e+00	1.435757e+01	
291	2.842800e-03	-1.37789e+01	-1.12024e+00	1.435757e+01	
292	2.852800e-03	-1.37790e+01	-1.11665e+00	1.435757e+01	
293	2.862800e-03	-1.37790e+01	-1.11275e+00	1.435757e+01	
294	2.872800e-03	-1.37791e+01	-1.10854e+00	1.435757e+01	
295	2.882800e-03	-1.37792e+01	-1.10405e+00	1.435757e+01	
296	2.892800e-03	-1.37793e+01	-1.09930e+00	1.435757e+01	
297	2.902800e-03	-1.37793e+01	-1.09429e+00	1.435757e+01	
298	2.912800e-03	-1.37794e+01	-1.08906e+00	1.435757e+01	
299	2.922800e-03	-1.37795e+01	-1.08362e+00	1.435757e+01	
300	2.932800e-03	-1.37796e+01	-1.07800e+00	1.435757e+01	
301	2.942800e-03	-1.37797e+01	-1.07221e+00	1.435757e+01	
302	2.952800e-03	-1.37798e+01	-1.06628e+00	1.435757e+01	
303	2.962800e-03	-1.37799e+01	-1.06023e+00	1.435757e+01	
304	2.972800e-03	-1.37800e+01	-1.05409e+00	1.435757e+01	
305	2.982800e-03	-1.37801e+01	-1.04788e+00	1.435757e+01	
306	2.992800e-03	-1.37802e+01	-1.04163e+00	1.435757e+01	
307	3.002800e-03	-1.37803e+01	-1.03535e+00	1.435757e+01	
308	3.012800e-03	-1.37805e+01	-1.02908e+00	1.435757e+01	
309	3.022800e-03	-1.37806e+01	-1.02284e+00	1.435757e+01	
310	3.032800e-03	-1.37807e+01	-1.01665e+00	1.435757e+01	
311	3.042800e-03	-1.37808e+01	-1.01054e+00	1.435757e+01	
312	3.052800e-03	-1.37809e+01	-1.00454e+00	1.435757e+01	
313	3.062800e-03	-1.37810e+01	-9.98657e-01	1.435757e+01	
314	3.072800e-03	-1.37811e+01	-9.92927e-01	1.435757e+01	
315	3.082800e-03	-1.37812e+01	-9.87368e-01	1.435757e+01	
316	3.092800e-03	-1.37812e+01	-9.82003e-01	1.435757e+01	
317	3.102800e-03	-1.37813e+01	-9.76854e-01	1.435757e+01	
318	3.112800e-03	-1.37814e+01	-9.71940e-01	1.435757e+01	
319	3.122800e-03	-1.37815e+01	-9.67281e-01	1.435757e+01	
320	3.132800e-03	-1.37816e+01	-9.62895e-01	1.435757e+01	
321	3.142800e-03	-1.37816e+01	-9.58799e-01	1.435757e+01	
322	3.152800e-03	-1.37817e+01	-9.55011e-01	1.435757e+01	
323	3.162800e-03	-1.37818e+01	-9.51544e-01	1.435757e+01	
324	3.172800e-03	-1.37818e+01	-9.48412e-01	1.435757e+01	
325	3.182800e-03	-1.37819e+01	-9.45628e-01	1.435757e+01	
326	3.192800e-03	-1.37819e+01	-9.43203e-01	1.435757e+01	
327	3.202800e-03	-1.37819e+01	-9.41146e-01	1.435757e+01	
328	3.212800e-03	-1.37820e+01	-9.39465e-01	1.435757e+01	
329	3.222800e-03	-1.37820e+01	-9.38168e-01	1.435757e+01	
330	3.232800e-03	-1.37820e+01	-9.37258e-01	1.435757e+01	
331	3.242800e-03	-1.37820e+01	-9.36740e-01	1.435757e+01	
332	3.252800e-03	-1.37820e+01	-9.36616e-01	1.435757e+01	
333	3.262800e-03	-1.37820e+01	-9.36886e-01	1.435757e+01	
334	3.272800e-03	-1.37820e+01	-9.37550e-01	1.435757e+01	
335	3.282800e-03	-1.37820e+01	-9.38604e-01	1.435757e+01	
336	3.292800e-03	-1.37819e+01	-9.40044e-01	1.435757e+01	
337	3.302800e-03	-1.37819e+01	-9.41865e-01	1.435757e+01	
338	3.312800e-03	-1.37819e+01	-9.44059e-01	1.435757e+01	
339	3.322800e-03	-1.37818e+01	-9.46619e-01	1.435757e+01	
340	3.332800e-03	-1.37818e+01	-9.49533e-01	1.435757e+01	
341	3.342800e-03	-1.37817e+01	-9.52790e-01	1.435757e+01	
342	3.352800e-03	-1.37817e+01	-9.56378e-01	1.435757e+01	
343	3.362800e-03	-1.37816e+01	-9.60282e-01	1.435757e+01	
344	3.372800e-03	-1.37815e+01	-9.64487e-01	1.435757e+01	

Index   time            q.x1.q8#collCX  q.x1.q9#collCX  q.x1.q10#collCX 
--------------------------------------------------------------------------------
345	3.382800e-03	-1.37814e+01	-9.68976e-01	1.435757e+01	
346	3.392800e-03	-1.37814e+01	-9.73732e-01	1.435757e+01	
347	3.402800e-03	-1.37813e+01	-9.78735e-01	1.435757e+01	
348	3.412800e-03	-1.37812e+01	-9.83967e-01	1.435757e+01	
349	3.422800e-03	-1.37811e+01	-9.89406e-01	1.435757e+01	
350	3.432800e-03	-1.37810e+01	-9.95031e-01	1.435757e+01	
351	3.442800e-03	-1.37809e+01	-1.00082e+00	1.435757e+01	
352	3.452800e-03	-1.37808e+01	-1.00675e+00	1.435757e+01	
353	3.462800e-03	-1.37807e+01	-1.01280e+00	1.435757e+01	
354	3.472800e-03	-1.37806e+01	-1.01894e+00	1.435757e+01	
355	3.482800e-03	-1.37805e+01	-1.02515e+00	1.435757e+01	
356	3.492800e-03	-1.37804e+01	-1.03140e+00	1.435757e+01	
357	3.502800e-03	-1.37803e+01	-1.03768e+00	1.435757e+01	
358	3.512800e-03	-1.37802e+01	-1.04395e+00	1.435757e+01	
359	3.522800e-03	-1.37801e+01	-1.05019e+00	1.435757e+01	
360	3.532800e-03	-1.37800e+01	-1.05637e+00	1.435757e+01	
361	3.542800e-03	-1.37799e+01	-1.06248e+00	1.435757e+01	
362	3.552800e-03	-1.37798e+01	-1.06849e+00	1.435757e+01	
363	3.562800e-03	-1.37797e+01	-1.07437e+00	1.435757e+01	
364	3.572800e-03	-1.37796e+01	-1.08010e+00	1.435757e+01	
365	3.582800e-03	-1.37795e+01	-1.08566e+00	1.435757e+01	
366	3.592800e-03	-1.37794e+01	-1.09102e+00	1.435757e+01	
367	3.602800e-03	-1.37793e+01	-1.09617e+00	1.435757e+01	
368	3.612800e-03	-1.37792e+01	-1.10109e+00	1.435757e+01	
369	3.622800e-03	-1.37791e+01	-1.10575e+00	1.435757e+01	
370	3.632800e-03	-1.37791e+01	-1.11014e+00	1.435757e+01	
371	3.642800e-03	-1.37790e+01	-1.11423e+00	1.435757e+01	
372	3.652800e-03	-1.37789e+01	-1.11802e+00	1.435757e+01	
373	3.662800e-03	-1.37789e+01	-1.12149e+00	1.435757e+01	
374	3.672800e-03	-1.37788e+01	-1.12462e+00	1.435757e+01	
375	3.682800e-03	-1.37788e+01	-1.12740e+00	1.435757e+01	
376	3.692800e-03	-1.37787e+01	-1.12983e+00	1.435757e+01	
377	3.702800e-03	-1.37787e+01	-1.13189e+00	1.435757e+01	
378	3.712800e-03	-1.37787e+01	-1.13357e+00	1.435757e+01	
379	3.722800e-03	-1.37786e+01	-1.13487e+00	1.435757e+01	
380	3.732800e-03	-1.37786e+01	-1.13578e+00	1.435757e+01	
381	3.742800e-03	-1.37786e+01	-1.13629e+00	1.435757e+01	
382	3.752800e-03	-1.37786e+01	-1.13642e+00	1.435757e+01	
383	3.762800e-03	-1.37786e+01	-1.13615e+00	1.435757e+01	
384	3.772800e-03	-1.37786e+01	-1.13548e+00	1.435757e+01	
385	3.782800e-03	-1.37787e+01	-1.13443e+00	1.435757e+01	
386	3.792800e-03	-1.37787e+01	-1.13299e+00	1.435757e+01	
387	3.802800e-03	-1.37787e+01	-1.13117e+00	1.435757e+01	
388	3.812800e-03	-1.37788e+01	-1.12897e+00	1.435757e+01	
389	3.822800e-03	-1.37788e+01	-1.12641e+00	1.435757e+01	
390	3.832800e-03	-1.37788e+01	-1.12350e+00	1.435757e+01	
391	3.842800e-03	-1.37789e+01	-1.12024e+00	1.435757e+01	
392	3.852800e-03	-1.37790e+01	-1.11665e+00	1.435757e+01	
393	3.862800e-03	-1.37790e+01	-1.11275e+00	1.435757e+01	
394	3.872800e-03	-1.37791e+01	-1.10854e+00	1.435757e+01	
395	3.882800e-03	-1.37792e+01	-1.10405e+00	1.435757e+01	
396	3.892800e-03	-1.37793e+01	-1.09930e+00	1.435757e+01	
397	3.902800e-03	-1.37793e+01	-1.09429e+00	1.435757e+01	
398	3.912800e-03	-1.37794e+01	-1.08906e+00	1.435757e+01	
399	3.922800e-03	-1.37795e+01	-1.08362e+00	1.435757e+01	
400	3.932800e-03	-1.37796e+01	-1.07800e+00	1.435757e+01	
401	3.942800e-03	-1.37797e+01	-1.07221e+00	1.435757e+01	
402	3.952800e-03	-1.37798e+01	-1.06628e+00	1.435757e+01	

Index   time            q.x1.q8#collCX  q.x1.q9#collCX  q.x1.q10#collCX 
--------------------------------------------------------------------------------
403	3.962800e-03	-1.37799e+01	-1.06023e+00	1.435757e+01	
404	3.972800e-03	-1.37800e+01	-1.05409e+00	1.435757e+01	
405	3.982800e-03	-1.37801e+01	-1.04788e+00	1.435757e+01	
406	3.992800e-03	-1.37802e+01	-1.04163e+00	1.435757e+01	
407	4.002800e-03	-1.37803e+01	-1.03535e+00	1.435757e+01	
408	4.012800e-03	-1.37805e+01	-1.02908e+00	1.435757e+01	
409	4.022800e-03	-1.37806e+01	-1.02284e+00	1.435757e+01	
410	4.032800e-03	-1.37807e+01	-1.01665e+00	1.435757e+01	
411	4.042800e-03	-1.37808e+01	-1.01054e+00	1.435757e+01	
412	4.052800e-03	-1.37809e+01	-1.00454e+00	1.435757e+01	
413	4.062800e-03	-1.37810e+01	-9.98657e-01	1.435757e+01	
414	4.072800e-03	-1.37811e+01	-9.92927e-01	1.435757e+01	
415	4.082800e-03	-1.37812e+01	-9.87368e-01	1.435757e+01	
416	4.092800e-03	-1.37812e+01	-9.82003e-01	1.435757e+01	
417	4.102800e-03	-1.37813e+01	-9.76854e-01	1.435757e+01	
418	4.112800e-03	-1.37814e+01	-9.71940e-01	1.435757e+01	
419	4.122800e-03	-1.37815e+01	-9.67281e-01	1.435757e+01	
420	4.132800e-03	-1.37816e+01	-9.62895e-01	1.435757e+01	
421	4.142800e-03	-1.37816e+01	-9.58799e-01	1.435757e+01	
422	4.152800e-03	-1.37817e+01	-9.55011e-01	1.435757e+01	
423	4.162800e-03	-1.37818e+01	-9.51544e-01	1.435757e+01	
424	4.172800e-03	-1.37818e+01	-9.48412e-01	1.435757e+01	
425	4.182800e-03	-1.37819e+01	-9.45628e-01	1.435757e+01	
426	4.192800e-03	-1.37819e+01	-9.43203e-01	1.435757e+01	
427	4.202800e-03	-1.37819e+01	-9.41146e-01	1.435757e+01	
428	4.212800e-03	-1.37820e+01	-9.39465e-01	1.435757e+01	
429	4.222800e-03	-1.37820e+01	-9.38168e-01	1.435757e+01	
430	4.232800e-03	-1.37820e+01	-9.37258e-01	1.435757e+01	
431	4.242800e-03	-1.37820e+01	-9.36740e-01	1.435757e+01	
432	4.252800e-03	-1.37820e+01	-9.36616e-01	1.435757e+01	
433	4.262800e-03	-1.37820e+01	-9.36886e-01	1.435757e+01	
434	4.272800e-03	-1.37820e+01	-9.37550e-01	1.435757e+01	
435	4.282800e-03	-1.37820e+01	-9.38604e-01	1.435757e+01	
436	4.292800e-03	-1.37819e+01	-9.40044e-01	1.435757e+01	
437	4.302800e-03	-1.37819e+01	-9.41865e-01	1.435757e+01	
438	4.312800e-03	-1.37819e+01	-9.44059e-01	1.435757e+01	
439	4.322800e-03	-1.37818e+01	-9.46619e-01	1.435757e+01	
440	4.332800e-03	-1.37818e+01	-9.49533e-01	1.435757e+01	
441	4.342800e-03	-1.37817e+01	-9.52790e-01	1.435757e+01	
442	4.352800e-03	-1.37817e+01	-9.56378e-01	1.435757e+01	
443	4.362800e-03	-1.37816e+01	-9.60282e-01	1.435757e+01	
444	4.372800e-03	-1.37815e+01	-9.64487e-01	1.435757e+01	
445	4.382800e-03	-1.37814e+01	-9.68976e-01	1.435757e+01	
446	4.392800e-03	-1.37814e+01	-9.73732e-01	1.435757e+01	
447	4.402800e-03	-1.37813e+01	-9.78735e-01	1.435757e+01	
448	4.412800e-03	-1.37812e+01	-9.83967e-01	1.435757e+01	
449	4.422800e-03	-1.37811e+01	-9.89406e-01	1.435757e+01	
450	4.432800e-03	-1.37810e+01	-9.95031e-01	1.435757e+01	
451	4.442800e-03	-1.37809e+01	-1.00082e+00	1.435757e+01	
452	4.452800e-03	-1.37808e+01	-1.00675e+00	1.435757e+01	
453	4.462800e-03	-1.37807e+01	-1.01280e+00	1.435757e+01	
454	4.472800e-03	-1.37806e+01	-1.01894e+00	1.435757e+01	
455	4.482800e-03	-1.37805e+01	-1.02515e+00	1.435757e+01	
456	4.492800e-03	-1.37804e+01	-1.03140e+00	1.435757e+01	
457	4.502800e-03	-1.37803e+01	-1.03768e+00	1.435757e+01	
458	4.512800e-03	-1.37802e+01	-1.04395e+00	1.435757e+01	
459	4.522800e-03	-1.37801e+01	-1.05019e+00	1.435757e+01	
460	4.532800e-03	-1.37800e+01	-1.05637e+00	1.435757e+01	

Index   time            q.x1.q8#collCX  q.x1.q9#collCX  q.x1.q10#collCX 
--------------------------------------------------------------------------------
461	4.542800e-03	-1.37799e+01	-1.06248e+00	1.435757e+01	
462	4.552800e-03	-1.37798e+01	-1.06849e+00	1.435757e+01	
463	4.562800e-03	-1.37797e+01	-1.07437e+00	1.435757e+01	
464	4.572800e-03	-1.37796e+01	-1.08010e+00	1.435757e+01	
465	4.582800e-03	-1.37795e+01	-1.08566e+00	1.435757e+01	
466	4.592800e-03	-1.37794e+01	-1.09102e+00	1.435757e+01	
467	4.602800e-03	-1.37793e+01	-1.09617e+00	1.435757e+01	
468	4.612800e-03	-1.37792e+01	-1.10109e+00	1.435757e+01	
469	4.622800e-03	-1.37791e+01	-1.10575e+00	1.435757e+01	
470	4.632800e-03	-1.37791e+01	-1.11014e+00	1.435757e+01	
471	4.642800e-03	-1.37790e+01	-1.11423e+00	1.435757e+01	
472	4.652800e-03	-1.37789e+01	-1.11802e+00	1.435757e+01	
473	4.662800e-03	-1.37789e+01	-1.12149e+00	1.435757e+01	
474	4.672800e-03	-1.37788e+01	-1.12462e+00	1.435757e+01	
475	4.682800e-03	-1.37788e+01	-1.12740e+00	1.435757e+01	
476	4.692800e-03	-1.37787e+01	-1.12983e+00	1.435757e+01	
477	4.702800e-03	-1.37787e+01	-1.13189e+00	1.435757e+01	
478	4.712800e-03	-1.37787e+01	-1.13357e+00	1.435757e+01	
479	4.722800e-03	-1.37786e+01	-1.13487e+00	1.435757e+01	
480	4.732800e-03	-1.37786e+01	-1.13578e+00	1.435757e+01	
481	4.742800e-03	-1.37786e+01	-1.13629e+00	1.435757e+01	
482	4.752800e-03	-1.37786e+01	-1.13642e+00	1.435757e+01	
483	4.762800e-03	-1.37786e+01	-1.13615e+00	1.435757e+01	
484	4.772800e-03	-1.37786e+01	-1.13548e+00	1.435757e+01	
485	4.782800e-03	-1.37787e+01	-1.13443e+00	1.435757e+01	
486	4.792800e-03	-1.37787e+01	-1.13299e+00	1.435757e+01	
487	4.802800e-03	-1.37787e+01	-1.13117e+00	1.435757e+01	
488	4.812800e-03	-1.37788e+01	-1.12897e+00	1.435757e+01	
489	4.822800e-03	-1.37788e+01	-1.12641e+00	1.435757e+01	
490	4.832800e-03	-1.37788e+01	-1.12350e+00	1.435757e+01	
491	4.842800e-03	-1.37789e+01	-1.12024e+00	1.435757e+01	
492	4.852800e-03	-1.37790e+01	-1.11665e+00	1.435757e+01	
493	4.862800e-03	-1.37790e+01	-1.11275e+00	1.435757e+01	
494	4.872800e-03	-1.37791e+01	-1.10854e+00	1.435757e+01	
495	4.882800e-03	-1.37792e+01	-1.10405e+00	1.435757e+01	
496	4.892800e-03	-1.37793e+01	-1.09930e+00	1.435757e+01	
497	4.902800e-03	-1.37793e+01	-1.09429e+00	1.435757e+01	
498	4.912800e-03	-1.37794e+01	-1.08906e+00	1.435757e+01	
499	4.922800e-03	-1.37795e+01	-1.08362e+00	1.435757e+01	
500	4.932800e-03	-1.37796e+01	-1.07800e+00	1.435757e+01	
501	4.942800e-03	-1.37797e+01	-1.07221e+00	1.435757e+01	
502	4.952800e-03	-1.37798e+01	-1.06628e+00	1.435757e+01	
503	4.962800e-03	-1.37799e+01	-1.06023e+00	1.435757e+01	
504	4.972800e-03	-1.37800e+01	-1.05409e+00	1.435757e+01	
505	4.982800e-03	-1.37801e+01	-1.04788e+00	1.435757e+01	
506	4.992800e-03	-1.37802e+01	-1.04163e+00	1.435757e+01	
507	5.000000e-03	-1.37803e+01	-1.03711e+00	1.435757e+01	

                                kicad schematic
                                Transient Analysis  Tue Oct 21 20:02:38  2025
--------------------------------------------------------------------------------
Index   time            q.x1.q11#collCX q.x1.q12#collCX q.x1.q13#collCX 
--------------------------------------------------------------------------------
0	0.000000e+00	5.525710e-01	-1.43590e+01	-1.03656e+00	
1	1.000000e-07	5.526002e-01	-1.43590e+01	-1.03653e+00	
2	2.000000e-07	5.526602e-01	-1.43590e+01	-1.03649e+00	
3	4.000000e-07	5.528383e-01	-1.43590e+01	-1.03642e+00	
4	8.000000e-07	5.535099e-01	-1.43590e+01	-1.03626e+00	
5	1.600000e-06	5.558374e-01	-1.43590e+01	-1.03589e+00	
6	3.200000e-06	5.629564e-01	-1.43590e+01	-1.03504e+00	
7	6.400000e-06	5.813712e-01	-1.43590e+01	-1.03312e+00	
8	1.280000e-05	6.216944e-01	-1.43590e+01	-1.02912e+00	
9	2.280000e-05	6.848264e-01	-1.43590e+01	-1.02288e+00	
10	3.280000e-05	7.473529e-01	-1.43590e+01	-1.01669e+00	
11	4.280000e-05	8.091490e-01	-1.43590e+01	-1.01058e+00	
12	5.280000e-05	8.699151e-01	-1.43590e+01	-1.00458e+00	
13	6.280000e-05	9.294362e-01	-1.43590e+01	-9.98696e-01	
14	7.280000e-05	9.874659e-01	-1.43590e+01	-9.92966e-01	
15	8.280000e-05	1.043780e+00	-1.43590e+01	-9.87407e-01	
16	9.280000e-05	1.098154e+00	-1.43590e+01	-9.82043e-01	
17	1.028000e-04	1.150374e+00	-1.43590e+01	-9.76893e-01	
18	1.128000e-04	1.200234e+00	-1.43590e+01	-9.71979e-01	
19	1.228000e-04	1.247537e+00	-1.43590e+01	-9.67320e-01	
20	1.328000e-04	1.292096e+00	-1.43590e+01	-9.62934e-01	
21	1.428000e-04	1.333736e+00	-1.43590e+01	-9.58839e-01	
22	1.528000e-04	1.372292e+00	-1.43590e+01	-9.55050e-01	
23	1.628000e-04	1.407613e+00	-1.43590e+01	-9.51583e-01	
24	1.728000e-04	1.439559e+00	-1.43590e+01	-9.48451e-01	
25	1.828000e-04	1.468004e+00	-1.43590e+01	-9.45667e-01	
26	1.928000e-04	1.492836e+00	-1.43590e+01	-9.43242e-01	
27	2.028000e-04	1.513958e+00	-1.43590e+01	-9.41185e-01	
28	2.128000e-04	1.531286e+00	-1.43590e+01	-9.39504e-01	
29	2.228000e-04	1.544752e+00	-1.43590e+01	-9.38207e-01	
30	2.328000e-04	1.554303e+00	-1.43590e+01	-9.37297e-01	
31	2.428000e-04	1.559901e+00	-1.43590e+01	-9.36780e-01	
32	2.528000e-04	1.561525e+00	-1.43590e+01	-9.36655e-01	
33	2.628000e-04	1.559168e+00	-1.43590e+01	-9.36926e-01	
34	2.728000e-04	1.552839e+00	-1.43590e+01	-9.37589e-01	
35	2.828000e-04	1.542563e+00	-1.43590e+01	-9.38643e-01	
36	2.928000e-04	1.528382e+00	-1.43590e+01	-9.40083e-01	
37	3.028000e-04	1.510350e+00	-1.43590e+01	-9.41904e-01	
38	3.128000e-04	1.488538e+00	-1.43590e+01	-9.44099e-01	
39	3.228000e-04	1.463033e+00	-1.43590e+01	-9.46658e-01	
40	3.328000e-04	1.433935e+00	-1.43590e+01	-9.49572e-01	
41	3.428000e-04	1.401359e+00	-1.43590e+01	-9.52830e-01	
42	3.528000e-04	1.365434e+00	-1.43590e+01	-9.56417e-01	
43	3.628000e-04	1.326299e+00	-1.43590e+01	-9.60321e-01	
44	3.728000e-04	1.284111e+00	-1.43590e+01	-9.64526e-01	
45	3.828000e-04	1.239036e+00	-1.43590e+01	-9.69016e-01	
46	3.928000e-04	1.191250e+00	-1.43590e+01	-9.73771e-01	
47	4.028000e-04	1.140944e+00	-1.43590e+01	-9.78775e-01	
48	4.128000e-04	1.088314e+00	-1.43590e+01	-9.84006e-01	
49	4.228000e-04	1.033569e+00	-1.43590e+01	-9.89445e-01	
50	4.328000e-04	9.769259e-01	-1.43590e+01	-9.95070e-01	
51	4.428000e-04	9.186071e-01	-1.43590e+01	-1.00086e+00	
52	4.528000e-04	8.588432e-01	-1.43590e+01	-1.00679e+00	
53	4.628000e-04	7.978704e-01	-1.43590e+01	-1.01283e+00	
54	4.728000e-04	7.359294e-01	-1.43590e+01	-1.01898e+00	

Index   time            q.x1.q11#collCX q.x1.q12#collCX q.x1.q13#collCX 
--------------------------------------------------------------------------------
55	4.828000e-04	6.732651e-01	-1.43590e+01	-1.02519e+00	
56	4.928000e-04	6.101249e-01	-1.43590e+01	-1.03144e+00	
57	5.028000e-04	5.467584e-01	-1.43590e+01	-1.03772e+00	
58	5.128000e-04	4.834158e-01	-1.43590e+01	-1.04399e+00	
59	5.228000e-04	4.203474e-01	-1.43590e+01	-1.05023e+00	
60	5.328000e-04	3.578024e-01	-1.43590e+01	-1.05641e+00	
61	5.428000e-04	2.960278e-01	-1.43590e+01	-1.06252e+00	
62	5.528000e-04	2.352675e-01	-1.43590e+01	-1.06853e+00	
63	5.628000e-04	1.757615e-01	-1.43590e+01	-1.07441e+00	
64	5.728000e-04	1.177445e-01	-1.43590e+01	-1.08014e+00	
65	5.828000e-04	6.144570e-02	-1.43590e+01	-1.08570e+00	
66	5.928000e-04	7.087054e-03	-1.43590e+01	-1.09106e+00	
67	6.028000e-04	-4.51170e-02	-1.43590e+01	-1.09621e+00	
68	6.128000e-04	-9.49605e-02	-1.43590e+01	-1.10113e+00	
69	6.228000e-04	-1.42247e-01	-1.43590e+01	-1.10579e+00	
70	6.328000e-04	-1.86790e-01	-1.43590e+01	-1.11017e+00	
71	6.428000e-04	-2.28415e-01	-1.43590e+01	-1.11427e+00	
72	6.528000e-04	-2.66957e-01	-1.43590e+01	-1.11806e+00	
73	6.628000e-04	-3.02264e-01	-1.43590e+01	-1.12153e+00	
74	6.728000e-04	-3.34197e-01	-1.43590e+01	-1.12466e+00	
75	6.828000e-04	-3.62631e-01	-1.43590e+01	-1.12744e+00	
76	6.928000e-04	-3.87454e-01	-1.43590e+01	-1.12987e+00	
77	7.028000e-04	-4.08568e-01	-1.43590e+01	-1.13193e+00	
78	7.128000e-04	-4.25890e-01	-1.43590e+01	-1.13361e+00	
79	7.228000e-04	-4.39352e-01	-1.43590e+01	-1.13490e+00	
80	7.328000e-04	-4.48901e-01	-1.43590e+01	-1.13581e+00	
81	7.428000e-04	-4.54499e-01	-1.43590e+01	-1.13633e+00	
82	7.528000e-04	-4.56125e-01	-1.43590e+01	-1.13646e+00	
83	7.628000e-04	-4.53771e-01	-1.43590e+01	-1.13619e+00	
84	7.728000e-04	-4.47448e-01	-1.43590e+01	-1.13552e+00	
85	7.828000e-04	-4.37180e-01	-1.43590e+01	-1.13447e+00	
86	7.928000e-04	-4.23007e-01	-1.43590e+01	-1.13303e+00	
87	8.028000e-04	-4.04985e-01	-1.43590e+01	-1.13121e+00	
88	8.128000e-04	-3.83185e-01	-1.43590e+01	-1.12901e+00	
89	8.228000e-04	-3.57693e-01	-1.43590e+01	-1.12645e+00	
90	8.328000e-04	-3.28610e-01	-1.43590e+01	-1.12354e+00	
91	8.428000e-04	-2.96048e-01	-1.43590e+01	-1.12028e+00	
92	8.528000e-04	-2.60138e-01	-1.43590e+01	-1.11669e+00	
93	8.628000e-04	-2.21020e-01	-1.43590e+01	-1.11279e+00	
94	8.728000e-04	-1.78848e-01	-1.43590e+01	-1.10858e+00	
95	8.828000e-04	-1.33788e-01	-1.43590e+01	-1.10409e+00	
96	8.928000e-04	-8.60181e-02	-1.43590e+01	-1.09934e+00	
97	9.028000e-04	-3.57264e-02	-1.43590e+01	-1.09433e+00	
98	9.128000e-04	1.688901e-02	-1.43590e+01	-1.08910e+00	
99	9.228000e-04	7.162053e-02	-1.43590e+01	-1.08366e+00	
100	9.328000e-04	1.282523e-01	-1.43590e+01	-1.07804e+00	
101	9.428000e-04	1.865609e-01	-1.43590e+01	-1.07225e+00	
102	9.528000e-04	2.463162e-01	-1.43590e+01	-1.06632e+00	
103	9.628000e-04	3.072823e-01	-1.43590e+01	-1.06027e+00	
104	9.728000e-04	3.692185e-01	-1.43590e+01	-1.05413e+00	
105	9.828000e-04	4.318802e-01	-1.43590e+01	-1.04792e+00	
106	9.928000e-04	4.950198e-01	-1.43590e+01	-1.04167e+00	
107	1.002800e-03	5.583880e-01	-1.43590e+01	-1.03539e+00	
108	1.012800e-03	6.217342e-01	-1.43590e+01	-1.02912e+00	
109	1.022800e-03	6.848084e-01	-1.43590e+01	-1.02288e+00	
110	1.032800e-03	7.473611e-01	-1.43590e+01	-1.01669e+00	
111	1.042800e-03	8.091453e-01	-1.43590e+01	-1.01058e+00	
112	1.052800e-03	8.699168e-01	-1.43590e+01	-1.00458e+00	

Index   time            q.x1.q11#collCX q.x1.q12#collCX q.x1.q13#collCX 
--------------------------------------------------------------------------------
113	1.062800e-03	9.294355e-01	-1.43590e+01	-9.98696e-01	
114	1.072800e-03	9.874663e-01	-1.43590e+01	-9.92966e-01	
115	1.082800e-03	1.043780e+00	-1.43590e+01	-9.87407e-01	
116	1.092800e-03	1.098154e+00	-1.43590e+01	-9.82043e-01	
117	1.102800e-03	1.150374e+00	-1.43590e+01	-9.76893e-01	
118	1.112800e-03	1.200234e+00	-1.43590e+01	-9.71979e-01	
119	1.122800e-03	1.247537e+00	-1.43590e+01	-9.67320e-01	
120	1.132800e-03	1.292096e+00	-1.43590e+01	-9.62934e-01	
121	1.142800e-03	1.333736e+00	-1.43590e+01	-9.58839e-01	
122	1.152800e-03	1.372292e+00	-1.43590e+01	-9.55050e-01	
123	1.162800e-03	1.407613e+00	-1.43590e+01	-9.51583e-01	
124	1.172800e-03	1.439559e+00	-1.43590e+01	-9.48451e-01	
125	1.182800e-03	1.468004e+00	-1.43590e+01	-9.45667e-01	
126	1.192800e-03	1.492836e+00	-1.43590e+01	-9.43242e-01	
127	1.202800e-03	1.513958e+00	-1.43590e+01	-9.41185e-01	
128	1.212800e-03	1.531286e+00	-1.43590e+01	-9.39504e-01	
129	1.222800e-03	1.544752e+00	-1.43590e+01	-9.38207e-01	
130	1.232800e-03	1.554303e+00	-1.43590e+01	-9.37297e-01	
131	1.242800e-03	1.559901e+00	-1.43590e+01	-9.36780e-01	
132	1.252800e-03	1.561525e+00	-1.43590e+01	-9.36655e-01	
133	1.262800e-03	1.559168e+00	-1.43590e+01	-9.36926e-01	
134	1.272800e-03	1.552839e+00	-1.43590e+01	-9.37589e-01	
135	1.282800e-03	1.542563e+00	-1.43590e+01	-9.38643e-01	
136	1.292800e-03	1.528382e+00	-1.43590e+01	-9.40083e-01	
137	1.302800e-03	1.510350e+00	-1.43590e+01	-9.41904e-01	
138	1.312800e-03	1.488538e+00	-1.43590e+01	-9.44099e-01	
139	1.322800e-03	1.463033e+00	-1.43590e+01	-9.46658e-01	
140	1.332800e-03	1.433935e+00	-1.43590e+01	-9.49572e-01	
141	1.342800e-03	1.401359e+00	-1.43590e+01	-9.52830e-01	
142	1.352800e-03	1.365434e+00	-1.43590e+01	-9.56417e-01	
143	1.362800e-03	1.326299e+00	-1.43590e+01	-9.60321e-01	
144	1.372800e-03	1.284111e+00	-1.43590e+01	-9.64526e-01	
145	1.382800e-03	1.239036e+00	-1.43590e+01	-9.69016e-01	
146	1.392800e-03	1.191250e+00	-1.43590e+01	-9.73771e-01	
147	1.402800e-03	1.140944e+00	-1.43590e+01	-9.78775e-01	
148	1.412800e-03	1.088314e+00	-1.43590e+01	-9.84006e-01	
149	1.422800e-03	1.033569e+00	-1.43590e+01	-9.89445e-01	
150	1.432800e-03	9.769259e-01	-1.43590e+01	-9.95070e-01	
151	1.442800e-03	9.186071e-01	-1.43590e+01	-1.00086e+00	
152	1.452800e-03	8.588432e-01	-1.43590e+01	-1.00679e+00	
153	1.462800e-03	7.978704e-01	-1.43590e+01	-1.01283e+00	
154	1.472800e-03	7.359294e-01	-1.43590e+01	-1.01898e+00	
155	1.482800e-03	6.732651e-01	-1.43590e+01	-1.02519e+00	
156	1.492800e-03	6.101249e-01	-1.43590e+01	-1.03144e+00	
157	1.502800e-03	5.467584e-01	-1.43590e+01	-1.03772e+00	
158	1.512800e-03	4.834158e-01	-1.43590e+01	-1.04399e+00	
159	1.522800e-03	4.203474e-01	-1.43590e+01	-1.05023e+00	
160	1.532800e-03	3.578024e-01	-1.43590e+01	-1.05641e+00	
161	1.542800e-03	2.960278e-01	-1.43590e+01	-1.06252e+00	
162	1.552800e-03	2.352675e-01	-1.43590e+01	-1.06853e+00	
163	1.562800e-03	1.757615e-01	-1.43590e+01	-1.07441e+00	
164	1.572800e-03	1.177445e-01	-1.43590e+01	-1.08014e+00	
165	1.582800e-03	6.144570e-02	-1.43590e+01	-1.08570e+00	
166	1.592800e-03	7.087054e-03	-1.43590e+01	-1.09106e+00	
167	1.602800e-03	-4.51170e-02	-1.43590e+01	-1.09621e+00	
168	1.612800e-03	-9.49605e-02	-1.43590e+01	-1.10113e+00	
169	1.622800e-03	-1.42247e-01	-1.43590e+01	-1.10579e+00	
170	1.632800e-03	-1.86790e-01	-1.43590e+01	-1.11017e+00	

Index   time            q.x1.q11#collCX q.x1.q12#collCX q.x1.q13#collCX 
--------------------------------------------------------------------------------
171	1.642800e-03	-2.28415e-01	-1.43590e+01	-1.11427e+00	
172	1.652800e-03	-2.66957e-01	-1.43590e+01	-1.11806e+00	
173	1.662800e-03	-3.02264e-01	-1.43590e+01	-1.12153e+00	
174	1.672800e-03	-3.34197e-01	-1.43590e+01	-1.12466e+00	
175	1.682800e-03	-3.62631e-01	-1.43590e+01	-1.12744e+00	
176	1.692800e-03	-3.87454e-01	-1.43590e+01	-1.12987e+00	
177	1.702800e-03	-4.08568e-01	-1.43590e+01	-1.13193e+00	
178	1.712800e-03	-4.25890e-01	-1.43590e+01	-1.13361e+00	
179	1.722800e-03	-4.39352e-01	-1.43590e+01	-1.13490e+00	
180	1.732800e-03	-4.48901e-01	-1.43590e+01	-1.13581e+00	
181	1.742800e-03	-4.54499e-01	-1.43590e+01	-1.13633e+00	
182	1.752800e-03	-4.56125e-01	-1.43590e+01	-1.13646e+00	
183	1.762800e-03	-4.53771e-01	-1.43590e+01	-1.13619e+00	
184	1.772800e-03	-4.47448e-01	-1.43590e+01	-1.13552e+00	
185	1.782800e-03	-4.37180e-01	-1.43590e+01	-1.13447e+00	
186	1.792800e-03	-4.23007e-01	-1.43590e+01	-1.13303e+00	
187	1.802800e-03	-4.04985e-01	-1.43590e+01	-1.13121e+00	
188	1.812800e-03	-3.83185e-01	-1.43590e+01	-1.12901e+00	
189	1.822800e-03	-3.57693e-01	-1.43590e+01	-1.12645e+00	
190	1.832800e-03	-3.28610e-01	-1.43590e+01	-1.12354e+00	
191	1.842800e-03	-2.96048e-01	-1.43590e+01	-1.12028e+00	
192	1.852800e-03	-2.60138e-01	-1.43590e+01	-1.11669e+00	
193	1.862800e-03	-2.21020e-01	-1.43590e+01	-1.11279e+00	
194	1.872800e-03	-1.78848e-01	-1.43590e+01	-1.10858e+00	
195	1.882800e-03	-1.33788e-01	-1.43590e+01	-1.10409e+00	
196	1.892800e-03	-8.60181e-02	-1.43590e+01	-1.09934e+00	
197	1.902800e-03	-3.57264e-02	-1.43590e+01	-1.09433e+00	
198	1.912800e-03	1.688901e-02	-1.43590e+01	-1.08910e+00	
199	1.922800e-03	7.162053e-02	-1.43590e+01	-1.08366e+00	
200	1.932800e-03	1.282523e-01	-1.43590e+01	-1.07804e+00	
201	1.942800e-03	1.865609e-01	-1.43590e+01	-1.07225e+00	
202	1.952800e-03	2.463162e-01	-1.43590e+01	-1.06632e+00	
203	1.962800e-03	3.072823e-01	-1.43590e+01	-1.06027e+00	
204	1.972800e-03	3.692185e-01	-1.43590e+01	-1.05413e+00	
205	1.982800e-03	4.318802e-01	-1.43590e+01	-1.04792e+00	
206	1.992800e-03	4.950198e-01	-1.43590e+01	-1.04167e+00	
207	2.002800e-03	5.583880e-01	-1.43590e+01	-1.03539e+00	
208	2.012800e-03	6.217342e-01	-1.43590e+01	-1.02912e+00	
209	2.022800e-03	6.848084e-01	-1.43590e+01	-1.02288e+00	
210	2.032800e-03	7.473611e-01	-1.43590e+01	-1.01669e+00	
211	2.042800e-03	8.091453e-01	-1.43590e+01	-1.01058e+00	
212	2.052800e-03	8.699168e-01	-1.43590e+01	-1.00458e+00	
213	2.062800e-03	9.294355e-01	-1.43590e+01	-9.98696e-01	
214	2.072800e-03	9.874663e-01	-1.43590e+01	-9.92966e-01	
215	2.082800e-03	1.043780e+00	-1.43590e+01	-9.87407e-01	
216	2.092800e-03	1.098154e+00	-1.43590e+01	-9.82043e-01	
217	2.102800e-03	1.150374e+00	-1.43590e+01	-9.76893e-01	
218	2.112800e-03	1.200234e+00	-1.43590e+01	-9.71979e-01	
219	2.122800e-03	1.247537e+00	-1.43590e+01	-9.67320e-01	
220	2.132800e-03	1.292096e+00	-1.43590e+01	-9.62934e-01	
221	2.142800e-03	1.333736e+00	-1.43590e+01	-9.58839e-01	
222	2.152800e-03	1.372292e+00	-1.43590e+01	-9.55050e-01	
223	2.162800e-03	1.407613e+00	-1.43590e+01	-9.51583e-01	
224	2.172800e-03	1.439559e+00	-1.43590e+01	-9.48451e-01	
225	2.182800e-03	1.468004e+00	-1.43590e+01	-9.45667e-01	
226	2.192800e-03	1.492836e+00	-1.43590e+01	-9.43242e-01	
227	2.202800e-03	1.513958e+00	-1.43590e+01	-9.41185e-01	
228	2.212800e-03	1.531286e+00	-1.43590e+01	-9.39504e-01	

Index   time            q.x1.q11#collCX q.x1.q12#collCX q.x1.q13#collCX 
--------------------------------------------------------------------------------
229	2.222800e-03	1.544752e+00	-1.43590e+01	-9.38207e-01	
230	2.232800e-03	1.554303e+00	-1.43590e+01	-9.37297e-01	
231	2.242800e-03	1.559901e+00	-1.43590e+01	-9.36780e-01	
232	2.252800e-03	1.561525e+00	-1.43590e+01	-9.36655e-01	
233	2.262800e-03	1.559168e+00	-1.43590e+01	-9.36926e-01	
234	2.272800e-03	1.552839e+00	-1.43590e+01	-9.37589e-01	
235	2.282800e-03	1.542563e+00	-1.43590e+01	-9.38643e-01	
236	2.292800e-03	1.528382e+00	-1.43590e+01	-9.40083e-01	
237	2.302800e-03	1.510350e+00	-1.43590e+01	-9.41904e-01	
238	2.312800e-03	1.488538e+00	-1.43590e+01	-9.44099e-01	
239	2.322800e-03	1.463033e+00	-1.43590e+01	-9.46658e-01	
240	2.332800e-03	1.433935e+00	-1.43590e+01	-9.49572e-01	
241	2.342800e-03	1.401359e+00	-1.43590e+01	-9.52830e-01	
242	2.352800e-03	1.365434e+00	-1.43590e+01	-9.56417e-01	
243	2.362800e-03	1.326299e+00	-1.43590e+01	-9.60321e-01	
244	2.372800e-03	1.284111e+00	-1.43590e+01	-9.64526e-01	
245	2.382800e-03	1.239036e+00	-1.43590e+01	-9.69016e-01	
246	2.392800e-03	1.191250e+00	-1.43590e+01	-9.73771e-01	
247	2.402800e-03	1.140944e+00	-1.43590e+01	-9.78775e-01	
248	2.412800e-03	1.088314e+00	-1.43590e+01	-9.84006e-01	
249	2.422800e-03	1.033569e+00	-1.43590e+01	-9.89445e-01	
250	2.432800e-03	9.769259e-01	-1.43590e+01	-9.95070e-01	
251	2.442800e-03	9.186071e-01	-1.43590e+01	-1.00086e+00	
252	2.452800e-03	8.588432e-01	-1.43590e+01	-1.00679e+00	
253	2.462800e-03	7.978704e-01	-1.43590e+01	-1.01283e+00	
254	2.472800e-03	7.359294e-01	-1.43590e+01	-1.01898e+00	
255	2.482800e-03	6.732651e-01	-1.43590e+01	-1.02519e+00	
256	2.492800e-03	6.101249e-01	-1.43590e+01	-1.03144e+00	
257	2.502800e-03	5.467584e-01	-1.43590e+01	-1.03772e+00	
258	2.512800e-03	4.834158e-01	-1.43590e+01	-1.04399e+00	
259	2.522800e-03	4.203474e-01	-1.43590e+01	-1.05023e+00	
260	2.532800e-03	3.578024e-01	-1.43590e+01	-1.05641e+00	
261	2.542800e-03	2.960278e-01	-1.43590e+01	-1.06252e+00	
262	2.552800e-03	2.352675e-01	-1.43590e+01	-1.06853e+00	
263	2.562800e-03	1.757615e-01	-1.43590e+01	-1.07441e+00	
264	2.572800e-03	1.177445e-01	-1.43590e+01	-1.08014e+00	
265	2.582800e-03	6.144570e-02	-1.43590e+01	-1.08570e+00	
266	2.592800e-03	7.087054e-03	-1.43590e+01	-1.09106e+00	
267	2.602800e-03	-4.51170e-02	-1.43590e+01	-1.09621e+00	
268	2.612800e-03	-9.49605e-02	-1.43590e+01	-1.10113e+00	
269	2.622800e-03	-1.42247e-01	-1.43590e+01	-1.10579e+00	
270	2.632800e-03	-1.86790e-01	-1.43590e+01	-1.11017e+00	
271	2.642800e-03	-2.28415e-01	-1.43590e+01	-1.11427e+00	
272	2.652800e-03	-2.66957e-01	-1.43590e+01	-1.11806e+00	
273	2.662800e-03	-3.02264e-01	-1.43590e+01	-1.12153e+00	
274	2.672800e-03	-3.34197e-01	-1.43590e+01	-1.12466e+00	
275	2.682800e-03	-3.62631e-01	-1.43590e+01	-1.12744e+00	
276	2.692800e-03	-3.87454e-01	-1.43590e+01	-1.12987e+00	
277	2.702800e-03	-4.08568e-01	-1.43590e+01	-1.13193e+00	
278	2.712800e-03	-4.25890e-01	-1.43590e+01	-1.13361e+00	
279	2.722800e-03	-4.39352e-01	-1.43590e+01	-1.13490e+00	
280	2.732800e-03	-4.48901e-01	-1.43590e+01	-1.13581e+00	
281	2.742800e-03	-4.54499e-01	-1.43590e+01	-1.13633e+00	
282	2.752800e-03	-4.56125e-01	-1.43590e+01	-1.13646e+00	
283	2.762800e-03	-4.53771e-01	-1.43590e+01	-1.13619e+00	
284	2.772800e-03	-4.47448e-01	-1.43590e+01	-1.13552e+00	
285	2.782800e-03	-4.37180e-01	-1.43590e+01	-1.13447e+00	
286	2.792800e-03	-4.23007e-01	-1.43590e+01	-1.13303e+00	

Index   time            q.x1.q11#collCX q.x1.q12#collCX q.x1.q13#collCX 
--------------------------------------------------------------------------------
287	2.802800e-03	-4.04985e-01	-1.43590e+01	-1.13121e+00	
288	2.812800e-03	-3.83185e-01	-1.43590e+01	-1.12901e+00	
289	2.822800e-03	-3.57693e-01	-1.43590e+01	-1.12645e+00	
290	2.832800e-03	-3.28610e-01	-1.43590e+01	-1.12354e+00	
291	2.842800e-03	-2.96048e-01	-1.43590e+01	-1.12028e+00	
292	2.852800e-03	-2.60138e-01	-1.43590e+01	-1.11669e+00	
293	2.862800e-03	-2.21020e-01	-1.43590e+01	-1.11279e+00	
294	2.872800e-03	-1.78848e-01	-1.43590e+01	-1.10858e+00	
295	2.882800e-03	-1.33788e-01	-1.43590e+01	-1.10409e+00	
296	2.892800e-03	-8.60181e-02	-1.43590e+01	-1.09934e+00	
297	2.902800e-03	-3.57264e-02	-1.43590e+01	-1.09433e+00	
298	2.912800e-03	1.688901e-02	-1.43590e+01	-1.08910e+00	
299	2.922800e-03	7.162053e-02	-1.43590e+01	-1.08366e+00	
300	2.932800e-03	1.282523e-01	-1.43590e+01	-1.07804e+00	
301	2.942800e-03	1.865609e-01	-1.43590e+01	-1.07225e+00	
302	2.952800e-03	2.463162e-01	-1.43590e+01	-1.06632e+00	
303	2.962800e-03	3.072823e-01	-1.43590e+01	-1.06027e+00	
304	2.972800e-03	3.692185e-01	-1.43590e+01	-1.05413e+00	
305	2.982800e-03	4.318802e-01	-1.43590e+01	-1.04792e+00	
306	2.992800e-03	4.950198e-01	-1.43590e+01	-1.04167e+00	
307	3.002800e-03	5.583880e-01	-1.43590e+01	-1.03539e+00	
308	3.012800e-03	6.217342e-01	-1.43590e+01	-1.02912e+00	
309	3.022800e-03	6.848084e-01	-1.43590e+01	-1.02288e+00	
310	3.032800e-03	7.473611e-01	-1.43590e+01	-1.01669e+00	
311	3.042800e-03	8.091453e-01	-1.43590e+01	-1.01058e+00	
312	3.052800e-03	8.699168e-01	-1.43590e+01	-1.00458e+00	
313	3.062800e-03	9.294355e-01	-1.43590e+01	-9.98696e-01	
314	3.072800e-03	9.874663e-01	-1.43590e+01	-9.92966e-01	
315	3.082800e-03	1.043780e+00	-1.43590e+01	-9.87407e-01	
316	3.092800e-03	1.098154e+00	-1.43590e+01	-9.82043e-01	
317	3.102800e-03	1.150374e+00	-1.43590e+01	-9.76893e-01	
318	3.112800e-03	1.200234e+00	-1.43590e+01	-9.71979e-01	
319	3.122800e-03	1.247537e+00	-1.43590e+01	-9.67320e-01	
320	3.132800e-03	1.292096e+00	-1.43590e+01	-9.62934e-01	
321	3.142800e-03	1.333736e+00	-1.43590e+01	-9.58839e-01	
322	3.152800e-03	1.372292e+00	-1.43590e+01	-9.55050e-01	
323	3.162800e-03	1.407613e+00	-1.43590e+01	-9.51583e-01	
324	3.172800e-03	1.439559e+00	-1.43590e+01	-9.48451e-01	
325	3.182800e-03	1.468004e+00	-1.43590e+01	-9.45667e-01	
326	3.192800e-03	1.492836e+00	-1.43590e+01	-9.43242e-01	
327	3.202800e-03	1.513958e+00	-1.43590e+01	-9.41185e-01	
328	3.212800e-03	1.531286e+00	-1.43590e+01	-9.39504e-01	
329	3.222800e-03	1.544752e+00	-1.43590e+01	-9.38207e-01	
330	3.232800e-03	1.554303e+00	-1.43590e+01	-9.37297e-01	
331	3.242800e-03	1.559901e+00	-1.43590e+01	-9.36780e-01	
332	3.252800e-03	1.561525e+00	-1.43590e+01	-9.36655e-01	
333	3.262800e-03	1.559168e+00	-1.43590e+01	-9.36926e-01	
334	3.272800e-03	1.552839e+00	-1.43590e+01	-9.37589e-01	
335	3.282800e-03	1.542563e+00	-1.43590e+01	-9.38643e-01	
336	3.292800e-03	1.528382e+00	-1.43590e+01	-9.40083e-01	
337	3.302800e-03	1.510350e+00	-1.43590e+01	-9.41904e-01	
338	3.312800e-03	1.488538e+00	-1.43590e+01	-9.44099e-01	
339	3.322800e-03	1.463033e+00	-1.43590e+01	-9.46658e-01	
340	3.332800e-03	1.433935e+00	-1.43590e+01	-9.49572e-01	
341	3.342800e-03	1.401359e+00	-1.43590e+01	-9.52830e-01	
342	3.352800e-03	1.365434e+00	-1.43590e+01	-9.56417e-01	
343	3.362800e-03	1.326299e+00	-1.43590e+01	-9.60321e-01	
344	3.372800e-03	1.284111e+00	-1.43590e+01	-9.64526e-01	

Index   time            q.x1.q11#collCX q.x1.q12#collCX q.x1.q13#collCX 
--------------------------------------------------------------------------------
345	3.382800e-03	1.239036e+00	-1.43590e+01	-9.69016e-01	
346	3.392800e-03	1.191250e+00	-1.43590e+01	-9.73771e-01	
347	3.402800e-03	1.140944e+00	-1.43590e+01	-9.78775e-01	
348	3.412800e-03	1.088314e+00	-1.43590e+01	-9.84006e-01	
349	3.422800e-03	1.033569e+00	-1.43590e+01	-9.89445e-01	
350	3.432800e-03	9.769259e-01	-1.43590e+01	-9.95070e-01	
351	3.442800e-03	9.186071e-01	-1.43590e+01	-1.00086e+00	
352	3.452800e-03	8.588432e-01	-1.43590e+01	-1.00679e+00	
353	3.462800e-03	7.978704e-01	-1.43590e+01	-1.01283e+00	
354	3.472800e-03	7.359294e-01	-1.43590e+01	-1.01898e+00	
355	3.482800e-03	6.732651e-01	-1.43590e+01	-1.02519e+00	
356	3.492800e-03	6.101249e-01	-1.43590e+01	-1.03144e+00	
357	3.502800e-03	5.467584e-01	-1.43590e+01	-1.03772e+00	
358	3.512800e-03	4.834158e-01	-1.43590e+01	-1.04399e+00	
359	3.522800e-03	4.203474e-01	-1.43590e+01	-1.05023e+00	
360	3.532800e-03	3.578024e-01	-1.43590e+01	-1.05641e+00	
361	3.542800e-03	2.960278e-01	-1.43590e+01	-1.06252e+00	
362	3.552800e-03	2.352675e-01	-1.43590e+01	-1.06853e+00	
363	3.562800e-03	1.757615e-01	-1.43590e+01	-1.07441e+00	
364	3.572800e-03	1.177445e-01	-1.43590e+01	-1.08014e+00	
365	3.582800e-03	6.144570e-02	-1.43590e+01	-1.08570e+00	
366	3.592800e-03	7.087054e-03	-1.43590e+01	-1.09106e+00	
367	3.602800e-03	-4.51170e-02	-1.43590e+01	-1.09621e+00	
368	3.612800e-03	-9.49605e-02	-1.43590e+01	-1.10113e+00	
369	3.622800e-03	-1.42247e-01	-1.43590e+01	-1.10579e+00	
370	3.632800e-03	-1.86790e-01	-1.43590e+01	-1.11017e+00	
371	3.642800e-03	-2.28415e-01	-1.43590e+01	-1.11427e+00	
372	3.652800e-03	-2.66957e-01	-1.43590e+01	-1.11806e+00	
373	3.662800e-03	-3.02264e-01	-1.43590e+01	-1.12153e+00	
374	3.672800e-03	-3.34197e-01	-1.43590e+01	-1.12466e+00	
375	3.682800e-03	-3.62631e-01	-1.43590e+01	-1.12744e+00	
376	3.692800e-03	-3.87454e-01	-1.43590e+01	-1.12987e+00	
377	3.702800e-03	-4.08568e-01	-1.43590e+01	-1.13193e+00	
378	3.712800e-03	-4.25890e-01	-1.43590e+01	-1.13361e+00	
379	3.722800e-03	-4.39352e-01	-1.43590e+01	-1.13490e+00	
380	3.732800e-03	-4.48901e-01	-1.43590e+01	-1.13581e+00	
381	3.742800e-03	-4.54499e-01	-1.43590e+01	-1.13633e+00	
382	3.752800e-03	-4.56125e-01	-1.43590e+01	-1.13646e+00	
383	3.762800e-03	-4.53771e-01	-1.43590e+01	-1.13619e+00	
384	3.772800e-03	-4.47448e-01	-1.43590e+01	-1.13552e+00	
385	3.782800e-03	-4.37180e-01	-1.43590e+01	-1.13447e+00	
386	3.792800e-03	-4.23007e-01	-1.43590e+01	-1.13303e+00	
387	3.802800e-03	-4.04985e-01	-1.43590e+01	-1.13121e+00	
388	3.812800e-03	-3.83185e-01	-1.43590e+01	-1.12901e+00	
389	3.822800e-03	-3.57693e-01	-1.43590e+01	-1.12645e+00	
390	3.832800e-03	-3.28610e-01	-1.43590e+01	-1.12354e+00	
391	3.842800e-03	-2.96048e-01	-1.43590e+01	-1.12028e+00	
392	3.852800e-03	-2.60138e-01	-1.43590e+01	-1.11669e+00	
393	3.862800e-03	-2.21020e-01	-1.43590e+01	-1.11279e+00	
394	3.872800e-03	-1.78848e-01	-1.43590e+01	-1.10858e+00	
395	3.882800e-03	-1.33788e-01	-1.43590e+01	-1.10409e+00	
396	3.892800e-03	-8.60181e-02	-1.43590e+01	-1.09934e+00	
397	3.902800e-03	-3.57264e-02	-1.43590e+01	-1.09433e+00	
398	3.912800e-03	1.688901e-02	-1.43590e+01	-1.08910e+00	
399	3.922800e-03	7.162053e-02	-1.43590e+01	-1.08366e+00	
400	3.932800e-03	1.282523e-01	-1.43590e+01	-1.07804e+00	
401	3.942800e-03	1.865609e-01	-1.43590e+01	-1.07225e+00	
402	3.952800e-03	2.463162e-01	-1.43590e+01	-1.06632e+00	

Index   time            q.x1.q11#collCX q.x1.q12#collCX q.x1.q13#collCX 
--------------------------------------------------------------------------------
403	3.962800e-03	3.072823e-01	-1.43590e+01	-1.06027e+00	
404	3.972800e-03	3.692185e-01	-1.43590e+01	-1.05413e+00	
405	3.982800e-03	4.318802e-01	-1.43590e+01	-1.04792e+00	
406	3.992800e-03	4.950198e-01	-1.43590e+01	-1.04167e+00	
407	4.002800e-03	5.583880e-01	-1.43590e+01	-1.03539e+00	
408	4.012800e-03	6.217342e-01	-1.43590e+01	-1.02912e+00	
409	4.022800e-03	6.848084e-01	-1.43590e+01	-1.02288e+00	
410	4.032800e-03	7.473611e-01	-1.43590e+01	-1.01669e+00	
411	4.042800e-03	8.091453e-01	-1.43590e+01	-1.01058e+00	
412	4.052800e-03	8.699168e-01	-1.43590e+01	-1.00458e+00	
413	4.062800e-03	9.294355e-01	-1.43590e+01	-9.98696e-01	
414	4.072800e-03	9.874663e-01	-1.43590e+01	-9.92966e-01	
415	4.082800e-03	1.043780e+00	-1.43590e+01	-9.87407e-01	
416	4.092800e-03	1.098154e+00	-1.43590e+01	-9.82043e-01	
417	4.102800e-03	1.150374e+00	-1.43590e+01	-9.76893e-01	
418	4.112800e-03	1.200234e+00	-1.43590e+01	-9.71979e-01	
419	4.122800e-03	1.247537e+00	-1.43590e+01	-9.67320e-01	
420	4.132800e-03	1.292096e+00	-1.43590e+01	-9.62934e-01	
421	4.142800e-03	1.333736e+00	-1.43590e+01	-9.58839e-01	
422	4.152800e-03	1.372292e+00	-1.43590e+01	-9.55050e-01	
423	4.162800e-03	1.407613e+00	-1.43590e+01	-9.51583e-01	
424	4.172800e-03	1.439559e+00	-1.43590e+01	-9.48451e-01	
425	4.182800e-03	1.468004e+00	-1.43590e+01	-9.45667e-01	
426	4.192800e-03	1.492836e+00	-1.43590e+01	-9.43242e-01	
427	4.202800e-03	1.513958e+00	-1.43590e+01	-9.41185e-01	
428	4.212800e-03	1.531286e+00	-1.43590e+01	-9.39504e-01	
429	4.222800e-03	1.544752e+00	-1.43590e+01	-9.38207e-01	
430	4.232800e-03	1.554303e+00	-1.43590e+01	-9.37297e-01	
431	4.242800e-03	1.559901e+00	-1.43590e+01	-9.36780e-01	
432	4.252800e-03	1.561525e+00	-1.43590e+01	-9.36655e-01	
433	4.262800e-03	1.559168e+00	-1.43590e+01	-9.36926e-01	
434	4.272800e-03	1.552839e+00	-1.43590e+01	-9.37589e-01	
435	4.282800e-03	1.542563e+00	-1.43590e+01	-9.38643e-01	
436	4.292800e-03	1.528382e+00	-1.43590e+01	-9.40083e-01	
437	4.302800e-03	1.510350e+00	-1.43590e+01	-9.41904e-01	
438	4.312800e-03	1.488538e+00	-1.43590e+01	-9.44099e-01	
439	4.322800e-03	1.463033e+00	-1.43590e+01	-9.46658e-01	
440	4.332800e-03	1.433935e+00	-1.43590e+01	-9.49572e-01	
441	4.342800e-03	1.401359e+00	-1.43590e+01	-9.52830e-01	
442	4.352800e-03	1.365434e+00	-1.43590e+01	-9.56417e-01	
443	4.362800e-03	1.326299e+00	-1.43590e+01	-9.60321e-01	
444	4.372800e-03	1.284111e+00	-1.43590e+01	-9.64526e-01	
445	4.382800e-03	1.239036e+00	-1.43590e+01	-9.69016e-01	
446	4.392800e-03	1.191250e+00	-1.43590e+01	-9.73771e-01	
447	4.402800e-03	1.140944e+00	-1.43590e+01	-9.78775e-01	
448	4.412800e-03	1.088314e+00	-1.43590e+01	-9.84006e-01	
449	4.422800e-03	1.033569e+00	-1.43590e+01	-9.89445e-01	
450	4.432800e-03	9.769259e-01	-1.43590e+01	-9.95070e-01	
451	4.442800e-03	9.186071e-01	-1.43590e+01	-1.00086e+00	
452	4.452800e-03	8.588432e-01	-1.43590e+01	-1.00679e+00	
453	4.462800e-03	7.978704e-01	-1.43590e+01	-1.01283e+00	
454	4.472800e-03	7.359294e-01	-1.43590e+01	-1.01898e+00	
455	4.482800e-03	6.732651e-01	-1.43590e+01	-1.02519e+00	
456	4.492800e-03	6.101249e-01	-1.43590e+01	-1.03144e+00	
457	4.502800e-03	5.467584e-01	-1.43590e+01	-1.03772e+00	
458	4.512800e-03	4.834158e-01	-1.43590e+01	-1.04399e+00	
459	4.522800e-03	4.203474e-01	-1.43590e+01	-1.05023e+00	
460	4.532800e-03	3.578024e-01	-1.43590e+01	-1.05641e+00	

Index   time            q.x1.q11#collCX q.x1.q12#collCX q.x1.q13#collCX 
--------------------------------------------------------------------------------
461	4.542800e-03	2.960278e-01	-1.43590e+01	-1.06252e+00	
462	4.552800e-03	2.352675e-01	-1.43590e+01	-1.06853e+00	
463	4.562800e-03	1.757615e-01	-1.43590e+01	-1.07441e+00	
464	4.572800e-03	1.177445e-01	-1.43590e+01	-1.08014e+00	
465	4.582800e-03	6.144570e-02	-1.43590e+01	-1.08570e+00	
466	4.592800e-03	7.087055e-03	-1.43590e+01	-1.09106e+00	
467	4.602800e-03	-4.51170e-02	-1.43590e+01	-1.09621e+00	
468	4.612800e-03	-9.49605e-02	-1.43590e+01	-1.10113e+00	
469	4.622800e-03	-1.42247e-01	-1.43590e+01	-1.10579e+00	
470	4.632800e-03	-1.86790e-01	-1.43590e+01	-1.11017e+00	
471	4.642800e-03	-2.28415e-01	-1.43590e+01	-1.11427e+00	
472	4.652800e-03	-2.66957e-01	-1.43590e+01	-1.11806e+00	
473	4.662800e-03	-3.02264e-01	-1.43590e+01	-1.12153e+00	
474	4.672800e-03	-3.34197e-01	-1.43590e+01	-1.12466e+00	
475	4.682800e-03	-3.62631e-01	-1.43590e+01	-1.12744e+00	
476	4.692800e-03	-3.87454e-01	-1.43590e+01	-1.12987e+00	
477	4.702800e-03	-4.08568e-01	-1.43590e+01	-1.13193e+00	
478	4.712800e-03	-4.25890e-01	-1.43590e+01	-1.13361e+00	
479	4.722800e-03	-4.39352e-01	-1.43590e+01	-1.13490e+00	
480	4.732800e-03	-4.48901e-01	-1.43590e+01	-1.13581e+00	
481	4.742800e-03	-4.54499e-01	-1.43590e+01	-1.13633e+00	
482	4.752800e-03	-4.56125e-01	-1.43590e+01	-1.13646e+00	
483	4.762800e-03	-4.53771e-01	-1.43590e+01	-1.13619e+00	
484	4.772800e-03	-4.47448e-01	-1.43590e+01	-1.13552e+00	
485	4.782800e-03	-4.37180e-01	-1.43590e+01	-1.13447e+00	
486	4.792800e-03	-4.23007e-01	-1.43590e+01	-1.13303e+00	
487	4.802800e-03	-4.04985e-01	-1.43590e+01	-1.13121e+00	
488	4.812800e-03	-3.83185e-01	-1.43590e+01	-1.12901e+00	
489	4.822800e-03	-3.57693e-01	-1.43590e+01	-1.12645e+00	
490	4.832800e-03	-3.28610e-01	-1.43590e+01	-1.12354e+00	
491	4.842800e-03	-2.96048e-01	-1.43590e+01	-1.12028e+00	
492	4.852800e-03	-2.60138e-01	-1.43590e+01	-1.11669e+00	
493	4.862800e-03	-2.21020e-01	-1.43590e+01	-1.11279e+00	
494	4.872800e-03	-1.78848e-01	-1.43590e+01	-1.10858e+00	
495	4.882800e-03	-1.33788e-01	-1.43590e+01	-1.10409e+00	
496	4.892800e-03	-8.60181e-02	-1.43590e+01	-1.09934e+00	
497	4.902800e-03	-3.57264e-02	-1.43590e+01	-1.09433e+00	
498	4.912800e-03	1.688901e-02	-1.43590e+01	-1.08910e+00	
499	4.922800e-03	7.162053e-02	-1.43590e+01	-1.08366e+00	
500	4.932800e-03	1.282523e-01	-1.43590e+01	-1.07804e+00	
501	4.942800e-03	1.865609e-01	-1.43590e+01	-1.07225e+00	
502	4.952800e-03	2.463162e-01	-1.43590e+01	-1.06632e+00	
503	4.962800e-03	3.072823e-01	-1.43590e+01	-1.06027e+00	
504	4.972800e-03	3.692185e-01	-1.43590e+01	-1.05413e+00	
505	4.982800e-03	4.318802e-01	-1.43590e+01	-1.04792e+00	
506	4.992800e-03	4.950198e-01	-1.43590e+01	-1.04167e+00	
507	5.000000e-03	5.406388e-01	-1.43590e+01	-1.03715e+00	

                                kicad schematic
                                Transient Analysis  Tue Oct 21 20:02:38  2025
--------------------------------------------------------------------------------
Index   time            q.x1.q14#collCX q.x1.q15#collCX q.x1.q16#collCX 
--------------------------------------------------------------------------------
0	0.000000e+00	5.510563e-01	-5.09604e-01	-5.08841e-01	
1	1.000000e-07	5.510855e-01	-5.09573e-01	-5.08810e-01	
2	2.000000e-07	5.511455e-01	-5.09512e-01	-5.08749e-01	
3	4.000000e-07	5.513236e-01	-5.09331e-01	-5.08568e-01	
4	8.000000e-07	5.519953e-01	-5.08655e-01	-5.07892e-01	
5	1.600000e-06	5.543229e-01	-5.06320e-01	-5.05557e-01	
6	3.200000e-06	5.614420e-01	-4.99187e-01	-4.98424e-01	
7	6.400000e-06	5.798572e-01	-4.80749e-01	-4.79986e-01	
8	1.280000e-05	6.201812e-01	-4.40383e-01	-4.39621e-01	
9	2.280000e-05	6.833144e-01	-3.77186e-01	-3.76424e-01	
10	3.280000e-05	7.458420e-01	-3.14594e-01	-3.13833e-01	
11	4.280000e-05	8.076392e-01	-2.52733e-01	-2.51973e-01	
12	5.280000e-05	8.684064e-01	-1.91904e-01	-1.91144e-01	
13	6.280000e-05	9.279286e-01	-1.32321e-01	-1.31562e-01	
14	7.280000e-05	9.859594e-01	-7.42313e-02	-7.34724e-02	
15	8.280000e-05	1.042275e+00	-1.78587e-02	-1.71003e-02	
16	9.280000e-05	1.096650e+00	3.657152e-02	3.732951e-02	
17	1.028000e-04	1.148871e+00	8.884568e-02	8.960320e-02	
18	1.128000e-04	1.198732e+00	1.387569e-01	1.395140e-01	
19	1.228000e-04	1.246035e+00	1.861084e-01	1.868650e-01	
20	1.328000e-04	1.290595e+00	2.307133e-01	2.314695e-01	
21	1.428000e-04	1.332236e+00	2.723957e-01	2.731516e-01	
22	1.528000e-04	1.370793e+00	3.109912e-01	3.117467e-01	
23	1.628000e-04	1.406114e+00	3.463476e-01	3.471029e-01	
24	1.728000e-04	1.438060e+00	3.783256e-01	3.790806e-01	
25	1.828000e-04	1.466506e+00	4.067993e-01	4.075540e-01	
26	1.928000e-04	1.491339e+00	4.316563e-01	4.324108e-01	
27	2.028000e-04	1.512461e+00	4.527988e-01	4.535531e-01	
28	2.128000e-04	1.529789e+00	4.701435e-01	4.708977e-01	
29	2.228000e-04	1.543255e+00	4.836222e-01	4.843763e-01	
30	2.328000e-04	1.552806e+00	4.931817e-01	4.939357e-01	
31	2.428000e-04	1.558405e+00	4.987844e-01	4.995384e-01	
32	2.528000e-04	1.560029e+00	5.004084e-01	5.011624e-01	
33	2.628000e-04	1.557671e+00	4.980472e-01	4.988012e-01	
34	2.728000e-04	1.551342e+00	4.917102e-01	4.924643e-01	
35	2.828000e-04	1.541067e+00	4.814222e-01	4.821764e-01	
36	2.928000e-04	1.526885e+00	4.672240e-01	4.679783e-01	
37	3.028000e-04	1.508852e+00	4.491714e-01	4.499259e-01	
38	3.128000e-04	1.487040e+00	4.273354e-01	4.280902e-01	
39	3.228000e-04	1.461535e+00	4.018023e-01	4.025573e-01	
40	3.328000e-04	1.432437e+00	3.726725e-01	3.734278e-01	
41	3.428000e-04	1.399860e+00	3.400609e-01	3.408164e-01	
42	3.528000e-04	1.363934e+00	3.040960e-01	3.048518e-01	
43	3.628000e-04	1.324799e+00	2.649195e-01	2.656757e-01	
44	3.728000e-04	1.282610e+00	2.226859e-01	2.234426e-01	
45	3.828000e-04	1.237533e+00	1.775618e-01	1.783189e-01	
46	3.928000e-04	1.189747e+00	1.297252e-01	1.304827e-01	
47	4.028000e-04	1.139439e+00	7.936469e-02	8.012266e-02	
48	4.128000e-04	1.086809e+00	2.667908e-02	2.743753e-02	
49	4.228000e-04	1.032063e+00	-2.81237e-02	-2.73648e-02	
50	4.328000e-04	9.754187e-01	-8.48273e-02	-8.40679e-02	
51	4.428000e-04	9.170988e-01	-1.43208e-01	-1.42448e-01	
52	4.528000e-04	8.573338e-01	-2.03035e-01	-2.02274e-01	
53	4.628000e-04	7.963599e-01	-2.64072e-01	-2.63311e-01	
54	4.728000e-04	7.344178e-01	-3.26078e-01	-3.25316e-01	

Index   time            q.x1.q14#collCX q.x1.q15#collCX q.x1.q16#collCX 
--------------------------------------------------------------------------------
55	4.828000e-04	6.717523e-01	-3.88808e-01	-3.88046e-01	
56	4.928000e-04	6.086110e-01	-4.52014e-01	-4.51252e-01	
57	5.028000e-04	5.452433e-01	-5.15447e-01	-5.14684e-01	
58	5.128000e-04	4.818996e-01	-5.78856e-01	-5.78092e-01	
59	5.228000e-04	4.188301e-01	-6.41990e-01	-6.41225e-01	
60	5.328000e-04	3.562839e-01	-7.04600e-01	-7.03835e-01	
61	5.428000e-04	2.945082e-01	-7.66438e-01	-7.65673e-01	
62	5.528000e-04	2.337468e-01	-8.27261e-01	-8.26495e-01	
63	5.628000e-04	1.742397e-01	-8.86829e-01	-8.86062e-01	
64	5.728000e-04	1.162217e-01	-9.44906e-01	-9.44138e-01	
65	5.828000e-04	5.992182e-02	-1.00126e+00	-1.00049e+00	
66	5.928000e-04	5.562199e-03	-1.05568e+00	-1.05491e+00	
67	6.028000e-04	-4.66428e-02	-1.10793e+00	-1.10717e+00	
68	6.128000e-04	-9.64872e-02	-1.15783e+00	-1.15706e+00	
69	6.228000e-04	-1.43775e-01	-1.20516e+00	-1.20439e+00	
70	6.328000e-04	-1.88319e-01	-1.24975e+00	-1.24898e+00	
71	6.428000e-04	-2.29944e-01	-1.29142e+00	-1.29065e+00	
72	6.528000e-04	-2.68486e-01	-1.33000e+00	-1.32923e+00	
73	6.628000e-04	-3.03794e-01	-1.36534e+00	-1.36457e+00	
74	6.728000e-04	-3.35728e-01	-1.39731e+00	-1.39653e+00	
75	6.828000e-04	-3.64163e-01	-1.42577e+00	-1.42500e+00	
76	6.928000e-04	-3.88986e-01	-1.45062e+00	-1.44984e+00	
77	7.028000e-04	-4.10101e-01	-1.47175e+00	-1.47098e+00	
78	7.128000e-04	-4.27423e-01	-1.48909e+00	-1.48832e+00	
79	7.228000e-04	-4.40885e-01	-1.50256e+00	-1.50179e+00	
80	7.328000e-04	-4.50434e-01	-1.51212e+00	-1.51135e+00	
81	7.428000e-04	-4.56033e-01	-1.51772e+00	-1.51695e+00	
82	7.528000e-04	-4.57658e-01	-1.51935e+00	-1.51858e+00	
83	7.628000e-04	-4.55304e-01	-1.51699e+00	-1.51622e+00	
84	7.728000e-04	-4.48981e-01	-1.51066e+00	-1.50989e+00	
85	7.828000e-04	-4.38712e-01	-1.50038e+00	-1.49961e+00	
86	7.928000e-04	-4.24539e-01	-1.48619e+00	-1.48542e+00	
87	8.028000e-04	-4.06517e-01	-1.46815e+00	-1.46738e+00	
88	8.128000e-04	-3.84717e-01	-1.44632e+00	-1.44555e+00	
89	8.228000e-04	-3.59225e-01	-1.42080e+00	-1.42003e+00	
90	8.328000e-04	-3.30140e-01	-1.39169e+00	-1.39092e+00	
91	8.428000e-04	-2.97578e-01	-1.35909e+00	-1.35832e+00	
92	8.528000e-04	-2.61667e-01	-1.32314e+00	-1.32237e+00	
93	8.628000e-04	-2.22548e-01	-1.28398e+00	-1.28321e+00	
94	8.728000e-04	-1.80376e-01	-1.24177e+00	-1.24100e+00	
95	8.828000e-04	-1.35315e-01	-1.19666e+00	-1.19589e+00	
96	8.928000e-04	-8.75443e-02	-1.14884e+00	-1.14807e+00	
97	9.028000e-04	-3.72516e-02	-1.09849e+00	-1.09773e+00	
98	9.128000e-04	1.536474e-02	-1.04582e+00	-1.04506e+00	
99	9.228000e-04	7.009727e-02	-9.91034e-01	-9.90266e-01	
100	9.328000e-04	1.267301e-01	-9.34342e-01	-9.33576e-01	
101	9.428000e-04	1.850398e-01	-8.75972e-01	-8.75206e-01	
102	9.528000e-04	2.447962e-01	-8.16154e-01	-8.15389e-01	
103	9.628000e-04	3.057634e-01	-7.55124e-01	-7.54359e-01	
104	9.728000e-04	3.677007e-01	-6.93123e-01	-6.92359e-01	
105	9.828000e-04	4.303635e-01	-6.30396e-01	-6.29632e-01	
106	9.928000e-04	4.935043e-01	-5.67190e-01	-5.66427e-01	
107	1.002800e-03	5.568736e-01	-5.03756e-01	-5.02993e-01	
108	1.012800e-03	6.202210e-01	-4.40344e-01	-4.39581e-01	
109	1.022800e-03	6.832963e-01	-3.77204e-01	-3.76442e-01	
110	1.032800e-03	7.458502e-01	-3.14586e-01	-3.13825e-01	
111	1.042800e-03	8.076355e-01	-2.52737e-01	-2.51977e-01	
112	1.052800e-03	8.684081e-01	-1.91903e-01	-1.91142e-01	

Index   time            q.x1.q14#collCX q.x1.q15#collCX q.x1.q16#collCX 
--------------------------------------------------------------------------------
113	1.062800e-03	9.279278e-01	-1.32322e-01	-1.31562e-01	
114	1.072800e-03	9.859597e-01	-7.42310e-02	-7.34720e-02	
115	1.082800e-03	1.042274e+00	-1.78589e-02	-1.71004e-02	
116	1.092800e-03	1.096650e+00	3.657160e-02	3.732959e-02	
117	1.102800e-03	1.148871e+00	8.884564e-02	8.960317e-02	
118	1.112800e-03	1.198732e+00	1.387569e-01	1.395140e-01	
119	1.122800e-03	1.246035e+00	1.861084e-01	1.868650e-01	
120	1.132800e-03	1.290595e+00	2.307133e-01	2.314695e-01	
121	1.142800e-03	1.332236e+00	2.723957e-01	2.731516e-01	
122	1.152800e-03	1.370793e+00	3.109912e-01	3.117467e-01	
123	1.162800e-03	1.406114e+00	3.463476e-01	3.471029e-01	
124	1.172800e-03	1.438060e+00	3.783256e-01	3.790806e-01	
125	1.182800e-03	1.466506e+00	4.067993e-01	4.075540e-01	
126	1.192800e-03	1.491339e+00	4.316563e-01	4.324108e-01	
127	1.202800e-03	1.512461e+00	4.527988e-01	4.535531e-01	
128	1.212800e-03	1.529789e+00	4.701435e-01	4.708977e-01	
129	1.222800e-03	1.543255e+00	4.836222e-01	4.843763e-01	
130	1.232800e-03	1.552806e+00	4.931817e-01	4.939357e-01	
131	1.242800e-03	1.558405e+00	4.987844e-01	4.995384e-01	
132	1.252800e-03	1.560029e+00	5.004084e-01	5.011624e-01	
133	1.262800e-03	1.557671e+00	4.980472e-01	4.988012e-01	
134	1.272800e-03	1.551342e+00	4.917102e-01	4.924643e-01	
135	1.282800e-03	1.541067e+00	4.814222e-01	4.821764e-01	
136	1.292800e-03	1.526885e+00	4.672240e-01	4.679783e-01	
137	1.302800e-03	1.508852e+00	4.491714e-01	4.499259e-01	
138	1.312800e-03	1.487040e+00	4.273354e-01	4.280902e-01	
139	1.322800e-03	1.461535e+00	4.018023e-01	4.025573e-01	
140	1.332800e-03	1.432437e+00	3.726725e-01	3.734278e-01	
141	1.342800e-03	1.399860e+00	3.400609e-01	3.408164e-01	
142	1.352800e-03	1.363934e+00	3.040960e-01	3.048518e-01	
143	1.362800e-03	1.324799e+00	2.649195e-01	2.656757e-01	
144	1.372800e-03	1.282610e+00	2.226859e-01	2.234426e-01	
145	1.382800e-03	1.237533e+00	1.775618e-01	1.783189e-01	
146	1.392800e-03	1.189747e+00	1.297252e-01	1.304827e-01	
147	1.402800e-03	1.139439e+00	7.936469e-02	8.012266e-02	
148	1.412800e-03	1.086809e+00	2.667908e-02	2.743753e-02	
149	1.422800e-03	1.032063e+00	-2.81237e-02	-2.73648e-02	
150	1.432800e-03	9.754187e-01	-8.48273e-02	-8.40679e-02	
151	1.442800e-03	9.170988e-01	-1.43208e-01	-1.42448e-01	
152	1.452800e-03	8.573338e-01	-2.03035e-01	-2.02274e-01	
153	1.462800e-03	7.963599e-01	-2.64072e-01	-2.63311e-01	
154	1.472800e-03	7.344178e-01	-3.26078e-01	-3.25316e-01	
155	1.482800e-03	6.717523e-01	-3.88808e-01	-3.88046e-01	
156	1.492800e-03	6.086110e-01	-4.52014e-01	-4.51252e-01	
157	1.502800e-03	5.452433e-01	-5.15447e-01	-5.14684e-01	
158	1.512800e-03	4.818996e-01	-5.78856e-01	-5.78092e-01	
159	1.522800e-03	4.188301e-01	-6.41990e-01	-6.41225e-01	
160	1.532800e-03	3.562839e-01	-7.04600e-01	-7.03835e-01	
161	1.542800e-03	2.945082e-01	-7.66438e-01	-7.65673e-01	
162	1.552800e-03	2.337468e-01	-8.27261e-01	-8.26495e-01	
163	1.562800e-03	1.742397e-01	-8.86829e-01	-8.86062e-01	
164	1.572800e-03	1.162217e-01	-9.44906e-01	-9.44138e-01	
165	1.582800e-03	5.992182e-02	-1.00126e+00	-1.00049e+00	
166	1.592800e-03	5.562199e-03	-1.05568e+00	-1.05491e+00	
167	1.602800e-03	-4.66428e-02	-1.10793e+00	-1.10717e+00	
168	1.612800e-03	-9.64872e-02	-1.15783e+00	-1.15706e+00	
169	1.622800e-03	-1.43775e-01	-1.20516e+00	-1.20439e+00	
170	1.632800e-03	-1.88319e-01	-1.24975e+00	-1.24898e+00	

Index   time            q.x1.q14#collCX q.x1.q15#collCX q.x1.q16#collCX 
--------------------------------------------------------------------------------
171	1.642800e-03	-2.29944e-01	-1.29142e+00	-1.29065e+00	
172	1.652800e-03	-2.68486e-01	-1.33000e+00	-1.32923e+00	
173	1.662800e-03	-3.03794e-01	-1.36534e+00	-1.36457e+00	
174	1.672800e-03	-3.35728e-01	-1.39731e+00	-1.39653e+00	
175	1.682800e-03	-3.64163e-01	-1.42577e+00	-1.42500e+00	
176	1.692800e-03	-3.88986e-01	-1.45062e+00	-1.44984e+00	
177	1.702800e-03	-4.10101e-01	-1.47175e+00	-1.47098e+00	
178	1.712800e-03	-4.27423e-01	-1.48909e+00	-1.48832e+00	
179	1.722800e-03	-4.40885e-01	-1.50256e+00	-1.50179e+00	
180	1.732800e-03	-4.50434e-01	-1.51212e+00	-1.51135e+00	
181	1.742800e-03	-4.56033e-01	-1.51772e+00	-1.51695e+00	
182	1.752800e-03	-4.57658e-01	-1.51935e+00	-1.51858e+00	
183	1.762800e-03	-4.55304e-01	-1.51699e+00	-1.51622e+00	
184	1.772800e-03	-4.48981e-01	-1.51066e+00	-1.50989e+00	
185	1.782800e-03	-4.38712e-01	-1.50038e+00	-1.49961e+00	
186	1.792800e-03	-4.24539e-01	-1.48619e+00	-1.48542e+00	
187	1.802800e-03	-4.06517e-01	-1.46815e+00	-1.46738e+00	
188	1.812800e-03	-3.84717e-01	-1.44632e+00	-1.44555e+00	
189	1.822800e-03	-3.59225e-01	-1.42080e+00	-1.42003e+00	
190	1.832800e-03	-3.30140e-01	-1.39169e+00	-1.39092e+00	
191	1.842800e-03	-2.97578e-01	-1.35909e+00	-1.35832e+00	
192	1.852800e-03	-2.61667e-01	-1.32314e+00	-1.32237e+00	
193	1.862800e-03	-2.22548e-01	-1.28398e+00	-1.28321e+00	
194	1.872800e-03	-1.80376e-01	-1.24177e+00	-1.24100e+00	
195	1.882800e-03	-1.35315e-01	-1.19666e+00	-1.19589e+00	
196	1.892800e-03	-8.75443e-02	-1.14884e+00	-1.14807e+00	
197	1.902800e-03	-3.72516e-02	-1.09849e+00	-1.09773e+00	
198	1.912800e-03	1.536474e-02	-1.04582e+00	-1.04506e+00	
199	1.922800e-03	7.009727e-02	-9.91034e-01	-9.90266e-01	
200	1.932800e-03	1.267301e-01	-9.34342e-01	-9.33576e-01	
201	1.942800e-03	1.850398e-01	-8.75972e-01	-8.75206e-01	
202	1.952800e-03	2.447962e-01	-8.16154e-01	-8.15389e-01	
203	1.962800e-03	3.057634e-01	-7.55124e-01	-7.54359e-01	
204	1.972800e-03	3.677007e-01	-6.93123e-01	-6.92359e-01	
205	1.982800e-03	4.303635e-01	-6.30396e-01	-6.29632e-01	
206	1.992800e-03	4.935043e-01	-5.67190e-01	-5.66427e-01	
207	2.002800e-03	5.568736e-01	-5.03756e-01	-5.02993e-01	
208	2.012800e-03	6.202210e-01	-4.40344e-01	-4.39581e-01	
209	2.022800e-03	6.832963e-01	-3.77204e-01	-3.76442e-01	
210	2.032800e-03	7.458502e-01	-3.14586e-01	-3.13825e-01	
211	2.042800e-03	8.076355e-01	-2.52737e-01	-2.51977e-01	
212	2.052800e-03	8.684081e-01	-1.91903e-01	-1.91142e-01	
213	2.062800e-03	9.279278e-01	-1.32322e-01	-1.31562e-01	
214	2.072800e-03	9.859597e-01	-7.42310e-02	-7.34720e-02	
215	2.082800e-03	1.042274e+00	-1.78589e-02	-1.71004e-02	
216	2.092800e-03	1.096650e+00	3.657160e-02	3.732959e-02	
217	2.102800e-03	1.148871e+00	8.884564e-02	8.960317e-02	
218	2.112800e-03	1.198732e+00	1.387569e-01	1.395140e-01	
219	2.122800e-03	1.246035e+00	1.861084e-01	1.868650e-01	
220	2.132800e-03	1.290595e+00	2.307133e-01	2.314695e-01	
221	2.142800e-03	1.332236e+00	2.723957e-01	2.731516e-01	
222	2.152800e-03	1.370793e+00	3.109912e-01	3.117467e-01	
223	2.162800e-03	1.406114e+00	3.463476e-01	3.471029e-01	
224	2.172800e-03	1.438060e+00	3.783256e-01	3.790806e-01	
225	2.182800e-03	1.466506e+00	4.067993e-01	4.075540e-01	
226	2.192800e-03	1.491339e+00	4.316563e-01	4.324108e-01	
227	2.202800e-03	1.512461e+00	4.527988e-01	4.535531e-01	
228	2.212800e-03	1.529789e+00	4.701435e-01	4.708977e-01	

Index   time            q.x1.q14#collCX q.x1.q15#collCX q.x1.q16#collCX 
--------------------------------------------------------------------------------
229	2.222800e-03	1.543255e+00	4.836222e-01	4.843763e-01	
230	2.232800e-03	1.552806e+00	4.931817e-01	4.939357e-01	
231	2.242800e-03	1.558405e+00	4.987844e-01	4.995384e-01	
232	2.252800e-03	1.560029e+00	5.004084e-01	5.011624e-01	
233	2.262800e-03	1.557671e+00	4.980472e-01	4.988012e-01	
234	2.272800e-03	1.551342e+00	4.917102e-01	4.924643e-01	
235	2.282800e-03	1.541067e+00	4.814222e-01	4.821764e-01	
236	2.292800e-03	1.526885e+00	4.672240e-01	4.679783e-01	
237	2.302800e-03	1.508852e+00	4.491714e-01	4.499259e-01	
238	2.312800e-03	1.487040e+00	4.273354e-01	4.280902e-01	
239	2.322800e-03	1.461535e+00	4.018023e-01	4.025573e-01	
240	2.332800e-03	1.432437e+00	3.726725e-01	3.734278e-01	
241	2.342800e-03	1.399860e+00	3.400609e-01	3.408164e-01	
242	2.352800e-03	1.363934e+00	3.040960e-01	3.048518e-01	
243	2.362800e-03	1.324799e+00	2.649195e-01	2.656757e-01	
244	2.372800e-03	1.282610e+00	2.226859e-01	2.234426e-01	
245	2.382800e-03	1.237533e+00	1.775618e-01	1.783189e-01	
246	2.392800e-03	1.189747e+00	1.297252e-01	1.304827e-01	
247	2.402800e-03	1.139439e+00	7.936469e-02	8.012266e-02	
248	2.412800e-03	1.086809e+00	2.667908e-02	2.743753e-02	
249	2.422800e-03	1.032063e+00	-2.81237e-02	-2.73648e-02	
250	2.432800e-03	9.754187e-01	-8.48273e-02	-8.40679e-02	
251	2.442800e-03	9.170988e-01	-1.43208e-01	-1.42448e-01	
252	2.452800e-03	8.573338e-01	-2.03035e-01	-2.02274e-01	
253	2.462800e-03	7.963599e-01	-2.64072e-01	-2.63311e-01	
254	2.472800e-03	7.344178e-01	-3.26078e-01	-3.25316e-01	
255	2.482800e-03	6.717523e-01	-3.88808e-01	-3.88046e-01	
256	2.492800e-03	6.086110e-01	-4.52014e-01	-4.51252e-01	
257	2.502800e-03	5.452433e-01	-5.15447e-01	-5.14684e-01	
258	2.512800e-03	4.818996e-01	-5.78856e-01	-5.78092e-01	
259	2.522800e-03	4.188301e-01	-6.41990e-01	-6.41225e-01	
260	2.532800e-03	3.562839e-01	-7.04600e-01	-7.03835e-01	
261	2.542800e-03	2.945082e-01	-7.66438e-01	-7.65673e-01	
262	2.552800e-03	2.337468e-01	-8.27261e-01	-8.26495e-01	
263	2.562800e-03	1.742397e-01	-8.86829e-01	-8.86062e-01	
264	2.572800e-03	1.162217e-01	-9.44906e-01	-9.44138e-01	
265	2.582800e-03	5.992182e-02	-1.00126e+00	-1.00049e+00	
266	2.592800e-03	5.562199e-03	-1.05568e+00	-1.05491e+00	
267	2.602800e-03	-4.66428e-02	-1.10793e+00	-1.10717e+00	
268	2.612800e-03	-9.64872e-02	-1.15783e+00	-1.15706e+00	
269	2.622800e-03	-1.43775e-01	-1.20516e+00	-1.20439e+00	
270	2.632800e-03	-1.88319e-01	-1.24975e+00	-1.24898e+00	
271	2.642800e-03	-2.29944e-01	-1.29142e+00	-1.29065e+00	
272	2.652800e-03	-2.68486e-01	-1.33000e+00	-1.32923e+00	
273	2.662800e-03	-3.03794e-01	-1.36534e+00	-1.36457e+00	
274	2.672800e-03	-3.35728e-01	-1.39731e+00	-1.39653e+00	
275	2.682800e-03	-3.64163e-01	-1.42577e+00	-1.42500e+00	
276	2.692800e-03	-3.88986e-01	-1.45062e+00	-1.44984e+00	
277	2.702800e-03	-4.10101e-01	-1.47175e+00	-1.47098e+00	
278	2.712800e-03	-4.27423e-01	-1.48909e+00	-1.48832e+00	
279	2.722800e-03	-4.40885e-01	-1.50256e+00	-1.50179e+00	
280	2.732800e-03	-4.50434e-01	-1.51212e+00	-1.51135e+00	
281	2.742800e-03	-4.56033e-01	-1.51772e+00	-1.51695e+00	
282	2.752800e-03	-4.57658e-01	-1.51935e+00	-1.51858e+00	
283	2.762800e-03	-4.55304e-01	-1.51699e+00	-1.51622e+00	
284	2.772800e-03	-4.48981e-01	-1.51066e+00	-1.50989e+00	
285	2.782800e-03	-4.38712e-01	-1.50038e+00	-1.49961e+00	
286	2.792800e-03	-4.24539e-01	-1.48619e+00	-1.48542e+00	

Index   time            q.x1.q14#collCX q.x1.q15#collCX q.x1.q16#collCX 
--------------------------------------------------------------------------------
287	2.802800e-03	-4.06517e-01	-1.46815e+00	-1.46738e+00	
288	2.812800e-03	-3.84717e-01	-1.44632e+00	-1.44555e+00	
289	2.822800e-03	-3.59225e-01	-1.42080e+00	-1.42003e+00	
290	2.832800e-03	-3.30140e-01	-1.39169e+00	-1.39092e+00	
291	2.842800e-03	-2.97578e-01	-1.35909e+00	-1.35832e+00	
292	2.852800e-03	-2.61667e-01	-1.32314e+00	-1.32237e+00	
293	2.862800e-03	-2.22548e-01	-1.28398e+00	-1.28321e+00	
294	2.872800e-03	-1.80376e-01	-1.24177e+00	-1.24100e+00	
295	2.882800e-03	-1.35315e-01	-1.19666e+00	-1.19589e+00	
296	2.892800e-03	-8.75443e-02	-1.14884e+00	-1.14807e+00	
297	2.902800e-03	-3.72516e-02	-1.09849e+00	-1.09773e+00	
298	2.912800e-03	1.536474e-02	-1.04582e+00	-1.04506e+00	
299	2.922800e-03	7.009727e-02	-9.91034e-01	-9.90266e-01	
300	2.932800e-03	1.267301e-01	-9.34342e-01	-9.33576e-01	
301	2.942800e-03	1.850398e-01	-8.75972e-01	-8.75206e-01	
302	2.952800e-03	2.447962e-01	-8.16154e-01	-8.15389e-01	
303	2.962800e-03	3.057634e-01	-7.55124e-01	-7.54359e-01	
304	2.972800e-03	3.677007e-01	-6.93123e-01	-6.92359e-01	
305	2.982800e-03	4.303635e-01	-6.30396e-01	-6.29632e-01	
306	2.992800e-03	4.935043e-01	-5.67190e-01	-5.66427e-01	
307	3.002800e-03	5.568736e-01	-5.03756e-01	-5.02993e-01	
308	3.012800e-03	6.202210e-01	-4.40344e-01	-4.39581e-01	
309	3.022800e-03	6.832963e-01	-3.77204e-01	-3.76442e-01	
310	3.032800e-03	7.458502e-01	-3.14586e-01	-3.13825e-01	
311	3.042800e-03	8.076355e-01	-2.52737e-01	-2.51977e-01	
312	3.052800e-03	8.684081e-01	-1.91903e-01	-1.91142e-01	
313	3.062800e-03	9.279278e-01	-1.32322e-01	-1.31562e-01	
314	3.072800e-03	9.859597e-01	-7.42310e-02	-7.34720e-02	
315	3.082800e-03	1.042274e+00	-1.78589e-02	-1.71004e-02	
316	3.092800e-03	1.096650e+00	3.657160e-02	3.732959e-02	
317	3.102800e-03	1.148871e+00	8.884564e-02	8.960317e-02	
318	3.112800e-03	1.198732e+00	1.387569e-01	1.395140e-01	
319	3.122800e-03	1.246035e+00	1.861084e-01	1.868650e-01	
320	3.132800e-03	1.290595e+00	2.307133e-01	2.314695e-01	
321	3.142800e-03	1.332236e+00	2.723957e-01	2.731516e-01	
322	3.152800e-03	1.370793e+00	3.109912e-01	3.117467e-01	
323	3.162800e-03	1.406114e+00	3.463476e-01	3.471029e-01	
324	3.172800e-03	1.438060e+00	3.783256e-01	3.790806e-01	
325	3.182800e-03	1.466506e+00	4.067993e-01	4.075540e-01	
326	3.192800e-03	1.491339e+00	4.316563e-01	4.324108e-01	
327	3.202800e-03	1.512461e+00	4.527988e-01	4.535531e-01	
328	3.212800e-03	1.529789e+00	4.701435e-01	4.708977e-01	
329	3.222800e-03	1.543255e+00	4.836222e-01	4.843763e-01	
330	3.232800e-03	1.552806e+00	4.931817e-01	4.939357e-01	
331	3.242800e-03	1.558405e+00	4.987844e-01	4.995384e-01	
332	3.252800e-03	1.560029e+00	5.004084e-01	5.011624e-01	
333	3.262800e-03	1.557671e+00	4.980472e-01	4.988012e-01	
334	3.272800e-03	1.551342e+00	4.917102e-01	4.924643e-01	
335	3.282800e-03	1.541067e+00	4.814222e-01	4.821764e-01	
336	3.292800e-03	1.526885e+00	4.672240e-01	4.679783e-01	
337	3.302800e-03	1.508852e+00	4.491714e-01	4.499259e-01	
338	3.312800e-03	1.487040e+00	4.273354e-01	4.280902e-01	
339	3.322800e-03	1.461535e+00	4.018023e-01	4.025573e-01	
340	3.332800e-03	1.432437e+00	3.726725e-01	3.734278e-01	
341	3.342800e-03	1.399860e+00	3.400609e-01	3.408164e-01	
342	3.352800e-03	1.363934e+00	3.040960e-01	3.048518e-01	
343	3.362800e-03	1.324799e+00	2.649195e-01	2.656757e-01	
344	3.372800e-03	1.282610e+00	2.226859e-01	2.234426e-01	

Index   time            q.x1.q14#collCX q.x1.q15#collCX q.x1.q16#collCX 
--------------------------------------------------------------------------------
345	3.382800e-03	1.237533e+00	1.775618e-01	1.783189e-01	
346	3.392800e-03	1.189747e+00	1.297252e-01	1.304827e-01	
347	3.402800e-03	1.139439e+00	7.936469e-02	8.012266e-02	
348	3.412800e-03	1.086809e+00	2.667908e-02	2.743753e-02	
349	3.422800e-03	1.032063e+00	-2.81237e-02	-2.73648e-02	
350	3.432800e-03	9.754187e-01	-8.48273e-02	-8.40679e-02	
351	3.442800e-03	9.170988e-01	-1.43208e-01	-1.42448e-01	
352	3.452800e-03	8.573338e-01	-2.03035e-01	-2.02274e-01	
353	3.462800e-03	7.963599e-01	-2.64072e-01	-2.63311e-01	
354	3.472800e-03	7.344178e-01	-3.26078e-01	-3.25316e-01	
355	3.482800e-03	6.717523e-01	-3.88808e-01	-3.88046e-01	
356	3.492800e-03	6.086110e-01	-4.52014e-01	-4.51252e-01	
357	3.502800e-03	5.452433e-01	-5.15447e-01	-5.14684e-01	
358	3.512800e-03	4.818996e-01	-5.78856e-01	-5.78092e-01	
359	3.522800e-03	4.188301e-01	-6.41990e-01	-6.41225e-01	
360	3.532800e-03	3.562839e-01	-7.04600e-01	-7.03835e-01	
361	3.542800e-03	2.945082e-01	-7.66438e-01	-7.65673e-01	
362	3.552800e-03	2.337468e-01	-8.27261e-01	-8.26495e-01	
363	3.562800e-03	1.742397e-01	-8.86829e-01	-8.86062e-01	
364	3.572800e-03	1.162217e-01	-9.44906e-01	-9.44138e-01	
365	3.582800e-03	5.992182e-02	-1.00126e+00	-1.00049e+00	
366	3.592800e-03	5.562199e-03	-1.05568e+00	-1.05491e+00	
367	3.602800e-03	-4.66428e-02	-1.10793e+00	-1.10717e+00	
368	3.612800e-03	-9.64872e-02	-1.15783e+00	-1.15706e+00	
369	3.622800e-03	-1.43775e-01	-1.20516e+00	-1.20439e+00	
370	3.632800e-03	-1.88319e-01	-1.24975e+00	-1.24898e+00	
371	3.642800e-03	-2.29944e-01	-1.29142e+00	-1.29065e+00	
372	3.652800e-03	-2.68486e-01	-1.33000e+00	-1.32923e+00	
373	3.662800e-03	-3.03794e-01	-1.36534e+00	-1.36457e+00	
374	3.672800e-03	-3.35728e-01	-1.39731e+00	-1.39653e+00	
375	3.682800e-03	-3.64163e-01	-1.42577e+00	-1.42500e+00	
376	3.692800e-03	-3.88986e-01	-1.45062e+00	-1.44984e+00	
377	3.702800e-03	-4.10101e-01	-1.47175e+00	-1.47098e+00	
378	3.712800e-03	-4.27423e-01	-1.48909e+00	-1.48832e+00	
379	3.722800e-03	-4.40885e-01	-1.50256e+00	-1.50179e+00	
380	3.732800e-03	-4.50434e-01	-1.51212e+00	-1.51135e+00	
381	3.742800e-03	-4.56033e-01	-1.51772e+00	-1.51695e+00	
382	3.752800e-03	-4.57658e-01	-1.51935e+00	-1.51858e+00	
383	3.762800e-03	-4.55304e-01	-1.51699e+00	-1.51622e+00	
384	3.772800e-03	-4.48981e-01	-1.51066e+00	-1.50989e+00	
385	3.782800e-03	-4.38712e-01	-1.50038e+00	-1.49961e+00	
386	3.792800e-03	-4.24539e-01	-1.48619e+00	-1.48542e+00	
387	3.802800e-03	-4.06517e-01	-1.46815e+00	-1.46738e+00	
388	3.812800e-03	-3.84717e-01	-1.44632e+00	-1.44555e+00	
389	3.822800e-03	-3.59225e-01	-1.42080e+00	-1.42003e+00	
390	3.832800e-03	-3.30140e-01	-1.39169e+00	-1.39092e+00	
391	3.842800e-03	-2.97578e-01	-1.35909e+00	-1.35832e+00	
392	3.852800e-03	-2.61667e-01	-1.32314e+00	-1.32237e+00	
393	3.862800e-03	-2.22548e-01	-1.28398e+00	-1.28321e+00	
394	3.872800e-03	-1.80376e-01	-1.24177e+00	-1.24100e+00	
395	3.882800e-03	-1.35315e-01	-1.19666e+00	-1.19589e+00	
396	3.892800e-03	-8.75443e-02	-1.14884e+00	-1.14807e+00	
397	3.902800e-03	-3.72516e-02	-1.09849e+00	-1.09773e+00	
398	3.912800e-03	1.536474e-02	-1.04582e+00	-1.04506e+00	
399	3.922800e-03	7.009727e-02	-9.91034e-01	-9.90266e-01	
400	3.932800e-03	1.267301e-01	-9.34342e-01	-9.33576e-01	
401	3.942800e-03	1.850398e-01	-8.75972e-01	-8.75206e-01	
402	3.952800e-03	2.447962e-01	-8.16154e-01	-8.15389e-01	

Index   time            q.x1.q14#collCX q.x1.q15#collCX q.x1.q16#collCX 
--------------------------------------------------------------------------------
403	3.962800e-03	3.057634e-01	-7.55124e-01	-7.54359e-01	
404	3.972800e-03	3.677007e-01	-6.93123e-01	-6.92359e-01	
405	3.982800e-03	4.303635e-01	-6.30396e-01	-6.29632e-01	
406	3.992800e-03	4.935043e-01	-5.67190e-01	-5.66427e-01	
407	4.002800e-03	5.568736e-01	-5.03756e-01	-5.02993e-01	
408	4.012800e-03	6.202210e-01	-4.40344e-01	-4.39581e-01	
409	4.022800e-03	6.832963e-01	-3.77204e-01	-3.76442e-01	
410	4.032800e-03	7.458502e-01	-3.14586e-01	-3.13825e-01	
411	4.042800e-03	8.076355e-01	-2.52737e-01	-2.51977e-01	
412	4.052800e-03	8.684081e-01	-1.91903e-01	-1.91142e-01	
413	4.062800e-03	9.279278e-01	-1.32322e-01	-1.31562e-01	
414	4.072800e-03	9.859597e-01	-7.42310e-02	-7.34720e-02	
415	4.082800e-03	1.042274e+00	-1.78589e-02	-1.71004e-02	
416	4.092800e-03	1.096650e+00	3.657160e-02	3.732959e-02	
417	4.102800e-03	1.148871e+00	8.884564e-02	8.960317e-02	
418	4.112800e-03	1.198732e+00	1.387569e-01	1.395140e-01	
419	4.122800e-03	1.246035e+00	1.861084e-01	1.868650e-01	
420	4.132800e-03	1.290595e+00	2.307133e-01	2.314695e-01	
421	4.142800e-03	1.332236e+00	2.723957e-01	2.731516e-01	
422	4.152800e-03	1.370793e+00	3.109912e-01	3.117467e-01	
423	4.162800e-03	1.406114e+00	3.463476e-01	3.471029e-01	
424	4.172800e-03	1.438060e+00	3.783256e-01	3.790806e-01	
425	4.182800e-03	1.466506e+00	4.067993e-01	4.075540e-01	
426	4.192800e-03	1.491339e+00	4.316563e-01	4.324108e-01	
427	4.202800e-03	1.512461e+00	4.527988e-01	4.535531e-01	
428	4.212800e-03	1.529789e+00	4.701435e-01	4.708977e-01	
429	4.222800e-03	1.543255e+00	4.836222e-01	4.843763e-01	
430	4.232800e-03	1.552806e+00	4.931817e-01	4.939357e-01	
431	4.242800e-03	1.558405e+00	4.987844e-01	4.995384e-01	
432	4.252800e-03	1.560029e+00	5.004084e-01	5.011624e-01	
433	4.262800e-03	1.557671e+00	4.980472e-01	4.988012e-01	
434	4.272800e-03	1.551342e+00	4.917102e-01	4.924643e-01	
435	4.282800e-03	1.541067e+00	4.814222e-01	4.821764e-01	
436	4.292800e-03	1.526885e+00	4.672240e-01	4.679783e-01	
437	4.302800e-03	1.508852e+00	4.491714e-01	4.499259e-01	
438	4.312800e-03	1.487040e+00	4.273354e-01	4.280902e-01	
439	4.322800e-03	1.461535e+00	4.018023e-01	4.025573e-01	
440	4.332800e-03	1.432437e+00	3.726725e-01	3.734278e-01	
441	4.342800e-03	1.399860e+00	3.400609e-01	3.408164e-01	
442	4.352800e-03	1.363934e+00	3.040960e-01	3.048519e-01	
443	4.362800e-03	1.324799e+00	2.649195e-01	2.656757e-01	
444	4.372800e-03	1.282610e+00	2.226859e-01	2.234426e-01	
445	4.382800e-03	1.237533e+00	1.775618e-01	1.783189e-01	
446	4.392800e-03	1.189747e+00	1.297252e-01	1.304827e-01	
447	4.402800e-03	1.139439e+00	7.936469e-02	8.012266e-02	
448	4.412800e-03	1.086809e+00	2.667908e-02	2.743753e-02	
449	4.422800e-03	1.032063e+00	-2.81237e-02	-2.73648e-02	
450	4.432800e-03	9.754187e-01	-8.48273e-02	-8.40679e-02	
451	4.442800e-03	9.170988e-01	-1.43208e-01	-1.42448e-01	
452	4.452800e-03	8.573338e-01	-2.03035e-01	-2.02274e-01	
453	4.462800e-03	7.963599e-01	-2.64072e-01	-2.63311e-01	
454	4.472800e-03	7.344178e-01	-3.26078e-01	-3.25316e-01	
455	4.482800e-03	6.717523e-01	-3.88808e-01	-3.88046e-01	
456	4.492800e-03	6.086110e-01	-4.52014e-01	-4.51252e-01	
457	4.502800e-03	5.452433e-01	-5.15447e-01	-5.14684e-01	
458	4.512800e-03	4.818996e-01	-5.78856e-01	-5.78092e-01	
459	4.522800e-03	4.188301e-01	-6.41990e-01	-6.41225e-01	
460	4.532800e-03	3.562839e-01	-7.04600e-01	-7.03835e-01	

Index   time            q.x1.q14#collCX q.x1.q15#collCX q.x1.q16#collCX 
--------------------------------------------------------------------------------
461	4.542800e-03	2.945082e-01	-7.66438e-01	-7.65673e-01	
462	4.552800e-03	2.337468e-01	-8.27261e-01	-8.26495e-01	
463	4.562800e-03	1.742397e-01	-8.86829e-01	-8.86062e-01	
464	4.572800e-03	1.162217e-01	-9.44906e-01	-9.44138e-01	
465	4.582800e-03	5.992182e-02	-1.00126e+00	-1.00049e+00	
466	4.592800e-03	5.562199e-03	-1.05568e+00	-1.05491e+00	
467	4.602800e-03	-4.66428e-02	-1.10793e+00	-1.10717e+00	
468	4.612800e-03	-9.64872e-02	-1.15783e+00	-1.15706e+00	
469	4.622800e-03	-1.43775e-01	-1.20516e+00	-1.20439e+00	
470	4.632800e-03	-1.88319e-01	-1.24975e+00	-1.24898e+00	
471	4.642800e-03	-2.29944e-01	-1.29142e+00	-1.29065e+00	
472	4.652800e-03	-2.68486e-01	-1.33000e+00	-1.32923e+00	
473	4.662800e-03	-3.03794e-01	-1.36534e+00	-1.36457e+00	
474	4.672800e-03	-3.35728e-01	-1.39731e+00	-1.39653e+00	
475	4.682800e-03	-3.64163e-01	-1.42577e+00	-1.42500e+00	
476	4.692800e-03	-3.88986e-01	-1.45062e+00	-1.44984e+00	
477	4.702800e-03	-4.10101e-01	-1.47175e+00	-1.47098e+00	
478	4.712800e-03	-4.27423e-01	-1.48909e+00	-1.48832e+00	
479	4.722800e-03	-4.40885e-01	-1.50256e+00	-1.50179e+00	
480	4.732800e-03	-4.50434e-01	-1.51212e+00	-1.51135e+00	
481	4.742800e-03	-4.56033e-01	-1.51772e+00	-1.51695e+00	
482	4.752800e-03	-4.57658e-01	-1.51935e+00	-1.51858e+00	
483	4.762800e-03	-4.55304e-01	-1.51699e+00	-1.51622e+00	
484	4.772800e-03	-4.48981e-01	-1.51066e+00	-1.50989e+00	
485	4.782800e-03	-4.38712e-01	-1.50038e+00	-1.49961e+00	
486	4.792800e-03	-4.24539e-01	-1.48619e+00	-1.48542e+00	
487	4.802800e-03	-4.06517e-01	-1.46815e+00	-1.46738e+00	
488	4.812800e-03	-3.84717e-01	-1.44632e+00	-1.44555e+00	
489	4.822800e-03	-3.59225e-01	-1.42080e+00	-1.42003e+00	
490	4.832800e-03	-3.30140e-01	-1.39169e+00	-1.39092e+00	
491	4.842800e-03	-2.97578e-01	-1.35909e+00	-1.35832e+00	
492	4.852800e-03	-2.61667e-01	-1.32314e+00	-1.32237e+00	
493	4.862800e-03	-2.22548e-01	-1.28398e+00	-1.28321e+00	
494	4.872800e-03	-1.80376e-01	-1.24177e+00	-1.24100e+00	
495	4.882800e-03	-1.35315e-01	-1.19666e+00	-1.19589e+00	
496	4.892800e-03	-8.75443e-02	-1.14884e+00	-1.14807e+00	
497	4.902800e-03	-3.72516e-02	-1.09849e+00	-1.09773e+00	
498	4.912800e-03	1.536474e-02	-1.04582e+00	-1.04506e+00	
499	4.922800e-03	7.009727e-02	-9.91034e-01	-9.90266e-01	
500	4.932800e-03	1.267301e-01	-9.34342e-01	-9.33576e-01	
501	4.942800e-03	1.850398e-01	-8.75972e-01	-8.75206e-01	
502	4.952800e-03	2.447962e-01	-8.16154e-01	-8.15389e-01	
503	4.962800e-03	3.057634e-01	-7.55124e-01	-7.54359e-01	
504	4.972800e-03	3.677007e-01	-6.93123e-01	-6.92359e-01	
505	4.982800e-03	4.303635e-01	-6.30396e-01	-6.29632e-01	
506	4.992800e-03	4.935043e-01	-5.67190e-01	-5.66427e-01	
507	5.000000e-03	5.391241e-01	-5.21524e-01	-5.20761e-01	

                                kicad schematic
                                Transient Analysis  Tue Oct 21 20:02:38  2025
--------------------------------------------------------------------------------
Index   time            q.x1.q17#collCX q.x1.q18#collCX q.x1.q19#collCX 
--------------------------------------------------------------------------------
0	0.000000e+00	-1.37803e+01	1.499999e+01	-1.50000e+01	
1	1.000000e-07	-1.37803e+01	1.499999e+01	-1.50000e+01	
2	2.000000e-07	-1.37803e+01	1.499999e+01	-1.50000e+01	
3	4.000000e-07	-1.37803e+01	1.499999e+01	-1.50000e+01	
4	8.000000e-07	-1.37803e+01	1.499999e+01	-1.50000e+01	
5	1.600000e-06	-1.37803e+01	1.499999e+01	-1.50000e+01	
6	3.200000e-06	-1.37803e+01	1.499999e+01	-1.50000e+01	
7	6.400000e-06	-1.37804e+01	1.499999e+01	-1.50000e+01	
8	1.280000e-05	-1.37804e+01	1.499999e+01	-1.50000e+01	
9	2.280000e-05	-1.37806e+01	1.499999e+01	-1.50000e+01	
10	3.280000e-05	-1.37807e+01	1.499999e+01	-1.50000e+01	
11	4.280000e-05	-1.37808e+01	1.499999e+01	-1.50000e+01	
12	5.280000e-05	-1.37809e+01	1.499998e+01	-1.50000e+01	
13	6.280000e-05	-1.37810e+01	1.499998e+01	-1.50000e+01	
14	7.280000e-05	-1.37811e+01	1.499998e+01	-1.50000e+01	
15	8.280000e-05	-1.37811e+01	1.499998e+01	-1.50000e+01	
16	9.280000e-05	-1.37812e+01	1.499998e+01	-1.50000e+01	
17	1.028000e-04	-1.37813e+01	1.499998e+01	-1.50000e+01	
18	1.128000e-04	-1.37814e+01	1.499998e+01	-1.50000e+01	
19	1.228000e-04	-1.37815e+01	1.499998e+01	-1.50000e+01	
20	1.328000e-04	-1.37816e+01	1.499998e+01	-1.50000e+01	
21	1.428000e-04	-1.37816e+01	1.499998e+01	-1.50000e+01	
22	1.528000e-04	-1.37817e+01	1.499998e+01	-1.50000e+01	
23	1.628000e-04	-1.37817e+01	1.499998e+01	-1.50000e+01	
24	1.728000e-04	-1.37818e+01	1.499998e+01	-1.50000e+01	
25	1.828000e-04	-1.37818e+01	1.499998e+01	-1.50000e+01	
26	1.928000e-04	-1.37819e+01	1.499998e+01	-1.50000e+01	
27	2.028000e-04	-1.37819e+01	1.499998e+01	-1.50000e+01	
28	2.128000e-04	-1.37819e+01	1.499998e+01	-1.50000e+01	
29	2.228000e-04	-1.37820e+01	1.499998e+01	-1.50000e+01	
30	2.328000e-04	-1.37820e+01	1.499998e+01	-1.50000e+01	
31	2.428000e-04	-1.37820e+01	1.499998e+01	-1.50000e+01	
32	2.528000e-04	-1.37820e+01	1.499998e+01	-1.50000e+01	
33	2.628000e-04	-1.37820e+01	1.499998e+01	-1.50000e+01	
34	2.728000e-04	-1.37820e+01	1.499998e+01	-1.50000e+01	
35	2.828000e-04	-1.37820e+01	1.499998e+01	-1.50000e+01	
36	2.928000e-04	-1.37819e+01	1.499998e+01	-1.50000e+01	
37	3.028000e-04	-1.37819e+01	1.499998e+01	-1.50000e+01	
38	3.128000e-04	-1.37819e+01	1.499998e+01	-1.50000e+01	
39	3.228000e-04	-1.37818e+01	1.499998e+01	-1.50000e+01	
40	3.328000e-04	-1.37818e+01	1.499998e+01	-1.50000e+01	
41	3.428000e-04	-1.37817e+01	1.499998e+01	-1.50000e+01	
42	3.528000e-04	-1.37816e+01	1.499998e+01	-1.50000e+01	
43	3.628000e-04	-1.37816e+01	1.499998e+01	-1.50000e+01	
44	3.728000e-04	-1.37815e+01	1.499998e+01	-1.50000e+01	
45	3.828000e-04	-1.37814e+01	1.499998e+01	-1.50000e+01	
46	3.928000e-04	-1.37814e+01	1.499998e+01	-1.50000e+01	
47	4.028000e-04	-1.37813e+01	1.499998e+01	-1.50000e+01	
48	4.128000e-04	-1.37812e+01	1.499998e+01	-1.50000e+01	
49	4.228000e-04	-1.37811e+01	1.499998e+01	-1.50000e+01	
50	4.328000e-04	-1.37810e+01	1.499998e+01	-1.50000e+01	
51	4.428000e-04	-1.37809e+01	1.499998e+01	-1.50000e+01	
52	4.528000e-04	-1.37808e+01	1.499998e+01	-1.50000e+01	
53	4.628000e-04	-1.37807e+01	1.499999e+01	-1.50000e+01	
54	4.728000e-04	-1.37806e+01	1.499999e+01	-1.50000e+01	

Index   time            q.x1.q17#collCX q.x1.q18#collCX q.x1.q19#collCX 
--------------------------------------------------------------------------------
55	4.828000e-04	-1.37805e+01	1.499999e+01	-1.50000e+01	
56	4.928000e-04	-1.37804e+01	1.499999e+01	-1.50000e+01	
57	5.028000e-04	-1.37803e+01	1.499999e+01	-1.50000e+01	
58	5.128000e-04	-1.37802e+01	1.499999e+01	-1.50000e+01	
59	5.228000e-04	-1.37801e+01	1.499999e+01	-1.50000e+01	
60	5.328000e-04	-1.37800e+01	1.499999e+01	-1.50000e+01	
61	5.428000e-04	-1.37799e+01	1.499999e+01	-1.50000e+01	
62	5.528000e-04	-1.37798e+01	1.499999e+01	-1.50000e+01	
63	5.628000e-04	-1.37797e+01	1.499999e+01	-1.50000e+01	
64	5.728000e-04	-1.37796e+01	1.499999e+01	-1.50000e+01	
65	5.828000e-04	-1.37795e+01	1.499999e+01	-1.50000e+01	
66	5.928000e-04	-1.37794e+01	1.499999e+01	-1.50000e+01	
67	6.028000e-04	-1.37793e+01	1.499999e+01	-1.50000e+01	
68	6.128000e-04	-1.37792e+01	1.499999e+01	-1.50000e+01	
69	6.228000e-04	-1.37791e+01	1.499999e+01	-1.50000e+01	
70	6.328000e-04	-1.37790e+01	1.499999e+01	-1.50000e+01	
71	6.428000e-04	-1.37790e+01	1.499999e+01	-1.50000e+01	
72	6.528000e-04	-1.37789e+01	1.499999e+01	-1.50000e+01	
73	6.628000e-04	-1.37789e+01	1.499999e+01	-1.50000e+01	
74	6.728000e-04	-1.37788e+01	1.499999e+01	-1.50000e+01	
75	6.828000e-04	-1.37788e+01	1.499999e+01	-1.50000e+01	
76	6.928000e-04	-1.37787e+01	1.499999e+01	-1.50000e+01	
77	7.028000e-04	-1.37787e+01	1.499999e+01	-1.50000e+01	
78	7.128000e-04	-1.37787e+01	1.499999e+01	-1.50000e+01	
79	7.228000e-04	-1.37786e+01	1.499999e+01	-1.50000e+01	
80	7.328000e-04	-1.37786e+01	1.499999e+01	-1.50000e+01	
81	7.428000e-04	-1.37786e+01	1.499999e+01	-1.50000e+01	
82	7.528000e-04	-1.37786e+01	1.499999e+01	-1.50000e+01	
83	7.628000e-04	-1.37786e+01	1.499999e+01	-1.50000e+01	
84	7.728000e-04	-1.37786e+01	1.499999e+01	-1.50000e+01	
85	7.828000e-04	-1.37786e+01	1.499999e+01	-1.50000e+01	
86	7.928000e-04	-1.37787e+01	1.499999e+01	-1.50000e+01	
87	8.028000e-04	-1.37787e+01	1.499999e+01	-1.50000e+01	
88	8.128000e-04	-1.37787e+01	1.499999e+01	-1.50000e+01	
89	8.228000e-04	-1.37788e+01	1.499999e+01	-1.50000e+01	
90	8.328000e-04	-1.37788e+01	1.499999e+01	-1.50000e+01	
91	8.428000e-04	-1.37789e+01	1.499999e+01	-1.50000e+01	
92	8.528000e-04	-1.37790e+01	1.499999e+01	-1.50000e+01	
93	8.628000e-04	-1.37790e+01	1.499999e+01	-1.50000e+01	
94	8.728000e-04	-1.37791e+01	1.499999e+01	-1.50000e+01	
95	8.828000e-04	-1.37792e+01	1.499999e+01	-1.50000e+01	
96	8.928000e-04	-1.37793e+01	1.499999e+01	-1.50000e+01	
97	9.028000e-04	-1.37793e+01	1.499999e+01	-1.50000e+01	
98	9.128000e-04	-1.37794e+01	1.499999e+01	-1.50000e+01	
99	9.228000e-04	-1.37795e+01	1.499999e+01	-1.50000e+01	
100	9.328000e-04	-1.37796e+01	1.499999e+01	-1.50000e+01	
101	9.428000e-04	-1.37797e+01	1.499999e+01	-1.50000e+01	
102	9.528000e-04	-1.37798e+01	1.499999e+01	-1.50000e+01	
103	9.628000e-04	-1.37799e+01	1.499999e+01	-1.50000e+01	
104	9.728000e-04	-1.37800e+01	1.499999e+01	-1.50000e+01	
105	9.828000e-04	-1.37801e+01	1.499999e+01	-1.50000e+01	
106	9.928000e-04	-1.37802e+01	1.499999e+01	-1.50000e+01	
107	1.002800e-03	-1.37803e+01	1.499999e+01	-1.50000e+01	
108	1.012800e-03	-1.37804e+01	1.499999e+01	-1.50000e+01	
109	1.022800e-03	-1.37806e+01	1.499999e+01	-1.50000e+01	
110	1.032800e-03	-1.37807e+01	1.499999e+01	-1.50000e+01	
111	1.042800e-03	-1.37808e+01	1.499999e+01	-1.50000e+01	
112	1.052800e-03	-1.37809e+01	1.499998e+01	-1.50000e+01	

Index   time            q.x1.q17#collCX q.x1.q18#collCX q.x1.q19#collCX 
--------------------------------------------------------------------------------
113	1.062800e-03	-1.37810e+01	1.499998e+01	-1.50000e+01	
114	1.072800e-03	-1.37811e+01	1.499998e+01	-1.50000e+01	
115	1.082800e-03	-1.37811e+01	1.499998e+01	-1.50000e+01	
116	1.092800e-03	-1.37812e+01	1.499998e+01	-1.50000e+01	
117	1.102800e-03	-1.37813e+01	1.499998e+01	-1.50000e+01	
118	1.112800e-03	-1.37814e+01	1.499998e+01	-1.50000e+01	
119	1.122800e-03	-1.37815e+01	1.499998e+01	-1.50000e+01	
120	1.132800e-03	-1.37816e+01	1.499998e+01	-1.50000e+01	
121	1.142800e-03	-1.37816e+01	1.499998e+01	-1.50000e+01	
122	1.152800e-03	-1.37817e+01	1.499998e+01	-1.50000e+01	
123	1.162800e-03	-1.37817e+01	1.499998e+01	-1.50000e+01	
124	1.172800e-03	-1.37818e+01	1.499998e+01	-1.50000e+01	
125	1.182800e-03	-1.37818e+01	1.499998e+01	-1.50000e+01	
126	1.192800e-03	-1.37819e+01	1.499998e+01	-1.50000e+01	
127	1.202800e-03	-1.37819e+01	1.499998e+01	-1.50000e+01	
128	1.212800e-03	-1.37819e+01	1.499998e+01	-1.50000e+01	
129	1.222800e-03	-1.37820e+01	1.499998e+01	-1.50000e+01	
130	1.232800e-03	-1.37820e+01	1.499998e+01	-1.50000e+01	
131	1.242800e-03	-1.37820e+01	1.499998e+01	-1.50000e+01	
132	1.252800e-03	-1.37820e+01	1.499998e+01	-1.50000e+01	
133	1.262800e-03	-1.37820e+01	1.499998e+01	-1.50000e+01	
134	1.272800e-03	-1.37820e+01	1.499998e+01	-1.50000e+01	
135	1.282800e-03	-1.37820e+01	1.499998e+01	-1.50000e+01	
136	1.292800e-03	-1.37819e+01	1.499998e+01	-1.50000e+01	
137	1.302800e-03	-1.37819e+01	1.499998e+01	-1.50000e+01	
138	1.312800e-03	-1.37819e+01	1.499998e+01	-1.50000e+01	
139	1.322800e-03	-1.37818e+01	1.499998e+01	-1.50000e+01	
140	1.332800e-03	-1.37818e+01	1.499998e+01	-1.50000e+01	
141	1.342800e-03	-1.37817e+01	1.499998e+01	-1.50000e+01	
142	1.352800e-03	-1.37816e+01	1.499998e+01	-1.50000e+01	
143	1.362800e-03	-1.37816e+01	1.499998e+01	-1.50000e+01	
144	1.372800e-03	-1.37815e+01	1.499998e+01	-1.50000e+01	
145	1.382800e-03	-1.37814e+01	1.499998e+01	-1.50000e+01	
146	1.392800e-03	-1.37814e+01	1.499998e+01	-1.50000e+01	
147	1.402800e-03	-1.37813e+01	1.499998e+01	-1.50000e+01	
148	1.412800e-03	-1.37812e+01	1.499998e+01	-1.50000e+01	
149	1.422800e-03	-1.37811e+01	1.499998e+01	-1.50000e+01	
150	1.432800e-03	-1.37810e+01	1.499998e+01	-1.50000e+01	
151	1.442800e-03	-1.37809e+01	1.499998e+01	-1.50000e+01	
152	1.452800e-03	-1.37808e+01	1.499998e+01	-1.50000e+01	
153	1.462800e-03	-1.37807e+01	1.499999e+01	-1.50000e+01	
154	1.472800e-03	-1.37806e+01	1.499999e+01	-1.50000e+01	
155	1.482800e-03	-1.37805e+01	1.499999e+01	-1.50000e+01	
156	1.492800e-03	-1.37804e+01	1.499999e+01	-1.50000e+01	
157	1.502800e-03	-1.37803e+01	1.499999e+01	-1.50000e+01	
158	1.512800e-03	-1.37802e+01	1.499999e+01	-1.50000e+01	
159	1.522800e-03	-1.37801e+01	1.499999e+01	-1.50000e+01	
160	1.532800e-03	-1.37800e+01	1.499999e+01	-1.50000e+01	
161	1.542800e-03	-1.37799e+01	1.499999e+01	-1.50000e+01	
162	1.552800e-03	-1.37798e+01	1.499999e+01	-1.50000e+01	
163	1.562800e-03	-1.37797e+01	1.499999e+01	-1.50000e+01	
164	1.572800e-03	-1.37796e+01	1.499999e+01	-1.50000e+01	
165	1.582800e-03	-1.37795e+01	1.499999e+01	-1.50000e+01	
166	1.592800e-03	-1.37794e+01	1.499999e+01	-1.50000e+01	
167	1.602800e-03	-1.37793e+01	1.499999e+01	-1.50000e+01	
168	1.612800e-03	-1.37792e+01	1.499999e+01	-1.50000e+01	
169	1.622800e-03	-1.37791e+01	1.499999e+01	-1.50000e+01	
170	1.632800e-03	-1.37790e+01	1.499999e+01	-1.50000e+01	

Index   time            q.x1.q17#collCX q.x1.q18#collCX q.x1.q19#collCX 
--------------------------------------------------------------------------------
171	1.642800e-03	-1.37790e+01	1.499999e+01	-1.50000e+01	
172	1.652800e-03	-1.37789e+01	1.499999e+01	-1.50000e+01	
173	1.662800e-03	-1.37789e+01	1.499999e+01	-1.50000e+01	
174	1.672800e-03	-1.37788e+01	1.499999e+01	-1.50000e+01	
175	1.682800e-03	-1.37788e+01	1.499999e+01	-1.50000e+01	
176	1.692800e-03	-1.37787e+01	1.499999e+01	-1.50000e+01	
177	1.702800e-03	-1.37787e+01	1.499999e+01	-1.50000e+01	
178	1.712800e-03	-1.37787e+01	1.499999e+01	-1.50000e+01	
179	1.722800e-03	-1.37786e+01	1.499999e+01	-1.50000e+01	
180	1.732800e-03	-1.37786e+01	1.499999e+01	-1.50000e+01	
181	1.742800e-03	-1.37786e+01	1.499999e+01	-1.50000e+01	
182	1.752800e-03	-1.37786e+01	1.499999e+01	-1.50000e+01	
183	1.762800e-03	-1.37786e+01	1.499999e+01	-1.50000e+01	
184	1.772800e-03	-1.37786e+01	1.499999e+01	-1.50000e+01	
185	1.782800e-03	-1.37786e+01	1.499999e+01	-1.50000e+01	
186	1.792800e-03	-1.37787e+01	1.499999e+01	-1.50000e+01	
187	1.802800e-03	-1.37787e+01	1.499999e+01	-1.50000e+01	
188	1.812800e-03	-1.37787e+01	1.499999e+01	-1.50000e+01	
189	1.822800e-03	-1.37788e+01	1.499999e+01	-1.50000e+01	
190	1.832800e-03	-1.37788e+01	1.499999e+01	-1.50000e+01	
191	1.842800e-03	-1.37789e+01	1.499999e+01	-1.50000e+01	
192	1.852800e-03	-1.37790e+01	1.499999e+01	-1.50000e+01	
193	1.862800e-03	-1.37790e+01	1.499999e+01	-1.50000e+01	
194	1.872800e-03	-1.37791e+01	1.499999e+01	-1.50000e+01	
195	1.882800e-03	-1.37792e+01	1.499999e+01	-1.50000e+01	
196	1.892800e-03	-1.37793e+01	1.499999e+01	-1.50000e+01	
197	1.902800e-03	-1.37793e+01	1.499999e+01	-1.50000e+01	
198	1.912800e-03	-1.37794e+01	1.499999e+01	-1.50000e+01	
199	1.922800e-03	-1.37795e+01	1.499999e+01	-1.50000e+01	
200	1.932800e-03	-1.37796e+01	1.499999e+01	-1.50000e+01	
201	1.942800e-03	-1.37797e+01	1.499999e+01	-1.50000e+01	
202	1.952800e-03	-1.37798e+01	1.499999e+01	-1.50000e+01	
203	1.962800e-03	-1.37799e+01	1.499999e+01	-1.50000e+01	
204	1.972800e-03	-1.37800e+01	1.499999e+01	-1.50000e+01	
205	1.982800e-03	-1.37801e+01	1.499999e+01	-1.50000e+01	
206	1.992800e-03	-1.37802e+01	1.499999e+01	-1.50000e+01	
207	2.002800e-03	-1.37803e+01	1.499999e+01	-1.50000e+01	
208	2.012800e-03	-1.37804e+01	1.499999e+01	-1.50000e+01	
209	2.022800e-03	-1.37806e+01	1.499999e+01	-1.50000e+01	
210	2.032800e-03	-1.37807e+01	1.499999e+01	-1.50000e+01	
211	2.042800e-03	-1.37808e+01	1.499999e+01	-1.50000e+01	
212	2.052800e-03	-1.37809e+01	1.499998e+01	-1.50000e+01	
213	2.062800e-03	-1.37810e+01	1.499998e+01	-1.50000e+01	
214	2.072800e-03	-1.37811e+01	1.499998e+01	-1.50000e+01	
215	2.082800e-03	-1.37811e+01	1.499998e+01	-1.50000e+01	
216	2.092800e-03	-1.37812e+01	1.499998e+01	-1.50000e+01	
217	2.102800e-03	-1.37813e+01	1.499998e+01	-1.50000e+01	
218	2.112800e-03	-1.37814e+01	1.499998e+01	-1.50000e+01	
219	2.122800e-03	-1.37815e+01	1.499998e+01	-1.50000e+01	
220	2.132800e-03	-1.37816e+01	1.499998e+01	-1.50000e+01	
221	2.142800e-03	-1.37816e+01	1.499998e+01	-1.50000e+01	
222	2.152800e-03	-1.37817e+01	1.499998e+01	-1.50000e+01	
223	2.162800e-03	-1.37817e+01	1.499998e+01	-1.50000e+01	
224	2.172800e-03	-1.37818e+01	1.499998e+01	-1.50000e+01	
225	2.182800e-03	-1.37818e+01	1.499998e+01	-1.50000e+01	
226	2.192800e-03	-1.37819e+01	1.499998e+01	-1.50000e+01	
227	2.202800e-03	-1.37819e+01	1.499998e+01	-1.50000e+01	
228	2.212800e-03	-1.37819e+01	1.499998e+01	-1.50000e+01	

Index   time            q.x1.q17#collCX q.x1.q18#collCX q.x1.q19#collCX 
--------------------------------------------------------------------------------
229	2.222800e-03	-1.37820e+01	1.499998e+01	-1.50000e+01	
230	2.232800e-03	-1.37820e+01	1.499998e+01	-1.50000e+01	
231	2.242800e-03	-1.37820e+01	1.499998e+01	-1.50000e+01	
232	2.252800e-03	-1.37820e+01	1.499998e+01	-1.50000e+01	
233	2.262800e-03	-1.37820e+01	1.499998e+01	-1.50000e+01	
234	2.272800e-03	-1.37820e+01	1.499998e+01	-1.50000e+01	
235	2.282800e-03	-1.37820e+01	1.499998e+01	-1.50000e+01	
236	2.292800e-03	-1.37819e+01	1.499998e+01	-1.50000e+01	
237	2.302800e-03	-1.37819e+01	1.499998e+01	-1.50000e+01	
238	2.312800e-03	-1.37819e+01	1.499998e+01	-1.50000e+01	
239	2.322800e-03	-1.37818e+01	1.499998e+01	-1.50000e+01	
240	2.332800e-03	-1.37818e+01	1.499998e+01	-1.50000e+01	
241	2.342800e-03	-1.37817e+01	1.499998e+01	-1.50000e+01	
242	2.352800e-03	-1.37816e+01	1.499998e+01	-1.50000e+01	
243	2.362800e-03	-1.37816e+01	1.499998e+01	-1.50000e+01	
244	2.372800e-03	-1.37815e+01	1.499998e+01	-1.50000e+01	
245	2.382800e-03	-1.37814e+01	1.499998e+01	-1.50000e+01	
246	2.392800e-03	-1.37814e+01	1.499998e+01	-1.50000e+01	
247	2.402800e-03	-1.37813e+01	1.499998e+01	-1.50000e+01	
248	2.412800e-03	-1.37812e+01	1.499998e+01	-1.50000e+01	
249	2.422800e-03	-1.37811e+01	1.499998e+01	-1.50000e+01	
250	2.432800e-03	-1.37810e+01	1.499998e+01	-1.50000e+01	
251	2.442800e-03	-1.37809e+01	1.499998e+01	-1.50000e+01	
252	2.452800e-03	-1.37808e+01	1.499998e+01	-1.50000e+01	
253	2.462800e-03	-1.37807e+01	1.499999e+01	-1.50000e+01	
254	2.472800e-03	-1.37806e+01	1.499999e+01	-1.50000e+01	
255	2.482800e-03	-1.37805e+01	1.499999e+01	-1.50000e+01	
256	2.492800e-03	-1.37804e+01	1.499999e+01	-1.50000e+01	
257	2.502800e-03	-1.37803e+01	1.499999e+01	-1.50000e+01	
258	2.512800e-03	-1.37802e+01	1.499999e+01	-1.50000e+01	
259	2.522800e-03	-1.37801e+01	1.499999e+01	-1.50000e+01	
260	2.532800e-03	-1.37800e+01	1.499999e+01	-1.50000e+01	
261	2.542800e-03	-1.37799e+01	1.499999e+01	-1.50000e+01	
262	2.552800e-03	-1.37798e+01	1.499999e+01	-1.50000e+01	
263	2.562800e-03	-1.37797e+01	1.499999e+01	-1.50000e+01	
264	2.572800e-03	-1.37796e+01	1.499999e+01	-1.50000e+01	
265	2.582800e-03	-1.37795e+01	1.499999e+01	-1.50000e+01	
266	2.592800e-03	-1.37794e+01	1.499999e+01	-1.50000e+01	
267	2.602800e-03	-1.37793e+01	1.499999e+01	-1.50000e+01	
268	2.612800e-03	-1.37792e+01	1.499999e+01	-1.50000e+01	
269	2.622800e-03	-1.37791e+01	1.499999e+01	-1.50000e+01	
270	2.632800e-03	-1.37790e+01	1.499999e+01	-1.50000e+01	
271	2.642800e-03	-1.37790e+01	1.499999e+01	-1.50000e+01	
272	2.652800e-03	-1.37789e+01	1.499999e+01	-1.50000e+01	
273	2.662800e-03	-1.37789e+01	1.499999e+01	-1.50000e+01	
274	2.672800e-03	-1.37788e+01	1.499999e+01	-1.50000e+01	
275	2.682800e-03	-1.37788e+01	1.499999e+01	-1.50000e+01	
276	2.692800e-03	-1.37787e+01	1.499999e+01	-1.50000e+01	
277	2.702800e-03	-1.37787e+01	1.499999e+01	-1.50000e+01	
278	2.712800e-03	-1.37787e+01	1.499999e+01	-1.50000e+01	
279	2.722800e-03	-1.37786e+01	1.499999e+01	-1.50000e+01	
280	2.732800e-03	-1.37786e+01	1.499999e+01	-1.50000e+01	
281	2.742800e-03	-1.37786e+01	1.499999e+01	-1.50000e+01	
282	2.752800e-03	-1.37786e+01	1.499999e+01	-1.50000e+01	
283	2.762800e-03	-1.37786e+01	1.499999e+01	-1.50000e+01	
284	2.772800e-03	-1.37786e+01	1.499999e+01	-1.50000e+01	
285	2.782800e-03	-1.37786e+01	1.499999e+01	-1.50000e+01	
286	2.792800e-03	-1.37787e+01	1.499999e+01	-1.50000e+01	

Index   time            q.x1.q17#collCX q.x1.q18#collCX q.x1.q19#collCX 
--------------------------------------------------------------------------------
287	2.802800e-03	-1.37787e+01	1.499999e+01	-1.50000e+01	
288	2.812800e-03	-1.37787e+01	1.499999e+01	-1.50000e+01	
289	2.822800e-03	-1.37788e+01	1.499999e+01	-1.50000e+01	
290	2.832800e-03	-1.37788e+01	1.499999e+01	-1.50000e+01	
291	2.842800e-03	-1.37789e+01	1.499999e+01	-1.50000e+01	
292	2.852800e-03	-1.37790e+01	1.499999e+01	-1.50000e+01	
293	2.862800e-03	-1.37790e+01	1.499999e+01	-1.50000e+01	
294	2.872800e-03	-1.37791e+01	1.499999e+01	-1.50000e+01	
295	2.882800e-03	-1.37792e+01	1.499999e+01	-1.50000e+01	
296	2.892800e-03	-1.37793e+01	1.499999e+01	-1.50000e+01	
297	2.902800e-03	-1.37793e+01	1.499999e+01	-1.50000e+01	
298	2.912800e-03	-1.37794e+01	1.499999e+01	-1.50000e+01	
299	2.922800e-03	-1.37795e+01	1.499999e+01	-1.50000e+01	
300	2.932800e-03	-1.37796e+01	1.499999e+01	-1.50000e+01	
301	2.942800e-03	-1.37797e+01	1.499999e+01	-1.50000e+01	
302	2.952800e-03	-1.37798e+01	1.499999e+01	-1.50000e+01	
303	2.962800e-03	-1.37799e+01	1.499999e+01	-1.50000e+01	
304	2.972800e-03	-1.37800e+01	1.499999e+01	-1.50000e+01	
305	2.982800e-03	-1.37801e+01	1.499999e+01	-1.50000e+01	
306	2.992800e-03	-1.37802e+01	1.499999e+01	-1.50000e+01	
307	3.002800e-03	-1.37803e+01	1.499999e+01	-1.50000e+01	
308	3.012800e-03	-1.37804e+01	1.499999e+01	-1.50000e+01	
309	3.022800e-03	-1.37806e+01	1.499999e+01	-1.50000e+01	
310	3.032800e-03	-1.37807e+01	1.499999e+01	-1.50000e+01	
311	3.042800e-03	-1.37808e+01	1.499999e+01	-1.50000e+01	
312	3.052800e-03	-1.37809e+01	1.499998e+01	-1.50000e+01	
313	3.062800e-03	-1.37810e+01	1.499998e+01	-1.50000e+01	
314	3.072800e-03	-1.37811e+01	1.499998e+01	-1.50000e+01	
315	3.082800e-03	-1.37811e+01	1.499998e+01	-1.50000e+01	
316	3.092800e-03	-1.37812e+01	1.499998e+01	-1.50000e+01	
317	3.102800e-03	-1.37813e+01	1.499998e+01	-1.50000e+01	
318	3.112800e-03	-1.37814e+01	1.499998e+01	-1.50000e+01	
319	3.122800e-03	-1.37815e+01	1.499998e+01	-1.50000e+01	
320	3.132800e-03	-1.37816e+01	1.499998e+01	-1.50000e+01	
321	3.142800e-03	-1.37816e+01	1.499998e+01	-1.50000e+01	
322	3.152800e-03	-1.37817e+01	1.499998e+01	-1.50000e+01	
323	3.162800e-03	-1.37817e+01	1.499998e+01	-1.50000e+01	
324	3.172800e-03	-1.37818e+01	1.499998e+01	-1.50000e+01	
325	3.182800e-03	-1.37818e+01	1.499998e+01	-1.50000e+01	
326	3.192800e-03	-1.37819e+01	1.499998e+01	-1.50000e+01	
327	3.202800e-03	-1.37819e+01	1.499998e+01	-1.50000e+01	
328	3.212800e-03	-1.37819e+01	1.499998e+01	-1.50000e+01	
329	3.222800e-03	-1.37820e+01	1.499998e+01	-1.50000e+01	
330	3.232800e-03	-1.37820e+01	1.499998e+01	-1.50000e+01	
331	3.242800e-03	-1.37820e+01	1.499998e+01	-1.50000e+01	
332	3.252800e-03	-1.37820e+01	1.499998e+01	-1.50000e+01	
333	3.262800e-03	-1.37820e+01	1.499998e+01	-1.50000e+01	
334	3.272800e-03	-1.37820e+01	1.499998e+01	-1.50000e+01	
335	3.282800e-03	-1.37820e+01	1.499998e+01	-1.50000e+01	
336	3.292800e-03	-1.37819e+01	1.499998e+01	-1.50000e+01	
337	3.302800e-03	-1.37819e+01	1.499998e+01	-1.50000e+01	
338	3.312800e-03	-1.37819e+01	1.499998e+01	-1.50000e+01	
339	3.322800e-03	-1.37818e+01	1.499998e+01	-1.50000e+01	
340	3.332800e-03	-1.37818e+01	1.499998e+01	-1.50000e+01	
341	3.342800e-03	-1.37817e+01	1.499998e+01	-1.50000e+01	
342	3.352800e-03	-1.37816e+01	1.499998e+01	-1.50000e+01	
343	3.362800e-03	-1.37816e+01	1.499998e+01	-1.50000e+01	
344	3.372800e-03	-1.37815e+01	1.499998e+01	-1.50000e+01	

Index   time            q.x1.q17#collCX q.x1.q18#collCX q.x1.q19#collCX 
--------------------------------------------------------------------------------
345	3.382800e-03	-1.37814e+01	1.499998e+01	-1.50000e+01	
346	3.392800e-03	-1.37814e+01	1.499998e+01	-1.50000e+01	
347	3.402800e-03	-1.37813e+01	1.499998e+01	-1.50000e+01	
348	3.412800e-03	-1.37812e+01	1.499998e+01	-1.50000e+01	
349	3.422800e-03	-1.37811e+01	1.499998e+01	-1.50000e+01	
350	3.432800e-03	-1.37810e+01	1.499998e+01	-1.50000e+01	
351	3.442800e-03	-1.37809e+01	1.499998e+01	-1.50000e+01	
352	3.452800e-03	-1.37808e+01	1.499998e+01	-1.50000e+01	
353	3.462800e-03	-1.37807e+01	1.499999e+01	-1.50000e+01	
354	3.472800e-03	-1.37806e+01	1.499999e+01	-1.50000e+01	
355	3.482800e-03	-1.37805e+01	1.499999e+01	-1.50000e+01	
356	3.492800e-03	-1.37804e+01	1.499999e+01	-1.50000e+01	
357	3.502800e-03	-1.37803e+01	1.499999e+01	-1.50000e+01	
358	3.512800e-03	-1.37802e+01	1.499999e+01	-1.50000e+01	
359	3.522800e-03	-1.37801e+01	1.499999e+01	-1.50000e+01	
360	3.532800e-03	-1.37800e+01	1.499999e+01	-1.50000e+01	
361	3.542800e-03	-1.37799e+01	1.499999e+01	-1.50000e+01	
362	3.552800e-03	-1.37798e+01	1.499999e+01	-1.50000e+01	
363	3.562800e-03	-1.37797e+01	1.499999e+01	-1.50000e+01	
364	3.572800e-03	-1.37796e+01	1.499999e+01	-1.50000e+01	
365	3.582800e-03	-1.37795e+01	1.499999e+01	-1.50000e+01	
366	3.592800e-03	-1.37794e+01	1.499999e+01	-1.50000e+01	
367	3.602800e-03	-1.37793e+01	1.499999e+01	-1.50000e+01	
368	3.612800e-03	-1.37792e+01	1.499999e+01	-1.50000e+01	
369	3.622800e-03	-1.37791e+01	1.499999e+01	-1.50000e+01	
370	3.632800e-03	-1.37790e+01	1.499999e+01	-1.50000e+01	
371	3.642800e-03	-1.37790e+01	1.499999e+01	-1.50000e+01	
372	3.652800e-03	-1.37789e+01	1.499999e+01	-1.50000e+01	
373	3.662800e-03	-1.37789e+01	1.499999e+01	-1.50000e+01	
374	3.672800e-03	-1.37788e+01	1.499999e+01	-1.50000e+01	
375	3.682800e-03	-1.37788e+01	1.499999e+01	-1.50000e+01	
376	3.692800e-03	-1.37787e+01	1.499999e+01	-1.50000e+01	
377	3.702800e-03	-1.37787e+01	1.499999e+01	-1.50000e+01	
378	3.712800e-03	-1.37787e+01	1.499999e+01	-1.50000e+01	
379	3.722800e-03	-1.37786e+01	1.499999e+01	-1.50000e+01	
380	3.732800e-03	-1.37786e+01	1.499999e+01	-1.50000e+01	
381	3.742800e-03	-1.37786e+01	1.499999e+01	-1.50000e+01	
382	3.752800e-03	-1.37786e+01	1.499999e+01	-1.50000e+01	
383	3.762800e-03	-1.37786e+01	1.499999e+01	-1.50000e+01	
384	3.772800e-03	-1.37786e+01	1.499999e+01	-1.50000e+01	
385	3.782800e-03	-1.37786e+01	1.499999e+01	-1.50000e+01	
386	3.792800e-03	-1.37787e+01	1.499999e+01	-1.50000e+01	
387	3.802800e-03	-1.37787e+01	1.499999e+01	-1.50000e+01	
388	3.812800e-03	-1.37787e+01	1.499999e+01	-1.50000e+01	
389	3.822800e-03	-1.37788e+01	1.499999e+01	-1.50000e+01	
390	3.832800e-03	-1.37788e+01	1.499999e+01	-1.50000e+01	
391	3.842800e-03	-1.37789e+01	1.499999e+01	-1.50000e+01	
392	3.852800e-03	-1.37790e+01	1.499999e+01	-1.50000e+01	
393	3.862800e-03	-1.37790e+01	1.499999e+01	-1.50000e+01	
394	3.872800e-03	-1.37791e+01	1.499999e+01	-1.50000e+01	
395	3.882800e-03	-1.37792e+01	1.499999e+01	-1.50000e+01	
396	3.892800e-03	-1.37793e+01	1.499999e+01	-1.50000e+01	
397	3.902800e-03	-1.37793e+01	1.499999e+01	-1.50000e+01	
398	3.912800e-03	-1.37794e+01	1.499999e+01	-1.50000e+01	
399	3.922800e-03	-1.37795e+01	1.499999e+01	-1.50000e+01	
400	3.932800e-03	-1.37796e+01	1.499999e+01	-1.50000e+01	
401	3.942800e-03	-1.37797e+01	1.499999e+01	-1.50000e+01	
402	3.952800e-03	-1.37798e+01	1.499999e+01	-1.50000e+01	

Index   time            q.x1.q17#collCX q.x1.q18#collCX q.x1.q19#collCX 
--------------------------------------------------------------------------------
403	3.962800e-03	-1.37799e+01	1.499999e+01	-1.50000e+01	
404	3.972800e-03	-1.37800e+01	1.499999e+01	-1.50000e+01	
405	3.982800e-03	-1.37801e+01	1.499999e+01	-1.50000e+01	
406	3.992800e-03	-1.37802e+01	1.499999e+01	-1.50000e+01	
407	4.002800e-03	-1.37803e+01	1.499999e+01	-1.50000e+01	
408	4.012800e-03	-1.37804e+01	1.499999e+01	-1.50000e+01	
409	4.022800e-03	-1.37806e+01	1.499999e+01	-1.50000e+01	
410	4.032800e-03	-1.37807e+01	1.499999e+01	-1.50000e+01	
411	4.042800e-03	-1.37808e+01	1.499999e+01	-1.50000e+01	
412	4.052800e-03	-1.37809e+01	1.499998e+01	-1.50000e+01	
413	4.062800e-03	-1.37810e+01	1.499998e+01	-1.50000e+01	
414	4.072800e-03	-1.37811e+01	1.499998e+01	-1.50000e+01	
415	4.082800e-03	-1.37811e+01	1.499998e+01	-1.50000e+01	
416	4.092800e-03	-1.37812e+01	1.499998e+01	-1.50000e+01	
417	4.102800e-03	-1.37813e+01	1.499998e+01	-1.50000e+01	
418	4.112800e-03	-1.37814e+01	1.499998e+01	-1.50000e+01	
419	4.122800e-03	-1.37815e+01	1.499998e+01	-1.50000e+01	
420	4.132800e-03	-1.37816e+01	1.499998e+01	-1.50000e+01	
421	4.142800e-03	-1.37816e+01	1.499998e+01	-1.50000e+01	
422	4.152800e-03	-1.37817e+01	1.499998e+01	-1.50000e+01	
423	4.162800e-03	-1.37817e+01	1.499998e+01	-1.50000e+01	
424	4.172800e-03	-1.37818e+01	1.499998e+01	-1.50000e+01	
425	4.182800e-03	-1.37818e+01	1.499998e+01	-1.50000e+01	
426	4.192800e-03	-1.37819e+01	1.499998e+01	-1.50000e+01	
427	4.202800e-03	-1.37819e+01	1.499998e+01	-1.50000e+01	
428	4.212800e-03	-1.37819e+01	1.499998e+01	-1.50000e+01	
429	4.222800e-03	-1.37820e+01	1.499998e+01	-1.50000e+01	
430	4.232800e-03	-1.37820e+01	1.499998e+01	-1.50000e+01	
431	4.242800e-03	-1.37820e+01	1.499998e+01	-1.50000e+01	
432	4.252800e-03	-1.37820e+01	1.499998e+01	-1.50000e+01	
433	4.262800e-03	-1.37820e+01	1.499998e+01	-1.50000e+01	
434	4.272800e-03	-1.37820e+01	1.499998e+01	-1.50000e+01	
435	4.282800e-03	-1.37820e+01	1.499998e+01	-1.50000e+01	
436	4.292800e-03	-1.37819e+01	1.499998e+01	-1.50000e+01	
437	4.302800e-03	-1.37819e+01	1.499998e+01	-1.50000e+01	
438	4.312800e-03	-1.37819e+01	1.499998e+01	-1.50000e+01	
439	4.322800e-03	-1.37818e+01	1.499998e+01	-1.50000e+01	
440	4.332800e-03	-1.37818e+01	1.499998e+01	-1.50000e+01	
441	4.342800e-03	-1.37817e+01	1.499998e+01	-1.50000e+01	
442	4.352800e-03	-1.37816e+01	1.499998e+01	-1.50000e+01	
443	4.362800e-03	-1.37816e+01	1.499998e+01	-1.50000e+01	
444	4.372800e-03	-1.37815e+01	1.499998e+01	-1.50000e+01	
445	4.382800e-03	-1.37814e+01	1.499998e+01	-1.50000e+01	
446	4.392800e-03	-1.37814e+01	1.499998e+01	-1.50000e+01	
447	4.402800e-03	-1.37813e+01	1.499998e+01	-1.50000e+01	
448	4.412800e-03	-1.37812e+01	1.499998e+01	-1.50000e+01	
449	4.422800e-03	-1.37811e+01	1.499998e+01	-1.50000e+01	
450	4.432800e-03	-1.37810e+01	1.499998e+01	-1.50000e+01	
451	4.442800e-03	-1.37809e+01	1.499998e+01	-1.50000e+01	
452	4.452800e-03	-1.37808e+01	1.499998e+01	-1.50000e+01	
453	4.462800e-03	-1.37807e+01	1.499999e+01	-1.50000e+01	
454	4.472800e-03	-1.37806e+01	1.499999e+01	-1.50000e+01	
455	4.482800e-03	-1.37805e+01	1.499999e+01	-1.50000e+01	
456	4.492800e-03	-1.37804e+01	1.499999e+01	-1.50000e+01	
457	4.502800e-03	-1.37803e+01	1.499999e+01	-1.50000e+01	
458	4.512800e-03	-1.37802e+01	1.499999e+01	-1.50000e+01	
459	4.522800e-03	-1.37801e+01	1.499999e+01	-1.50000e+01	
460	4.532800e-03	-1.37800e+01	1.499999e+01	-1.50000e+01	

Index   time            q.x1.q17#collCX q.x1.q18#collCX q.x1.q19#collCX 
--------------------------------------------------------------------------------
461	4.542800e-03	-1.37799e+01	1.499999e+01	-1.50000e+01	
462	4.552800e-03	-1.37798e+01	1.499999e+01	-1.50000e+01	
463	4.562800e-03	-1.37797e+01	1.499999e+01	-1.50000e+01	
464	4.572800e-03	-1.37796e+01	1.499999e+01	-1.50000e+01	
465	4.582800e-03	-1.37795e+01	1.499999e+01	-1.50000e+01	
466	4.592800e-03	-1.37794e+01	1.499999e+01	-1.50000e+01	
467	4.602800e-03	-1.37793e+01	1.499999e+01	-1.50000e+01	
468	4.612800e-03	-1.37792e+01	1.499999e+01	-1.50000e+01	
469	4.622800e-03	-1.37791e+01	1.499999e+01	-1.50000e+01	
470	4.632800e-03	-1.37790e+01	1.499999e+01	-1.50000e+01	
471	4.642800e-03	-1.37790e+01	1.499999e+01	-1.50000e+01	
472	4.652800e-03	-1.37789e+01	1.499999e+01	-1.50000e+01	
473	4.662800e-03	-1.37789e+01	1.499999e+01	-1.50000e+01	
474	4.672800e-03	-1.37788e+01	1.499999e+01	-1.50000e+01	
475	4.682800e-03	-1.37788e+01	1.499999e+01	-1.50000e+01	
476	4.692800e-03	-1.37787e+01	1.499999e+01	-1.50000e+01	
477	4.702800e-03	-1.37787e+01	1.499999e+01	-1.50000e+01	
478	4.712800e-03	-1.37787e+01	1.499999e+01	-1.50000e+01	
479	4.722800e-03	-1.37786e+01	1.499999e+01	-1.50000e+01	
480	4.732800e-03	-1.37786e+01	1.499999e+01	-1.50000e+01	
481	4.742800e-03	-1.37786e+01	1.499999e+01	-1.50000e+01	
482	4.752800e-03	-1.37786e+01	1.499999e+01	-1.50000e+01	
483	4.762800e-03	-1.37786e+01	1.499999e+01	-1.50000e+01	
484	4.772800e-03	-1.37786e+01	1.499999e+01	-1.50000e+01	
485	4.782800e-03	-1.37786e+01	1.499999e+01	-1.50000e+01	
486	4.792800e-03	-1.37787e+01	1.499999e+01	-1.50000e+01	
487	4.802800e-03	-1.37787e+01	1.499999e+01	-1.50000e+01	
488	4.812800e-03	-1.37787e+01	1.499999e+01	-1.50000e+01	
489	4.822800e-03	-1.37788e+01	1.499999e+01	-1.50000e+01	
490	4.832800e-03	-1.37788e+01	1.499999e+01	-1.50000e+01	
491	4.842800e-03	-1.37789e+01	1.499999e+01	-1.50000e+01	
492	4.852800e-03	-1.37790e+01	1.499999e+01	-1.50000e+01	
493	4.862800e-03	-1.37790e+01	1.499999e+01	-1.50000e+01	
494	4.872800e-03	-1.37791e+01	1.499999e+01	-1.50000e+01	
495	4.882800e-03	-1.37792e+01	1.499999e+01	-1.50000e+01	
496	4.892800e-03	-1.37793e+01	1.499999e+01	-1.50000e+01	
497	4.902800e-03	-1.37793e+01	1.499999e+01	-1.50000e+01	
498	4.912800e-03	-1.37794e+01	1.499999e+01	-1.50000e+01	
499	4.922800e-03	-1.37795e+01	1.499999e+01	-1.50000e+01	
500	4.932800e-03	-1.37796e+01	1.499999e+01	-1.50000e+01	
501	4.942800e-03	-1.37797e+01	1.499999e+01	-1.50000e+01	
502	4.952800e-03	-1.37798e+01	1.499999e+01	-1.50000e+01	
503	4.962800e-03	-1.37799e+01	1.499999e+01	-1.50000e+01	
504	4.972800e-03	-1.37800e+01	1.499999e+01	-1.50000e+01	
505	4.982800e-03	-1.37801e+01	1.499999e+01	-1.50000e+01	
506	4.992800e-03	-1.37802e+01	1.499999e+01	-1.50000e+01	
507	5.000000e-03	-1.37803e+01	1.499999e+01	-1.50000e+01	

                                kicad schematic
                                Transient Analysis  Tue Oct 21 20:02:38  2025
--------------------------------------------------------------------------------
Index   time            q.x1.q20#collCX unconnected-_x1 unconnected-_x1 
--------------------------------------------------------------------------------
0	0.000000e+00	5.517669e-01	-1.49916e+01	-1.49916e+01	
1	1.000000e-07	5.517961e-01	-1.49916e+01	-1.49916e+01	
2	2.000000e-07	5.518561e-01	-1.49916e+01	-1.49915e+01	
3	4.000000e-07	5.520342e-01	-1.49916e+01	-1.49915e+01	
4	8.000000e-07	5.527058e-01	-1.49915e+01	-1.49915e+01	
5	1.600000e-06	5.550333e-01	-1.49915e+01	-1.49915e+01	
6	3.200000e-06	5.621524e-01	-1.49915e+01	-1.49915e+01	
7	6.400000e-06	5.805674e-01	-1.49915e+01	-1.49915e+01	
8	1.280000e-05	6.208910e-01	-1.49915e+01	-1.49915e+01	
9	2.280000e-05	6.840236e-01	-1.49915e+01	-1.49915e+01	
10	3.280000e-05	7.465506e-01	-1.49915e+01	-1.49915e+01	
11	4.280000e-05	8.083473e-01	-1.49915e+01	-1.49915e+01	
12	5.280000e-05	8.691139e-01	-1.49915e+01	-1.49915e+01	
13	6.280000e-05	9.286356e-01	-1.49915e+01	-1.49915e+01	
14	7.280000e-05	9.866659e-01	-1.49915e+01	-1.49915e+01	
15	8.280000e-05	1.042981e+00	-1.49915e+01	-1.49915e+01	
16	9.280000e-05	1.097355e+00	-1.49915e+01	-1.49915e+01	
17	1.028000e-04	1.149576e+00	-1.49915e+01	-1.49915e+01	
18	1.128000e-04	1.199436e+00	-1.49915e+01	-1.49915e+01	
19	1.228000e-04	1.246739e+00	-1.49915e+01	-1.49915e+01	
20	1.328000e-04	1.291299e+00	-1.49915e+01	-1.49915e+01	
21	1.428000e-04	1.332939e+00	-1.49915e+01	-1.49915e+01	
22	1.528000e-04	1.371496e+00	-1.49915e+01	-1.49915e+01	
23	1.628000e-04	1.406817e+00	-1.49915e+01	-1.49915e+01	
24	1.728000e-04	1.438763e+00	-1.49915e+01	-1.49915e+01	
25	1.828000e-04	1.467208e+00	-1.49915e+01	-1.49915e+01	
26	1.928000e-04	1.492041e+00	-1.49915e+01	-1.49915e+01	
27	2.028000e-04	1.513162e+00	-1.49915e+01	-1.49915e+01	
28	2.128000e-04	1.530491e+00	-1.49915e+01	-1.49915e+01	
29	2.228000e-04	1.543957e+00	-1.49915e+01	-1.49915e+01	
30	2.328000e-04	1.553508e+00	-1.49915e+01	-1.49915e+01	
31	2.428000e-04	1.559106e+00	-1.49916e+01	-1.49915e+01	
32	2.528000e-04	1.560730e+00	-1.49916e+01	-1.49915e+01	
33	2.628000e-04	1.558373e+00	-1.49916e+01	-1.49916e+01	
34	2.728000e-04	1.552044e+00	-1.49916e+01	-1.49916e+01	
35	2.828000e-04	1.541768e+00	-1.49916e+01	-1.49916e+01	
36	2.928000e-04	1.527587e+00	-1.49916e+01	-1.49916e+01	
37	3.028000e-04	1.509554e+00	-1.49916e+01	-1.49916e+01	
38	3.128000e-04	1.487743e+00	-1.49916e+01	-1.49916e+01	
39	3.228000e-04	1.462237e+00	-1.49916e+01	-1.49916e+01	
40	3.328000e-04	1.433139e+00	-1.49916e+01	-1.49916e+01	
41	3.428000e-04	1.400563e+00	-1.49916e+01	-1.49916e+01	
42	3.528000e-04	1.364637e+00	-1.49916e+01	-1.49916e+01	
43	3.628000e-04	1.325502e+00	-1.49916e+01	-1.49916e+01	
44	3.728000e-04	1.283314e+00	-1.49916e+01	-1.49916e+01	
45	3.828000e-04	1.238238e+00	-1.49916e+01	-1.49916e+01	
46	3.928000e-04	1.190452e+00	-1.49916e+01	-1.49916e+01	
47	4.028000e-04	1.140145e+00	-1.49916e+01	-1.49916e+01	
48	4.128000e-04	1.087515e+00	-1.49916e+01	-1.49916e+01	
49	4.228000e-04	1.032770e+00	-1.49917e+01	-1.49916e+01	
50	4.328000e-04	9.761257e-01	-1.49917e+01	-1.49916e+01	
51	4.428000e-04	9.178063e-01	-1.49917e+01	-1.49916e+01	
52	4.528000e-04	8.580419e-01	-1.49917e+01	-1.49916e+01	
53	4.628000e-04	7.970685e-01	-1.49917e+01	-1.49917e+01	
54	4.728000e-04	7.351270e-01	-1.49917e+01	-1.49917e+01	

Index   time            q.x1.q20#collCX unconnected-_x1 unconnected-_x1 
--------------------------------------------------------------------------------
55	4.828000e-04	6.724621e-01	-1.49917e+01	-1.49917e+01	
56	4.928000e-04	6.093213e-01	-1.49917e+01	-1.49917e+01	
57	5.028000e-04	5.459542e-01	-1.49917e+01	-1.49917e+01	
58	5.128000e-04	4.826110e-01	-1.49917e+01	-1.49917e+01	
59	5.228000e-04	4.195421e-01	-1.49917e+01	-1.49917e+01	
60	5.328000e-04	3.569965e-01	-1.49917e+01	-1.49917e+01	
61	5.428000e-04	2.952213e-01	-1.49917e+01	-1.49917e+01	
62	5.528000e-04	2.344605e-01	-1.49917e+01	-1.49917e+01	
63	5.628000e-04	1.749539e-01	-1.49917e+01	-1.49917e+01	
64	5.728000e-04	1.169364e-01	-1.49917e+01	-1.49917e+01	
65	5.828000e-04	6.063709e-02	-1.49917e+01	-1.49917e+01	
66	5.928000e-04	6.277945e-03	-1.49917e+01	-1.49916e+01	
67	6.028000e-04	-4.59266e-02	-1.49917e+01	-1.49916e+01	
68	6.128000e-04	-9.57706e-02	-1.49917e+01	-1.49916e+01	
69	6.228000e-04	-1.43058e-01	-1.49917e+01	-1.49916e+01	
70	6.328000e-04	-1.87601e-01	-1.49917e+01	-1.49916e+01	
71	6.428000e-04	-2.29226e-01	-1.49916e+01	-1.49916e+01	
72	6.528000e-04	-2.67768e-01	-1.49916e+01	-1.49916e+01	
73	6.628000e-04	-3.03076e-01	-1.49916e+01	-1.49916e+01	
74	6.728000e-04	-3.35009e-01	-1.49916e+01	-1.49916e+01	
75	6.828000e-04	-3.63444e-01	-1.49916e+01	-1.49916e+01	
76	6.928000e-04	-3.88267e-01	-1.49916e+01	-1.49916e+01	
77	7.028000e-04	-4.09381e-01	-1.49916e+01	-1.49916e+01	
78	7.128000e-04	-4.26704e-01	-1.49916e+01	-1.49916e+01	
79	7.228000e-04	-4.40166e-01	-1.49916e+01	-1.49916e+01	
80	7.328000e-04	-4.49715e-01	-1.49916e+01	-1.49916e+01	
81	7.428000e-04	-4.55313e-01	-1.49916e+01	-1.49916e+01	
82	7.528000e-04	-4.56938e-01	-1.49916e+01	-1.49916e+01	
83	7.628000e-04	-4.54585e-01	-1.49916e+01	-1.49916e+01	
84	7.728000e-04	-4.48261e-01	-1.49916e+01	-1.49916e+01	
85	7.828000e-04	-4.37993e-01	-1.49916e+01	-1.49916e+01	
86	7.928000e-04	-4.23820e-01	-1.49916e+01	-1.49915e+01	
87	8.028000e-04	-4.05798e-01	-1.49916e+01	-1.49915e+01	
88	8.128000e-04	-3.83998e-01	-1.49915e+01	-1.49915e+01	
89	8.228000e-04	-3.58506e-01	-1.49915e+01	-1.49915e+01	
90	8.328000e-04	-3.29422e-01	-1.49915e+01	-1.49915e+01	
91	8.428000e-04	-2.96860e-01	-1.49915e+01	-1.49915e+01	
92	8.528000e-04	-2.60950e-01	-1.49915e+01	-1.49915e+01	
93	8.628000e-04	-2.21831e-01	-1.49915e+01	-1.49915e+01	
94	8.728000e-04	-1.79658e-01	-1.49915e+01	-1.49915e+01	
95	8.828000e-04	-1.34598e-01	-1.49915e+01	-1.49915e+01	
96	8.928000e-04	-8.68280e-02	-1.49915e+01	-1.49915e+01	
97	9.028000e-04	-3.65358e-02	-1.49915e+01	-1.49915e+01	
98	9.128000e-04	1.608004e-02	-1.49915e+01	-1.49915e+01	
99	9.228000e-04	7.081206e-02	-1.49915e+01	-1.49915e+01	
100	9.328000e-04	1.274444e-01	-1.49915e+01	-1.49915e+01	
101	9.428000e-04	1.857535e-01	-1.49915e+01	-1.49915e+01	
102	9.528000e-04	2.455093e-01	-1.49915e+01	-1.49915e+01	
103	9.628000e-04	3.064760e-01	-1.49915e+01	-1.49915e+01	
104	9.728000e-04	3.684128e-01	-1.49915e+01	-1.49915e+01	
105	9.828000e-04	4.310750e-01	-1.49915e+01	-1.49915e+01	
106	9.928000e-04	4.942152e-01	-1.49915e+01	-1.49915e+01	
107	1.002800e-03	5.575839e-01	-1.49915e+01	-1.49915e+01	
108	1.012800e-03	6.209308e-01	-1.49915e+01	-1.49915e+01	
109	1.022800e-03	6.840055e-01	-1.49915e+01	-1.49915e+01	
110	1.032800e-03	7.465588e-01	-1.49915e+01	-1.49915e+01	
111	1.042800e-03	8.083435e-01	-1.49915e+01	-1.49915e+01	
112	1.052800e-03	8.691156e-01	-1.49915e+01	-1.49915e+01	

Index   time            q.x1.q20#collCX unconnected-_x1 unconnected-_x1 
--------------------------------------------------------------------------------
113	1.062800e-03	9.286349e-01	-1.49915e+01	-1.49915e+01	
114	1.072800e-03	9.866662e-01	-1.49915e+01	-1.49915e+01	
115	1.082800e-03	1.042980e+00	-1.49915e+01	-1.49915e+01	
116	1.092800e-03	1.097355e+00	-1.49915e+01	-1.49915e+01	
117	1.102800e-03	1.149576e+00	-1.49915e+01	-1.49915e+01	
118	1.112800e-03	1.199436e+00	-1.49915e+01	-1.49915e+01	
119	1.122800e-03	1.246739e+00	-1.49915e+01	-1.49915e+01	
120	1.132800e-03	1.291299e+00	-1.49915e+01	-1.49915e+01	
121	1.142800e-03	1.332939e+00	-1.49915e+01	-1.49915e+01	
122	1.152800e-03	1.371496e+00	-1.49915e+01	-1.49915e+01	
123	1.162800e-03	1.406817e+00	-1.49915e+01	-1.49915e+01	
124	1.172800e-03	1.438763e+00	-1.49915e+01	-1.49915e+01	
125	1.182800e-03	1.467208e+00	-1.49915e+01	-1.49915e+01	
126	1.192800e-03	1.492041e+00	-1.49915e+01	-1.49915e+01	
127	1.202800e-03	1.513162e+00	-1.49915e+01	-1.49915e+01	
128	1.212800e-03	1.530491e+00	-1.49915e+01	-1.49915e+01	
129	1.222800e-03	1.543957e+00	-1.49915e+01	-1.49915e+01	
130	1.232800e-03	1.553508e+00	-1.49915e+01	-1.49915e+01	
131	1.242800e-03	1.559106e+00	-1.49916e+01	-1.49915e+01	
132	1.252800e-03	1.560730e+00	-1.49916e+01	-1.49915e+01	
133	1.262800e-03	1.558373e+00	-1.49916e+01	-1.49916e+01	
134	1.272800e-03	1.552044e+00	-1.49916e+01	-1.49916e+01	
135	1.282800e-03	1.541768e+00	-1.49916e+01	-1.49916e+01	
136	1.292800e-03	1.527587e+00	-1.49916e+01	-1.49916e+01	
137	1.302800e-03	1.509554e+00	-1.49916e+01	-1.49916e+01	
138	1.312800e-03	1.487743e+00	-1.49916e+01	-1.49916e+01	
139	1.322800e-03	1.462237e+00	-1.49916e+01	-1.49916e+01	
140	1.332800e-03	1.433139e+00	-1.49916e+01	-1.49916e+01	
141	1.342800e-03	1.400563e+00	-1.49916e+01	-1.49916e+01	
142	1.352800e-03	1.364637e+00	-1.49916e+01	-1.49916e+01	
143	1.362800e-03	1.325502e+00	-1.49916e+01	-1.49916e+01	
144	1.372800e-03	1.283314e+00	-1.49916e+01	-1.49916e+01	
145	1.382800e-03	1.238238e+00	-1.49916e+01	-1.49916e+01	
146	1.392800e-03	1.190452e+00	-1.49916e+01	-1.49916e+01	
147	1.402800e-03	1.140145e+00	-1.49916e+01	-1.49916e+01	
148	1.412800e-03	1.087515e+00	-1.49916e+01	-1.49916e+01	
149	1.422800e-03	1.032770e+00	-1.49917e+01	-1.49916e+01	
150	1.432800e-03	9.761257e-01	-1.49917e+01	-1.49916e+01	
151	1.442800e-03	9.178063e-01	-1.49917e+01	-1.49916e+01	
152	1.452800e-03	8.580419e-01	-1.49917e+01	-1.49916e+01	
153	1.462800e-03	7.970685e-01	-1.49917e+01	-1.49917e+01	
154	1.472800e-03	7.351270e-01	-1.49917e+01	-1.49917e+01	
155	1.482800e-03	6.724621e-01	-1.49917e+01	-1.49917e+01	
156	1.492800e-03	6.093213e-01	-1.49917e+01	-1.49917e+01	
157	1.502800e-03	5.459542e-01	-1.49917e+01	-1.49917e+01	
158	1.512800e-03	4.826110e-01	-1.49917e+01	-1.49917e+01	
159	1.522800e-03	4.195421e-01	-1.49917e+01	-1.49917e+01	
160	1.532800e-03	3.569965e-01	-1.49917e+01	-1.49917e+01	
161	1.542800e-03	2.952213e-01	-1.49917e+01	-1.49917e+01	
162	1.552800e-03	2.344605e-01	-1.49917e+01	-1.49917e+01	
163	1.562800e-03	1.749539e-01	-1.49917e+01	-1.49917e+01	
164	1.572800e-03	1.169364e-01	-1.49917e+01	-1.49917e+01	
165	1.582800e-03	6.063709e-02	-1.49917e+01	-1.49917e+01	
166	1.592800e-03	6.277945e-03	-1.49917e+01	-1.49916e+01	
167	1.602800e-03	-4.59266e-02	-1.49917e+01	-1.49916e+01	
168	1.612800e-03	-9.57706e-02	-1.49917e+01	-1.49916e+01	
169	1.622800e-03	-1.43058e-01	-1.49917e+01	-1.49916e+01	
170	1.632800e-03	-1.87601e-01	-1.49917e+01	-1.49916e+01	

Index   time            q.x1.q20#collCX unconnected-_x1 unconnected-_x1 
--------------------------------------------------------------------------------
171	1.642800e-03	-2.29226e-01	-1.49916e+01	-1.49916e+01	
172	1.652800e-03	-2.67768e-01	-1.49916e+01	-1.49916e+01	
173	1.662800e-03	-3.03076e-01	-1.49916e+01	-1.49916e+01	
174	1.672800e-03	-3.35009e-01	-1.49916e+01	-1.49916e+01	
175	1.682800e-03	-3.63444e-01	-1.49916e+01	-1.49916e+01	
176	1.692800e-03	-3.88267e-01	-1.49916e+01	-1.49916e+01	
177	1.702800e-03	-4.09381e-01	-1.49916e+01	-1.49916e+01	
178	1.712800e-03	-4.26704e-01	-1.49916e+01	-1.49916e+01	
179	1.722800e-03	-4.40166e-01	-1.49916e+01	-1.49916e+01	
180	1.732800e-03	-4.49715e-01	-1.49916e+01	-1.49916e+01	
181	1.742800e-03	-4.55313e-01	-1.49916e+01	-1.49916e+01	
182	1.752800e-03	-4.56938e-01	-1.49916e+01	-1.49916e+01	
183	1.762800e-03	-4.54585e-01	-1.49916e+01	-1.49916e+01	
184	1.772800e-03	-4.48261e-01	-1.49916e+01	-1.49916e+01	
185	1.782800e-03	-4.37993e-01	-1.49916e+01	-1.49916e+01	
186	1.792800e-03	-4.23820e-01	-1.49916e+01	-1.49915e+01	
187	1.802800e-03	-4.05798e-01	-1.49916e+01	-1.49915e+01	
188	1.812800e-03	-3.83998e-01	-1.49915e+01	-1.49915e+01	
189	1.822800e-03	-3.58506e-01	-1.49915e+01	-1.49915e+01	
190	1.832800e-03	-3.29422e-01	-1.49915e+01	-1.49915e+01	
191	1.842800e-03	-2.96860e-01	-1.49915e+01	-1.49915e+01	
192	1.852800e-03	-2.60950e-01	-1.49915e+01	-1.49915e+01	
193	1.862800e-03	-2.21831e-01	-1.49915e+01	-1.49915e+01	
194	1.872800e-03	-1.79658e-01	-1.49915e+01	-1.49915e+01	
195	1.882800e-03	-1.34598e-01	-1.49915e+01	-1.49915e+01	
196	1.892800e-03	-8.68280e-02	-1.49915e+01	-1.49915e+01	
197	1.902800e-03	-3.65358e-02	-1.49915e+01	-1.49915e+01	
198	1.912800e-03	1.608004e-02	-1.49915e+01	-1.49915e+01	
199	1.922800e-03	7.081206e-02	-1.49915e+01	-1.49915e+01	
200	1.932800e-03	1.274444e-01	-1.49915e+01	-1.49915e+01	
201	1.942800e-03	1.857535e-01	-1.49915e+01	-1.49915e+01	
202	1.952800e-03	2.455093e-01	-1.49915e+01	-1.49915e+01	
203	1.962800e-03	3.064760e-01	-1.49915e+01	-1.49915e+01	
204	1.972800e-03	3.684128e-01	-1.49915e+01	-1.49915e+01	
205	1.982800e-03	4.310750e-01	-1.49915e+01	-1.49915e+01	
206	1.992800e-03	4.942152e-01	-1.49915e+01	-1.49915e+01	
207	2.002800e-03	5.575839e-01	-1.49915e+01	-1.49915e+01	
208	2.012800e-03	6.209308e-01	-1.49915e+01	-1.49915e+01	
209	2.022800e-03	6.840055e-01	-1.49915e+01	-1.49915e+01	
210	2.032800e-03	7.465588e-01	-1.49915e+01	-1.49915e+01	
211	2.042800e-03	8.083435e-01	-1.49915e+01	-1.49915e+01	
212	2.052800e-03	8.691156e-01	-1.49915e+01	-1.49915e+01	
213	2.062800e-03	9.286349e-01	-1.49915e+01	-1.49915e+01	
214	2.072800e-03	9.866662e-01	-1.49915e+01	-1.49915e+01	
215	2.082800e-03	1.042980e+00	-1.49915e+01	-1.49915e+01	
216	2.092800e-03	1.097355e+00	-1.49915e+01	-1.49915e+01	
217	2.102800e-03	1.149576e+00	-1.49915e+01	-1.49915e+01	
218	2.112800e-03	1.199436e+00	-1.49915e+01	-1.49915e+01	
219	2.122800e-03	1.246739e+00	-1.49915e+01	-1.49915e+01	
220	2.132800e-03	1.291299e+00	-1.49915e+01	-1.49915e+01	
221	2.142800e-03	1.332939e+00	-1.49915e+01	-1.49915e+01	
222	2.152800e-03	1.371496e+00	-1.49915e+01	-1.49915e+01	
223	2.162800e-03	1.406817e+00	-1.49915e+01	-1.49915e+01	
224	2.172800e-03	1.438763e+00	-1.49915e+01	-1.49915e+01	
225	2.182800e-03	1.467208e+00	-1.49915e+01	-1.49915e+01	
226	2.192800e-03	1.492041e+00	-1.49915e+01	-1.49915e+01	
227	2.202800e-03	1.513162e+00	-1.49915e+01	-1.49915e+01	
228	2.212800e-03	1.530491e+00	-1.49915e+01	-1.49915e+01	

Index   time            q.x1.q20#collCX unconnected-_x1 unconnected-_x1 
--------------------------------------------------------------------------------
229	2.222800e-03	1.543957e+00	-1.49915e+01	-1.49915e+01	
230	2.232800e-03	1.553508e+00	-1.49915e+01	-1.49915e+01	
231	2.242800e-03	1.559106e+00	-1.49916e+01	-1.49915e+01	
232	2.252800e-03	1.560730e+00	-1.49916e+01	-1.49915e+01	
233	2.262800e-03	1.558373e+00	-1.49916e+01	-1.49916e+01	
234	2.272800e-03	1.552044e+00	-1.49916e+01	-1.49916e+01	
235	2.282800e-03	1.541768e+00	-1.49916e+01	-1.49916e+01	
236	2.292800e-03	1.527587e+00	-1.49916e+01	-1.49916e+01	
237	2.302800e-03	1.509554e+00	-1.49916e+01	-1.49916e+01	
238	2.312800e-03	1.487743e+00	-1.49916e+01	-1.49916e+01	
239	2.322800e-03	1.462237e+00	-1.49916e+01	-1.49916e+01	
240	2.332800e-03	1.433139e+00	-1.49916e+01	-1.49916e+01	
241	2.342800e-03	1.400563e+00	-1.49916e+01	-1.49916e+01	
242	2.352800e-03	1.364637e+00	-1.49916e+01	-1.49916e+01	
243	2.362800e-03	1.325502e+00	-1.49916e+01	-1.49916e+01	
244	2.372800e-03	1.283314e+00	-1.49916e+01	-1.49916e+01	
245	2.382800e-03	1.238238e+00	-1.49916e+01	-1.49916e+01	
246	2.392800e-03	1.190452e+00	-1.49916e+01	-1.49916e+01	
247	2.402800e-03	1.140145e+00	-1.49916e+01	-1.49916e+01	
248	2.412800e-03	1.087515e+00	-1.49916e+01	-1.49916e+01	
249	2.422800e-03	1.032770e+00	-1.49917e+01	-1.49916e+01	
250	2.432800e-03	9.761257e-01	-1.49917e+01	-1.49916e+01	
251	2.442800e-03	9.178063e-01	-1.49917e+01	-1.49916e+01	
252	2.452800e-03	8.580419e-01	-1.49917e+01	-1.49916e+01	
253	2.462800e-03	7.970685e-01	-1.49917e+01	-1.49917e+01	
254	2.472800e-03	7.351270e-01	-1.49917e+01	-1.49917e+01	
255	2.482800e-03	6.724621e-01	-1.49917e+01	-1.49917e+01	
256	2.492800e-03	6.093213e-01	-1.49917e+01	-1.49917e+01	
257	2.502800e-03	5.459542e-01	-1.49917e+01	-1.49917e+01	
258	2.512800e-03	4.826110e-01	-1.49917e+01	-1.49917e+01	
259	2.522800e-03	4.195421e-01	-1.49917e+01	-1.49917e+01	
260	2.532800e-03	3.569965e-01	-1.49917e+01	-1.49917e+01	
261	2.542800e-03	2.952213e-01	-1.49917e+01	-1.49917e+01	
262	2.552800e-03	2.344605e-01	-1.49917e+01	-1.49917e+01	
263	2.562800e-03	1.749539e-01	-1.49917e+01	-1.49917e+01	
264	2.572800e-03	1.169364e-01	-1.49917e+01	-1.49917e+01	
265	2.582800e-03	6.063709e-02	-1.49917e+01	-1.49917e+01	
266	2.592800e-03	6.277946e-03	-1.49917e+01	-1.49916e+01	
267	2.602800e-03	-4.59266e-02	-1.49917e+01	-1.49916e+01	
268	2.612800e-03	-9.57706e-02	-1.49917e+01	-1.49916e+01	
269	2.622800e-03	-1.43058e-01	-1.49917e+01	-1.49916e+01	
270	2.632800e-03	-1.87601e-01	-1.49917e+01	-1.49916e+01	
271	2.642800e-03	-2.29226e-01	-1.49916e+01	-1.49916e+01	
272	2.652800e-03	-2.67768e-01	-1.49916e+01	-1.49916e+01	
273	2.662800e-03	-3.03076e-01	-1.49916e+01	-1.49916e+01	
274	2.672800e-03	-3.35009e-01	-1.49916e+01	-1.49916e+01	
275	2.682800e-03	-3.63444e-01	-1.49916e+01	-1.49916e+01	
276	2.692800e-03	-3.88267e-01	-1.49916e+01	-1.49916e+01	
277	2.702800e-03	-4.09381e-01	-1.49916e+01	-1.49916e+01	
278	2.712800e-03	-4.26704e-01	-1.49916e+01	-1.49916e+01	
279	2.722800e-03	-4.40166e-01	-1.49916e+01	-1.49916e+01	
280	2.732800e-03	-4.49715e-01	-1.49916e+01	-1.49916e+01	
281	2.742800e-03	-4.55313e-01	-1.49916e+01	-1.49916e+01	
282	2.752800e-03	-4.56938e-01	-1.49916e+01	-1.49916e+01	
283	2.762800e-03	-4.54585e-01	-1.49916e+01	-1.49916e+01	
284	2.772800e-03	-4.48261e-01	-1.49916e+01	-1.49916e+01	
285	2.782800e-03	-4.37993e-01	-1.49916e+01	-1.49916e+01	
286	2.792800e-03	-4.23820e-01	-1.49916e+01	-1.49915e+01	

Index   time            q.x1.q20#collCX unconnected-_x1 unconnected-_x1 
--------------------------------------------------------------------------------
287	2.802800e-03	-4.05798e-01	-1.49916e+01	-1.49915e+01	
288	2.812800e-03	-3.83998e-01	-1.49915e+01	-1.49915e+01	
289	2.822800e-03	-3.58506e-01	-1.49915e+01	-1.49915e+01	
290	2.832800e-03	-3.29422e-01	-1.49915e+01	-1.49915e+01	
291	2.842800e-03	-2.96860e-01	-1.49915e+01	-1.49915e+01	
292	2.852800e-03	-2.60950e-01	-1.49915e+01	-1.49915e+01	
293	2.862800e-03	-2.21831e-01	-1.49915e+01	-1.49915e+01	
294	2.872800e-03	-1.79658e-01	-1.49915e+01	-1.49915e+01	
295	2.882800e-03	-1.34598e-01	-1.49915e+01	-1.49915e+01	
296	2.892800e-03	-8.68280e-02	-1.49915e+01	-1.49915e+01	
297	2.902800e-03	-3.65358e-02	-1.49915e+01	-1.49915e+01	
298	2.912800e-03	1.608004e-02	-1.49915e+01	-1.49915e+01	
299	2.922800e-03	7.081206e-02	-1.49915e+01	-1.49915e+01	
300	2.932800e-03	1.274444e-01	-1.49915e+01	-1.49915e+01	
301	2.942800e-03	1.857535e-01	-1.49915e+01	-1.49915e+01	
302	2.952800e-03	2.455093e-01	-1.49915e+01	-1.49915e+01	
303	2.962800e-03	3.064760e-01	-1.49915e+01	-1.49915e+01	
304	2.972800e-03	3.684128e-01	-1.49915e+01	-1.49915e+01	
305	2.982800e-03	4.310750e-01	-1.49915e+01	-1.49915e+01	
306	2.992800e-03	4.942152e-01	-1.49915e+01	-1.49915e+01	
307	3.002800e-03	5.575839e-01	-1.49915e+01	-1.49915e+01	
308	3.012800e-03	6.209308e-01	-1.49915e+01	-1.49915e+01	
309	3.022800e-03	6.840055e-01	-1.49915e+01	-1.49915e+01	
310	3.032800e-03	7.465588e-01	-1.49915e+01	-1.49915e+01	
311	3.042800e-03	8.083435e-01	-1.49915e+01	-1.49915e+01	
312	3.052800e-03	8.691156e-01	-1.49915e+01	-1.49915e+01	
313	3.062800e-03	9.286349e-01	-1.49915e+01	-1.49915e+01	
314	3.072800e-03	9.866662e-01	-1.49915e+01	-1.49915e+01	
315	3.082800e-03	1.042980e+00	-1.49915e+01	-1.49915e+01	
316	3.092800e-03	1.097355e+00	-1.49915e+01	-1.49915e+01	
317	3.102800e-03	1.149576e+00	-1.49915e+01	-1.49915e+01	
318	3.112800e-03	1.199436e+00	-1.49915e+01	-1.49915e+01	
319	3.122800e-03	1.246739e+00	-1.49915e+01	-1.49915e+01	
320	3.132800e-03	1.291299e+00	-1.49915e+01	-1.49915e+01	
321	3.142800e-03	1.332939e+00	-1.49915e+01	-1.49915e+01	
322	3.152800e-03	1.371496e+00	-1.49915e+01	-1.49915e+01	
323	3.162800e-03	1.406817e+00	-1.49915e+01	-1.49915e+01	
324	3.172800e-03	1.438763e+00	-1.49915e+01	-1.49915e+01	
325	3.182800e-03	1.467208e+00	-1.49915e+01	-1.49915e+01	
326	3.192800e-03	1.492041e+00	-1.49915e+01	-1.49915e+01	
327	3.202800e-03	1.513162e+00	-1.49915e+01	-1.49915e+01	
328	3.212800e-03	1.530491e+00	-1.49915e+01	-1.49915e+01	
329	3.222800e-03	1.543957e+00	-1.49915e+01	-1.49915e+01	
330	3.232800e-03	1.553508e+00	-1.49915e+01	-1.49915e+01	
331	3.242800e-03	1.559106e+00	-1.49916e+01	-1.49915e+01	
332	3.252800e-03	1.560730e+00	-1.49916e+01	-1.49915e+01	
333	3.262800e-03	1.558373e+00	-1.49916e+01	-1.49916e+01	
334	3.272800e-03	1.552044e+00	-1.49916e+01	-1.49916e+01	
335	3.282800e-03	1.541768e+00	-1.49916e+01	-1.49916e+01	
336	3.292800e-03	1.527587e+00	-1.49916e+01	-1.49916e+01	
337	3.302800e-03	1.509554e+00	-1.49916e+01	-1.49916e+01	
338	3.312800e-03	1.487743e+00	-1.49916e+01	-1.49916e+01	
339	3.322800e-03	1.462237e+00	-1.49916e+01	-1.49916e+01	
340	3.332800e-03	1.433139e+00	-1.49916e+01	-1.49916e+01	
341	3.342800e-03	1.400563e+00	-1.49916e+01	-1.49916e+01	
342	3.352800e-03	1.364637e+00	-1.49916e+01	-1.49916e+01	
343	3.362800e-03	1.325502e+00	-1.49916e+01	-1.49916e+01	
344	3.372800e-03	1.283314e+00	-1.49916e+01	-1.49916e+01	

Index   time            q.x1.q20#collCX unconnected-_x1 unconnected-_x1 
--------------------------------------------------------------------------------
345	3.382800e-03	1.238238e+00	-1.49916e+01	-1.49916e+01	
346	3.392800e-03	1.190452e+00	-1.49916e+01	-1.49916e+01	
347	3.402800e-03	1.140145e+00	-1.49916e+01	-1.49916e+01	
348	3.412800e-03	1.087515e+00	-1.49916e+01	-1.49916e+01	
349	3.422800e-03	1.032770e+00	-1.49917e+01	-1.49916e+01	
350	3.432800e-03	9.761257e-01	-1.49917e+01	-1.49916e+01	
351	3.442800e-03	9.178063e-01	-1.49917e+01	-1.49916e+01	
352	3.452800e-03	8.580419e-01	-1.49917e+01	-1.49916e+01	
353	3.462800e-03	7.970685e-01	-1.49917e+01	-1.49917e+01	
354	3.472800e-03	7.351270e-01	-1.49917e+01	-1.49917e+01	
355	3.482800e-03	6.724621e-01	-1.49917e+01	-1.49917e+01	
356	3.492800e-03	6.093213e-01	-1.49917e+01	-1.49917e+01	
357	3.502800e-03	5.459542e-01	-1.49917e+01	-1.49917e+01	
358	3.512800e-03	4.826110e-01	-1.49917e+01	-1.49917e+01	
359	3.522800e-03	4.195421e-01	-1.49917e+01	-1.49917e+01	
360	3.532800e-03	3.569965e-01	-1.49917e+01	-1.49917e+01	
361	3.542800e-03	2.952213e-01	-1.49917e+01	-1.49917e+01	
362	3.552800e-03	2.344605e-01	-1.49917e+01	-1.49917e+01	
363	3.562800e-03	1.749539e-01	-1.49917e+01	-1.49917e+01	
364	3.572800e-03	1.169364e-01	-1.49917e+01	-1.49917e+01	
365	3.582800e-03	6.063709e-02	-1.49917e+01	-1.49917e+01	
366	3.592800e-03	6.277945e-03	-1.49917e+01	-1.49916e+01	
367	3.602800e-03	-4.59266e-02	-1.49917e+01	-1.49916e+01	
368	3.612800e-03	-9.57706e-02	-1.49917e+01	-1.49916e+01	
369	3.622800e-03	-1.43058e-01	-1.49917e+01	-1.49916e+01	
370	3.632800e-03	-1.87601e-01	-1.49917e+01	-1.49916e+01	
371	3.642800e-03	-2.29226e-01	-1.49916e+01	-1.49916e+01	
372	3.652800e-03	-2.67768e-01	-1.49916e+01	-1.49916e+01	
373	3.662800e-03	-3.03076e-01	-1.49916e+01	-1.49916e+01	
374	3.672800e-03	-3.35009e-01	-1.49916e+01	-1.49916e+01	
375	3.682800e-03	-3.63444e-01	-1.49916e+01	-1.49916e+01	
376	3.692800e-03	-3.88267e-01	-1.49916e+01	-1.49916e+01	
377	3.702800e-03	-4.09381e-01	-1.49916e+01	-1.49916e+01	
378	3.712800e-03	-4.26704e-01	-1.49916e+01	-1.49916e+01	
379	3.722800e-03	-4.40166e-01	-1.49916e+01	-1.49916e+01	
380	3.732800e-03	-4.49715e-01	-1.49916e+01	-1.49916e+01	
381	3.742800e-03	-4.55313e-01	-1.49916e+01	-1.49916e+01	
382	3.752800e-03	-4.56938e-01	-1.49916e+01	-1.49916e+01	
383	3.762800e-03	-4.54585e-01	-1.49916e+01	-1.49916e+01	
384	3.772800e-03	-4.48261e-01	-1.49916e+01	-1.49916e+01	
385	3.782800e-03	-4.37993e-01	-1.49916e+01	-1.49916e+01	
386	3.792800e-03	-4.23820e-01	-1.49916e+01	-1.49915e+01	
387	3.802800e-03	-4.05798e-01	-1.49916e+01	-1.49915e+01	
388	3.812800e-03	-3.83998e-01	-1.49915e+01	-1.49915e+01	
389	3.822800e-03	-3.58506e-01	-1.49915e+01	-1.49915e+01	
390	3.832800e-03	-3.29422e-01	-1.49915e+01	-1.49915e+01	
391	3.842800e-03	-2.96860e-01	-1.49915e+01	-1.49915e+01	
392	3.852800e-03	-2.60950e-01	-1.49915e+01	-1.49915e+01	
393	3.862800e-03	-2.21831e-01	-1.49915e+01	-1.49915e+01	
394	3.872800e-03	-1.79658e-01	-1.49915e+01	-1.49915e+01	
395	3.882800e-03	-1.34598e-01	-1.49915e+01	-1.49915e+01	
396	3.892800e-03	-8.68280e-02	-1.49915e+01	-1.49915e+01	
397	3.902800e-03	-3.65358e-02	-1.49915e+01	-1.49915e+01	
398	3.912800e-03	1.608004e-02	-1.49915e+01	-1.49915e+01	
399	3.922800e-03	7.081206e-02	-1.49915e+01	-1.49915e+01	
400	3.932800e-03	1.274444e-01	-1.49915e+01	-1.49915e+01	
401	3.942800e-03	1.857535e-01	-1.49915e+01	-1.49915e+01	
402	3.952800e-03	2.455093e-01	-1.49915e+01	-1.49915e+01	

Index   time            q.x1.q20#collCX unconnected-_x1 unconnected-_x1 
--------------------------------------------------------------------------------
403	3.962800e-03	3.064760e-01	-1.49915e+01	-1.49915e+01	
404	3.972800e-03	3.684128e-01	-1.49915e+01	-1.49915e+01	
405	3.982800e-03	4.310750e-01	-1.49915e+01	-1.49915e+01	
406	3.992800e-03	4.942152e-01	-1.49915e+01	-1.49915e+01	
407	4.002800e-03	5.575839e-01	-1.49915e+01	-1.49915e+01	
408	4.012800e-03	6.209308e-01	-1.49915e+01	-1.49915e+01	
409	4.022800e-03	6.840055e-01	-1.49915e+01	-1.49915e+01	
410	4.032800e-03	7.465588e-01	-1.49915e+01	-1.49915e+01	
411	4.042800e-03	8.083435e-01	-1.49915e+01	-1.49915e+01	
412	4.052800e-03	8.691156e-01	-1.49915e+01	-1.49915e+01	
413	4.062800e-03	9.286349e-01	-1.49915e+01	-1.49915e+01	
414	4.072800e-03	9.866662e-01	-1.49915e+01	-1.49915e+01	
415	4.082800e-03	1.042980e+00	-1.49915e+01	-1.49915e+01	
416	4.092800e-03	1.097355e+00	-1.49915e+01	-1.49915e+01	
417	4.102800e-03	1.149576e+00	-1.49915e+01	-1.49915e+01	
418	4.112800e-03	1.199436e+00	-1.49915e+01	-1.49915e+01	
419	4.122800e-03	1.246739e+00	-1.49915e+01	-1.49915e+01	
420	4.132800e-03	1.291299e+00	-1.49915e+01	-1.49915e+01	
421	4.142800e-03	1.332939e+00	-1.49915e+01	-1.49915e+01	
422	4.152800e-03	1.371496e+00	-1.49915e+01	-1.49915e+01	
423	4.162800e-03	1.406817e+00	-1.49915e+01	-1.49915e+01	
424	4.172800e-03	1.438763e+00	-1.49915e+01	-1.49915e+01	
425	4.182800e-03	1.467208e+00	-1.49915e+01	-1.49915e+01	
426	4.192800e-03	1.492041e+00	-1.49915e+01	-1.49915e+01	
427	4.202800e-03	1.513162e+00	-1.49915e+01	-1.49915e+01	
428	4.212800e-03	1.530491e+00	-1.49915e+01	-1.49915e+01	
429	4.222800e-03	1.543957e+00	-1.49915e+01	-1.49915e+01	
430	4.232800e-03	1.553508e+00	-1.49915e+01	-1.49915e+01	
431	4.242800e-03	1.559106e+00	-1.49916e+01	-1.49915e+01	
432	4.252800e-03	1.560730e+00	-1.49916e+01	-1.49915e+01	
433	4.262800e-03	1.558373e+00	-1.49916e+01	-1.49916e+01	
434	4.272800e-03	1.552044e+00	-1.49916e+01	-1.49916e+01	
435	4.282800e-03	1.541768e+00	-1.49916e+01	-1.49916e+01	
436	4.292800e-03	1.527587e+00	-1.49916e+01	-1.49916e+01	
437	4.302800e-03	1.509554e+00	-1.49916e+01	-1.49916e+01	
438	4.312800e-03	1.487743e+00	-1.49916e+01	-1.49916e+01	
439	4.322800e-03	1.462237e+00	-1.49916e+01	-1.49916e+01	
440	4.332800e-03	1.433139e+00	-1.49916e+01	-1.49916e+01	
441	4.342800e-03	1.400563e+00	-1.49916e+01	-1.49916e+01	
442	4.352800e-03	1.364637e+00	-1.49916e+01	-1.49916e+01	
443	4.362800e-03	1.325502e+00	-1.49916e+01	-1.49916e+01	
444	4.372800e-03	1.283314e+00	-1.49916e+01	-1.49916e+01	
445	4.382800e-03	1.238238e+00	-1.49916e+01	-1.49916e+01	
446	4.392800e-03	1.190452e+00	-1.49916e+01	-1.49916e+01	
447	4.402800e-03	1.140145e+00	-1.49916e+01	-1.49916e+01	
448	4.412800e-03	1.087515e+00	-1.49916e+01	-1.49916e+01	
449	4.422800e-03	1.032770e+00	-1.49917e+01	-1.49916e+01	
450	4.432800e-03	9.761257e-01	-1.49917e+01	-1.49916e+01	
451	4.442800e-03	9.178063e-01	-1.49917e+01	-1.49916e+01	
452	4.452800e-03	8.580419e-01	-1.49917e+01	-1.49916e+01	
453	4.462800e-03	7.970685e-01	-1.49917e+01	-1.49917e+01	
454	4.472800e-03	7.351270e-01	-1.49917e+01	-1.49917e+01	
455	4.482800e-03	6.724621e-01	-1.49917e+01	-1.49917e+01	
456	4.492800e-03	6.093213e-01	-1.49917e+01	-1.49917e+01	
457	4.502800e-03	5.459542e-01	-1.49917e+01	-1.49917e+01	
458	4.512800e-03	4.826110e-01	-1.49917e+01	-1.49917e+01	
459	4.522800e-03	4.195421e-01	-1.49917e+01	-1.49917e+01	
460	4.532800e-03	3.569965e-01	-1.49917e+01	-1.49917e+01	

Index   time            q.x1.q20#collCX unconnected-_x1 unconnected-_x1 
--------------------------------------------------------------------------------
461	4.542800e-03	2.952213e-01	-1.49917e+01	-1.49917e+01	
462	4.552800e-03	2.344605e-01	-1.49917e+01	-1.49917e+01	
463	4.562800e-03	1.749539e-01	-1.49917e+01	-1.49917e+01	
464	4.572800e-03	1.169364e-01	-1.49917e+01	-1.49917e+01	
465	4.582800e-03	6.063709e-02	-1.49917e+01	-1.49917e+01	
466	4.592800e-03	6.277946e-03	-1.49917e+01	-1.49916e+01	
467	4.602800e-03	-4.59266e-02	-1.49917e+01	-1.49916e+01	
468	4.612800e-03	-9.57706e-02	-1.49917e+01	-1.49916e+01	
469	4.622800e-03	-1.43058e-01	-1.49917e+01	-1.49916e+01	
470	4.632800e-03	-1.87601e-01	-1.49917e+01	-1.49916e+01	
471	4.642800e-03	-2.29226e-01	-1.49916e+01	-1.49916e+01	
472	4.652800e-03	-2.67768e-01	-1.49916e+01	-1.49916e+01	
473	4.662800e-03	-3.03076e-01	-1.49916e+01	-1.49916e+01	
474	4.672800e-03	-3.35009e-01	-1.49916e+01	-1.49916e+01	
475	4.682800e-03	-3.63444e-01	-1.49916e+01	-1.49916e+01	
476	4.692800e-03	-3.88267e-01	-1.49916e+01	-1.49916e+01	
477	4.702800e-03	-4.09381e-01	-1.49916e+01	-1.49916e+01	
478	4.712800e-03	-4.26704e-01	-1.49916e+01	-1.49916e+01	
479	4.722800e-03	-4.40166e-01	-1.49916e+01	-1.49916e+01	
480	4.732800e-03	-4.49715e-01	-1.49916e+01	-1.49916e+01	
481	4.742800e-03	-4.55313e-01	-1.49916e+01	-1.49916e+01	
482	4.752800e-03	-4.56938e-01	-1.49916e+01	-1.49916e+01	
483	4.762800e-03	-4.54585e-01	-1.49916e+01	-1.49916e+01	
484	4.772800e-03	-4.48261e-01	-1.49916e+01	-1.49916e+01	
485	4.782800e-03	-4.37993e-01	-1.49916e+01	-1.49916e+01	
486	4.792800e-03	-4.23820e-01	-1.49916e+01	-1.49915e+01	
487	4.802800e-03	-4.05798e-01	-1.49916e+01	-1.49915e+01	
488	4.812800e-03	-3.83998e-01	-1.49915e+01	-1.49915e+01	
489	4.822800e-03	-3.58506e-01	-1.49915e+01	-1.49915e+01	
490	4.832800e-03	-3.29422e-01	-1.49915e+01	-1.49915e+01	
491	4.842800e-03	-2.96860e-01	-1.49915e+01	-1.49915e+01	
492	4.852800e-03	-2.60950e-01	-1.49915e+01	-1.49915e+01	
493	4.862800e-03	-2.21831e-01	-1.49915e+01	-1.49915e+01	
494	4.872800e-03	-1.79658e-01	-1.49915e+01	-1.49915e+01	
495	4.882800e-03	-1.34598e-01	-1.49915e+01	-1.49915e+01	
496	4.892800e-03	-8.68280e-02	-1.49915e+01	-1.49915e+01	
497	4.902800e-03	-3.65358e-02	-1.49915e+01	-1.49915e+01	
498	4.912800e-03	1.608004e-02	-1.49915e+01	-1.49915e+01	
499	4.922800e-03	7.081206e-02	-1.49915e+01	-1.49915e+01	
500	4.932800e-03	1.274444e-01	-1.49915e+01	-1.49915e+01	
501	4.942800e-03	1.857535e-01	-1.49915e+01	-1.49915e+01	
502	4.952800e-03	2.455093e-01	-1.49915e+01	-1.49915e+01	
503	4.962800e-03	3.064760e-01	-1.49915e+01	-1.49915e+01	
504	4.972800e-03	3.684128e-01	-1.49915e+01	-1.49915e+01	
505	4.982800e-03	4.310750e-01	-1.49915e+01	-1.49915e+01	
506	4.992800e-03	4.942152e-01	-1.49915e+01	-1.49915e+01	
507	5.000000e-03	5.398346e-01	-1.49915e+01	-1.49915e+01	

                                kicad schematic
                                Transient Analysis  Tue Oct 21 20:02:38  2025
--------------------------------------------------------------------------------
Index   time            x1.net-_c1-pad1 x1.net-_c1-pad2 x1.net-_q1-pad1 
--------------------------------------------------------------------------------
0	0.000000e+00	5.517669e-01	-1.37803e+01	1.446107e+01	
1	1.000000e-07	5.517961e-01	-1.37803e+01	1.446107e+01	
2	2.000000e-07	5.518561e-01	-1.37803e+01	1.446107e+01	
3	4.000000e-07	5.520342e-01	-1.37803e+01	1.446107e+01	
4	8.000000e-07	5.527058e-01	-1.37803e+01	1.446107e+01	
5	1.600000e-06	5.550333e-01	-1.37803e+01	1.446107e+01	
6	3.200000e-06	5.621524e-01	-1.37803e+01	1.446107e+01	
7	6.400000e-06	5.805674e-01	-1.37804e+01	1.446107e+01	
8	1.280000e-05	6.208910e-01	-1.37804e+01	1.446106e+01	
9	2.280000e-05	6.840236e-01	-1.37806e+01	1.446106e+01	
10	3.280000e-05	7.465506e-01	-1.37807e+01	1.446106e+01	
11	4.280000e-05	8.083473e-01	-1.37808e+01	1.446106e+01	
12	5.280000e-05	8.691139e-01	-1.37809e+01	1.446106e+01	
13	6.280000e-05	9.286356e-01	-1.37810e+01	1.446105e+01	
14	7.280000e-05	9.866659e-01	-1.37811e+01	1.446105e+01	
15	8.280000e-05	1.042981e+00	-1.37811e+01	1.446105e+01	
16	9.280000e-05	1.097355e+00	-1.37812e+01	1.446105e+01	
17	1.028000e-04	1.149576e+00	-1.37813e+01	1.446105e+01	
18	1.128000e-04	1.199436e+00	-1.37814e+01	1.446104e+01	
19	1.228000e-04	1.246739e+00	-1.37815e+01	1.446104e+01	
20	1.328000e-04	1.291299e+00	-1.37816e+01	1.446104e+01	
21	1.428000e-04	1.332939e+00	-1.37816e+01	1.446104e+01	
22	1.528000e-04	1.371496e+00	-1.37817e+01	1.446104e+01	
23	1.628000e-04	1.406817e+00	-1.37817e+01	1.446104e+01	
24	1.728000e-04	1.438763e+00	-1.37818e+01	1.446104e+01	
25	1.828000e-04	1.467208e+00	-1.37818e+01	1.446104e+01	
26	1.928000e-04	1.492041e+00	-1.37819e+01	1.446103e+01	
27	2.028000e-04	1.513162e+00	-1.37819e+01	1.446103e+01	
28	2.128000e-04	1.530491e+00	-1.37819e+01	1.446103e+01	
29	2.228000e-04	1.543957e+00	-1.37820e+01	1.446103e+01	
30	2.328000e-04	1.553508e+00	-1.37820e+01	1.446103e+01	
31	2.428000e-04	1.559106e+00	-1.37820e+01	1.446103e+01	
32	2.528000e-04	1.560730e+00	-1.37820e+01	1.446103e+01	
33	2.628000e-04	1.558373e+00	-1.37820e+01	1.446103e+01	
34	2.728000e-04	1.552044e+00	-1.37820e+01	1.446103e+01	
35	2.828000e-04	1.541768e+00	-1.37820e+01	1.446103e+01	
36	2.928000e-04	1.527587e+00	-1.37819e+01	1.446103e+01	
37	3.028000e-04	1.509554e+00	-1.37819e+01	1.446104e+01	
38	3.128000e-04	1.487743e+00	-1.37819e+01	1.446104e+01	
39	3.228000e-04	1.462237e+00	-1.37818e+01	1.446104e+01	
40	3.328000e-04	1.433139e+00	-1.37818e+01	1.446104e+01	
41	3.428000e-04	1.400563e+00	-1.37817e+01	1.446104e+01	
42	3.528000e-04	1.364637e+00	-1.37816e+01	1.446104e+01	
43	3.628000e-04	1.325502e+00	-1.37816e+01	1.446104e+01	
44	3.728000e-04	1.283314e+00	-1.37815e+01	1.446104e+01	
45	3.828000e-04	1.238238e+00	-1.37814e+01	1.446105e+01	
46	3.928000e-04	1.190452e+00	-1.37814e+01	1.446105e+01	
47	4.028000e-04	1.140145e+00	-1.37813e+01	1.446105e+01	
48	4.128000e-04	1.087515e+00	-1.37812e+01	1.446105e+01	
49	4.228000e-04	1.032770e+00	-1.37811e+01	1.446105e+01	
50	4.328000e-04	9.761257e-01	-1.37810e+01	1.446106e+01	
51	4.428000e-04	9.178063e-01	-1.37809e+01	1.446106e+01	
52	4.528000e-04	8.580419e-01	-1.37808e+01	1.446106e+01	
53	4.628000e-04	7.970685e-01	-1.37807e+01	1.446106e+01	
54	4.728000e-04	7.351270e-01	-1.37806e+01	1.446106e+01	

Index   time            x1.net-_c1-pad1 x1.net-_c1-pad2 x1.net-_q1-pad1 
--------------------------------------------------------------------------------
55	4.828000e-04	6.724621e-01	-1.37805e+01	1.446107e+01	
56	4.928000e-04	6.093213e-01	-1.37804e+01	1.446107e+01	
57	5.028000e-04	5.459542e-01	-1.37803e+01	1.446107e+01	
58	5.128000e-04	4.826110e-01	-1.37802e+01	1.446107e+01	
59	5.228000e-04	4.195421e-01	-1.37801e+01	1.446107e+01	
60	5.328000e-04	3.569965e-01	-1.37800e+01	1.446108e+01	
61	5.428000e-04	2.952213e-01	-1.37799e+01	1.446108e+01	
62	5.528000e-04	2.344605e-01	-1.37798e+01	1.446108e+01	
63	5.628000e-04	1.749539e-01	-1.37797e+01	1.446108e+01	
64	5.728000e-04	1.169364e-01	-1.37796e+01	1.446109e+01	
65	5.828000e-04	6.063709e-02	-1.37795e+01	1.446109e+01	
66	5.928000e-04	6.277945e-03	-1.37794e+01	1.446109e+01	
67	6.028000e-04	-4.59266e-02	-1.37793e+01	1.446109e+01	
68	6.128000e-04	-9.57706e-02	-1.37792e+01	1.446109e+01	
69	6.228000e-04	-1.43058e-01	-1.37791e+01	1.446109e+01	
70	6.328000e-04	-1.87601e-01	-1.37790e+01	1.446110e+01	
71	6.428000e-04	-2.29226e-01	-1.37790e+01	1.446110e+01	
72	6.528000e-04	-2.67768e-01	-1.37789e+01	1.446110e+01	
73	6.628000e-04	-3.03076e-01	-1.37789e+01	1.446110e+01	
74	6.728000e-04	-3.35009e-01	-1.37788e+01	1.446110e+01	
75	6.828000e-04	-3.63444e-01	-1.37788e+01	1.446110e+01	
76	6.928000e-04	-3.88267e-01	-1.37787e+01	1.446110e+01	
77	7.028000e-04	-4.09381e-01	-1.37787e+01	1.446110e+01	
78	7.128000e-04	-4.26704e-01	-1.37787e+01	1.446110e+01	
79	7.228000e-04	-4.40166e-01	-1.37786e+01	1.446110e+01	
80	7.328000e-04	-4.49715e-01	-1.37786e+01	1.446110e+01	
81	7.428000e-04	-4.55313e-01	-1.37786e+01	1.446110e+01	
82	7.528000e-04	-4.56938e-01	-1.37786e+01	1.446110e+01	
83	7.628000e-04	-4.54585e-01	-1.37786e+01	1.446110e+01	
84	7.728000e-04	-4.48261e-01	-1.37786e+01	1.446110e+01	
85	7.828000e-04	-4.37993e-01	-1.37786e+01	1.446110e+01	
86	7.928000e-04	-4.23820e-01	-1.37787e+01	1.446110e+01	
87	8.028000e-04	-4.05798e-01	-1.37787e+01	1.446110e+01	
88	8.128000e-04	-3.83998e-01	-1.37787e+01	1.446110e+01	
89	8.228000e-04	-3.58506e-01	-1.37788e+01	1.446110e+01	
90	8.328000e-04	-3.29422e-01	-1.37788e+01	1.446110e+01	
91	8.428000e-04	-2.96860e-01	-1.37789e+01	1.446110e+01	
92	8.528000e-04	-2.60950e-01	-1.37790e+01	1.446110e+01	
93	8.628000e-04	-2.21831e-01	-1.37790e+01	1.446109e+01	
94	8.728000e-04	-1.79658e-01	-1.37791e+01	1.446109e+01	
95	8.828000e-04	-1.34598e-01	-1.37792e+01	1.446109e+01	
96	8.928000e-04	-8.68280e-02	-1.37793e+01	1.446109e+01	
97	9.028000e-04	-3.65358e-02	-1.37793e+01	1.446109e+01	
98	9.128000e-04	1.608004e-02	-1.37794e+01	1.446109e+01	
99	9.228000e-04	7.081206e-02	-1.37795e+01	1.446108e+01	
100	9.328000e-04	1.274444e-01	-1.37796e+01	1.446108e+01	
101	9.428000e-04	1.857535e-01	-1.37797e+01	1.446108e+01	
102	9.528000e-04	2.455093e-01	-1.37798e+01	1.446108e+01	
103	9.628000e-04	3.064760e-01	-1.37799e+01	1.446108e+01	
104	9.728000e-04	3.684128e-01	-1.37800e+01	1.446107e+01	
105	9.828000e-04	4.310750e-01	-1.37801e+01	1.446107e+01	
106	9.928000e-04	4.942152e-01	-1.37802e+01	1.446107e+01	
107	1.002800e-03	5.575839e-01	-1.37803e+01	1.446107e+01	
108	1.012800e-03	6.209308e-01	-1.37804e+01	1.446106e+01	
109	1.022800e-03	6.840055e-01	-1.37806e+01	1.446106e+01	
110	1.032800e-03	7.465588e-01	-1.37807e+01	1.446106e+01	
111	1.042800e-03	8.083435e-01	-1.37808e+01	1.446106e+01	
112	1.052800e-03	8.691156e-01	-1.37809e+01	1.446106e+01	

Index   time            x1.net-_c1-pad1 x1.net-_c1-pad2 x1.net-_q1-pad1 
--------------------------------------------------------------------------------
113	1.062800e-03	9.286349e-01	-1.37810e+01	1.446105e+01	
114	1.072800e-03	9.866662e-01	-1.37811e+01	1.446105e+01	
115	1.082800e-03	1.042980e+00	-1.37811e+01	1.446105e+01	
116	1.092800e-03	1.097355e+00	-1.37812e+01	1.446105e+01	
117	1.102800e-03	1.149576e+00	-1.37813e+01	1.446105e+01	
118	1.112800e-03	1.199436e+00	-1.37814e+01	1.446104e+01	
119	1.122800e-03	1.246739e+00	-1.37815e+01	1.446104e+01	
120	1.132800e-03	1.291299e+00	-1.37816e+01	1.446104e+01	
121	1.142800e-03	1.332939e+00	-1.37816e+01	1.446104e+01	
122	1.152800e-03	1.371496e+00	-1.37817e+01	1.446104e+01	
123	1.162800e-03	1.406817e+00	-1.37817e+01	1.446104e+01	
124	1.172800e-03	1.438763e+00	-1.37818e+01	1.446104e+01	
125	1.182800e-03	1.467208e+00	-1.37818e+01	1.446104e+01	
126	1.192800e-03	1.492041e+00	-1.37819e+01	1.446103e+01	
127	1.202800e-03	1.513162e+00	-1.37819e+01	1.446103e+01	
128	1.212800e-03	1.530491e+00	-1.37819e+01	1.446103e+01	
129	1.222800e-03	1.543957e+00	-1.37820e+01	1.446103e+01	
130	1.232800e-03	1.553508e+00	-1.37820e+01	1.446103e+01	
131	1.242800e-03	1.559106e+00	-1.37820e+01	1.446103e+01	
132	1.252800e-03	1.560730e+00	-1.37820e+01	1.446103e+01	
133	1.262800e-03	1.558373e+00	-1.37820e+01	1.446103e+01	
134	1.272800e-03	1.552044e+00	-1.37820e+01	1.446103e+01	
135	1.282800e-03	1.541768e+00	-1.37820e+01	1.446103e+01	
136	1.292800e-03	1.527587e+00	-1.37819e+01	1.446103e+01	
137	1.302800e-03	1.509554e+00	-1.37819e+01	1.446104e+01	
138	1.312800e-03	1.487743e+00	-1.37819e+01	1.446104e+01	
139	1.322800e-03	1.462237e+00	-1.37818e+01	1.446104e+01	
140	1.332800e-03	1.433139e+00	-1.37818e+01	1.446104e+01	
141	1.342800e-03	1.400563e+00	-1.37817e+01	1.446104e+01	
142	1.352800e-03	1.364637e+00	-1.37816e+01	1.446104e+01	
143	1.362800e-03	1.325502e+00	-1.37816e+01	1.446104e+01	
144	1.372800e-03	1.283314e+00	-1.37815e+01	1.446104e+01	
145	1.382800e-03	1.238238e+00	-1.37814e+01	1.446105e+01	
146	1.392800e-03	1.190452e+00	-1.37814e+01	1.446105e+01	
147	1.402800e-03	1.140145e+00	-1.37813e+01	1.446105e+01	
148	1.412800e-03	1.087515e+00	-1.37812e+01	1.446105e+01	
149	1.422800e-03	1.032770e+00	-1.37811e+01	1.446105e+01	
150	1.432800e-03	9.761257e-01	-1.37810e+01	1.446106e+01	
151	1.442800e-03	9.178063e-01	-1.37809e+01	1.446106e+01	
152	1.452800e-03	8.580419e-01	-1.37808e+01	1.446106e+01	
153	1.462800e-03	7.970685e-01	-1.37807e+01	1.446106e+01	
154	1.472800e-03	7.351270e-01	-1.37806e+01	1.446106e+01	
155	1.482800e-03	6.724621e-01	-1.37805e+01	1.446107e+01	
156	1.492800e-03	6.093213e-01	-1.37804e+01	1.446107e+01	
157	1.502800e-03	5.459542e-01	-1.37803e+01	1.446107e+01	
158	1.512800e-03	4.826110e-01	-1.37802e+01	1.446107e+01	
159	1.522800e-03	4.195421e-01	-1.37801e+01	1.446107e+01	
160	1.532800e-03	3.569965e-01	-1.37800e+01	1.446108e+01	
161	1.542800e-03	2.952213e-01	-1.37799e+01	1.446108e+01	
162	1.552800e-03	2.344605e-01	-1.37798e+01	1.446108e+01	
163	1.562800e-03	1.749539e-01	-1.37797e+01	1.446108e+01	
164	1.572800e-03	1.169364e-01	-1.37796e+01	1.446109e+01	
165	1.582800e-03	6.063709e-02	-1.37795e+01	1.446109e+01	
166	1.592800e-03	6.277945e-03	-1.37794e+01	1.446109e+01	
167	1.602800e-03	-4.59266e-02	-1.37793e+01	1.446109e+01	
168	1.612800e-03	-9.57706e-02	-1.37792e+01	1.446109e+01	
169	1.622800e-03	-1.43058e-01	-1.37791e+01	1.446109e+01	
170	1.632800e-03	-1.87601e-01	-1.37790e+01	1.446110e+01	

Index   time            x1.net-_c1-pad1 x1.net-_c1-pad2 x1.net-_q1-pad1 
--------------------------------------------------------------------------------
171	1.642800e-03	-2.29226e-01	-1.37790e+01	1.446110e+01	
172	1.652800e-03	-2.67768e-01	-1.37789e+01	1.446110e+01	
173	1.662800e-03	-3.03076e-01	-1.37789e+01	1.446110e+01	
174	1.672800e-03	-3.35009e-01	-1.37788e+01	1.446110e+01	
175	1.682800e-03	-3.63444e-01	-1.37788e+01	1.446110e+01	
176	1.692800e-03	-3.88267e-01	-1.37787e+01	1.446110e+01	
177	1.702800e-03	-4.09381e-01	-1.37787e+01	1.446110e+01	
178	1.712800e-03	-4.26704e-01	-1.37787e+01	1.446110e+01	
179	1.722800e-03	-4.40166e-01	-1.37786e+01	1.446110e+01	
180	1.732800e-03	-4.49715e-01	-1.37786e+01	1.446110e+01	
181	1.742800e-03	-4.55313e-01	-1.37786e+01	1.446110e+01	
182	1.752800e-03	-4.56938e-01	-1.37786e+01	1.446110e+01	
183	1.762800e-03	-4.54585e-01	-1.37786e+01	1.446110e+01	
184	1.772800e-03	-4.48261e-01	-1.37786e+01	1.446110e+01	
185	1.782800e-03	-4.37993e-01	-1.37786e+01	1.446110e+01	
186	1.792800e-03	-4.23820e-01	-1.37787e+01	1.446110e+01	
187	1.802800e-03	-4.05798e-01	-1.37787e+01	1.446110e+01	
188	1.812800e-03	-3.83998e-01	-1.37787e+01	1.446110e+01	
189	1.822800e-03	-3.58506e-01	-1.37788e+01	1.446110e+01	
190	1.832800e-03	-3.29422e-01	-1.37788e+01	1.446110e+01	
191	1.842800e-03	-2.96860e-01	-1.37789e+01	1.446110e+01	
192	1.852800e-03	-2.60950e-01	-1.37790e+01	1.446110e+01	
193	1.862800e-03	-2.21831e-01	-1.37790e+01	1.446109e+01	
194	1.872800e-03	-1.79658e-01	-1.37791e+01	1.446109e+01	
195	1.882800e-03	-1.34598e-01	-1.37792e+01	1.446109e+01	
196	1.892800e-03	-8.68280e-02	-1.37793e+01	1.446109e+01	
197	1.902800e-03	-3.65358e-02	-1.37793e+01	1.446109e+01	
198	1.912800e-03	1.608004e-02	-1.37794e+01	1.446109e+01	
199	1.922800e-03	7.081206e-02	-1.37795e+01	1.446108e+01	
200	1.932800e-03	1.274444e-01	-1.37796e+01	1.446108e+01	
201	1.942800e-03	1.857535e-01	-1.37797e+01	1.446108e+01	
202	1.952800e-03	2.455093e-01	-1.37798e+01	1.446108e+01	
203	1.962800e-03	3.064760e-01	-1.37799e+01	1.446108e+01	
204	1.972800e-03	3.684128e-01	-1.37800e+01	1.446107e+01	
205	1.982800e-03	4.310750e-01	-1.37801e+01	1.446107e+01	
206	1.992800e-03	4.942152e-01	-1.37802e+01	1.446107e+01	
207	2.002800e-03	5.575839e-01	-1.37803e+01	1.446107e+01	
208	2.012800e-03	6.209308e-01	-1.37804e+01	1.446106e+01	
209	2.022800e-03	6.840055e-01	-1.37806e+01	1.446106e+01	
210	2.032800e-03	7.465588e-01	-1.37807e+01	1.446106e+01	
211	2.042800e-03	8.083435e-01	-1.37808e+01	1.446106e+01	
212	2.052800e-03	8.691156e-01	-1.37809e+01	1.446106e+01	
213	2.062800e-03	9.286349e-01	-1.37810e+01	1.446105e+01	
214	2.072800e-03	9.866662e-01	-1.37811e+01	1.446105e+01	
215	2.082800e-03	1.042980e+00	-1.37811e+01	1.446105e+01	
216	2.092800e-03	1.097355e+00	-1.37812e+01	1.446105e+01	
217	2.102800e-03	1.149576e+00	-1.37813e+01	1.446105e+01	
218	2.112800e-03	1.199436e+00	-1.37814e+01	1.446104e+01	
219	2.122800e-03	1.246739e+00	-1.37815e+01	1.446104e+01	
220	2.132800e-03	1.291299e+00	-1.37816e+01	1.446104e+01	
221	2.142800e-03	1.332939e+00	-1.37816e+01	1.446104e+01	
222	2.152800e-03	1.371496e+00	-1.37817e+01	1.446104e+01	
223	2.162800e-03	1.406817e+00	-1.37817e+01	1.446104e+01	
224	2.172800e-03	1.438763e+00	-1.37818e+01	1.446104e+01	
225	2.182800e-03	1.467208e+00	-1.37818e+01	1.446104e+01	
226	2.192800e-03	1.492041e+00	-1.37819e+01	1.446103e+01	
227	2.202800e-03	1.513162e+00	-1.37819e+01	1.446103e+01	
228	2.212800e-03	1.530491e+00	-1.37819e+01	1.446103e+01	

Index   time            x1.net-_c1-pad1 x1.net-_c1-pad2 x1.net-_q1-pad1 
--------------------------------------------------------------------------------
229	2.222800e-03	1.543957e+00	-1.37820e+01	1.446103e+01	
230	2.232800e-03	1.553508e+00	-1.37820e+01	1.446103e+01	
231	2.242800e-03	1.559106e+00	-1.37820e+01	1.446103e+01	
232	2.252800e-03	1.560730e+00	-1.37820e+01	1.446103e+01	
233	2.262800e-03	1.558373e+00	-1.37820e+01	1.446103e+01	
234	2.272800e-03	1.552044e+00	-1.37820e+01	1.446103e+01	
235	2.282800e-03	1.541768e+00	-1.37820e+01	1.446103e+01	
236	2.292800e-03	1.527587e+00	-1.37819e+01	1.446103e+01	
237	2.302800e-03	1.509554e+00	-1.37819e+01	1.446104e+01	
238	2.312800e-03	1.487743e+00	-1.37819e+01	1.446104e+01	
239	2.322800e-03	1.462237e+00	-1.37818e+01	1.446104e+01	
240	2.332800e-03	1.433139e+00	-1.37818e+01	1.446104e+01	
241	2.342800e-03	1.400563e+00	-1.37817e+01	1.446104e+01	
242	2.352800e-03	1.364637e+00	-1.37816e+01	1.446104e+01	
243	2.362800e-03	1.325502e+00	-1.37816e+01	1.446104e+01	
244	2.372800e-03	1.283314e+00	-1.37815e+01	1.446104e+01	
245	2.382800e-03	1.238238e+00	-1.37814e+01	1.446105e+01	
246	2.392800e-03	1.190452e+00	-1.37814e+01	1.446105e+01	
247	2.402800e-03	1.140145e+00	-1.37813e+01	1.446105e+01	
248	2.412800e-03	1.087515e+00	-1.37812e+01	1.446105e+01	
249	2.422800e-03	1.032770e+00	-1.37811e+01	1.446105e+01	
250	2.432800e-03	9.761257e-01	-1.37810e+01	1.446106e+01	
251	2.442800e-03	9.178063e-01	-1.37809e+01	1.446106e+01	
252	2.452800e-03	8.580419e-01	-1.37808e+01	1.446106e+01	
253	2.462800e-03	7.970685e-01	-1.37807e+01	1.446106e+01	
254	2.472800e-03	7.351270e-01	-1.37806e+01	1.446106e+01	
255	2.482800e-03	6.724621e-01	-1.37805e+01	1.446107e+01	
256	2.492800e-03	6.093213e-01	-1.37804e+01	1.446107e+01	
257	2.502800e-03	5.459542e-01	-1.37803e+01	1.446107e+01	
258	2.512800e-03	4.826110e-01	-1.37802e+01	1.446107e+01	
259	2.522800e-03	4.195421e-01	-1.37801e+01	1.446107e+01	
260	2.532800e-03	3.569965e-01	-1.37800e+01	1.446108e+01	
261	2.542800e-03	2.952213e-01	-1.37799e+01	1.446108e+01	
262	2.552800e-03	2.344605e-01	-1.37798e+01	1.446108e+01	
263	2.562800e-03	1.749539e-01	-1.37797e+01	1.446108e+01	
264	2.572800e-03	1.169364e-01	-1.37796e+01	1.446109e+01	
265	2.582800e-03	6.063709e-02	-1.37795e+01	1.446109e+01	
266	2.592800e-03	6.277946e-03	-1.37794e+01	1.446109e+01	
267	2.602800e-03	-4.59266e-02	-1.37793e+01	1.446109e+01	
268	2.612800e-03	-9.57706e-02	-1.37792e+01	1.446109e+01	
269	2.622800e-03	-1.43058e-01	-1.37791e+01	1.446109e+01	
270	2.632800e-03	-1.87601e-01	-1.37790e+01	1.446110e+01	
271	2.642800e-03	-2.29226e-01	-1.37790e+01	1.446110e+01	
272	2.652800e-03	-2.67768e-01	-1.37789e+01	1.446110e+01	
273	2.662800e-03	-3.03076e-01	-1.37789e+01	1.446110e+01	
274	2.672800e-03	-3.35009e-01	-1.37788e+01	1.446110e+01	
275	2.682800e-03	-3.63444e-01	-1.37788e+01	1.446110e+01	
276	2.692800e-03	-3.88267e-01	-1.37787e+01	1.446110e+01	
277	2.702800e-03	-4.09381e-01	-1.37787e+01	1.446110e+01	
278	2.712800e-03	-4.26704e-01	-1.37787e+01	1.446110e+01	
279	2.722800e-03	-4.40166e-01	-1.37786e+01	1.446110e+01	
280	2.732800e-03	-4.49715e-01	-1.37786e+01	1.446110e+01	
281	2.742800e-03	-4.55313e-01	-1.37786e+01	1.446110e+01	
282	2.752800e-03	-4.56938e-01	-1.37786e+01	1.446110e+01	
283	2.762800e-03	-4.54585e-01	-1.37786e+01	1.446110e+01	
284	2.772800e-03	-4.48261e-01	-1.37786e+01	1.446110e+01	
285	2.782800e-03	-4.37993e-01	-1.37786e+01	1.446110e+01	
286	2.792800e-03	-4.23820e-01	-1.37787e+01	1.446110e+01	

Index   time            x1.net-_c1-pad1 x1.net-_c1-pad2 x1.net-_q1-pad1 
--------------------------------------------------------------------------------
287	2.802800e-03	-4.05798e-01	-1.37787e+01	1.446110e+01	
288	2.812800e-03	-3.83998e-01	-1.37787e+01	1.446110e+01	
289	2.822800e-03	-3.58506e-01	-1.37788e+01	1.446110e+01	
290	2.832800e-03	-3.29422e-01	-1.37788e+01	1.446110e+01	
291	2.842800e-03	-2.96860e-01	-1.37789e+01	1.446110e+01	
292	2.852800e-03	-2.60950e-01	-1.37790e+01	1.446110e+01	
293	2.862800e-03	-2.21831e-01	-1.37790e+01	1.446109e+01	
294	2.872800e-03	-1.79658e-01	-1.37791e+01	1.446109e+01	
295	2.882800e-03	-1.34598e-01	-1.37792e+01	1.446109e+01	
296	2.892800e-03	-8.68280e-02	-1.37793e+01	1.446109e+01	
297	2.902800e-03	-3.65358e-02	-1.37793e+01	1.446109e+01	
298	2.912800e-03	1.608004e-02	-1.37794e+01	1.446109e+01	
299	2.922800e-03	7.081206e-02	-1.37795e+01	1.446108e+01	
300	2.932800e-03	1.274444e-01	-1.37796e+01	1.446108e+01	
301	2.942800e-03	1.857535e-01	-1.37797e+01	1.446108e+01	
302	2.952800e-03	2.455093e-01	-1.37798e+01	1.446108e+01	
303	2.962800e-03	3.064760e-01	-1.37799e+01	1.446108e+01	
304	2.972800e-03	3.684128e-01	-1.37800e+01	1.446107e+01	
305	2.982800e-03	4.310750e-01	-1.37801e+01	1.446107e+01	
306	2.992800e-03	4.942152e-01	-1.37802e+01	1.446107e+01	
307	3.002800e-03	5.575839e-01	-1.37803e+01	1.446107e+01	
308	3.012800e-03	6.209308e-01	-1.37804e+01	1.446106e+01	
309	3.022800e-03	6.840055e-01	-1.37806e+01	1.446106e+01	
310	3.032800e-03	7.465588e-01	-1.37807e+01	1.446106e+01	
311	3.042800e-03	8.083435e-01	-1.37808e+01	1.446106e+01	
312	3.052800e-03	8.691156e-01	-1.37809e+01	1.446106e+01	
313	3.062800e-03	9.286349e-01	-1.37810e+01	1.446105e+01	
314	3.072800e-03	9.866662e-01	-1.37811e+01	1.446105e+01	
315	3.082800e-03	1.042980e+00	-1.37811e+01	1.446105e+01	
316	3.092800e-03	1.097355e+00	-1.37812e+01	1.446105e+01	
317	3.102800e-03	1.149576e+00	-1.37813e+01	1.446105e+01	
318	3.112800e-03	1.199436e+00	-1.37814e+01	1.446104e+01	
319	3.122800e-03	1.246739e+00	-1.37815e+01	1.446104e+01	
320	3.132800e-03	1.291299e+00	-1.37816e+01	1.446104e+01	
321	3.142800e-03	1.332939e+00	-1.37816e+01	1.446104e+01	
322	3.152800e-03	1.371496e+00	-1.37817e+01	1.446104e+01	
323	3.162800e-03	1.406817e+00	-1.37817e+01	1.446104e+01	
324	3.172800e-03	1.438763e+00	-1.37818e+01	1.446104e+01	
325	3.182800e-03	1.467208e+00	-1.37818e+01	1.446104e+01	
326	3.192800e-03	1.492041e+00	-1.37819e+01	1.446103e+01	
327	3.202800e-03	1.513162e+00	-1.37819e+01	1.446103e+01	
328	3.212800e-03	1.530491e+00	-1.37819e+01	1.446103e+01	
329	3.222800e-03	1.543957e+00	-1.37820e+01	1.446103e+01	
330	3.232800e-03	1.553508e+00	-1.37820e+01	1.446103e+01	
331	3.242800e-03	1.559106e+00	-1.37820e+01	1.446103e+01	
332	3.252800e-03	1.560730e+00	-1.37820e+01	1.446103e+01	
333	3.262800e-03	1.558373e+00	-1.37820e+01	1.446103e+01	
334	3.272800e-03	1.552044e+00	-1.37820e+01	1.446103e+01	
335	3.282800e-03	1.541768e+00	-1.37820e+01	1.446103e+01	
336	3.292800e-03	1.527587e+00	-1.37819e+01	1.446103e+01	
337	3.302800e-03	1.509554e+00	-1.37819e+01	1.446104e+01	
338	3.312800e-03	1.487743e+00	-1.37819e+01	1.446104e+01	
339	3.322800e-03	1.462237e+00	-1.37818e+01	1.446104e+01	
340	3.332800e-03	1.433139e+00	-1.37818e+01	1.446104e+01	
341	3.342800e-03	1.400563e+00	-1.37817e+01	1.446104e+01	
342	3.352800e-03	1.364637e+00	-1.37816e+01	1.446104e+01	
343	3.362800e-03	1.325502e+00	-1.37816e+01	1.446104e+01	
344	3.372800e-03	1.283314e+00	-1.37815e+01	1.446104e+01	

Index   time            x1.net-_c1-pad1 x1.net-_c1-pad2 x1.net-_q1-pad1 
--------------------------------------------------------------------------------
345	3.382800e-03	1.238238e+00	-1.37814e+01	1.446105e+01	
346	3.392800e-03	1.190452e+00	-1.37814e+01	1.446105e+01	
347	3.402800e-03	1.140145e+00	-1.37813e+01	1.446105e+01	
348	3.412800e-03	1.087515e+00	-1.37812e+01	1.446105e+01	
349	3.422800e-03	1.032770e+00	-1.37811e+01	1.446105e+01	
350	3.432800e-03	9.761257e-01	-1.37810e+01	1.446106e+01	
351	3.442800e-03	9.178063e-01	-1.37809e+01	1.446106e+01	
352	3.452800e-03	8.580419e-01	-1.37808e+01	1.446106e+01	
353	3.462800e-03	7.970685e-01	-1.37807e+01	1.446106e+01	
354	3.472800e-03	7.351270e-01	-1.37806e+01	1.446106e+01	
355	3.482800e-03	6.724621e-01	-1.37805e+01	1.446107e+01	
356	3.492800e-03	6.093213e-01	-1.37804e+01	1.446107e+01	
357	3.502800e-03	5.459542e-01	-1.37803e+01	1.446107e+01	
358	3.512800e-03	4.826110e-01	-1.37802e+01	1.446107e+01	
359	3.522800e-03	4.195421e-01	-1.37801e+01	1.446107e+01	
360	3.532800e-03	3.569965e-01	-1.37800e+01	1.446108e+01	
361	3.542800e-03	2.952213e-01	-1.37799e+01	1.446108e+01	
362	3.552800e-03	2.344605e-01	-1.37798e+01	1.446108e+01	
363	3.562800e-03	1.749539e-01	-1.37797e+01	1.446108e+01	
364	3.572800e-03	1.169364e-01	-1.37796e+01	1.446109e+01	
365	3.582800e-03	6.063709e-02	-1.37795e+01	1.446109e+01	
366	3.592800e-03	6.277945e-03	-1.37794e+01	1.446109e+01	
367	3.602800e-03	-4.59266e-02	-1.37793e+01	1.446109e+01	
368	3.612800e-03	-9.57706e-02	-1.37792e+01	1.446109e+01	
369	3.622800e-03	-1.43058e-01	-1.37791e+01	1.446109e+01	
370	3.632800e-03	-1.87601e-01	-1.37790e+01	1.446110e+01	
371	3.642800e-03	-2.29226e-01	-1.37790e+01	1.446110e+01	
372	3.652800e-03	-2.67768e-01	-1.37789e+01	1.446110e+01	
373	3.662800e-03	-3.03076e-01	-1.37789e+01	1.446110e+01	
374	3.672800e-03	-3.35009e-01	-1.37788e+01	1.446110e+01	
375	3.682800e-03	-3.63444e-01	-1.37788e+01	1.446110e+01	
376	3.692800e-03	-3.88267e-01	-1.37787e+01	1.446110e+01	
377	3.702800e-03	-4.09381e-01	-1.37787e+01	1.446110e+01	
378	3.712800e-03	-4.26704e-01	-1.37787e+01	1.446110e+01	
379	3.722800e-03	-4.40166e-01	-1.37786e+01	1.446110e+01	
380	3.732800e-03	-4.49715e-01	-1.37786e+01	1.446110e+01	
381	3.742800e-03	-4.55313e-01	-1.37786e+01	1.446110e+01	
382	3.752800e-03	-4.56938e-01	-1.37786e+01	1.446110e+01	
383	3.762800e-03	-4.54585e-01	-1.37786e+01	1.446110e+01	
384	3.772800e-03	-4.48261e-01	-1.37786e+01	1.446110e+01	
385	3.782800e-03	-4.37993e-01	-1.37786e+01	1.446110e+01	
386	3.792800e-03	-4.23820e-01	-1.37787e+01	1.446110e+01	
387	3.802800e-03	-4.05798e-01	-1.37787e+01	1.446110e+01	
388	3.812800e-03	-3.83998e-01	-1.37787e+01	1.446110e+01	
389	3.822800e-03	-3.58506e-01	-1.37788e+01	1.446110e+01	
390	3.832800e-03	-3.29422e-01	-1.37788e+01	1.446110e+01	
391	3.842800e-03	-2.96860e-01	-1.37789e+01	1.446110e+01	
392	3.852800e-03	-2.60950e-01	-1.37790e+01	1.446110e+01	
393	3.862800e-03	-2.21831e-01	-1.37790e+01	1.446109e+01	
394	3.872800e-03	-1.79658e-01	-1.37791e+01	1.446109e+01	
395	3.882800e-03	-1.34598e-01	-1.37792e+01	1.446109e+01	
396	3.892800e-03	-8.68280e-02	-1.37793e+01	1.446109e+01	
397	3.902800e-03	-3.65358e-02	-1.37793e+01	1.446109e+01	
398	3.912800e-03	1.608004e-02	-1.37794e+01	1.446109e+01	
399	3.922800e-03	7.081206e-02	-1.37795e+01	1.446108e+01	
400	3.932800e-03	1.274444e-01	-1.37796e+01	1.446108e+01	
401	3.942800e-03	1.857535e-01	-1.37797e+01	1.446108e+01	
402	3.952800e-03	2.455093e-01	-1.37798e+01	1.446108e+01	

Index   time            x1.net-_c1-pad1 x1.net-_c1-pad2 x1.net-_q1-pad1 
--------------------------------------------------------------------------------
403	3.962800e-03	3.064760e-01	-1.37799e+01	1.446108e+01	
404	3.972800e-03	3.684128e-01	-1.37800e+01	1.446107e+01	
405	3.982800e-03	4.310750e-01	-1.37801e+01	1.446107e+01	
406	3.992800e-03	4.942152e-01	-1.37802e+01	1.446107e+01	
407	4.002800e-03	5.575839e-01	-1.37803e+01	1.446107e+01	
408	4.012800e-03	6.209308e-01	-1.37804e+01	1.446106e+01	
409	4.022800e-03	6.840055e-01	-1.37806e+01	1.446106e+01	
410	4.032800e-03	7.465588e-01	-1.37807e+01	1.446106e+01	
411	4.042800e-03	8.083435e-01	-1.37808e+01	1.446106e+01	
412	4.052800e-03	8.691156e-01	-1.37809e+01	1.446106e+01	
413	4.062800e-03	9.286349e-01	-1.37810e+01	1.446105e+01	
414	4.072800e-03	9.866662e-01	-1.37811e+01	1.446105e+01	
415	4.082800e-03	1.042980e+00	-1.37811e+01	1.446105e+01	
416	4.092800e-03	1.097355e+00	-1.37812e+01	1.446105e+01	
417	4.102800e-03	1.149576e+00	-1.37813e+01	1.446105e+01	
418	4.112800e-03	1.199436e+00	-1.37814e+01	1.446104e+01	
419	4.122800e-03	1.246739e+00	-1.37815e+01	1.446104e+01	
420	4.132800e-03	1.291299e+00	-1.37816e+01	1.446104e+01	
421	4.142800e-03	1.332939e+00	-1.37816e+01	1.446104e+01	
422	4.152800e-03	1.371496e+00	-1.37817e+01	1.446104e+01	
423	4.162800e-03	1.406817e+00	-1.37817e+01	1.446104e+01	
424	4.172800e-03	1.438763e+00	-1.37818e+01	1.446104e+01	
425	4.182800e-03	1.467208e+00	-1.37818e+01	1.446104e+01	
426	4.192800e-03	1.492041e+00	-1.37819e+01	1.446103e+01	
427	4.202800e-03	1.513162e+00	-1.37819e+01	1.446103e+01	
428	4.212800e-03	1.530491e+00	-1.37819e+01	1.446103e+01	
429	4.222800e-03	1.543957e+00	-1.37820e+01	1.446103e+01	
430	4.232800e-03	1.553508e+00	-1.37820e+01	1.446103e+01	
431	4.242800e-03	1.559106e+00	-1.37820e+01	1.446103e+01	
432	4.252800e-03	1.560730e+00	-1.37820e+01	1.446103e+01	
433	4.262800e-03	1.558373e+00	-1.37820e+01	1.446103e+01	
434	4.272800e-03	1.552044e+00	-1.37820e+01	1.446103e+01	
435	4.282800e-03	1.541768e+00	-1.37820e+01	1.446103e+01	
436	4.292800e-03	1.527587e+00	-1.37819e+01	1.446103e+01	
437	4.302800e-03	1.509554e+00	-1.37819e+01	1.446104e+01	
438	4.312800e-03	1.487743e+00	-1.37819e+01	1.446104e+01	
439	4.322800e-03	1.462237e+00	-1.37818e+01	1.446104e+01	
440	4.332800e-03	1.433139e+00	-1.37818e+01	1.446104e+01	
441	4.342800e-03	1.400563e+00	-1.37817e+01	1.446104e+01	
442	4.352800e-03	1.364637e+00	-1.37816e+01	1.446104e+01	
443	4.362800e-03	1.325502e+00	-1.37816e+01	1.446104e+01	
444	4.372800e-03	1.283314e+00	-1.37815e+01	1.446104e+01	
445	4.382800e-03	1.238238e+00	-1.37814e+01	1.446105e+01	
446	4.392800e-03	1.190452e+00	-1.37814e+01	1.446105e+01	
447	4.402800e-03	1.140145e+00	-1.37813e+01	1.446105e+01	
448	4.412800e-03	1.087515e+00	-1.37812e+01	1.446105e+01	
449	4.422800e-03	1.032770e+00	-1.37811e+01	1.446105e+01	
450	4.432800e-03	9.761257e-01	-1.37810e+01	1.446106e+01	
451	4.442800e-03	9.178063e-01	-1.37809e+01	1.446106e+01	
452	4.452800e-03	8.580419e-01	-1.37808e+01	1.446106e+01	
453	4.462800e-03	7.970685e-01	-1.37807e+01	1.446106e+01	
454	4.472800e-03	7.351270e-01	-1.37806e+01	1.446106e+01	
455	4.482800e-03	6.724621e-01	-1.37805e+01	1.446107e+01	
456	4.492800e-03	6.093213e-01	-1.37804e+01	1.446107e+01	
457	4.502800e-03	5.459542e-01	-1.37803e+01	1.446107e+01	
458	4.512800e-03	4.826110e-01	-1.37802e+01	1.446107e+01	
459	4.522800e-03	4.195421e-01	-1.37801e+01	1.446107e+01	
460	4.532800e-03	3.569965e-01	-1.37800e+01	1.446108e+01	

Index   time            x1.net-_c1-pad1 x1.net-_c1-pad2 x1.net-_q1-pad1 
--------------------------------------------------------------------------------
461	4.542800e-03	2.952213e-01	-1.37799e+01	1.446108e+01	
462	4.552800e-03	2.344605e-01	-1.37798e+01	1.446108e+01	
463	4.562800e-03	1.749539e-01	-1.37797e+01	1.446108e+01	
464	4.572800e-03	1.169364e-01	-1.37796e+01	1.446109e+01	
465	4.582800e-03	6.063709e-02	-1.37795e+01	1.446109e+01	
466	4.592800e-03	6.277946e-03	-1.37794e+01	1.446109e+01	
467	4.602800e-03	-4.59266e-02	-1.37793e+01	1.446109e+01	
468	4.612800e-03	-9.57706e-02	-1.37792e+01	1.446109e+01	
469	4.622800e-03	-1.43058e-01	-1.37791e+01	1.446109e+01	
470	4.632800e-03	-1.87601e-01	-1.37790e+01	1.446110e+01	
471	4.642800e-03	-2.29226e-01	-1.37790e+01	1.446110e+01	
472	4.652800e-03	-2.67768e-01	-1.37789e+01	1.446110e+01	
473	4.662800e-03	-3.03076e-01	-1.37789e+01	1.446110e+01	
474	4.672800e-03	-3.35009e-01	-1.37788e+01	1.446110e+01	
475	4.682800e-03	-3.63444e-01	-1.37788e+01	1.446110e+01	
476	4.692800e-03	-3.88267e-01	-1.37787e+01	1.446110e+01	
477	4.702800e-03	-4.09381e-01	-1.37787e+01	1.446110e+01	
478	4.712800e-03	-4.26704e-01	-1.37787e+01	1.446110e+01	
479	4.722800e-03	-4.40166e-01	-1.37786e+01	1.446110e+01	
480	4.732800e-03	-4.49715e-01	-1.37786e+01	1.446110e+01	
481	4.742800e-03	-4.55313e-01	-1.37786e+01	1.446110e+01	
482	4.752800e-03	-4.56938e-01	-1.37786e+01	1.446110e+01	
483	4.762800e-03	-4.54585e-01	-1.37786e+01	1.446110e+01	
484	4.772800e-03	-4.48261e-01	-1.37786e+01	1.446110e+01	
485	4.782800e-03	-4.37993e-01	-1.37786e+01	1.446110e+01	
486	4.792800e-03	-4.23820e-01	-1.37787e+01	1.446110e+01	
487	4.802800e-03	-4.05798e-01	-1.37787e+01	1.446110e+01	
488	4.812800e-03	-3.83998e-01	-1.37787e+01	1.446110e+01	
489	4.822800e-03	-3.58506e-01	-1.37788e+01	1.446110e+01	
490	4.832800e-03	-3.29422e-01	-1.37788e+01	1.446110e+01	
491	4.842800e-03	-2.96860e-01	-1.37789e+01	1.446110e+01	
492	4.852800e-03	-2.60950e-01	-1.37790e+01	1.446110e+01	
493	4.862800e-03	-2.21831e-01	-1.37790e+01	1.446109e+01	
494	4.872800e-03	-1.79658e-01	-1.37791e+01	1.446109e+01	
495	4.882800e-03	-1.34598e-01	-1.37792e+01	1.446109e+01	
496	4.892800e-03	-8.68280e-02	-1.37793e+01	1.446109e+01	
497	4.902800e-03	-3.65358e-02	-1.37793e+01	1.446109e+01	
498	4.912800e-03	1.608004e-02	-1.37794e+01	1.446109e+01	
499	4.922800e-03	7.081206e-02	-1.37795e+01	1.446108e+01	
500	4.932800e-03	1.274444e-01	-1.37796e+01	1.446108e+01	
501	4.942800e-03	1.857535e-01	-1.37797e+01	1.446108e+01	
502	4.952800e-03	2.455093e-01	-1.37798e+01	1.446108e+01	
503	4.962800e-03	3.064760e-01	-1.37799e+01	1.446108e+01	
504	4.972800e-03	3.684128e-01	-1.37800e+01	1.446107e+01	
505	4.982800e-03	4.310750e-01	-1.37801e+01	1.446107e+01	
506	4.992800e-03	4.942152e-01	-1.37802e+01	1.446107e+01	
507	5.000000e-03	5.398346e-01	-1.37803e+01	1.446107e+01	

                                kicad schematic
                                Transient Analysis  Tue Oct 21 20:02:38  2025
--------------------------------------------------------------------------------
Index   time            x1.net-_q1-pad3 x1.net-_q2-pad3 x1.net-_q3-pad2 
--------------------------------------------------------------------------------
0	0.000000e+00	-5.18373e-01	-5.17856e-01	-1.39498e+01	
1	1.000000e-07	-5.18326e-01	-5.17839e-01	-1.39498e+01	
2	2.000000e-07	-5.18277e-01	-5.17818e-01	-1.39497e+01	
3	4.000000e-07	-5.18179e-01	-5.17773e-01	-1.39497e+01	
4	8.000000e-07	-5.17974e-01	-5.17660e-01	-1.39496e+01	
5	1.600000e-06	-5.17540e-01	-5.17361e-01	-1.39495e+01	
6	3.200000e-06	-5.16610e-01	-5.16580e-01	-1.39494e+01	
7	6.400000e-06	-5.14648e-01	-5.14709e-01	-1.39494e+01	
8	1.280000e-05	-5.10641e-01	-5.10712e-01	-1.39493e+01	
9	2.280000e-05	-5.04399e-01	-5.04465e-01	-1.39493e+01	
10	3.280000e-05	-4.98215e-01	-4.98277e-01	-1.39493e+01	
11	4.280000e-05	-4.92109e-01	-4.92163e-01	-1.39493e+01	
12	5.280000e-05	-4.86107e-01	-4.86152e-01	-1.39494e+01	
13	6.280000e-05	-4.80233e-01	-4.80266e-01	-1.39494e+01	
14	7.280000e-05	-4.74509e-01	-4.74528e-01	-1.39494e+01	
15	8.280000e-05	-4.68958e-01	-4.68961e-01	-1.39494e+01	
16	9.280000e-05	-4.63602e-01	-4.63587e-01	-1.39494e+01	
17	1.028000e-04	-4.58462e-01	-4.58427e-01	-1.39494e+01	
18	1.128000e-04	-4.53559e-01	-4.53502e-01	-1.39494e+01	
19	1.228000e-04	-4.48911e-01	-4.48830e-01	-1.39494e+01	
20	1.328000e-04	-4.44538e-01	-4.44432e-01	-1.39494e+01	
21	1.428000e-04	-4.40456e-01	-4.40323e-01	-1.39495e+01	
22	1.528000e-04	-4.36682e-01	-4.36520e-01	-1.39495e+01	
23	1.628000e-04	-4.33230e-01	-4.33038e-01	-1.39495e+01	
24	1.728000e-04	-4.30114e-01	-4.29890e-01	-1.39495e+01	
25	1.828000e-04	-4.27346e-01	-4.27090e-01	-1.39495e+01	
26	1.928000e-04	-4.24937e-01	-4.24648e-01	-1.39496e+01	
27	2.028000e-04	-4.22898e-01	-4.22574e-01	-1.39496e+01	
28	2.128000e-04	-4.21235e-01	-4.20876e-01	-1.39496e+01	
29	2.228000e-04	-4.19955e-01	-4.19561e-01	-1.39496e+01	
30	2.328000e-04	-4.19064e-01	-4.18633e-01	-1.39497e+01	
31	2.428000e-04	-4.18564e-01	-4.18097e-01	-1.39497e+01	
32	2.528000e-04	-4.18459e-01	-4.17955e-01	-1.39497e+01	
33	2.628000e-04	-4.18748e-01	-4.18207e-01	-1.39497e+01	
34	2.728000e-04	-4.19430e-01	-4.18853e-01	-1.39498e+01	
35	2.828000e-04	-4.20503e-01	-4.19889e-01	-1.39498e+01	
36	2.928000e-04	-4.21961e-01	-4.21312e-01	-1.39498e+01	
37	3.028000e-04	-4.23801e-01	-4.23115e-01	-1.39499e+01	
38	3.128000e-04	-4.26013e-01	-4.25293e-01	-1.39499e+01	
39	3.228000e-04	-4.28590e-01	-4.27836e-01	-1.39499e+01	
40	3.328000e-04	-4.31521e-01	-4.30734e-01	-1.39499e+01	
41	3.428000e-04	-4.34795e-01	-4.33976e-01	-1.39500e+01	
42	3.528000e-04	-4.38399e-01	-4.37549e-01	-1.39500e+01	
43	3.628000e-04	-4.42319e-01	-4.41439e-01	-1.39500e+01	
44	3.728000e-04	-4.46538e-01	-4.45630e-01	-1.39500e+01	
45	3.828000e-04	-4.51041e-01	-4.50107e-01	-1.39500e+01	
46	3.928000e-04	-4.55810e-01	-4.54850e-01	-1.39501e+01	
47	4.028000e-04	-4.60826e-01	-4.59843e-01	-1.39501e+01	
48	4.128000e-04	-4.66069e-01	-4.65064e-01	-1.39501e+01	
49	4.228000e-04	-4.71518e-01	-4.70494e-01	-1.39501e+01	
50	4.328000e-04	-4.77152e-01	-4.76111e-01	-1.39501e+01	
51	4.428000e-04	-4.82949e-01	-4.81892e-01	-1.39502e+01	
52	4.528000e-04	-4.88886e-01	-4.87816e-01	-1.39502e+01	
53	4.628000e-04	-4.94939e-01	-4.93857e-01	-1.39502e+01	
54	4.728000e-04	-5.01084e-01	-4.99994e-01	-1.39502e+01	

Index   time            x1.net-_q1-pad3 x1.net-_q2-pad3 x1.net-_q3-pad2 
--------------------------------------------------------------------------------
55	4.828000e-04	-5.07298e-01	-5.06201e-01	-1.39502e+01	
56	4.928000e-04	-5.13555e-01	-5.12454e-01	-1.39502e+01	
57	5.028000e-04	-5.19832e-01	-5.18729e-01	-1.39502e+01	
58	5.128000e-04	-5.26103e-01	-5.25000e-01	-1.39502e+01	
59	5.228000e-04	-5.32343e-01	-5.31243e-01	-1.39502e+01	
60	5.328000e-04	-5.38528e-01	-5.37433e-01	-1.39502e+01	
61	5.428000e-04	-5.44633e-01	-5.43545e-01	-1.39502e+01	
62	5.528000e-04	-5.50635e-01	-5.49557e-01	-1.39502e+01	
63	5.628000e-04	-5.56510e-01	-5.55443e-01	-1.39502e+01	
64	5.728000e-04	-5.62234e-01	-5.61181e-01	-1.39502e+01	
65	5.828000e-04	-5.67785e-01	-5.66748e-01	-1.39502e+01	
66	5.928000e-04	-5.73141e-01	-5.72122e-01	-1.39502e+01	
67	6.028000e-04	-5.78281e-01	-5.77282e-01	-1.39502e+01	
68	6.128000e-04	-5.83185e-01	-5.82207e-01	-1.39501e+01	
69	6.228000e-04	-5.87832e-01	-5.86879e-01	-1.39501e+01	
70	6.328000e-04	-5.92206e-01	-5.91278e-01	-1.39501e+01	
71	6.428000e-04	-5.96288e-01	-5.95387e-01	-1.39501e+01	
72	6.528000e-04	-6.00063e-01	-5.99190e-01	-1.39501e+01	
73	6.628000e-04	-6.03515e-01	-6.02673e-01	-1.39501e+01	
74	6.728000e-04	-6.06631e-01	-6.05820e-01	-1.39500e+01	
75	6.828000e-04	-6.09399e-01	-6.08621e-01	-1.39500e+01	
76	6.928000e-04	-6.11808e-01	-6.11063e-01	-1.39500e+01	
77	7.028000e-04	-6.13848e-01	-6.13137e-01	-1.39500e+01	
78	7.128000e-04	-6.15511e-01	-6.14835e-01	-1.39499e+01	
79	7.228000e-04	-6.16790e-01	-6.16151e-01	-1.39499e+01	
80	7.328000e-04	-6.17682e-01	-6.17079e-01	-1.39499e+01	
81	7.428000e-04	-6.18181e-01	-6.17615e-01	-1.39499e+01	
82	7.528000e-04	-6.18287e-01	-6.17757e-01	-1.39498e+01	
83	7.628000e-04	-6.17998e-01	-6.17505e-01	-1.39498e+01	
84	7.728000e-04	-6.17316e-01	-6.16860e-01	-1.39498e+01	
85	7.828000e-04	-6.16243e-01	-6.15824e-01	-1.39498e+01	
86	7.928000e-04	-6.14784e-01	-6.14401e-01	-1.39497e+01	
87	8.028000e-04	-6.12945e-01	-6.12597e-01	-1.39497e+01	
88	8.128000e-04	-6.10733e-01	-6.10420e-01	-1.39497e+01	
89	8.228000e-04	-6.08156e-01	-6.07877e-01	-1.39497e+01	
90	8.328000e-04	-6.05224e-01	-6.04979e-01	-1.39496e+01	
91	8.428000e-04	-6.01950e-01	-6.01737e-01	-1.39496e+01	
92	8.528000e-04	-5.98346e-01	-5.98164e-01	-1.39496e+01	
93	8.628000e-04	-5.94426e-01	-5.94274e-01	-1.39496e+01	
94	8.728000e-04	-5.90207e-01	-5.90082e-01	-1.39495e+01	
95	8.828000e-04	-5.85703e-01	-5.85605e-01	-1.39495e+01	
96	8.928000e-04	-5.80934e-01	-5.80861e-01	-1.39495e+01	
97	9.028000e-04	-5.75918e-01	-5.75868e-01	-1.39495e+01	
98	9.128000e-04	-5.70675e-01	-5.70647e-01	-1.39494e+01	
99	9.228000e-04	-5.65226e-01	-5.65217e-01	-1.39494e+01	
100	9.328000e-04	-5.59591e-01	-5.59600e-01	-1.39494e+01	
101	9.428000e-04	-5.53794e-01	-5.53818e-01	-1.39494e+01	
102	9.528000e-04	-5.47858e-01	-5.47895e-01	-1.39494e+01	
103	9.628000e-04	-5.41804e-01	-5.41853e-01	-1.39494e+01	
104	9.728000e-04	-5.35659e-01	-5.35716e-01	-1.39494e+01	
105	9.828000e-04	-5.29445e-01	-5.29508e-01	-1.39494e+01	
106	9.928000e-04	-5.23187e-01	-5.23255e-01	-1.39494e+01	
107	1.002800e-03	-5.16911e-01	-5.16980e-01	-1.39494e+01	
108	1.012800e-03	-5.10640e-01	-5.10709e-01	-1.39493e+01	
109	1.022800e-03	-5.04400e-01	-5.04466e-01	-1.39493e+01	
110	1.032800e-03	-4.98215e-01	-4.98276e-01	-1.39493e+01	
111	1.042800e-03	-4.92109e-01	-4.92163e-01	-1.39493e+01	
112	1.052800e-03	-4.86107e-01	-4.86152e-01	-1.39494e+01	

Index   time            x1.net-_q1-pad3 x1.net-_q2-pad3 x1.net-_q3-pad2 
--------------------------------------------------------------------------------
113	1.062800e-03	-4.80233e-01	-4.80266e-01	-1.39494e+01	
114	1.072800e-03	-4.74509e-01	-4.74528e-01	-1.39494e+01	
115	1.082800e-03	-4.68958e-01	-4.68961e-01	-1.39494e+01	
116	1.092800e-03	-4.63602e-01	-4.63587e-01	-1.39494e+01	
117	1.102800e-03	-4.58462e-01	-4.58427e-01	-1.39494e+01	
118	1.112800e-03	-4.53559e-01	-4.53502e-01	-1.39494e+01	
119	1.122800e-03	-4.48911e-01	-4.48831e-01	-1.39494e+01	
120	1.132800e-03	-4.44538e-01	-4.44432e-01	-1.39494e+01	
121	1.142800e-03	-4.40456e-01	-4.40323e-01	-1.39495e+01	
122	1.152800e-03	-4.36682e-01	-4.36520e-01	-1.39495e+01	
123	1.162800e-03	-4.33230e-01	-4.33038e-01	-1.39495e+01	
124	1.172800e-03	-4.30114e-01	-4.29890e-01	-1.39495e+01	
125	1.182800e-03	-4.27346e-01	-4.27090e-01	-1.39495e+01	
126	1.192800e-03	-4.24937e-01	-4.24648e-01	-1.39496e+01	
127	1.202800e-03	-4.22898e-01	-4.22574e-01	-1.39496e+01	
128	1.212800e-03	-4.21235e-01	-4.20876e-01	-1.39496e+01	
129	1.222800e-03	-4.19955e-01	-4.19561e-01	-1.39496e+01	
130	1.232800e-03	-4.19064e-01	-4.18633e-01	-1.39497e+01	
131	1.242800e-03	-4.18564e-01	-4.18097e-01	-1.39497e+01	
132	1.252800e-03	-4.18459e-01	-4.17955e-01	-1.39497e+01	
133	1.262800e-03	-4.18748e-01	-4.18207e-01	-1.39497e+01	
134	1.272800e-03	-4.19430e-01	-4.18853e-01	-1.39498e+01	
135	1.282800e-03	-4.20503e-01	-4.19889e-01	-1.39498e+01	
136	1.292800e-03	-4.21961e-01	-4.21312e-01	-1.39498e+01	
137	1.302800e-03	-4.23801e-01	-4.23115e-01	-1.39499e+01	
138	1.312800e-03	-4.26013e-01	-4.25293e-01	-1.39499e+01	
139	1.322800e-03	-4.28590e-01	-4.27836e-01	-1.39499e+01	
140	1.332800e-03	-4.31521e-01	-4.30734e-01	-1.39499e+01	
141	1.342800e-03	-4.34795e-01	-4.33976e-01	-1.39500e+01	
142	1.352800e-03	-4.38399e-01	-4.37549e-01	-1.39500e+01	
143	1.362800e-03	-4.42319e-01	-4.41439e-01	-1.39500e+01	
144	1.372800e-03	-4.46538e-01	-4.45630e-01	-1.39500e+01	
145	1.382800e-03	-4.51041e-01	-4.50107e-01	-1.39500e+01	
146	1.392800e-03	-4.55810e-01	-4.54850e-01	-1.39501e+01	
147	1.402800e-03	-4.60826e-01	-4.59843e-01	-1.39501e+01	
148	1.412800e-03	-4.66069e-01	-4.65064e-01	-1.39501e+01	
149	1.422800e-03	-4.71518e-01	-4.70494e-01	-1.39501e+01	
150	1.432800e-03	-4.77152e-01	-4.76111e-01	-1.39501e+01	
151	1.442800e-03	-4.82949e-01	-4.81892e-01	-1.39502e+01	
152	1.452800e-03	-4.88886e-01	-4.87816e-01	-1.39502e+01	
153	1.462800e-03	-4.94939e-01	-4.93857e-01	-1.39502e+01	
154	1.472800e-03	-5.01084e-01	-4.99994e-01	-1.39502e+01	
155	1.482800e-03	-5.07298e-01	-5.06201e-01	-1.39502e+01	
156	1.492800e-03	-5.13555e-01	-5.12454e-01	-1.39502e+01	
157	1.502800e-03	-5.19832e-01	-5.18729e-01	-1.39502e+01	
158	1.512800e-03	-5.26103e-01	-5.25000e-01	-1.39502e+01	
159	1.522800e-03	-5.32343e-01	-5.31243e-01	-1.39502e+01	
160	1.532800e-03	-5.38528e-01	-5.37433e-01	-1.39502e+01	
161	1.542800e-03	-5.44633e-01	-5.43545e-01	-1.39502e+01	
162	1.552800e-03	-5.50635e-01	-5.49557e-01	-1.39502e+01	
163	1.562800e-03	-5.56510e-01	-5.55443e-01	-1.39502e+01	
164	1.572800e-03	-5.62234e-01	-5.61181e-01	-1.39502e+01	
165	1.582800e-03	-5.67785e-01	-5.66748e-01	-1.39502e+01	
166	1.592800e-03	-5.73141e-01	-5.72122e-01	-1.39502e+01	
167	1.602800e-03	-5.78281e-01	-5.77282e-01	-1.39502e+01	
168	1.612800e-03	-5.83185e-01	-5.82207e-01	-1.39501e+01	
169	1.622800e-03	-5.87832e-01	-5.86879e-01	-1.39501e+01	
170	1.632800e-03	-5.92206e-01	-5.91278e-01	-1.39501e+01	

Index   time            x1.net-_q1-pad3 x1.net-_q2-pad3 x1.net-_q3-pad2 
--------------------------------------------------------------------------------
171	1.642800e-03	-5.96288e-01	-5.95387e-01	-1.39501e+01	
172	1.652800e-03	-6.00063e-01	-5.99190e-01	-1.39501e+01	
173	1.662800e-03	-6.03515e-01	-6.02673e-01	-1.39501e+01	
174	1.672800e-03	-6.06631e-01	-6.05820e-01	-1.39500e+01	
175	1.682800e-03	-6.09399e-01	-6.08621e-01	-1.39500e+01	
176	1.692800e-03	-6.11808e-01	-6.11063e-01	-1.39500e+01	
177	1.702800e-03	-6.13848e-01	-6.13137e-01	-1.39500e+01	
178	1.712800e-03	-6.15511e-01	-6.14835e-01	-1.39499e+01	
179	1.722800e-03	-6.16790e-01	-6.16151e-01	-1.39499e+01	
180	1.732800e-03	-6.17682e-01	-6.17079e-01	-1.39499e+01	
181	1.742800e-03	-6.18181e-01	-6.17615e-01	-1.39499e+01	
182	1.752800e-03	-6.18287e-01	-6.17757e-01	-1.39498e+01	
183	1.762800e-03	-6.17998e-01	-6.17505e-01	-1.39498e+01	
184	1.772800e-03	-6.17316e-01	-6.16860e-01	-1.39498e+01	
185	1.782800e-03	-6.16243e-01	-6.15824e-01	-1.39498e+01	
186	1.792800e-03	-6.14784e-01	-6.14401e-01	-1.39497e+01	
187	1.802800e-03	-6.12945e-01	-6.12597e-01	-1.39497e+01	
188	1.812800e-03	-6.10733e-01	-6.10420e-01	-1.39497e+01	
189	1.822800e-03	-6.08156e-01	-6.07877e-01	-1.39497e+01	
190	1.832800e-03	-6.05224e-01	-6.04979e-01	-1.39496e+01	
191	1.842800e-03	-6.01950e-01	-6.01737e-01	-1.39496e+01	
192	1.852800e-03	-5.98346e-01	-5.98164e-01	-1.39496e+01	
193	1.862800e-03	-5.94426e-01	-5.94274e-01	-1.39496e+01	
194	1.872800e-03	-5.90207e-01	-5.90082e-01	-1.39495e+01	
195	1.882800e-03	-5.85703e-01	-5.85605e-01	-1.39495e+01	
196	1.892800e-03	-5.80934e-01	-5.80861e-01	-1.39495e+01	
197	1.902800e-03	-5.75918e-01	-5.75869e-01	-1.39495e+01	
198	1.912800e-03	-5.70675e-01	-5.70647e-01	-1.39494e+01	
199	1.922800e-03	-5.65226e-01	-5.65217e-01	-1.39494e+01	
200	1.932800e-03	-5.59591e-01	-5.59600e-01	-1.39494e+01	
201	1.942800e-03	-5.53794e-01	-5.53818e-01	-1.39494e+01	
202	1.952800e-03	-5.47858e-01	-5.47895e-01	-1.39494e+01	
203	1.962800e-03	-5.41804e-01	-5.41853e-01	-1.39494e+01	
204	1.972800e-03	-5.35659e-01	-5.35716e-01	-1.39494e+01	
205	1.982800e-03	-5.29445e-01	-5.29508e-01	-1.39494e+01	
206	1.992800e-03	-5.23187e-01	-5.23255e-01	-1.39494e+01	
207	2.002800e-03	-5.16911e-01	-5.16980e-01	-1.39494e+01	
208	2.012800e-03	-5.10640e-01	-5.10709e-01	-1.39493e+01	
209	2.022800e-03	-5.04400e-01	-5.04466e-01	-1.39493e+01	
210	2.032800e-03	-4.98215e-01	-4.98276e-01	-1.39493e+01	
211	2.042800e-03	-4.92109e-01	-4.92163e-01	-1.39493e+01	
212	2.052800e-03	-4.86107e-01	-4.86152e-01	-1.39494e+01	
213	2.062800e-03	-4.80233e-01	-4.80266e-01	-1.39494e+01	
214	2.072800e-03	-4.74509e-01	-4.74528e-01	-1.39494e+01	
215	2.082800e-03	-4.68958e-01	-4.68961e-01	-1.39494e+01	
216	2.092800e-03	-4.63602e-01	-4.63587e-01	-1.39494e+01	
217	2.102800e-03	-4.58462e-01	-4.58427e-01	-1.39494e+01	
218	2.112800e-03	-4.53559e-01	-4.53502e-01	-1.39494e+01	
219	2.122800e-03	-4.48911e-01	-4.48831e-01	-1.39494e+01	
220	2.132800e-03	-4.44538e-01	-4.44432e-01	-1.39494e+01	
221	2.142800e-03	-4.40456e-01	-4.40323e-01	-1.39495e+01	
222	2.152800e-03	-4.36682e-01	-4.36520e-01	-1.39495e+01	
223	2.162800e-03	-4.33230e-01	-4.33038e-01	-1.39495e+01	
224	2.172800e-03	-4.30114e-01	-4.29890e-01	-1.39495e+01	
225	2.182800e-03	-4.27346e-01	-4.27090e-01	-1.39495e+01	
226	2.192800e-03	-4.24937e-01	-4.24648e-01	-1.39496e+01	
227	2.202800e-03	-4.22898e-01	-4.22574e-01	-1.39496e+01	
228	2.212800e-03	-4.21235e-01	-4.20876e-01	-1.39496e+01	

Index   time            x1.net-_q1-pad3 x1.net-_q2-pad3 x1.net-_q3-pad2 
--------------------------------------------------------------------------------
229	2.222800e-03	-4.19955e-01	-4.19561e-01	-1.39496e+01	
230	2.232800e-03	-4.19064e-01	-4.18633e-01	-1.39497e+01	
231	2.242800e-03	-4.18565e-01	-4.18097e-01	-1.39497e+01	
232	2.252800e-03	-4.18459e-01	-4.17955e-01	-1.39497e+01	
233	2.262800e-03	-4.18748e-01	-4.18207e-01	-1.39497e+01	
234	2.272800e-03	-4.19430e-01	-4.18853e-01	-1.39498e+01	
235	2.282800e-03	-4.20503e-01	-4.19889e-01	-1.39498e+01	
236	2.292800e-03	-4.21961e-01	-4.21312e-01	-1.39498e+01	
237	2.302800e-03	-4.23801e-01	-4.23115e-01	-1.39499e+01	
238	2.312800e-03	-4.26013e-01	-4.25293e-01	-1.39499e+01	
239	2.322800e-03	-4.28590e-01	-4.27836e-01	-1.39499e+01	
240	2.332800e-03	-4.31521e-01	-4.30734e-01	-1.39499e+01	
241	2.342800e-03	-4.34795e-01	-4.33976e-01	-1.39500e+01	
242	2.352800e-03	-4.38399e-01	-4.37549e-01	-1.39500e+01	
243	2.362800e-03	-4.42319e-01	-4.41439e-01	-1.39500e+01	
244	2.372800e-03	-4.46538e-01	-4.45630e-01	-1.39500e+01	
245	2.382800e-03	-4.51041e-01	-4.50107e-01	-1.39500e+01	
246	2.392800e-03	-4.55810e-01	-4.54850e-01	-1.39501e+01	
247	2.402800e-03	-4.60826e-01	-4.59843e-01	-1.39501e+01	
248	2.412800e-03	-4.66069e-01	-4.65064e-01	-1.39501e+01	
249	2.422800e-03	-4.71518e-01	-4.70494e-01	-1.39501e+01	
250	2.432800e-03	-4.77152e-01	-4.76111e-01	-1.39501e+01	
251	2.442800e-03	-4.82949e-01	-4.81892e-01	-1.39502e+01	
252	2.452800e-03	-4.88886e-01	-4.87816e-01	-1.39502e+01	
253	2.462800e-03	-4.94939e-01	-4.93857e-01	-1.39502e+01	
254	2.472800e-03	-5.01084e-01	-4.99994e-01	-1.39502e+01	
255	2.482800e-03	-5.07298e-01	-5.06201e-01	-1.39502e+01	
256	2.492800e-03	-5.13555e-01	-5.12454e-01	-1.39502e+01	
257	2.502800e-03	-5.19832e-01	-5.18729e-01	-1.39502e+01	
258	2.512800e-03	-5.26103e-01	-5.25000e-01	-1.39502e+01	
259	2.522800e-03	-5.32343e-01	-5.31243e-01	-1.39502e+01	
260	2.532800e-03	-5.38528e-01	-5.37433e-01	-1.39502e+01	
261	2.542800e-03	-5.44633e-01	-5.43545e-01	-1.39502e+01	
262	2.552800e-03	-5.50635e-01	-5.49557e-01	-1.39502e+01	
263	2.562800e-03	-5.56510e-01	-5.55443e-01	-1.39502e+01	
264	2.572800e-03	-5.62234e-01	-5.61181e-01	-1.39502e+01	
265	2.582800e-03	-5.67785e-01	-5.66748e-01	-1.39502e+01	
266	2.592800e-03	-5.73141e-01	-5.72122e-01	-1.39502e+01	
267	2.602800e-03	-5.78281e-01	-5.77282e-01	-1.39502e+01	
268	2.612800e-03	-5.83185e-01	-5.82207e-01	-1.39501e+01	
269	2.622800e-03	-5.87832e-01	-5.86879e-01	-1.39501e+01	
270	2.632800e-03	-5.92206e-01	-5.91278e-01	-1.39501e+01	
271	2.642800e-03	-5.96288e-01	-5.95387e-01	-1.39501e+01	
272	2.652800e-03	-6.00063e-01	-5.99190e-01	-1.39501e+01	
273	2.662800e-03	-6.03515e-01	-6.02673e-01	-1.39501e+01	
274	2.672800e-03	-6.06631e-01	-6.05820e-01	-1.39500e+01	
275	2.682800e-03	-6.09399e-01	-6.08621e-01	-1.39500e+01	
276	2.692800e-03	-6.11808e-01	-6.11063e-01	-1.39500e+01	
277	2.702800e-03	-6.13848e-01	-6.13137e-01	-1.39500e+01	
278	2.712800e-03	-6.15511e-01	-6.14835e-01	-1.39499e+01	
279	2.722800e-03	-6.16790e-01	-6.16151e-01	-1.39499e+01	
280	2.732800e-03	-6.17682e-01	-6.17079e-01	-1.39499e+01	
281	2.742800e-03	-6.18181e-01	-6.17615e-01	-1.39499e+01	
282	2.752800e-03	-6.18287e-01	-6.17757e-01	-1.39498e+01	
283	2.762800e-03	-6.17998e-01	-6.17505e-01	-1.39498e+01	
284	2.772800e-03	-6.17316e-01	-6.16860e-01	-1.39498e+01	
285	2.782800e-03	-6.16243e-01	-6.15824e-01	-1.39498e+01	
286	2.792800e-03	-6.14784e-01	-6.14401e-01	-1.39497e+01	

Index   time            x1.net-_q1-pad3 x1.net-_q2-pad3 x1.net-_q3-pad2 
--------------------------------------------------------------------------------
287	2.802800e-03	-6.12945e-01	-6.12597e-01	-1.39497e+01	
288	2.812800e-03	-6.10733e-01	-6.10420e-01	-1.39497e+01	
289	2.822800e-03	-6.08156e-01	-6.07877e-01	-1.39497e+01	
290	2.832800e-03	-6.05224e-01	-6.04979e-01	-1.39496e+01	
291	2.842800e-03	-6.01950e-01	-6.01737e-01	-1.39496e+01	
292	2.852800e-03	-5.98346e-01	-5.98164e-01	-1.39496e+01	
293	2.862800e-03	-5.94426e-01	-5.94274e-01	-1.39496e+01	
294	2.872800e-03	-5.90207e-01	-5.90082e-01	-1.39495e+01	
295	2.882800e-03	-5.85703e-01	-5.85605e-01	-1.39495e+01	
296	2.892800e-03	-5.80934e-01	-5.80861e-01	-1.39495e+01	
297	2.902800e-03	-5.75918e-01	-5.75869e-01	-1.39495e+01	
298	2.912800e-03	-5.70675e-01	-5.70647e-01	-1.39494e+01	
299	2.922800e-03	-5.65226e-01	-5.65217e-01	-1.39494e+01	
300	2.932800e-03	-5.59591e-01	-5.59600e-01	-1.39494e+01	
301	2.942800e-03	-5.53794e-01	-5.53818e-01	-1.39494e+01	
302	2.952800e-03	-5.47858e-01	-5.47895e-01	-1.39494e+01	
303	2.962800e-03	-5.41804e-01	-5.41853e-01	-1.39494e+01	
304	2.972800e-03	-5.35659e-01	-5.35716e-01	-1.39494e+01	
305	2.982800e-03	-5.29445e-01	-5.29508e-01	-1.39494e+01	
306	2.992800e-03	-5.23187e-01	-5.23255e-01	-1.39494e+01	
307	3.002800e-03	-5.16911e-01	-5.16980e-01	-1.39494e+01	
308	3.012800e-03	-5.10640e-01	-5.10709e-01	-1.39493e+01	
309	3.022800e-03	-5.04400e-01	-5.04466e-01	-1.39493e+01	
310	3.032800e-03	-4.98215e-01	-4.98276e-01	-1.39493e+01	
311	3.042800e-03	-4.92109e-01	-4.92163e-01	-1.39493e+01	
312	3.052800e-03	-4.86107e-01	-4.86152e-01	-1.39494e+01	
313	3.062800e-03	-4.80233e-01	-4.80266e-01	-1.39494e+01	
314	3.072800e-03	-4.74509e-01	-4.74528e-01	-1.39494e+01	
315	3.082800e-03	-4.68958e-01	-4.68961e-01	-1.39494e+01	
316	3.092800e-03	-4.63602e-01	-4.63587e-01	-1.39494e+01	
317	3.102800e-03	-4.58462e-01	-4.58427e-01	-1.39494e+01	
318	3.112800e-03	-4.53559e-01	-4.53502e-01	-1.39494e+01	
319	3.122800e-03	-4.48911e-01	-4.48831e-01	-1.39494e+01	
320	3.132800e-03	-4.44538e-01	-4.44432e-01	-1.39494e+01	
321	3.142800e-03	-4.40456e-01	-4.40323e-01	-1.39495e+01	
322	3.152800e-03	-4.36682e-01	-4.36520e-01	-1.39495e+01	
323	3.162800e-03	-4.33230e-01	-4.33038e-01	-1.39495e+01	
324	3.172800e-03	-4.30114e-01	-4.29890e-01	-1.39495e+01	
325	3.182800e-03	-4.27346e-01	-4.27090e-01	-1.39495e+01	
326	3.192800e-03	-4.24937e-01	-4.24648e-01	-1.39496e+01	
327	3.202800e-03	-4.22898e-01	-4.22574e-01	-1.39496e+01	
328	3.212800e-03	-4.21235e-01	-4.20876e-01	-1.39496e+01	
329	3.222800e-03	-4.19955e-01	-4.19561e-01	-1.39496e+01	
330	3.232800e-03	-4.19064e-01	-4.18633e-01	-1.39497e+01	
331	3.242800e-03	-4.18565e-01	-4.18097e-01	-1.39497e+01	
332	3.252800e-03	-4.18459e-01	-4.17955e-01	-1.39497e+01	
333	3.262800e-03	-4.18748e-01	-4.18207e-01	-1.39497e+01	
334	3.272800e-03	-4.19430e-01	-4.18853e-01	-1.39498e+01	
335	3.282800e-03	-4.20503e-01	-4.19889e-01	-1.39498e+01	
336	3.292800e-03	-4.21961e-01	-4.21312e-01	-1.39498e+01	
337	3.302800e-03	-4.23801e-01	-4.23115e-01	-1.39499e+01	
338	3.312800e-03	-4.26013e-01	-4.25293e-01	-1.39499e+01	
339	3.322800e-03	-4.28590e-01	-4.27836e-01	-1.39499e+01	
340	3.332800e-03	-4.31521e-01	-4.30734e-01	-1.39499e+01	
341	3.342800e-03	-4.34795e-01	-4.33976e-01	-1.39500e+01	
342	3.352800e-03	-4.38399e-01	-4.37549e-01	-1.39500e+01	
343	3.362800e-03	-4.42319e-01	-4.41439e-01	-1.39500e+01	
344	3.372800e-03	-4.46538e-01	-4.45630e-01	-1.39500e+01	

Index   time            x1.net-_q1-pad3 x1.net-_q2-pad3 x1.net-_q3-pad2 
--------------------------------------------------------------------------------
345	3.382800e-03	-4.51041e-01	-4.50107e-01	-1.39500e+01	
346	3.392800e-03	-4.55810e-01	-4.54850e-01	-1.39501e+01	
347	3.402800e-03	-4.60826e-01	-4.59843e-01	-1.39501e+01	
348	3.412800e-03	-4.66069e-01	-4.65064e-01	-1.39501e+01	
349	3.422800e-03	-4.71518e-01	-4.70494e-01	-1.39501e+01	
350	3.432800e-03	-4.77152e-01	-4.76111e-01	-1.39501e+01	
351	3.442800e-03	-4.82949e-01	-4.81892e-01	-1.39502e+01	
352	3.452800e-03	-4.88886e-01	-4.87816e-01	-1.39502e+01	
353	3.462800e-03	-4.94939e-01	-4.93857e-01	-1.39502e+01	
354	3.472800e-03	-5.01084e-01	-4.99994e-01	-1.39502e+01	
355	3.482800e-03	-5.07298e-01	-5.06201e-01	-1.39502e+01	
356	3.492800e-03	-5.13555e-01	-5.12454e-01	-1.39502e+01	
357	3.502800e-03	-5.19832e-01	-5.18729e-01	-1.39502e+01	
358	3.512800e-03	-5.26103e-01	-5.25000e-01	-1.39502e+01	
359	3.522800e-03	-5.32343e-01	-5.31243e-01	-1.39502e+01	
360	3.532800e-03	-5.38528e-01	-5.37433e-01	-1.39502e+01	
361	3.542800e-03	-5.44633e-01	-5.43545e-01	-1.39502e+01	
362	3.552800e-03	-5.50635e-01	-5.49557e-01	-1.39502e+01	
363	3.562800e-03	-5.56510e-01	-5.55443e-01	-1.39502e+01	
364	3.572800e-03	-5.62234e-01	-5.61181e-01	-1.39502e+01	
365	3.582800e-03	-5.67785e-01	-5.66748e-01	-1.39502e+01	
366	3.592800e-03	-5.73141e-01	-5.72122e-01	-1.39502e+01	
367	3.602800e-03	-5.78281e-01	-5.77282e-01	-1.39502e+01	
368	3.612800e-03	-5.83185e-01	-5.82207e-01	-1.39501e+01	
369	3.622800e-03	-5.87832e-01	-5.86879e-01	-1.39501e+01	
370	3.632800e-03	-5.92206e-01	-5.91278e-01	-1.39501e+01	
371	3.642800e-03	-5.96288e-01	-5.95387e-01	-1.39501e+01	
372	3.652800e-03	-6.00063e-01	-5.99190e-01	-1.39501e+01	
373	3.662800e-03	-6.03515e-01	-6.02673e-01	-1.39501e+01	
374	3.672800e-03	-6.06631e-01	-6.05820e-01	-1.39500e+01	
375	3.682800e-03	-6.09399e-01	-6.08621e-01	-1.39500e+01	
376	3.692800e-03	-6.11808e-01	-6.11063e-01	-1.39500e+01	
377	3.702800e-03	-6.13848e-01	-6.13137e-01	-1.39500e+01	
378	3.712800e-03	-6.15511e-01	-6.14835e-01	-1.39499e+01	
379	3.722800e-03	-6.16790e-01	-6.16151e-01	-1.39499e+01	
380	3.732800e-03	-6.17682e-01	-6.17079e-01	-1.39499e+01	
381	3.742800e-03	-6.18181e-01	-6.17615e-01	-1.39499e+01	
382	3.752800e-03	-6.18287e-01	-6.17757e-01	-1.39498e+01	
383	3.762800e-03	-6.17998e-01	-6.17505e-01	-1.39498e+01	
384	3.772800e-03	-6.17316e-01	-6.16860e-01	-1.39498e+01	
385	3.782800e-03	-6.16243e-01	-6.15824e-01	-1.39498e+01	
386	3.792800e-03	-6.14784e-01	-6.14401e-01	-1.39497e+01	
387	3.802800e-03	-6.12945e-01	-6.12597e-01	-1.39497e+01	
388	3.812800e-03	-6.10733e-01	-6.10420e-01	-1.39497e+01	
389	3.822800e-03	-6.08156e-01	-6.07877e-01	-1.39497e+01	
390	3.832800e-03	-6.05224e-01	-6.04979e-01	-1.39496e+01	
391	3.842800e-03	-6.01950e-01	-6.01737e-01	-1.39496e+01	
392	3.852800e-03	-5.98346e-01	-5.98164e-01	-1.39496e+01	
393	3.862800e-03	-5.94426e-01	-5.94274e-01	-1.39496e+01	
394	3.872800e-03	-5.90207e-01	-5.90082e-01	-1.39495e+01	
395	3.882800e-03	-5.85703e-01	-5.85605e-01	-1.39495e+01	
396	3.892800e-03	-5.80934e-01	-5.80861e-01	-1.39495e+01	
397	3.902800e-03	-5.75918e-01	-5.75869e-01	-1.39495e+01	
398	3.912800e-03	-5.70675e-01	-5.70647e-01	-1.39494e+01	
399	3.922800e-03	-5.65226e-01	-5.65217e-01	-1.39494e+01	
400	3.932800e-03	-5.59591e-01	-5.59600e-01	-1.39494e+01	
401	3.942800e-03	-5.53794e-01	-5.53818e-01	-1.39494e+01	
402	3.952800e-03	-5.47858e-01	-5.47895e-01	-1.39494e+01	

Index   time            x1.net-_q1-pad3 x1.net-_q2-pad3 x1.net-_q3-pad2 
--------------------------------------------------------------------------------
403	3.962800e-03	-5.41804e-01	-5.41853e-01	-1.39494e+01	
404	3.972800e-03	-5.35659e-01	-5.35716e-01	-1.39494e+01	
405	3.982800e-03	-5.29445e-01	-5.29508e-01	-1.39494e+01	
406	3.992800e-03	-5.23187e-01	-5.23255e-01	-1.39494e+01	
407	4.002800e-03	-5.16911e-01	-5.16980e-01	-1.39494e+01	
408	4.012800e-03	-5.10640e-01	-5.10709e-01	-1.39493e+01	
409	4.022800e-03	-5.04400e-01	-5.04466e-01	-1.39493e+01	
410	4.032800e-03	-4.98215e-01	-4.98276e-01	-1.39493e+01	
411	4.042800e-03	-4.92109e-01	-4.92163e-01	-1.39493e+01	
412	4.052800e-03	-4.86107e-01	-4.86152e-01	-1.39494e+01	
413	4.062800e-03	-4.80233e-01	-4.80266e-01	-1.39494e+01	
414	4.072800e-03	-4.74509e-01	-4.74528e-01	-1.39494e+01	
415	4.082800e-03	-4.68958e-01	-4.68961e-01	-1.39494e+01	
416	4.092800e-03	-4.63602e-01	-4.63587e-01	-1.39494e+01	
417	4.102800e-03	-4.58462e-01	-4.58427e-01	-1.39494e+01	
418	4.112800e-03	-4.53559e-01	-4.53502e-01	-1.39494e+01	
419	4.122800e-03	-4.48911e-01	-4.48831e-01	-1.39494e+01	
420	4.132800e-03	-4.44538e-01	-4.44432e-01	-1.39494e+01	
421	4.142800e-03	-4.40456e-01	-4.40323e-01	-1.39495e+01	
422	4.152800e-03	-4.36682e-01	-4.36520e-01	-1.39495e+01	
423	4.162800e-03	-4.33230e-01	-4.33038e-01	-1.39495e+01	
424	4.172800e-03	-4.30114e-01	-4.29890e-01	-1.39495e+01	
425	4.182800e-03	-4.27346e-01	-4.27090e-01	-1.39495e+01	
426	4.192800e-03	-4.24937e-01	-4.24648e-01	-1.39496e+01	
427	4.202800e-03	-4.22898e-01	-4.22574e-01	-1.39496e+01	
428	4.212800e-03	-4.21235e-01	-4.20876e-01	-1.39496e+01	
429	4.222800e-03	-4.19955e-01	-4.19561e-01	-1.39496e+01	
430	4.232800e-03	-4.19064e-01	-4.18633e-01	-1.39497e+01	
431	4.242800e-03	-4.18565e-01	-4.18097e-01	-1.39497e+01	
432	4.252800e-03	-4.18459e-01	-4.17955e-01	-1.39497e+01	
433	4.262800e-03	-4.18748e-01	-4.18207e-01	-1.39497e+01	
434	4.272800e-03	-4.19430e-01	-4.18853e-01	-1.39498e+01	
435	4.282800e-03	-4.20503e-01	-4.19889e-01	-1.39498e+01	
436	4.292800e-03	-4.21961e-01	-4.21312e-01	-1.39498e+01	
437	4.302800e-03	-4.23801e-01	-4.23115e-01	-1.39499e+01	
438	4.312800e-03	-4.26013e-01	-4.25293e-01	-1.39499e+01	
439	4.322800e-03	-4.28590e-01	-4.27836e-01	-1.39499e+01	
440	4.332800e-03	-4.31521e-01	-4.30734e-01	-1.39499e+01	
441	4.342800e-03	-4.34795e-01	-4.33976e-01	-1.39500e+01	
442	4.352800e-03	-4.38399e-01	-4.37549e-01	-1.39500e+01	
443	4.362800e-03	-4.42319e-01	-4.41439e-01	-1.39500e+01	
444	4.372800e-03	-4.46538e-01	-4.45630e-01	-1.39500e+01	
445	4.382800e-03	-4.51041e-01	-4.50107e-01	-1.39500e+01	
446	4.392800e-03	-4.55810e-01	-4.54850e-01	-1.39501e+01	
447	4.402800e-03	-4.60826e-01	-4.59843e-01	-1.39501e+01	
448	4.412800e-03	-4.66069e-01	-4.65064e-01	-1.39501e+01	
449	4.422800e-03	-4.71518e-01	-4.70494e-01	-1.39501e+01	
450	4.432800e-03	-4.77152e-01	-4.76111e-01	-1.39501e+01	
451	4.442800e-03	-4.82949e-01	-4.81892e-01	-1.39502e+01	
452	4.452800e-03	-4.88886e-01	-4.87816e-01	-1.39502e+01	
453	4.462800e-03	-4.94939e-01	-4.93857e-01	-1.39502e+01	
454	4.472800e-03	-5.01084e-01	-4.99994e-01	-1.39502e+01	
455	4.482800e-03	-5.07298e-01	-5.06201e-01	-1.39502e+01	
456	4.492800e-03	-5.13555e-01	-5.12454e-01	-1.39502e+01	
457	4.502800e-03	-5.19832e-01	-5.18729e-01	-1.39502e+01	
458	4.512800e-03	-5.26103e-01	-5.25000e-01	-1.39502e+01	
459	4.522800e-03	-5.32343e-01	-5.31243e-01	-1.39502e+01	
460	4.532800e-03	-5.38528e-01	-5.37433e-01	-1.39502e+01	

Index   time            x1.net-_q1-pad3 x1.net-_q2-pad3 x1.net-_q3-pad2 
--------------------------------------------------------------------------------
461	4.542800e-03	-5.44633e-01	-5.43545e-01	-1.39502e+01	
462	4.552800e-03	-5.50635e-01	-5.49557e-01	-1.39502e+01	
463	4.562800e-03	-5.56510e-01	-5.55443e-01	-1.39502e+01	
464	4.572800e-03	-5.62234e-01	-5.61181e-01	-1.39502e+01	
465	4.582800e-03	-5.67785e-01	-5.66748e-01	-1.39502e+01	
466	4.592800e-03	-5.73141e-01	-5.72122e-01	-1.39502e+01	
467	4.602800e-03	-5.78281e-01	-5.77282e-01	-1.39502e+01	
468	4.612800e-03	-5.83185e-01	-5.82207e-01	-1.39501e+01	
469	4.622800e-03	-5.87832e-01	-5.86879e-01	-1.39501e+01	
470	4.632800e-03	-5.92206e-01	-5.91278e-01	-1.39501e+01	
471	4.642800e-03	-5.96288e-01	-5.95387e-01	-1.39501e+01	
472	4.652800e-03	-6.00063e-01	-5.99190e-01	-1.39501e+01	
473	4.662800e-03	-6.03515e-01	-6.02673e-01	-1.39501e+01	
474	4.672800e-03	-6.06631e-01	-6.05820e-01	-1.39500e+01	
475	4.682800e-03	-6.09399e-01	-6.08621e-01	-1.39500e+01	
476	4.692800e-03	-6.11808e-01	-6.11063e-01	-1.39500e+01	
477	4.702800e-03	-6.13848e-01	-6.13137e-01	-1.39500e+01	
478	4.712800e-03	-6.15511e-01	-6.14835e-01	-1.39499e+01	
479	4.722800e-03	-6.16790e-01	-6.16151e-01	-1.39499e+01	
480	4.732800e-03	-6.17682e-01	-6.17079e-01	-1.39499e+01	
481	4.742800e-03	-6.18181e-01	-6.17615e-01	-1.39499e+01	
482	4.752800e-03	-6.18287e-01	-6.17757e-01	-1.39498e+01	
483	4.762800e-03	-6.17998e-01	-6.17505e-01	-1.39498e+01	
484	4.772800e-03	-6.17316e-01	-6.16860e-01	-1.39498e+01	
485	4.782800e-03	-6.16243e-01	-6.15824e-01	-1.39498e+01	
486	4.792800e-03	-6.14784e-01	-6.14401e-01	-1.39497e+01	
487	4.802800e-03	-6.12945e-01	-6.12597e-01	-1.39497e+01	
488	4.812800e-03	-6.10733e-01	-6.10420e-01	-1.39497e+01	
489	4.822800e-03	-6.08156e-01	-6.07877e-01	-1.39497e+01	
490	4.832800e-03	-6.05224e-01	-6.04979e-01	-1.39496e+01	
491	4.842800e-03	-6.01950e-01	-6.01737e-01	-1.39496e+01	
492	4.852800e-03	-5.98346e-01	-5.98164e-01	-1.39496e+01	
493	4.862800e-03	-5.94426e-01	-5.94274e-01	-1.39496e+01	
494	4.872800e-03	-5.90207e-01	-5.90082e-01	-1.39495e+01	
495	4.882800e-03	-5.85703e-01	-5.85605e-01	-1.39495e+01	
496	4.892800e-03	-5.80934e-01	-5.80861e-01	-1.39495e+01	
497	4.902800e-03	-5.75918e-01	-5.75869e-01	-1.39495e+01	
498	4.912800e-03	-5.70675e-01	-5.70647e-01	-1.39494e+01	
499	4.922800e-03	-5.65226e-01	-5.65217e-01	-1.39494e+01	
500	4.932800e-03	-5.59591e-01	-5.59600e-01	-1.39494e+01	
501	4.942800e-03	-5.53794e-01	-5.53818e-01	-1.39494e+01	
502	4.952800e-03	-5.47858e-01	-5.47895e-01	-1.39494e+01	
503	4.962800e-03	-5.41804e-01	-5.41853e-01	-1.39494e+01	
504	4.972800e-03	-5.35659e-01	-5.35716e-01	-1.39494e+01	
505	4.982800e-03	-5.29445e-01	-5.29508e-01	-1.39494e+01	
506	4.992800e-03	-5.23187e-01	-5.23255e-01	-1.39494e+01	
507	5.000000e-03	-5.18669e-01	-5.18738e-01	-1.39494e+01	

                                kicad schematic
                                Transient Analysis  Tue Oct 21 20:02:38  2025
--------------------------------------------------------------------------------
Index   time            x1.net-_q3-pad3 x1.net-_q10-pad x1.net-_q12-pad 
--------------------------------------------------------------------------------
0	0.000000e+00	-1.44699e+01	1.435689e+01	-1.43583e+01	
1	1.000000e-07	-1.44698e+01	1.435689e+01	-1.43583e+01	
2	2.000000e-07	-1.44698e+01	1.435689e+01	-1.43583e+01	
3	4.000000e-07	-1.44698e+01	1.435689e+01	-1.43583e+01	
4	8.000000e-07	-1.44697e+01	1.435689e+01	-1.43583e+01	
5	1.600000e-06	-1.44696e+01	1.435689e+01	-1.43583e+01	
6	3.200000e-06	-1.44695e+01	1.435689e+01	-1.43583e+01	
7	6.400000e-06	-1.44695e+01	1.435689e+01	-1.43583e+01	
8	1.280000e-05	-1.44694e+01	1.435689e+01	-1.43583e+01	
9	2.280000e-05	-1.44695e+01	1.435689e+01	-1.43583e+01	
10	3.280000e-05	-1.44695e+01	1.435689e+01	-1.43583e+01	
11	4.280000e-05	-1.44695e+01	1.435689e+01	-1.43583e+01	
12	5.280000e-05	-1.44695e+01	1.435689e+01	-1.43583e+01	
13	6.280000e-05	-1.44695e+01	1.435689e+01	-1.43583e+01	
14	7.280000e-05	-1.44695e+01	1.435689e+01	-1.43583e+01	
15	8.280000e-05	-1.44695e+01	1.435689e+01	-1.43583e+01	
16	9.280000e-05	-1.44695e+01	1.435689e+01	-1.43583e+01	
17	1.028000e-04	-1.44695e+01	1.435689e+01	-1.43583e+01	
18	1.128000e-04	-1.44695e+01	1.435689e+01	-1.43583e+01	
19	1.228000e-04	-1.44695e+01	1.435689e+01	-1.43583e+01	
20	1.328000e-04	-1.44695e+01	1.435689e+01	-1.43583e+01	
21	1.428000e-04	-1.44696e+01	1.435689e+01	-1.43583e+01	
22	1.528000e-04	-1.44696e+01	1.435689e+01	-1.43583e+01	
23	1.628000e-04	-1.44696e+01	1.435689e+01	-1.43583e+01	
24	1.728000e-04	-1.44696e+01	1.435689e+01	-1.43583e+01	
25	1.828000e-04	-1.44696e+01	1.435689e+01	-1.43583e+01	
26	1.928000e-04	-1.44697e+01	1.435689e+01	-1.43583e+01	
27	2.028000e-04	-1.44697e+01	1.435689e+01	-1.43583e+01	
28	2.128000e-04	-1.44697e+01	1.435689e+01	-1.43583e+01	
29	2.228000e-04	-1.44697e+01	1.435689e+01	-1.43583e+01	
30	2.328000e-04	-1.44697e+01	1.435689e+01	-1.43583e+01	
31	2.428000e-04	-1.44698e+01	1.435689e+01	-1.43583e+01	
32	2.528000e-04	-1.44698e+01	1.435689e+01	-1.43583e+01	
33	2.628000e-04	-1.44698e+01	1.435689e+01	-1.43583e+01	
34	2.728000e-04	-1.44698e+01	1.435689e+01	-1.43583e+01	
35	2.828000e-04	-1.44699e+01	1.435689e+01	-1.43583e+01	
36	2.928000e-04	-1.44699e+01	1.435689e+01	-1.43583e+01	
37	3.028000e-04	-1.44699e+01	1.435689e+01	-1.43583e+01	
38	3.128000e-04	-1.44699e+01	1.435689e+01	-1.43583e+01	
39	3.228000e-04	-1.44700e+01	1.435689e+01	-1.43583e+01	
40	3.328000e-04	-1.44700e+01	1.435689e+01	-1.43583e+01	
41	3.428000e-04	-1.44700e+01	1.435689e+01	-1.43583e+01	
42	3.528000e-04	-1.44700e+01	1.435689e+01	-1.43583e+01	
43	3.628000e-04	-1.44701e+01	1.435689e+01	-1.43583e+01	
44	3.728000e-04	-1.44701e+01	1.435689e+01	-1.43583e+01	
45	3.828000e-04	-1.44701e+01	1.435689e+01	-1.43583e+01	
46	3.928000e-04	-1.44701e+01	1.435689e+01	-1.43583e+01	
47	4.028000e-04	-1.44701e+01	1.435689e+01	-1.43583e+01	
48	4.128000e-04	-1.44702e+01	1.435689e+01	-1.43583e+01	
49	4.228000e-04	-1.44702e+01	1.435689e+01	-1.43583e+01	
50	4.328000e-04	-1.44702e+01	1.435689e+01	-1.43583e+01	
51	4.428000e-04	-1.44702e+01	1.435689e+01	-1.43583e+01	
52	4.528000e-04	-1.44702e+01	1.435689e+01	-1.43583e+01	
53	4.628000e-04	-1.44702e+01	1.435689e+01	-1.43583e+01	
54	4.728000e-04	-1.44702e+01	1.435689e+01	-1.43583e+01	

Index   time            x1.net-_q3-pad3 x1.net-_q10-pad x1.net-_q12-pad 
--------------------------------------------------------------------------------
55	4.828000e-04	-1.44702e+01	1.435689e+01	-1.43583e+01	
56	4.928000e-04	-1.44703e+01	1.435689e+01	-1.43583e+01	
57	5.028000e-04	-1.44703e+01	1.435689e+01	-1.43583e+01	
58	5.128000e-04	-1.44703e+01	1.435689e+01	-1.43583e+01	
59	5.228000e-04	-1.44703e+01	1.435689e+01	-1.43583e+01	
60	5.328000e-04	-1.44703e+01	1.435689e+01	-1.43583e+01	
61	5.428000e-04	-1.44703e+01	1.435689e+01	-1.43583e+01	
62	5.528000e-04	-1.44703e+01	1.435689e+01	-1.43583e+01	
63	5.628000e-04	-1.44703e+01	1.435689e+01	-1.43583e+01	
64	5.728000e-04	-1.44702e+01	1.435689e+01	-1.43583e+01	
65	5.828000e-04	-1.44702e+01	1.435689e+01	-1.43583e+01	
66	5.928000e-04	-1.44702e+01	1.435689e+01	-1.43583e+01	
67	6.028000e-04	-1.44702e+01	1.435689e+01	-1.43583e+01	
68	6.128000e-04	-1.44702e+01	1.435689e+01	-1.43583e+01	
69	6.228000e-04	-1.44702e+01	1.435689e+01	-1.43583e+01	
70	6.328000e-04	-1.44702e+01	1.435689e+01	-1.43583e+01	
71	6.428000e-04	-1.44702e+01	1.435689e+01	-1.43583e+01	
72	6.528000e-04	-1.44701e+01	1.435689e+01	-1.43583e+01	
73	6.628000e-04	-1.44701e+01	1.435689e+01	-1.43583e+01	
74	6.728000e-04	-1.44701e+01	1.435689e+01	-1.43583e+01	
75	6.828000e-04	-1.44701e+01	1.435689e+01	-1.43583e+01	
76	6.928000e-04	-1.44701e+01	1.435689e+01	-1.43583e+01	
77	7.028000e-04	-1.44700e+01	1.435689e+01	-1.43583e+01	
78	7.128000e-04	-1.44700e+01	1.435689e+01	-1.43583e+01	
79	7.228000e-04	-1.44700e+01	1.435689e+01	-1.43583e+01	
80	7.328000e-04	-1.44700e+01	1.435689e+01	-1.43583e+01	
81	7.428000e-04	-1.44699e+01	1.435689e+01	-1.43583e+01	
82	7.528000e-04	-1.44699e+01	1.435689e+01	-1.43583e+01	
83	7.628000e-04	-1.44699e+01	1.435689e+01	-1.43583e+01	
84	7.728000e-04	-1.44699e+01	1.435689e+01	-1.43583e+01	
85	7.828000e-04	-1.44698e+01	1.435689e+01	-1.43583e+01	
86	7.928000e-04	-1.44698e+01	1.435689e+01	-1.43583e+01	
87	8.028000e-04	-1.44698e+01	1.435689e+01	-1.43583e+01	
88	8.128000e-04	-1.44698e+01	1.435689e+01	-1.43583e+01	
89	8.228000e-04	-1.44697e+01	1.435689e+01	-1.43583e+01	
90	8.328000e-04	-1.44697e+01	1.435689e+01	-1.43583e+01	
91	8.428000e-04	-1.44697e+01	1.435689e+01	-1.43583e+01	
92	8.528000e-04	-1.44697e+01	1.435689e+01	-1.43583e+01	
93	8.628000e-04	-1.44696e+01	1.435689e+01	-1.43583e+01	
94	8.728000e-04	-1.44696e+01	1.435689e+01	-1.43583e+01	
95	8.828000e-04	-1.44696e+01	1.435689e+01	-1.43583e+01	
96	8.928000e-04	-1.44696e+01	1.435689e+01	-1.43583e+01	
97	9.028000e-04	-1.44696e+01	1.435689e+01	-1.43583e+01	
98	9.128000e-04	-1.44695e+01	1.435689e+01	-1.43583e+01	
99	9.228000e-04	-1.44695e+01	1.435689e+01	-1.43583e+01	
100	9.328000e-04	-1.44695e+01	1.435689e+01	-1.43583e+01	
101	9.428000e-04	-1.44695e+01	1.435689e+01	-1.43583e+01	
102	9.528000e-04	-1.44695e+01	1.435689e+01	-1.43583e+01	
103	9.628000e-04	-1.44695e+01	1.435689e+01	-1.43583e+01	
104	9.728000e-04	-1.44695e+01	1.435689e+01	-1.43583e+01	
105	9.828000e-04	-1.44695e+01	1.435689e+01	-1.43583e+01	
106	9.928000e-04	-1.44695e+01	1.435689e+01	-1.43583e+01	
107	1.002800e-03	-1.44695e+01	1.435689e+01	-1.43583e+01	
108	1.012800e-03	-1.44695e+01	1.435689e+01	-1.43583e+01	
109	1.022800e-03	-1.44695e+01	1.435689e+01	-1.43583e+01	
110	1.032800e-03	-1.44695e+01	1.435689e+01	-1.43583e+01	
111	1.042800e-03	-1.44695e+01	1.435689e+01	-1.43583e+01	
112	1.052800e-03	-1.44695e+01	1.435689e+01	-1.43583e+01	

Index   time            x1.net-_q3-pad3 x1.net-_q10-pad x1.net-_q12-pad 
--------------------------------------------------------------------------------
113	1.062800e-03	-1.44695e+01	1.435689e+01	-1.43583e+01	
114	1.072800e-03	-1.44695e+01	1.435689e+01	-1.43583e+01	
115	1.082800e-03	-1.44695e+01	1.435689e+01	-1.43583e+01	
116	1.092800e-03	-1.44695e+01	1.435689e+01	-1.43583e+01	
117	1.102800e-03	-1.44695e+01	1.435689e+01	-1.43583e+01	
118	1.112800e-03	-1.44695e+01	1.435689e+01	-1.43583e+01	
119	1.122800e-03	-1.44695e+01	1.435689e+01	-1.43583e+01	
120	1.132800e-03	-1.44695e+01	1.435689e+01	-1.43583e+01	
121	1.142800e-03	-1.44696e+01	1.435689e+01	-1.43583e+01	
122	1.152800e-03	-1.44696e+01	1.435689e+01	-1.43583e+01	
123	1.162800e-03	-1.44696e+01	1.435689e+01	-1.43583e+01	
124	1.172800e-03	-1.44696e+01	1.435689e+01	-1.43583e+01	
125	1.182800e-03	-1.44696e+01	1.435689e+01	-1.43583e+01	
126	1.192800e-03	-1.44697e+01	1.435689e+01	-1.43583e+01	
127	1.202800e-03	-1.44697e+01	1.435689e+01	-1.43583e+01	
128	1.212800e-03	-1.44697e+01	1.435689e+01	-1.43583e+01	
129	1.222800e-03	-1.44697e+01	1.435689e+01	-1.43583e+01	
130	1.232800e-03	-1.44697e+01	1.435689e+01	-1.43583e+01	
131	1.242800e-03	-1.44698e+01	1.435689e+01	-1.43583e+01	
132	1.252800e-03	-1.44698e+01	1.435689e+01	-1.43583e+01	
133	1.262800e-03	-1.44698e+01	1.435689e+01	-1.43583e+01	
134	1.272800e-03	-1.44698e+01	1.435689e+01	-1.43583e+01	
135	1.282800e-03	-1.44699e+01	1.435689e+01	-1.43583e+01	
136	1.292800e-03	-1.44699e+01	1.435689e+01	-1.43583e+01	
137	1.302800e-03	-1.44699e+01	1.435689e+01	-1.43583e+01	
138	1.312800e-03	-1.44699e+01	1.435689e+01	-1.43583e+01	
139	1.322800e-03	-1.44700e+01	1.435689e+01	-1.43583e+01	
140	1.332800e-03	-1.44700e+01	1.435689e+01	-1.43583e+01	
141	1.342800e-03	-1.44700e+01	1.435689e+01	-1.43583e+01	
142	1.352800e-03	-1.44700e+01	1.435689e+01	-1.43583e+01	
143	1.362800e-03	-1.44701e+01	1.435689e+01	-1.43583e+01	
144	1.372800e-03	-1.44701e+01	1.435689e+01	-1.43583e+01	
145	1.382800e-03	-1.44701e+01	1.435689e+01	-1.43583e+01	
146	1.392800e-03	-1.44701e+01	1.435689e+01	-1.43583e+01	
147	1.402800e-03	-1.44701e+01	1.435689e+01	-1.43583e+01	
148	1.412800e-03	-1.44702e+01	1.435689e+01	-1.43583e+01	
149	1.422800e-03	-1.44702e+01	1.435689e+01	-1.43583e+01	
150	1.432800e-03	-1.44702e+01	1.435689e+01	-1.43583e+01	
151	1.442800e-03	-1.44702e+01	1.435689e+01	-1.43583e+01	
152	1.452800e-03	-1.44702e+01	1.435689e+01	-1.43583e+01	
153	1.462800e-03	-1.44702e+01	1.435689e+01	-1.43583e+01	
154	1.472800e-03	-1.44702e+01	1.435689e+01	-1.43583e+01	
155	1.482800e-03	-1.44702e+01	1.435689e+01	-1.43583e+01	
156	1.492800e-03	-1.44703e+01	1.435689e+01	-1.43583e+01	
157	1.502800e-03	-1.44703e+01	1.435689e+01	-1.43583e+01	
158	1.512800e-03	-1.44703e+01	1.435689e+01	-1.43583e+01	
159	1.522800e-03	-1.44703e+01	1.435689e+01	-1.43583e+01	
160	1.532800e-03	-1.44703e+01	1.435689e+01	-1.43583e+01	
161	1.542800e-03	-1.44703e+01	1.435689e+01	-1.43583e+01	
162	1.552800e-03	-1.44703e+01	1.435689e+01	-1.43583e+01	
163	1.562800e-03	-1.44703e+01	1.435689e+01	-1.43583e+01	
164	1.572800e-03	-1.44702e+01	1.435689e+01	-1.43583e+01	
165	1.582800e-03	-1.44702e+01	1.435689e+01	-1.43583e+01	
166	1.592800e-03	-1.44702e+01	1.435689e+01	-1.43583e+01	
167	1.602800e-03	-1.44702e+01	1.435689e+01	-1.43583e+01	
168	1.612800e-03	-1.44702e+01	1.435689e+01	-1.43583e+01	
169	1.622800e-03	-1.44702e+01	1.435689e+01	-1.43583e+01	
170	1.632800e-03	-1.44702e+01	1.435689e+01	-1.43583e+01	

Index   time            x1.net-_q3-pad3 x1.net-_q10-pad x1.net-_q12-pad 
--------------------------------------------------------------------------------
171	1.642800e-03	-1.44702e+01	1.435689e+01	-1.43583e+01	
172	1.652800e-03	-1.44701e+01	1.435689e+01	-1.43583e+01	
173	1.662800e-03	-1.44701e+01	1.435689e+01	-1.43583e+01	
174	1.672800e-03	-1.44701e+01	1.435689e+01	-1.43583e+01	
175	1.682800e-03	-1.44701e+01	1.435689e+01	-1.43583e+01	
176	1.692800e-03	-1.44701e+01	1.435689e+01	-1.43583e+01	
177	1.702800e-03	-1.44700e+01	1.435689e+01	-1.43583e+01	
178	1.712800e-03	-1.44700e+01	1.435689e+01	-1.43583e+01	
179	1.722800e-03	-1.44700e+01	1.435689e+01	-1.43583e+01	
180	1.732800e-03	-1.44700e+01	1.435689e+01	-1.43583e+01	
181	1.742800e-03	-1.44699e+01	1.435689e+01	-1.43583e+01	
182	1.752800e-03	-1.44699e+01	1.435689e+01	-1.43583e+01	
183	1.762800e-03	-1.44699e+01	1.435689e+01	-1.43583e+01	
184	1.772800e-03	-1.44699e+01	1.435689e+01	-1.43583e+01	
185	1.782800e-03	-1.44698e+01	1.435689e+01	-1.43583e+01	
186	1.792800e-03	-1.44698e+01	1.435689e+01	-1.43583e+01	
187	1.802800e-03	-1.44698e+01	1.435689e+01	-1.43583e+01	
188	1.812800e-03	-1.44698e+01	1.435689e+01	-1.43583e+01	
189	1.822800e-03	-1.44697e+01	1.435689e+01	-1.43583e+01	
190	1.832800e-03	-1.44697e+01	1.435689e+01	-1.43583e+01	
191	1.842800e-03	-1.44697e+01	1.435689e+01	-1.43583e+01	
192	1.852800e-03	-1.44697e+01	1.435689e+01	-1.43583e+01	
193	1.862800e-03	-1.44696e+01	1.435689e+01	-1.43583e+01	
194	1.872800e-03	-1.44696e+01	1.435689e+01	-1.43583e+01	
195	1.882800e-03	-1.44696e+01	1.435689e+01	-1.43583e+01	
196	1.892800e-03	-1.44696e+01	1.435689e+01	-1.43583e+01	
197	1.902800e-03	-1.44696e+01	1.435689e+01	-1.43583e+01	
198	1.912800e-03	-1.44695e+01	1.435689e+01	-1.43583e+01	
199	1.922800e-03	-1.44695e+01	1.435689e+01	-1.43583e+01	
200	1.932800e-03	-1.44695e+01	1.435689e+01	-1.43583e+01	
201	1.942800e-03	-1.44695e+01	1.435689e+01	-1.43583e+01	
202	1.952800e-03	-1.44695e+01	1.435689e+01	-1.43583e+01	
203	1.962800e-03	-1.44695e+01	1.435689e+01	-1.43583e+01	
204	1.972800e-03	-1.44695e+01	1.435689e+01	-1.43583e+01	
205	1.982800e-03	-1.44695e+01	1.435689e+01	-1.43583e+01	
206	1.992800e-03	-1.44695e+01	1.435689e+01	-1.43583e+01	
207	2.002800e-03	-1.44695e+01	1.435689e+01	-1.43583e+01	
208	2.012800e-03	-1.44695e+01	1.435689e+01	-1.43583e+01	
209	2.022800e-03	-1.44695e+01	1.435689e+01	-1.43583e+01	
210	2.032800e-03	-1.44695e+01	1.435689e+01	-1.43583e+01	
211	2.042800e-03	-1.44695e+01	1.435689e+01	-1.43583e+01	
212	2.052800e-03	-1.44695e+01	1.435689e+01	-1.43583e+01	
213	2.062800e-03	-1.44695e+01	1.435689e+01	-1.43583e+01	
214	2.072800e-03	-1.44695e+01	1.435689e+01	-1.43583e+01	
215	2.082800e-03	-1.44695e+01	1.435689e+01	-1.43583e+01	
216	2.092800e-03	-1.44695e+01	1.435689e+01	-1.43583e+01	
217	2.102800e-03	-1.44695e+01	1.435689e+01	-1.43583e+01	
218	2.112800e-03	-1.44695e+01	1.435689e+01	-1.43583e+01	
219	2.122800e-03	-1.44695e+01	1.435689e+01	-1.43583e+01	
220	2.132800e-03	-1.44695e+01	1.435689e+01	-1.43583e+01	
221	2.142800e-03	-1.44696e+01	1.435689e+01	-1.43583e+01	
222	2.152800e-03	-1.44696e+01	1.435689e+01	-1.43583e+01	
223	2.162800e-03	-1.44696e+01	1.435689e+01	-1.43583e+01	
224	2.172800e-03	-1.44696e+01	1.435689e+01	-1.43583e+01	
225	2.182800e-03	-1.44696e+01	1.435689e+01	-1.43583e+01	
226	2.192800e-03	-1.44697e+01	1.435689e+01	-1.43583e+01	
227	2.202800e-03	-1.44697e+01	1.435689e+01	-1.43583e+01	
228	2.212800e-03	-1.44697e+01	1.435689e+01	-1.43583e+01	

Index   time            x1.net-_q3-pad3 x1.net-_q10-pad x1.net-_q12-pad 
--------------------------------------------------------------------------------
229	2.222800e-03	-1.44697e+01	1.435689e+01	-1.43583e+01	
230	2.232800e-03	-1.44697e+01	1.435689e+01	-1.43583e+01	
231	2.242800e-03	-1.44698e+01	1.435689e+01	-1.43583e+01	
232	2.252800e-03	-1.44698e+01	1.435689e+01	-1.43583e+01	
233	2.262800e-03	-1.44698e+01	1.435689e+01	-1.43583e+01	
234	2.272800e-03	-1.44698e+01	1.435689e+01	-1.43583e+01	
235	2.282800e-03	-1.44699e+01	1.435689e+01	-1.43583e+01	
236	2.292800e-03	-1.44699e+01	1.435689e+01	-1.43583e+01	
237	2.302800e-03	-1.44699e+01	1.435689e+01	-1.43583e+01	
238	2.312800e-03	-1.44699e+01	1.435689e+01	-1.43583e+01	
239	2.322800e-03	-1.44700e+01	1.435689e+01	-1.43583e+01	
240	2.332800e-03	-1.44700e+01	1.435689e+01	-1.43583e+01	
241	2.342800e-03	-1.44700e+01	1.435689e+01	-1.43583e+01	
242	2.352800e-03	-1.44700e+01	1.435689e+01	-1.43583e+01	
243	2.362800e-03	-1.44701e+01	1.435689e+01	-1.43583e+01	
244	2.372800e-03	-1.44701e+01	1.435689e+01	-1.43583e+01	
245	2.382800e-03	-1.44701e+01	1.435689e+01	-1.43583e+01	
246	2.392800e-03	-1.44701e+01	1.435689e+01	-1.43583e+01	
247	2.402800e-03	-1.44701e+01	1.435689e+01	-1.43583e+01	
248	2.412800e-03	-1.44702e+01	1.435689e+01	-1.43583e+01	
249	2.422800e-03	-1.44702e+01	1.435689e+01	-1.43583e+01	
250	2.432800e-03	-1.44702e+01	1.435689e+01	-1.43583e+01	
251	2.442800e-03	-1.44702e+01	1.435689e+01	-1.43583e+01	
252	2.452800e-03	-1.44702e+01	1.435689e+01	-1.43583e+01	
253	2.462800e-03	-1.44702e+01	1.435689e+01	-1.43583e+01	
254	2.472800e-03	-1.44702e+01	1.435689e+01	-1.43583e+01	
255	2.482800e-03	-1.44702e+01	1.435689e+01	-1.43583e+01	
256	2.492800e-03	-1.44703e+01	1.435689e+01	-1.43583e+01	
257	2.502800e-03	-1.44703e+01	1.435689e+01	-1.43583e+01	
258	2.512800e-03	-1.44703e+01	1.435689e+01	-1.43583e+01	
259	2.522800e-03	-1.44703e+01	1.435689e+01	-1.43583e+01	
260	2.532800e-03	-1.44703e+01	1.435689e+01	-1.43583e+01	
261	2.542800e-03	-1.44703e+01	1.435689e+01	-1.43583e+01	
262	2.552800e-03	-1.44703e+01	1.435689e+01	-1.43583e+01	
263	2.562800e-03	-1.44703e+01	1.435689e+01	-1.43583e+01	
264	2.572800e-03	-1.44702e+01	1.435689e+01	-1.43583e+01	
265	2.582800e-03	-1.44702e+01	1.435689e+01	-1.43583e+01	
266	2.592800e-03	-1.44702e+01	1.435689e+01	-1.43583e+01	
267	2.602800e-03	-1.44702e+01	1.435689e+01	-1.43583e+01	
268	2.612800e-03	-1.44702e+01	1.435689e+01	-1.43583e+01	
269	2.622800e-03	-1.44702e+01	1.435689e+01	-1.43583e+01	
270	2.632800e-03	-1.44702e+01	1.435689e+01	-1.43583e+01	
271	2.642800e-03	-1.44702e+01	1.435689e+01	-1.43583e+01	
272	2.652800e-03	-1.44701e+01	1.435689e+01	-1.43583e+01	
273	2.662800e-03	-1.44701e+01	1.435689e+01	-1.43583e+01	
274	2.672800e-03	-1.44701e+01	1.435689e+01	-1.43583e+01	
275	2.682800e-03	-1.44701e+01	1.435689e+01	-1.43583e+01	
276	2.692800e-03	-1.44701e+01	1.435689e+01	-1.43583e+01	
277	2.702800e-03	-1.44700e+01	1.435689e+01	-1.43583e+01	
278	2.712800e-03	-1.44700e+01	1.435689e+01	-1.43583e+01	
279	2.722800e-03	-1.44700e+01	1.435689e+01	-1.43583e+01	
280	2.732800e-03	-1.44700e+01	1.435689e+01	-1.43583e+01	
281	2.742800e-03	-1.44699e+01	1.435689e+01	-1.43583e+01	
282	2.752800e-03	-1.44699e+01	1.435689e+01	-1.43583e+01	
283	2.762800e-03	-1.44699e+01	1.435689e+01	-1.43583e+01	
284	2.772800e-03	-1.44699e+01	1.435689e+01	-1.43583e+01	
285	2.782800e-03	-1.44698e+01	1.435689e+01	-1.43583e+01	
286	2.792800e-03	-1.44698e+01	1.435689e+01	-1.43583e+01	

Index   time            x1.net-_q3-pad3 x1.net-_q10-pad x1.net-_q12-pad 
--------------------------------------------------------------------------------
287	2.802800e-03	-1.44698e+01	1.435689e+01	-1.43583e+01	
288	2.812800e-03	-1.44698e+01	1.435689e+01	-1.43583e+01	
289	2.822800e-03	-1.44697e+01	1.435689e+01	-1.43583e+01	
290	2.832800e-03	-1.44697e+01	1.435689e+01	-1.43583e+01	
291	2.842800e-03	-1.44697e+01	1.435689e+01	-1.43583e+01	
292	2.852800e-03	-1.44697e+01	1.435689e+01	-1.43583e+01	
293	2.862800e-03	-1.44696e+01	1.435689e+01	-1.43583e+01	
294	2.872800e-03	-1.44696e+01	1.435689e+01	-1.43583e+01	
295	2.882800e-03	-1.44696e+01	1.435689e+01	-1.43583e+01	
296	2.892800e-03	-1.44696e+01	1.435689e+01	-1.43583e+01	
297	2.902800e-03	-1.44696e+01	1.435689e+01	-1.43583e+01	
298	2.912800e-03	-1.44695e+01	1.435689e+01	-1.43583e+01	
299	2.922800e-03	-1.44695e+01	1.435689e+01	-1.43583e+01	
300	2.932800e-03	-1.44695e+01	1.435689e+01	-1.43583e+01	
301	2.942800e-03	-1.44695e+01	1.435689e+01	-1.43583e+01	
302	2.952800e-03	-1.44695e+01	1.435689e+01	-1.43583e+01	
303	2.962800e-03	-1.44695e+01	1.435689e+01	-1.43583e+01	
304	2.972800e-03	-1.44695e+01	1.435689e+01	-1.43583e+01	
305	2.982800e-03	-1.44695e+01	1.435689e+01	-1.43583e+01	
306	2.992800e-03	-1.44695e+01	1.435689e+01	-1.43583e+01	
307	3.002800e-03	-1.44695e+01	1.435689e+01	-1.43583e+01	
308	3.012800e-03	-1.44695e+01	1.435689e+01	-1.43583e+01	
309	3.022800e-03	-1.44695e+01	1.435689e+01	-1.43583e+01	
310	3.032800e-03	-1.44695e+01	1.435689e+01	-1.43583e+01	
311	3.042800e-03	-1.44695e+01	1.435689e+01	-1.43583e+01	
312	3.052800e-03	-1.44695e+01	1.435689e+01	-1.43583e+01	
313	3.062800e-03	-1.44695e+01	1.435689e+01	-1.43583e+01	
314	3.072800e-03	-1.44695e+01	1.435689e+01	-1.43583e+01	
315	3.082800e-03	-1.44695e+01	1.435689e+01	-1.43583e+01	
316	3.092800e-03	-1.44695e+01	1.435689e+01	-1.43583e+01	
317	3.102800e-03	-1.44695e+01	1.435689e+01	-1.43583e+01	
318	3.112800e-03	-1.44695e+01	1.435689e+01	-1.43583e+01	
319	3.122800e-03	-1.44695e+01	1.435689e+01	-1.43583e+01	
320	3.132800e-03	-1.44695e+01	1.435689e+01	-1.43583e+01	
321	3.142800e-03	-1.44696e+01	1.435689e+01	-1.43583e+01	
322	3.152800e-03	-1.44696e+01	1.435689e+01	-1.43583e+01	
323	3.162800e-03	-1.44696e+01	1.435689e+01	-1.43583e+01	
324	3.172800e-03	-1.44696e+01	1.435689e+01	-1.43583e+01	
325	3.182800e-03	-1.44696e+01	1.435689e+01	-1.43583e+01	
326	3.192800e-03	-1.44697e+01	1.435689e+01	-1.43583e+01	
327	3.202800e-03	-1.44697e+01	1.435689e+01	-1.43583e+01	
328	3.212800e-03	-1.44697e+01	1.435689e+01	-1.43583e+01	
329	3.222800e-03	-1.44697e+01	1.435689e+01	-1.43583e+01	
330	3.232800e-03	-1.44697e+01	1.435689e+01	-1.43583e+01	
331	3.242800e-03	-1.44698e+01	1.435689e+01	-1.43583e+01	
332	3.252800e-03	-1.44698e+01	1.435689e+01	-1.43583e+01	
333	3.262800e-03	-1.44698e+01	1.435689e+01	-1.43583e+01	
334	3.272800e-03	-1.44698e+01	1.435689e+01	-1.43583e+01	
335	3.282800e-03	-1.44699e+01	1.435689e+01	-1.43583e+01	
336	3.292800e-03	-1.44699e+01	1.435689e+01	-1.43583e+01	
337	3.302800e-03	-1.44699e+01	1.435689e+01	-1.43583e+01	
338	3.312800e-03	-1.44699e+01	1.435689e+01	-1.43583e+01	
339	3.322800e-03	-1.44700e+01	1.435689e+01	-1.43583e+01	
340	3.332800e-03	-1.44700e+01	1.435689e+01	-1.43583e+01	
341	3.342800e-03	-1.44700e+01	1.435689e+01	-1.43583e+01	
342	3.352800e-03	-1.44700e+01	1.435689e+01	-1.43583e+01	
343	3.362800e-03	-1.44701e+01	1.435689e+01	-1.43583e+01	
344	3.372800e-03	-1.44701e+01	1.435689e+01	-1.43583e+01	

Index   time            x1.net-_q3-pad3 x1.net-_q10-pad x1.net-_q12-pad 
--------------------------------------------------------------------------------
345	3.382800e-03	-1.44701e+01	1.435689e+01	-1.43583e+01	
346	3.392800e-03	-1.44701e+01	1.435689e+01	-1.43583e+01	
347	3.402800e-03	-1.44701e+01	1.435689e+01	-1.43583e+01	
348	3.412800e-03	-1.44702e+01	1.435689e+01	-1.43583e+01	
349	3.422800e-03	-1.44702e+01	1.435689e+01	-1.43583e+01	
350	3.432800e-03	-1.44702e+01	1.435689e+01	-1.43583e+01	
351	3.442800e-03	-1.44702e+01	1.435689e+01	-1.43583e+01	
352	3.452800e-03	-1.44702e+01	1.435689e+01	-1.43583e+01	
353	3.462800e-03	-1.44702e+01	1.435689e+01	-1.43583e+01	
354	3.472800e-03	-1.44702e+01	1.435689e+01	-1.43583e+01	
355	3.482800e-03	-1.44702e+01	1.435689e+01	-1.43583e+01	
356	3.492800e-03	-1.44703e+01	1.435689e+01	-1.43583e+01	
357	3.502800e-03	-1.44703e+01	1.435689e+01	-1.43583e+01	
358	3.512800e-03	-1.44703e+01	1.435689e+01	-1.43583e+01	
359	3.522800e-03	-1.44703e+01	1.435689e+01	-1.43583e+01	
360	3.532800e-03	-1.44703e+01	1.435689e+01	-1.43583e+01	
361	3.542800e-03	-1.44703e+01	1.435689e+01	-1.43583e+01	
362	3.552800e-03	-1.44703e+01	1.435689e+01	-1.43583e+01	
363	3.562800e-03	-1.44703e+01	1.435689e+01	-1.43583e+01	
364	3.572800e-03	-1.44702e+01	1.435689e+01	-1.43583e+01	
365	3.582800e-03	-1.44702e+01	1.435689e+01	-1.43583e+01	
366	3.592800e-03	-1.44702e+01	1.435689e+01	-1.43583e+01	
367	3.602800e-03	-1.44702e+01	1.435689e+01	-1.43583e+01	
368	3.612800e-03	-1.44702e+01	1.435689e+01	-1.43583e+01	
369	3.622800e-03	-1.44702e+01	1.435689e+01	-1.43583e+01	
370	3.632800e-03	-1.44702e+01	1.435689e+01	-1.43583e+01	
371	3.642800e-03	-1.44702e+01	1.435689e+01	-1.43583e+01	
372	3.652800e-03	-1.44701e+01	1.435689e+01	-1.43583e+01	
373	3.662800e-03	-1.44701e+01	1.435689e+01	-1.43583e+01	
374	3.672800e-03	-1.44701e+01	1.435689e+01	-1.43583e+01	
375	3.682800e-03	-1.44701e+01	1.435689e+01	-1.43583e+01	
376	3.692800e-03	-1.44701e+01	1.435689e+01	-1.43583e+01	
377	3.702800e-03	-1.44700e+01	1.435689e+01	-1.43583e+01	
378	3.712800e-03	-1.44700e+01	1.435689e+01	-1.43583e+01	
379	3.722800e-03	-1.44700e+01	1.435689e+01	-1.43583e+01	
380	3.732800e-03	-1.44700e+01	1.435689e+01	-1.43583e+01	
381	3.742800e-03	-1.44699e+01	1.435689e+01	-1.43583e+01	
382	3.752800e-03	-1.44699e+01	1.435689e+01	-1.43583e+01	
383	3.762800e-03	-1.44699e+01	1.435689e+01	-1.43583e+01	
384	3.772800e-03	-1.44699e+01	1.435689e+01	-1.43583e+01	
385	3.782800e-03	-1.44698e+01	1.435689e+01	-1.43583e+01	
386	3.792800e-03	-1.44698e+01	1.435689e+01	-1.43583e+01	
387	3.802800e-03	-1.44698e+01	1.435689e+01	-1.43583e+01	
388	3.812800e-03	-1.44698e+01	1.435689e+01	-1.43583e+01	
389	3.822800e-03	-1.44697e+01	1.435689e+01	-1.43583e+01	
390	3.832800e-03	-1.44697e+01	1.435689e+01	-1.43583e+01	
391	3.842800e-03	-1.44697e+01	1.435689e+01	-1.43583e+01	
392	3.852800e-03	-1.44697e+01	1.435689e+01	-1.43583e+01	
393	3.862800e-03	-1.44696e+01	1.435689e+01	-1.43583e+01	
394	3.872800e-03	-1.44696e+01	1.435689e+01	-1.43583e+01	
395	3.882800e-03	-1.44696e+01	1.435689e+01	-1.43583e+01	
396	3.892800e-03	-1.44696e+01	1.435689e+01	-1.43583e+01	
397	3.902800e-03	-1.44696e+01	1.435689e+01	-1.43583e+01	
398	3.912800e-03	-1.44695e+01	1.435689e+01	-1.43583e+01	
399	3.922800e-03	-1.44695e+01	1.435689e+01	-1.43583e+01	
400	3.932800e-03	-1.44695e+01	1.435689e+01	-1.43583e+01	
401	3.942800e-03	-1.44695e+01	1.435689e+01	-1.43583e+01	
402	3.952800e-03	-1.44695e+01	1.435689e+01	-1.43583e+01	

Index   time            x1.net-_q3-pad3 x1.net-_q10-pad x1.net-_q12-pad 
--------------------------------------------------------------------------------
403	3.962800e-03	-1.44695e+01	1.435689e+01	-1.43583e+01	
404	3.972800e-03	-1.44695e+01	1.435689e+01	-1.43583e+01	
405	3.982800e-03	-1.44695e+01	1.435689e+01	-1.43583e+01	
406	3.992800e-03	-1.44695e+01	1.435689e+01	-1.43583e+01	
407	4.002800e-03	-1.44695e+01	1.435689e+01	-1.43583e+01	
408	4.012800e-03	-1.44695e+01	1.435689e+01	-1.43583e+01	
409	4.022800e-03	-1.44695e+01	1.435689e+01	-1.43583e+01	
410	4.032800e-03	-1.44695e+01	1.435689e+01	-1.43583e+01	
411	4.042800e-03	-1.44695e+01	1.435689e+01	-1.43583e+01	
412	4.052800e-03	-1.44695e+01	1.435689e+01	-1.43583e+01	
413	4.062800e-03	-1.44695e+01	1.435689e+01	-1.43583e+01	
414	4.072800e-03	-1.44695e+01	1.435689e+01	-1.43583e+01	
415	4.082800e-03	-1.44695e+01	1.435689e+01	-1.43583e+01	
416	4.092800e-03	-1.44695e+01	1.435689e+01	-1.43583e+01	
417	4.102800e-03	-1.44695e+01	1.435689e+01	-1.43583e+01	
418	4.112800e-03	-1.44695e+01	1.435689e+01	-1.43583e+01	
419	4.122800e-03	-1.44695e+01	1.435689e+01	-1.43583e+01	
420	4.132800e-03	-1.44695e+01	1.435689e+01	-1.43583e+01	
421	4.142800e-03	-1.44696e+01	1.435689e+01	-1.43583e+01	
422	4.152800e-03	-1.44696e+01	1.435689e+01	-1.43583e+01	
423	4.162800e-03	-1.44696e+01	1.435689e+01	-1.43583e+01	
424	4.172800e-03	-1.44696e+01	1.435689e+01	-1.43583e+01	
425	4.182800e-03	-1.44696e+01	1.435689e+01	-1.43583e+01	
426	4.192800e-03	-1.44697e+01	1.435689e+01	-1.43583e+01	
427	4.202800e-03	-1.44697e+01	1.435689e+01	-1.43583e+01	
428	4.212800e-03	-1.44697e+01	1.435689e+01	-1.43583e+01	
429	4.222800e-03	-1.44697e+01	1.435689e+01	-1.43583e+01	
430	4.232800e-03	-1.44697e+01	1.435689e+01	-1.43583e+01	
431	4.242800e-03	-1.44698e+01	1.435689e+01	-1.43583e+01	
432	4.252800e-03	-1.44698e+01	1.435689e+01	-1.43583e+01	
433	4.262800e-03	-1.44698e+01	1.435689e+01	-1.43583e+01	
434	4.272800e-03	-1.44698e+01	1.435689e+01	-1.43583e+01	
435	4.282800e-03	-1.44699e+01	1.435689e+01	-1.43583e+01	
436	4.292800e-03	-1.44699e+01	1.435689e+01	-1.43583e+01	
437	4.302800e-03	-1.44699e+01	1.435689e+01	-1.43583e+01	
438	4.312800e-03	-1.44699e+01	1.435689e+01	-1.43583e+01	
439	4.322800e-03	-1.44700e+01	1.435689e+01	-1.43583e+01	
440	4.332800e-03	-1.44700e+01	1.435689e+01	-1.43583e+01	
441	4.342800e-03	-1.44700e+01	1.435689e+01	-1.43583e+01	
442	4.352800e-03	-1.44700e+01	1.435689e+01	-1.43583e+01	
443	4.362800e-03	-1.44701e+01	1.435689e+01	-1.43583e+01	
444	4.372800e-03	-1.44701e+01	1.435689e+01	-1.43583e+01	
445	4.382800e-03	-1.44701e+01	1.435689e+01	-1.43583e+01	
446	4.392800e-03	-1.44701e+01	1.435689e+01	-1.43583e+01	
447	4.402800e-03	-1.44701e+01	1.435689e+01	-1.43583e+01	
448	4.412800e-03	-1.44702e+01	1.435689e+01	-1.43583e+01	
449	4.422800e-03	-1.44702e+01	1.435689e+01	-1.43583e+01	
450	4.432800e-03	-1.44702e+01	1.435689e+01	-1.43583e+01	
451	4.442800e-03	-1.44702e+01	1.435689e+01	-1.43583e+01	
452	4.452800e-03	-1.44702e+01	1.435689e+01	-1.43583e+01	
453	4.462800e-03	-1.44702e+01	1.435689e+01	-1.43583e+01	
454	4.472800e-03	-1.44702e+01	1.435689e+01	-1.43583e+01	
455	4.482800e-03	-1.44702e+01	1.435689e+01	-1.43583e+01	
456	4.492800e-03	-1.44703e+01	1.435689e+01	-1.43583e+01	
457	4.502800e-03	-1.44703e+01	1.435689e+01	-1.43583e+01	
458	4.512800e-03	-1.44703e+01	1.435689e+01	-1.43583e+01	
459	4.522800e-03	-1.44703e+01	1.435689e+01	-1.43583e+01	
460	4.532800e-03	-1.44703e+01	1.435689e+01	-1.43583e+01	

Index   time            x1.net-_q3-pad3 x1.net-_q10-pad x1.net-_q12-pad 
--------------------------------------------------------------------------------
461	4.542800e-03	-1.44703e+01	1.435689e+01	-1.43583e+01	
462	4.552800e-03	-1.44703e+01	1.435689e+01	-1.43583e+01	
463	4.562800e-03	-1.44703e+01	1.435689e+01	-1.43583e+01	
464	4.572800e-03	-1.44702e+01	1.435689e+01	-1.43583e+01	
465	4.582800e-03	-1.44702e+01	1.435689e+01	-1.43583e+01	
466	4.592800e-03	-1.44702e+01	1.435689e+01	-1.43583e+01	
467	4.602800e-03	-1.44702e+01	1.435689e+01	-1.43583e+01	
468	4.612800e-03	-1.44702e+01	1.435689e+01	-1.43583e+01	
469	4.622800e-03	-1.44702e+01	1.435689e+01	-1.43583e+01	
470	4.632800e-03	-1.44702e+01	1.435689e+01	-1.43583e+01	
471	4.642800e-03	-1.44702e+01	1.435689e+01	-1.43583e+01	
472	4.652800e-03	-1.44701e+01	1.435689e+01	-1.43583e+01	
473	4.662800e-03	-1.44701e+01	1.435689e+01	-1.43583e+01	
474	4.672800e-03	-1.44701e+01	1.435689e+01	-1.43583e+01	
475	4.682800e-03	-1.44701e+01	1.435689e+01	-1.43583e+01	
476	4.692800e-03	-1.44701e+01	1.435689e+01	-1.43583e+01	
477	4.702800e-03	-1.44700e+01	1.435689e+01	-1.43583e+01	
478	4.712800e-03	-1.44700e+01	1.435689e+01	-1.43583e+01	
479	4.722800e-03	-1.44700e+01	1.435689e+01	-1.43583e+01	
480	4.732800e-03	-1.44700e+01	1.435689e+01	-1.43583e+01	
481	4.742800e-03	-1.44699e+01	1.435689e+01	-1.43583e+01	
482	4.752800e-03	-1.44699e+01	1.435689e+01	-1.43583e+01	
483	4.762800e-03	-1.44699e+01	1.435689e+01	-1.43583e+01	
484	4.772800e-03	-1.44699e+01	1.435689e+01	-1.43583e+01	
485	4.782800e-03	-1.44698e+01	1.435689e+01	-1.43583e+01	
486	4.792800e-03	-1.44698e+01	1.435689e+01	-1.43583e+01	
487	4.802800e-03	-1.44698e+01	1.435689e+01	-1.43583e+01	
488	4.812800e-03	-1.44698e+01	1.435689e+01	-1.43583e+01	
489	4.822800e-03	-1.44697e+01	1.435689e+01	-1.43583e+01	
490	4.832800e-03	-1.44697e+01	1.435689e+01	-1.43583e+01	
491	4.842800e-03	-1.44697e+01	1.435689e+01	-1.43583e+01	
492	4.852800e-03	-1.44697e+01	1.435689e+01	-1.43583e+01	
493	4.862800e-03	-1.44696e+01	1.435689e+01	-1.43583e+01	
494	4.872800e-03	-1.44696e+01	1.435689e+01	-1.43583e+01	
495	4.882800e-03	-1.44696e+01	1.435689e+01	-1.43583e+01	
496	4.892800e-03	-1.44696e+01	1.435689e+01	-1.43583e+01	
497	4.902800e-03	-1.44696e+01	1.435689e+01	-1.43583e+01	
498	4.912800e-03	-1.44695e+01	1.435689e+01	-1.43583e+01	
499	4.922800e-03	-1.44695e+01	1.435689e+01	-1.43583e+01	
500	4.932800e-03	-1.44695e+01	1.435689e+01	-1.43583e+01	
501	4.942800e-03	-1.44695e+01	1.435689e+01	-1.43583e+01	
502	4.952800e-03	-1.44695e+01	1.435689e+01	-1.43583e+01	
503	4.962800e-03	-1.44695e+01	1.435689e+01	-1.43583e+01	
504	4.972800e-03	-1.44695e+01	1.435689e+01	-1.43583e+01	
505	4.982800e-03	-1.44695e+01	1.435689e+01	-1.43583e+01	
506	4.992800e-03	-1.44695e+01	1.435689e+01	-1.43583e+01	
507	5.000000e-03	-1.44695e+01	1.435689e+01	-1.43583e+01	

                                kicad schematic
                                Transient Analysis  Tue Oct 21 20:02:38  2025
--------------------------------------------------------------------------------
Index   time            x1.net-_q13-pad x1.net-_q13-pad x1.net-_q14-pad 
--------------------------------------------------------------------------------
0	0.000000e+00	-1.03654e+00	-1.48988e+01	1.319786e-01	
1	1.000000e-07	-1.03651e+00	-1.48988e+01	1.320088e-01	
2	2.000000e-07	-1.03647e+00	-1.48988e+01	1.320696e-01	
3	4.000000e-07	-1.03640e+00	-1.48988e+01	1.322492e-01	
4	8.000000e-07	-1.03624e+00	-1.48988e+01	1.329236e-01	
5	1.600000e-06	-1.03587e+00	-1.48988e+01	1.352562e-01	
6	3.200000e-06	-1.03502e+00	-1.48988e+01	1.423838e-01	
7	6.400000e-06	-1.03310e+00	-1.48988e+01	1.608131e-01	
8	1.280000e-05	-1.02910e+00	-1.48988e+01	2.011631e-01	
9	2.280000e-05	-1.02286e+00	-1.48988e+01	2.643365e-01	
10	3.280000e-05	-1.01667e+00	-1.48988e+01	3.269040e-01	
11	4.280000e-05	-1.01056e+00	-1.48988e+01	3.887406e-01	
12	5.280000e-05	-1.00456e+00	-1.48988e+01	4.495464e-01	
13	6.280000e-05	-9.98676e-01	-1.48988e+01	5.091064e-01	
14	7.280000e-05	-9.92946e-01	-1.48988e+01	5.671740e-01	
15	8.280000e-05	-9.87387e-01	-1.48988e+01	6.235249e-01	
16	9.280000e-05	-9.82023e-01	-1.48988e+01	6.779343e-01	
17	1.028000e-04	-9.76873e-01	-1.48987e+01	7.301885e-01	
18	1.128000e-04	-9.71959e-01	-1.48987e+01	7.800806e-01	
19	1.228000e-04	-9.67300e-01	-1.48987e+01	8.274140e-01	
20	1.328000e-04	-9.62914e-01	-1.48987e+01	8.720019e-01	
21	1.428000e-04	-9.58819e-01	-1.48987e+01	9.136685e-01	
22	1.528000e-04	-9.55030e-01	-1.48987e+01	9.522494e-01	
23	1.628000e-04	-9.51563e-01	-1.48987e+01	9.875925e-01	
24	1.728000e-04	-9.48431e-01	-1.48987e+01	1.019559e+00	
25	1.828000e-04	-9.45647e-01	-1.48987e+01	1.048022e+00	
26	1.928000e-04	-9.43222e-01	-1.48987e+01	1.072869e+00	
27	2.028000e-04	-9.41165e-01	-1.48987e+01	1.094004e+00	
28	2.128000e-04	-9.39484e-01	-1.48987e+01	1.111343e+00	
29	2.228000e-04	-9.38187e-01	-1.48987e+01	1.124817e+00	
30	2.328000e-04	-9.37277e-01	-1.48987e+01	1.134373e+00	
31	2.428000e-04	-9.36760e-01	-1.48987e+01	1.139974e+00	
32	2.528000e-04	-9.36635e-01	-1.48987e+01	1.141598e+00	
33	2.628000e-04	-9.36906e-01	-1.48987e+01	1.139238e+00	
34	2.728000e-04	-9.37569e-01	-1.48987e+01	1.132904e+00	
35	2.828000e-04	-9.38623e-01	-1.48987e+01	1.122621e+00	
36	2.928000e-04	-9.40063e-01	-1.48987e+01	1.108429e+00	
37	3.028000e-04	-9.41884e-01	-1.48987e+01	1.090384e+00	
38	3.128000e-04	-9.44079e-01	-1.48987e+01	1.068557e+00	
39	3.228000e-04	-9.46638e-01	-1.48987e+01	1.043034e+00	
40	3.328000e-04	-9.49552e-01	-1.48987e+01	1.013917e+00	
41	3.428000e-04	-9.52810e-01	-1.48987e+01	9.813182e-01	
42	3.528000e-04	-9.56397e-01	-1.48987e+01	9.453678e-01	
43	3.628000e-04	-9.60301e-01	-1.48987e+01	9.062071e-01	
44	3.728000e-04	-9.64506e-01	-1.48987e+01	8.639904e-01	
45	3.828000e-04	-9.68996e-01	-1.48987e+01	8.188843e-01	
46	3.928000e-04	-9.73751e-01	-1.48987e+01	7.710667e-01	
47	4.028000e-04	-9.78755e-01	-1.48988e+01	7.207262e-01	
48	4.128000e-04	-9.83986e-01	-1.48988e+01	6.680614e-01	
49	4.228000e-04	-9.89425e-01	-1.48988e+01	6.132802e-01	
50	4.328000e-04	-9.95050e-01	-1.48988e+01	5.565988e-01	
51	4.428000e-04	-1.00084e+00	-1.48988e+01	4.982412e-01	
52	4.528000e-04	-1.00677e+00	-1.48988e+01	4.384376e-01	
53	4.628000e-04	-1.01281e+00	-1.48988e+01	3.774243e-01	
54	4.728000e-04	-1.01896e+00	-1.48988e+01	3.154424e-01	

Index   time            x1.net-_q13-pad x1.net-_q13-pad x1.net-_q14-pad 
--------------------------------------------------------------------------------
55	4.828000e-04	-1.02517e+00	-1.48988e+01	2.527367e-01	
56	4.928000e-04	-1.03142e+00	-1.48988e+01	1.895549e-01	
57	5.028000e-04	-1.03770e+00	-1.48988e+01	1.261466e-01	
58	5.128000e-04	-1.04397e+00	-1.48988e+01	6.276247e-02	
59	5.228000e-04	-1.05021e+00	-1.48988e+01	-3.47219e-04	
60	5.328000e-04	-1.05639e+00	-1.48988e+01	-6.29331e-02	
61	5.428000e-04	-1.06250e+00	-1.48988e+01	-1.24748e-01	
62	5.528000e-04	-1.06851e+00	-1.48988e+01	-1.85548e-01	
63	5.628000e-04	-1.07439e+00	-1.48988e+01	-2.45093e-01	
64	5.728000e-04	-1.08012e+00	-1.48988e+01	-3.03147e-01	
65	5.828000e-04	-1.08568e+00	-1.48988e+01	-3.59483e-01	
66	5.928000e-04	-1.09104e+00	-1.48988e+01	-4.13876e-01	
67	6.028000e-04	-1.09619e+00	-1.48988e+01	-4.66114e-01	
68	6.128000e-04	-1.10111e+00	-1.48988e+01	-5.15990e-01	
69	6.228000e-04	-1.10577e+00	-1.48988e+01	-5.63307e-01	
70	6.328000e-04	-1.11015e+00	-1.48988e+01	-6.07878e-01	
71	6.428000e-04	-1.11425e+00	-1.48988e+01	-6.49529e-01	
72	6.528000e-04	-1.11804e+00	-1.48988e+01	-6.88095e-01	
73	6.628000e-04	-1.12151e+00	-1.48988e+01	-7.23425e-01	
74	6.728000e-04	-1.12464e+00	-1.48988e+01	-7.55378e-01	
75	6.828000e-04	-1.12742e+00	-1.48988e+01	-7.83830e-01	
76	6.928000e-04	-1.12985e+00	-1.48988e+01	-8.08669e-01	
77	7.028000e-04	-1.13191e+00	-1.48988e+01	-8.29795e-01	
78	7.128000e-04	-1.13359e+00	-1.48988e+01	-8.47128e-01	
79	7.228000e-04	-1.13488e+00	-1.48988e+01	-8.60598e-01	
80	7.328000e-04	-1.13579e+00	-1.48988e+01	-8.70152e-01	
81	7.428000e-04	-1.13631e+00	-1.48988e+01	-8.75753e-01	
82	7.528000e-04	-1.13644e+00	-1.48988e+01	-8.77378e-01	
83	7.628000e-04	-1.13617e+00	-1.48988e+01	-8.75022e-01	
84	7.728000e-04	-1.13550e+00	-1.48988e+01	-8.68694e-01	
85	7.828000e-04	-1.13445e+00	-1.48988e+01	-8.58418e-01	
86	7.928000e-04	-1.13301e+00	-1.48988e+01	-8.44235e-01	
87	8.028000e-04	-1.13119e+00	-1.48988e+01	-8.26200e-01	
88	8.128000e-04	-1.12899e+00	-1.48988e+01	-8.04385e-01	
89	8.228000e-04	-1.12643e+00	-1.48988e+01	-7.78876e-01	
90	8.328000e-04	-1.12352e+00	-1.48988e+01	-7.49772e-01	
91	8.428000e-04	-1.12026e+00	-1.48988e+01	-7.17189e-01	
92	8.528000e-04	-1.11667e+00	-1.48988e+01	-6.81254e-01	
93	8.628000e-04	-1.11277e+00	-1.48988e+01	-6.42110e-01	
94	8.728000e-04	-1.10856e+00	-1.48988e+01	-5.99909e-01	
95	8.828000e-04	-1.10407e+00	-1.48988e+01	-5.54819e-01	
96	8.928000e-04	-1.09932e+00	-1.48988e+01	-5.07018e-01	
97	9.028000e-04	-1.09431e+00	-1.48988e+01	-4.56692e-01	
98	9.128000e-04	-1.08908e+00	-1.48988e+01	-4.04042e-01	
99	9.228000e-04	-1.08364e+00	-1.48988e+01	-3.49274e-01	
100	9.328000e-04	-1.07802e+00	-1.48988e+01	-2.92605e-01	
101	9.428000e-04	-1.07223e+00	-1.48988e+01	-2.34257e-01	
102	9.528000e-04	-1.06630e+00	-1.48988e+01	-1.74463e-01	
103	9.628000e-04	-1.06025e+00	-1.48988e+01	-1.13456e-01	
104	9.728000e-04	-1.05411e+00	-1.48988e+01	-5.14790e-02	
105	9.828000e-04	-1.04790e+00	-1.48988e+01	1.122394e-02	
106	9.928000e-04	-1.04165e+00	-1.48988e+01	7.440514e-02	
107	1.002800e-03	-1.03537e+00	-1.48988e+01	1.378150e-01	
108	1.012800e-03	-1.02910e+00	-1.48988e+01	2.012029e-01	
109	1.022800e-03	-1.02286e+00	-1.48988e+01	2.643184e-01	
110	1.032800e-03	-1.01667e+00	-1.48988e+01	3.269122e-01	
111	1.042800e-03	-1.01056e+00	-1.48988e+01	3.887368e-01	
112	1.052800e-03	-1.00456e+00	-1.48988e+01	4.495481e-01	

Index   time            x1.net-_q13-pad x1.net-_q13-pad x1.net-_q14-pad 
--------------------------------------------------------------------------------
113	1.062800e-03	-9.98676e-01	-1.48988e+01	5.091057e-01	
114	1.072800e-03	-9.92946e-01	-1.48988e+01	5.671744e-01	
115	1.082800e-03	-9.87387e-01	-1.48988e+01	6.235248e-01	
116	1.092800e-03	-9.82023e-01	-1.48988e+01	6.779344e-01	
117	1.102800e-03	-9.76873e-01	-1.48987e+01	7.301884e-01	
118	1.112800e-03	-9.71959e-01	-1.48987e+01	7.800806e-01	
119	1.122800e-03	-9.67300e-01	-1.48987e+01	8.274140e-01	
120	1.132800e-03	-9.62914e-01	-1.48987e+01	8.720019e-01	
121	1.142800e-03	-9.58819e-01	-1.48987e+01	9.136685e-01	
122	1.152800e-03	-9.55030e-01	-1.48987e+01	9.522494e-01	
123	1.162800e-03	-9.51563e-01	-1.48987e+01	9.875925e-01	
124	1.172800e-03	-9.48431e-01	-1.48987e+01	1.019559e+00	
125	1.182800e-03	-9.45647e-01	-1.48987e+01	1.048022e+00	
126	1.192800e-03	-9.43222e-01	-1.48987e+01	1.072869e+00	
127	1.202800e-03	-9.41165e-01	-1.48987e+01	1.094004e+00	
128	1.212800e-03	-9.39484e-01	-1.48987e+01	1.111343e+00	
129	1.222800e-03	-9.38187e-01	-1.48987e+01	1.124817e+00	
130	1.232800e-03	-9.37277e-01	-1.48987e+01	1.134373e+00	
131	1.242800e-03	-9.36760e-01	-1.48987e+01	1.139974e+00	
132	1.252800e-03	-9.36635e-01	-1.48987e+01	1.141598e+00	
133	1.262800e-03	-9.36906e-01	-1.48987e+01	1.139238e+00	
134	1.272800e-03	-9.37569e-01	-1.48987e+01	1.132904e+00	
135	1.282800e-03	-9.38623e-01	-1.48987e+01	1.122621e+00	
136	1.292800e-03	-9.40063e-01	-1.48987e+01	1.108429e+00	
137	1.302800e-03	-9.41884e-01	-1.48987e+01	1.090384e+00	
138	1.312800e-03	-9.44079e-01	-1.48987e+01	1.068557e+00	
139	1.322800e-03	-9.46638e-01	-1.48987e+01	1.043034e+00	
140	1.332800e-03	-9.49552e-01	-1.48987e+01	1.013917e+00	
141	1.342800e-03	-9.52810e-01	-1.48987e+01	9.813182e-01	
142	1.352800e-03	-9.56397e-01	-1.48987e+01	9.453678e-01	
143	1.362800e-03	-9.60301e-01	-1.48987e+01	9.062071e-01	
144	1.372800e-03	-9.64506e-01	-1.48987e+01	8.639904e-01	
145	1.382800e-03	-9.68996e-01	-1.48987e+01	8.188843e-01	
146	1.392800e-03	-9.73751e-01	-1.48987e+01	7.710667e-01	
147	1.402800e-03	-9.78755e-01	-1.48988e+01	7.207262e-01	
148	1.412800e-03	-9.83986e-01	-1.48988e+01	6.680614e-01	
149	1.422800e-03	-9.89425e-01	-1.48988e+01	6.132802e-01	
150	1.432800e-03	-9.95050e-01	-1.48988e+01	5.565988e-01	
151	1.442800e-03	-1.00084e+00	-1.48988e+01	4.982412e-01	
152	1.452800e-03	-1.00677e+00	-1.48988e+01	4.384376e-01	
153	1.462800e-03	-1.01281e+00	-1.48988e+01	3.774243e-01	
154	1.472800e-03	-1.01896e+00	-1.48988e+01	3.154424e-01	
155	1.482800e-03	-1.02517e+00	-1.48988e+01	2.527367e-01	
156	1.492800e-03	-1.03142e+00	-1.48988e+01	1.895549e-01	
157	1.502800e-03	-1.03770e+00	-1.48988e+01	1.261466e-01	
158	1.512800e-03	-1.04397e+00	-1.48988e+01	6.276247e-02	
159	1.522800e-03	-1.05021e+00	-1.48988e+01	-3.47219e-04	
160	1.532800e-03	-1.05639e+00	-1.48988e+01	-6.29331e-02	
161	1.542800e-03	-1.06250e+00	-1.48988e+01	-1.24748e-01	
162	1.552800e-03	-1.06851e+00	-1.48988e+01	-1.85548e-01	
163	1.562800e-03	-1.07439e+00	-1.48988e+01	-2.45093e-01	
164	1.572800e-03	-1.08012e+00	-1.48988e+01	-3.03147e-01	
165	1.582800e-03	-1.08568e+00	-1.48988e+01	-3.59483e-01	
166	1.592800e-03	-1.09104e+00	-1.48988e+01	-4.13876e-01	
167	1.602800e-03	-1.09619e+00	-1.48988e+01	-4.66114e-01	
168	1.612800e-03	-1.10111e+00	-1.48988e+01	-5.15990e-01	
169	1.622800e-03	-1.10577e+00	-1.48988e+01	-5.63307e-01	
170	1.632800e-03	-1.11015e+00	-1.48988e+01	-6.07878e-01	

Index   time            x1.net-_q13-pad x1.net-_q13-pad x1.net-_q14-pad 
--------------------------------------------------------------------------------
171	1.642800e-03	-1.11425e+00	-1.48988e+01	-6.49529e-01	
172	1.652800e-03	-1.11804e+00	-1.48988e+01	-6.88095e-01	
173	1.662800e-03	-1.12151e+00	-1.48988e+01	-7.23425e-01	
174	1.672800e-03	-1.12464e+00	-1.48988e+01	-7.55378e-01	
175	1.682800e-03	-1.12742e+00	-1.48988e+01	-7.83830e-01	
176	1.692800e-03	-1.12985e+00	-1.48988e+01	-8.08669e-01	
177	1.702800e-03	-1.13191e+00	-1.48988e+01	-8.29795e-01	
178	1.712800e-03	-1.13359e+00	-1.48988e+01	-8.47128e-01	
179	1.722800e-03	-1.13488e+00	-1.48988e+01	-8.60598e-01	
180	1.732800e-03	-1.13579e+00	-1.48988e+01	-8.70152e-01	
181	1.742800e-03	-1.13631e+00	-1.48988e+01	-8.75753e-01	
182	1.752800e-03	-1.13644e+00	-1.48988e+01	-8.77378e-01	
183	1.762800e-03	-1.13617e+00	-1.48988e+01	-8.75022e-01	
184	1.772800e-03	-1.13550e+00	-1.48988e+01	-8.68694e-01	
185	1.782800e-03	-1.13445e+00	-1.48988e+01	-8.58418e-01	
186	1.792800e-03	-1.13301e+00	-1.48988e+01	-8.44235e-01	
187	1.802800e-03	-1.13119e+00	-1.48988e+01	-8.26200e-01	
188	1.812800e-03	-1.12899e+00	-1.48988e+01	-8.04385e-01	
189	1.822800e-03	-1.12643e+00	-1.48988e+01	-7.78876e-01	
190	1.832800e-03	-1.12352e+00	-1.48988e+01	-7.49772e-01	
191	1.842800e-03	-1.12026e+00	-1.48988e+01	-7.17189e-01	
192	1.852800e-03	-1.11667e+00	-1.48988e+01	-6.81254e-01	
193	1.862800e-03	-1.11277e+00	-1.48988e+01	-6.42110e-01	
194	1.872800e-03	-1.10856e+00	-1.48988e+01	-5.99909e-01	
195	1.882800e-03	-1.10407e+00	-1.48988e+01	-5.54819e-01	
196	1.892800e-03	-1.09932e+00	-1.48988e+01	-5.07018e-01	
197	1.902800e-03	-1.09431e+00	-1.48988e+01	-4.56692e-01	
198	1.912800e-03	-1.08908e+00	-1.48988e+01	-4.04042e-01	
199	1.922800e-03	-1.08364e+00	-1.48988e+01	-3.49274e-01	
200	1.932800e-03	-1.07802e+00	-1.48988e+01	-2.92605e-01	
201	1.942800e-03	-1.07223e+00	-1.48988e+01	-2.34257e-01	
202	1.952800e-03	-1.06630e+00	-1.48988e+01	-1.74463e-01	
203	1.962800e-03	-1.06025e+00	-1.48988e+01	-1.13456e-01	
204	1.972800e-03	-1.05411e+00	-1.48988e+01	-5.14790e-02	
205	1.982800e-03	-1.04790e+00	-1.48988e+01	1.122394e-02	
206	1.992800e-03	-1.04165e+00	-1.48988e+01	7.440514e-02	
207	2.002800e-03	-1.03537e+00	-1.48988e+01	1.378150e-01	
208	2.012800e-03	-1.02910e+00	-1.48988e+01	2.012029e-01	
209	2.022800e-03	-1.02286e+00	-1.48988e+01	2.643184e-01	
210	2.032800e-03	-1.01667e+00	-1.48988e+01	3.269122e-01	
211	2.042800e-03	-1.01056e+00	-1.48988e+01	3.887368e-01	
212	2.052800e-03	-1.00456e+00	-1.48988e+01	4.495481e-01	
213	2.062800e-03	-9.98676e-01	-1.48988e+01	5.091057e-01	
214	2.072800e-03	-9.92946e-01	-1.48988e+01	5.671744e-01	
215	2.082800e-03	-9.87387e-01	-1.48988e+01	6.235248e-01	
216	2.092800e-03	-9.82023e-01	-1.48988e+01	6.779344e-01	
217	2.102800e-03	-9.76873e-01	-1.48987e+01	7.301884e-01	
218	2.112800e-03	-9.71959e-01	-1.48987e+01	7.800806e-01	
219	2.122800e-03	-9.67300e-01	-1.48987e+01	8.274140e-01	
220	2.132800e-03	-9.62914e-01	-1.48987e+01	8.720019e-01	
221	2.142800e-03	-9.58819e-01	-1.48987e+01	9.136685e-01	
222	2.152800e-03	-9.55030e-01	-1.48987e+01	9.522494e-01	
223	2.162800e-03	-9.51563e-01	-1.48987e+01	9.875925e-01	
224	2.172800e-03	-9.48431e-01	-1.48987e+01	1.019559e+00	
225	2.182800e-03	-9.45647e-01	-1.48987e+01	1.048022e+00	
226	2.192800e-03	-9.43222e-01	-1.48987e+01	1.072869e+00	
227	2.202800e-03	-9.41165e-01	-1.48987e+01	1.094004e+00	
228	2.212800e-03	-9.39484e-01	-1.48987e+01	1.111343e+00	

Index   time            x1.net-_q13-pad x1.net-_q13-pad x1.net-_q14-pad 
--------------------------------------------------------------------------------
229	2.222800e-03	-9.38187e-01	-1.48987e+01	1.124817e+00	
230	2.232800e-03	-9.37277e-01	-1.48987e+01	1.134373e+00	
231	2.242800e-03	-9.36760e-01	-1.48987e+01	1.139974e+00	
232	2.252800e-03	-9.36635e-01	-1.48987e+01	1.141598e+00	
233	2.262800e-03	-9.36906e-01	-1.48987e+01	1.139238e+00	
234	2.272800e-03	-9.37569e-01	-1.48987e+01	1.132904e+00	
235	2.282800e-03	-9.38623e-01	-1.48987e+01	1.122621e+00	
236	2.292800e-03	-9.40063e-01	-1.48987e+01	1.108429e+00	
237	2.302800e-03	-9.41884e-01	-1.48987e+01	1.090384e+00	
238	2.312800e-03	-9.44079e-01	-1.48987e+01	1.068557e+00	
239	2.322800e-03	-9.46638e-01	-1.48987e+01	1.043034e+00	
240	2.332800e-03	-9.49552e-01	-1.48987e+01	1.013917e+00	
241	2.342800e-03	-9.52810e-01	-1.48987e+01	9.813182e-01	
242	2.352800e-03	-9.56397e-01	-1.48987e+01	9.453678e-01	
243	2.362800e-03	-9.60301e-01	-1.48987e+01	9.062071e-01	
244	2.372800e-03	-9.64506e-01	-1.48987e+01	8.639904e-01	
245	2.382800e-03	-9.68996e-01	-1.48987e+01	8.188843e-01	
246	2.392800e-03	-9.73751e-01	-1.48987e+01	7.710667e-01	
247	2.402800e-03	-9.78755e-01	-1.48988e+01	7.207262e-01	
248	2.412800e-03	-9.83986e-01	-1.48988e+01	6.680614e-01	
249	2.422800e-03	-9.89425e-01	-1.48988e+01	6.132802e-01	
250	2.432800e-03	-9.95050e-01	-1.48988e+01	5.565988e-01	
251	2.442800e-03	-1.00084e+00	-1.48988e+01	4.982412e-01	
252	2.452800e-03	-1.00677e+00	-1.48988e+01	4.384376e-01	
253	2.462800e-03	-1.01281e+00	-1.48988e+01	3.774243e-01	
254	2.472800e-03	-1.01896e+00	-1.48988e+01	3.154424e-01	
255	2.482800e-03	-1.02517e+00	-1.48988e+01	2.527367e-01	
256	2.492800e-03	-1.03142e+00	-1.48988e+01	1.895549e-01	
257	2.502800e-03	-1.03770e+00	-1.48988e+01	1.261466e-01	
258	2.512800e-03	-1.04397e+00	-1.48988e+01	6.276247e-02	
259	2.522800e-03	-1.05021e+00	-1.48988e+01	-3.47220e-04	
260	2.532800e-03	-1.05639e+00	-1.48988e+01	-6.29331e-02	
261	2.542800e-03	-1.06250e+00	-1.48988e+01	-1.24748e-01	
262	2.552800e-03	-1.06851e+00	-1.48988e+01	-1.85548e-01	
263	2.562800e-03	-1.07439e+00	-1.48988e+01	-2.45093e-01	
264	2.572800e-03	-1.08012e+00	-1.48988e+01	-3.03147e-01	
265	2.582800e-03	-1.08568e+00	-1.48988e+01	-3.59483e-01	
266	2.592800e-03	-1.09104e+00	-1.48988e+01	-4.13876e-01	
267	2.602800e-03	-1.09619e+00	-1.48988e+01	-4.66114e-01	
268	2.612800e-03	-1.10111e+00	-1.48988e+01	-5.15990e-01	
269	2.622800e-03	-1.10577e+00	-1.48988e+01	-5.63307e-01	
270	2.632800e-03	-1.11015e+00	-1.48988e+01	-6.07878e-01	
271	2.642800e-03	-1.11425e+00	-1.48988e+01	-6.49529e-01	
272	2.652800e-03	-1.11804e+00	-1.48988e+01	-6.88095e-01	
273	2.662800e-03	-1.12151e+00	-1.48988e+01	-7.23425e-01	
274	2.672800e-03	-1.12464e+00	-1.48988e+01	-7.55378e-01	
275	2.682800e-03	-1.12742e+00	-1.48988e+01	-7.83830e-01	
276	2.692800e-03	-1.12985e+00	-1.48988e+01	-8.08669e-01	
277	2.702800e-03	-1.13191e+00	-1.48988e+01	-8.29795e-01	
278	2.712800e-03	-1.13359e+00	-1.48988e+01	-8.47128e-01	
279	2.722800e-03	-1.13488e+00	-1.48988e+01	-8.60598e-01	
280	2.732800e-03	-1.13579e+00	-1.48988e+01	-8.70152e-01	
281	2.742800e-03	-1.13631e+00	-1.48988e+01	-8.75753e-01	
282	2.752800e-03	-1.13644e+00	-1.48988e+01	-8.77378e-01	
283	2.762800e-03	-1.13617e+00	-1.48988e+01	-8.75022e-01	
284	2.772800e-03	-1.13550e+00	-1.48988e+01	-8.68694e-01	
285	2.782800e-03	-1.13445e+00	-1.48988e+01	-8.58418e-01	
286	2.792800e-03	-1.13301e+00	-1.48988e+01	-8.44235e-01	

Index   time            x1.net-_q13-pad x1.net-_q13-pad x1.net-_q14-pad 
--------------------------------------------------------------------------------
287	2.802800e-03	-1.13119e+00	-1.48988e+01	-8.26200e-01	
288	2.812800e-03	-1.12899e+00	-1.48988e+01	-8.04385e-01	
289	2.822800e-03	-1.12643e+00	-1.48988e+01	-7.78876e-01	
290	2.832800e-03	-1.12352e+00	-1.48988e+01	-7.49772e-01	
291	2.842800e-03	-1.12026e+00	-1.48988e+01	-7.17189e-01	
292	2.852800e-03	-1.11667e+00	-1.48988e+01	-6.81254e-01	
293	2.862800e-03	-1.11277e+00	-1.48988e+01	-6.42110e-01	
294	2.872800e-03	-1.10856e+00	-1.48988e+01	-5.99909e-01	
295	2.882800e-03	-1.10407e+00	-1.48988e+01	-5.54819e-01	
296	2.892800e-03	-1.09932e+00	-1.48988e+01	-5.07018e-01	
297	2.902800e-03	-1.09431e+00	-1.48988e+01	-4.56692e-01	
298	2.912800e-03	-1.08908e+00	-1.48988e+01	-4.04042e-01	
299	2.922800e-03	-1.08364e+00	-1.48988e+01	-3.49274e-01	
300	2.932800e-03	-1.07802e+00	-1.48988e+01	-2.92605e-01	
301	2.942800e-03	-1.07223e+00	-1.48988e+01	-2.34257e-01	
302	2.952800e-03	-1.06630e+00	-1.48988e+01	-1.74463e-01	
303	2.962800e-03	-1.06025e+00	-1.48988e+01	-1.13456e-01	
304	2.972800e-03	-1.05411e+00	-1.48988e+01	-5.14790e-02	
305	2.982800e-03	-1.04790e+00	-1.48988e+01	1.122394e-02	
306	2.992800e-03	-1.04165e+00	-1.48988e+01	7.440514e-02	
307	3.002800e-03	-1.03537e+00	-1.48988e+01	1.378150e-01	
308	3.012800e-03	-1.02910e+00	-1.48988e+01	2.012029e-01	
309	3.022800e-03	-1.02286e+00	-1.48988e+01	2.643184e-01	
310	3.032800e-03	-1.01667e+00	-1.48988e+01	3.269122e-01	
311	3.042800e-03	-1.01056e+00	-1.48988e+01	3.887368e-01	
312	3.052800e-03	-1.00456e+00	-1.48988e+01	4.495481e-01	
313	3.062800e-03	-9.98676e-01	-1.48988e+01	5.091057e-01	
314	3.072800e-03	-9.92946e-01	-1.48988e+01	5.671744e-01	
315	3.082800e-03	-9.87387e-01	-1.48988e+01	6.235248e-01	
316	3.092800e-03	-9.82023e-01	-1.48988e+01	6.779344e-01	
317	3.102800e-03	-9.76873e-01	-1.48987e+01	7.301884e-01	
318	3.112800e-03	-9.71959e-01	-1.48987e+01	7.800806e-01	
319	3.122800e-03	-9.67300e-01	-1.48987e+01	8.274140e-01	
320	3.132800e-03	-9.62914e-01	-1.48987e+01	8.720019e-01	
321	3.142800e-03	-9.58819e-01	-1.48987e+01	9.136685e-01	
322	3.152800e-03	-9.55030e-01	-1.48987e+01	9.522494e-01	
323	3.162800e-03	-9.51563e-01	-1.48987e+01	9.875925e-01	
324	3.172800e-03	-9.48431e-01	-1.48987e+01	1.019559e+00	
325	3.182800e-03	-9.45647e-01	-1.48987e+01	1.048022e+00	
326	3.192800e-03	-9.43222e-01	-1.48987e+01	1.072869e+00	
327	3.202800e-03	-9.41165e-01	-1.48987e+01	1.094004e+00	
328	3.212800e-03	-9.39484e-01	-1.48987e+01	1.111343e+00	
329	3.222800e-03	-9.38187e-01	-1.48987e+01	1.124817e+00	
330	3.232800e-03	-9.37277e-01	-1.48987e+01	1.134373e+00	
331	3.242800e-03	-9.36760e-01	-1.48987e+01	1.139974e+00	
332	3.252800e-03	-9.36635e-01	-1.48987e+01	1.141598e+00	
333	3.262800e-03	-9.36906e-01	-1.48987e+01	1.139238e+00	
334	3.272800e-03	-9.37569e-01	-1.48987e+01	1.132904e+00	
335	3.282800e-03	-9.38623e-01	-1.48987e+01	1.122621e+00	
336	3.292800e-03	-9.40063e-01	-1.48987e+01	1.108429e+00	
337	3.302800e-03	-9.41884e-01	-1.48987e+01	1.090384e+00	
338	3.312800e-03	-9.44079e-01	-1.48987e+01	1.068557e+00	
339	3.322800e-03	-9.46638e-01	-1.48987e+01	1.043034e+00	
340	3.332800e-03	-9.49552e-01	-1.48987e+01	1.013917e+00	
341	3.342800e-03	-9.52810e-01	-1.48987e+01	9.813182e-01	
342	3.352800e-03	-9.56397e-01	-1.48987e+01	9.453678e-01	
343	3.362800e-03	-9.60301e-01	-1.48987e+01	9.062071e-01	
344	3.372800e-03	-9.64506e-01	-1.48987e+01	8.639904e-01	

Index   time            x1.net-_q13-pad x1.net-_q13-pad x1.net-_q14-pad 
--------------------------------------------------------------------------------
345	3.382800e-03	-9.68996e-01	-1.48987e+01	8.188843e-01	
346	3.392800e-03	-9.73751e-01	-1.48987e+01	7.710667e-01	
347	3.402800e-03	-9.78755e-01	-1.48988e+01	7.207262e-01	
348	3.412800e-03	-9.83986e-01	-1.48988e+01	6.680614e-01	
349	3.422800e-03	-9.89425e-01	-1.48988e+01	6.132802e-01	
350	3.432800e-03	-9.95050e-01	-1.48988e+01	5.565988e-01	
351	3.442800e-03	-1.00084e+00	-1.48988e+01	4.982412e-01	
352	3.452800e-03	-1.00677e+00	-1.48988e+01	4.384376e-01	
353	3.462800e-03	-1.01281e+00	-1.48988e+01	3.774243e-01	
354	3.472800e-03	-1.01896e+00	-1.48988e+01	3.154424e-01	
355	3.482800e-03	-1.02517e+00	-1.48988e+01	2.527367e-01	
356	3.492800e-03	-1.03142e+00	-1.48988e+01	1.895549e-01	
357	3.502800e-03	-1.03770e+00	-1.48988e+01	1.261466e-01	
358	3.512800e-03	-1.04397e+00	-1.48988e+01	6.276247e-02	
359	3.522800e-03	-1.05021e+00	-1.48988e+01	-3.47220e-04	
360	3.532800e-03	-1.05639e+00	-1.48988e+01	-6.29331e-02	
361	3.542800e-03	-1.06250e+00	-1.48988e+01	-1.24748e-01	
362	3.552800e-03	-1.06851e+00	-1.48988e+01	-1.85548e-01	
363	3.562800e-03	-1.07439e+00	-1.48988e+01	-2.45093e-01	
364	3.572800e-03	-1.08012e+00	-1.48988e+01	-3.03147e-01	
365	3.582800e-03	-1.08568e+00	-1.48988e+01	-3.59483e-01	
366	3.592800e-03	-1.09104e+00	-1.48988e+01	-4.13876e-01	
367	3.602800e-03	-1.09619e+00	-1.48988e+01	-4.66114e-01	
368	3.612800e-03	-1.10111e+00	-1.48988e+01	-5.15990e-01	
369	3.622800e-03	-1.10577e+00	-1.48988e+01	-5.63307e-01	
370	3.632800e-03	-1.11015e+00	-1.48988e+01	-6.07878e-01	
371	3.642800e-03	-1.11425e+00	-1.48988e+01	-6.49529e-01	
372	3.652800e-03	-1.11804e+00	-1.48988e+01	-6.88095e-01	
373	3.662800e-03	-1.12151e+00	-1.48988e+01	-7.23425e-01	
374	3.672800e-03	-1.12464e+00	-1.48988e+01	-7.55378e-01	
375	3.682800e-03	-1.12742e+00	-1.48988e+01	-7.83830e-01	
376	3.692800e-03	-1.12985e+00	-1.48988e+01	-8.08669e-01	
377	3.702800e-03	-1.13191e+00	-1.48988e+01	-8.29795e-01	
378	3.712800e-03	-1.13359e+00	-1.48988e+01	-8.47128e-01	
379	3.722800e-03	-1.13488e+00	-1.48988e+01	-8.60598e-01	
380	3.732800e-03	-1.13579e+00	-1.48988e+01	-8.70152e-01	
381	3.742800e-03	-1.13631e+00	-1.48988e+01	-8.75753e-01	
382	3.752800e-03	-1.13644e+00	-1.48988e+01	-8.77378e-01	
383	3.762800e-03	-1.13617e+00	-1.48988e+01	-8.75022e-01	
384	3.772800e-03	-1.13550e+00	-1.48988e+01	-8.68694e-01	
385	3.782800e-03	-1.13445e+00	-1.48988e+01	-8.58418e-01	
386	3.792800e-03	-1.13301e+00	-1.48988e+01	-8.44235e-01	
387	3.802800e-03	-1.13119e+00	-1.48988e+01	-8.26200e-01	
388	3.812800e-03	-1.12899e+00	-1.48988e+01	-8.04385e-01	
389	3.822800e-03	-1.12643e+00	-1.48988e+01	-7.78876e-01	
390	3.832800e-03	-1.12352e+00	-1.48988e+01	-7.49772e-01	
391	3.842800e-03	-1.12026e+00	-1.48988e+01	-7.17189e-01	
392	3.852800e-03	-1.11667e+00	-1.48988e+01	-6.81254e-01	
393	3.862800e-03	-1.11277e+00	-1.48988e+01	-6.42110e-01	
394	3.872800e-03	-1.10856e+00	-1.48988e+01	-5.99909e-01	
395	3.882800e-03	-1.10407e+00	-1.48988e+01	-5.54819e-01	
396	3.892800e-03	-1.09932e+00	-1.48988e+01	-5.07018e-01	
397	3.902800e-03	-1.09431e+00	-1.48988e+01	-4.56692e-01	
398	3.912800e-03	-1.08908e+00	-1.48988e+01	-4.04042e-01	
399	3.922800e-03	-1.08364e+00	-1.48988e+01	-3.49274e-01	
400	3.932800e-03	-1.07802e+00	-1.48988e+01	-2.92605e-01	
401	3.942800e-03	-1.07223e+00	-1.48988e+01	-2.34257e-01	
402	3.952800e-03	-1.06630e+00	-1.48988e+01	-1.74463e-01	

Index   time            x1.net-_q13-pad x1.net-_q13-pad x1.net-_q14-pad 
--------------------------------------------------------------------------------
403	3.962800e-03	-1.06025e+00	-1.48988e+01	-1.13456e-01	
404	3.972800e-03	-1.05411e+00	-1.48988e+01	-5.14790e-02	
405	3.982800e-03	-1.04790e+00	-1.48988e+01	1.122394e-02	
406	3.992800e-03	-1.04165e+00	-1.48988e+01	7.440515e-02	
407	4.002800e-03	-1.03537e+00	-1.48988e+01	1.378150e-01	
408	4.012800e-03	-1.02910e+00	-1.48988e+01	2.012029e-01	
409	4.022800e-03	-1.02286e+00	-1.48988e+01	2.643184e-01	
410	4.032800e-03	-1.01667e+00	-1.48988e+01	3.269122e-01	
411	4.042800e-03	-1.01056e+00	-1.48988e+01	3.887368e-01	
412	4.052800e-03	-1.00456e+00	-1.48988e+01	4.495481e-01	
413	4.062800e-03	-9.98676e-01	-1.48988e+01	5.091057e-01	
414	4.072800e-03	-9.92946e-01	-1.48988e+01	5.671744e-01	
415	4.082800e-03	-9.87387e-01	-1.48988e+01	6.235248e-01	
416	4.092800e-03	-9.82023e-01	-1.48988e+01	6.779344e-01	
417	4.102800e-03	-9.76873e-01	-1.48987e+01	7.301884e-01	
418	4.112800e-03	-9.71959e-01	-1.48987e+01	7.800806e-01	
419	4.122800e-03	-9.67300e-01	-1.48987e+01	8.274140e-01	
420	4.132800e-03	-9.62914e-01	-1.48987e+01	8.720019e-01	
421	4.142800e-03	-9.58819e-01	-1.48987e+01	9.136685e-01	
422	4.152800e-03	-9.55030e-01	-1.48987e+01	9.522494e-01	
423	4.162800e-03	-9.51563e-01	-1.48987e+01	9.875925e-01	
424	4.172800e-03	-9.48431e-01	-1.48987e+01	1.019559e+00	
425	4.182800e-03	-9.45647e-01	-1.48987e+01	1.048022e+00	
426	4.192800e-03	-9.43222e-01	-1.48987e+01	1.072869e+00	
427	4.202800e-03	-9.41165e-01	-1.48987e+01	1.094004e+00	
428	4.212800e-03	-9.39484e-01	-1.48987e+01	1.111343e+00	
429	4.222800e-03	-9.38187e-01	-1.48987e+01	1.124817e+00	
430	4.232800e-03	-9.37277e-01	-1.48987e+01	1.134373e+00	
431	4.242800e-03	-9.36760e-01	-1.48987e+01	1.139974e+00	
432	4.252800e-03	-9.36635e-01	-1.48987e+01	1.141598e+00	
433	4.262800e-03	-9.36906e-01	-1.48987e+01	1.139238e+00	
434	4.272800e-03	-9.37569e-01	-1.48987e+01	1.132904e+00	
435	4.282800e-03	-9.38623e-01	-1.48987e+01	1.122621e+00	
436	4.292800e-03	-9.40063e-01	-1.48987e+01	1.108429e+00	
437	4.302800e-03	-9.41884e-01	-1.48987e+01	1.090384e+00	
438	4.312800e-03	-9.44079e-01	-1.48987e+01	1.068557e+00	
439	4.322800e-03	-9.46638e-01	-1.48987e+01	1.043034e+00	
440	4.332800e-03	-9.49552e-01	-1.48987e+01	1.013917e+00	
441	4.342800e-03	-9.52810e-01	-1.48987e+01	9.813182e-01	
442	4.352800e-03	-9.56397e-01	-1.48987e+01	9.453678e-01	
443	4.362800e-03	-9.60301e-01	-1.48987e+01	9.062071e-01	
444	4.372800e-03	-9.64506e-01	-1.48987e+01	8.639904e-01	
445	4.382800e-03	-9.68996e-01	-1.48987e+01	8.188843e-01	
446	4.392800e-03	-9.73751e-01	-1.48987e+01	7.710667e-01	
447	4.402800e-03	-9.78755e-01	-1.48988e+01	7.207262e-01	
448	4.412800e-03	-9.83986e-01	-1.48988e+01	6.680614e-01	
449	4.422800e-03	-9.89425e-01	-1.48988e+01	6.132802e-01	
450	4.432800e-03	-9.95050e-01	-1.48988e+01	5.565988e-01	
451	4.442800e-03	-1.00084e+00	-1.48988e+01	4.982412e-01	
452	4.452800e-03	-1.00677e+00	-1.48988e+01	4.384376e-01	
453	4.462800e-03	-1.01281e+00	-1.48988e+01	3.774243e-01	
454	4.472800e-03	-1.01896e+00	-1.48988e+01	3.154424e-01	
455	4.482800e-03	-1.02517e+00	-1.48988e+01	2.527367e-01	
456	4.492800e-03	-1.03142e+00	-1.48988e+01	1.895549e-01	
457	4.502800e-03	-1.03770e+00	-1.48988e+01	1.261466e-01	
458	4.512800e-03	-1.04397e+00	-1.48988e+01	6.276247e-02	
459	4.522800e-03	-1.05021e+00	-1.48988e+01	-3.47220e-04	
460	4.532800e-03	-1.05639e+00	-1.48988e+01	-6.29331e-02	

Index   time            x1.net-_q13-pad x1.net-_q13-pad x1.net-_q14-pad 
--------------------------------------------------------------------------------
461	4.542800e-03	-1.06250e+00	-1.48988e+01	-1.24748e-01	
462	4.552800e-03	-1.06851e+00	-1.48988e+01	-1.85548e-01	
463	4.562800e-03	-1.07439e+00	-1.48988e+01	-2.45093e-01	
464	4.572800e-03	-1.08012e+00	-1.48988e+01	-3.03147e-01	
465	4.582800e-03	-1.08568e+00	-1.48988e+01	-3.59483e-01	
466	4.592800e-03	-1.09104e+00	-1.48988e+01	-4.13876e-01	
467	4.602800e-03	-1.09619e+00	-1.48988e+01	-4.66114e-01	
468	4.612800e-03	-1.10111e+00	-1.48988e+01	-5.15990e-01	
469	4.622800e-03	-1.10577e+00	-1.48988e+01	-5.63307e-01	
470	4.632800e-03	-1.11015e+00	-1.48988e+01	-6.07878e-01	
471	4.642800e-03	-1.11425e+00	-1.48988e+01	-6.49529e-01	
472	4.652800e-03	-1.11804e+00	-1.48988e+01	-6.88095e-01	
473	4.662800e-03	-1.12151e+00	-1.48988e+01	-7.23425e-01	
474	4.672800e-03	-1.12464e+00	-1.48988e+01	-7.55378e-01	
475	4.682800e-03	-1.12742e+00	-1.48988e+01	-7.83830e-01	
476	4.692800e-03	-1.12985e+00	-1.48988e+01	-8.08669e-01	
477	4.702800e-03	-1.13191e+00	-1.48988e+01	-8.29795e-01	
478	4.712800e-03	-1.13359e+00	-1.48988e+01	-8.47128e-01	
479	4.722800e-03	-1.13488e+00	-1.48988e+01	-8.60598e-01	
480	4.732800e-03	-1.13579e+00	-1.48988e+01	-8.70152e-01	
481	4.742800e-03	-1.13631e+00	-1.48988e+01	-8.75753e-01	
482	4.752800e-03	-1.13644e+00	-1.48988e+01	-8.77378e-01	
483	4.762800e-03	-1.13617e+00	-1.48988e+01	-8.75022e-01	
484	4.772800e-03	-1.13550e+00	-1.48988e+01	-8.68694e-01	
485	4.782800e-03	-1.13445e+00	-1.48988e+01	-8.58418e-01	
486	4.792800e-03	-1.13301e+00	-1.48988e+01	-8.44235e-01	
487	4.802800e-03	-1.13119e+00	-1.48988e+01	-8.26200e-01	
488	4.812800e-03	-1.12899e+00	-1.48988e+01	-8.04385e-01	
489	4.822800e-03	-1.12643e+00	-1.48988e+01	-7.78876e-01	
490	4.832800e-03	-1.12352e+00	-1.48988e+01	-7.49772e-01	
491	4.842800e-03	-1.12026e+00	-1.48988e+01	-7.17189e-01	
492	4.852800e-03	-1.11667e+00	-1.48988e+01	-6.81254e-01	
493	4.862800e-03	-1.11277e+00	-1.48988e+01	-6.42110e-01	
494	4.872800e-03	-1.10856e+00	-1.48988e+01	-5.99909e-01	
495	4.882800e-03	-1.10407e+00	-1.48988e+01	-5.54819e-01	
496	4.892800e-03	-1.09932e+00	-1.48988e+01	-5.07018e-01	
497	4.902800e-03	-1.09431e+00	-1.48988e+01	-4.56692e-01	
498	4.912800e-03	-1.08908e+00	-1.48988e+01	-4.04042e-01	
499	4.922800e-03	-1.08364e+00	-1.48988e+01	-3.49274e-01	
500	4.932800e-03	-1.07802e+00	-1.48988e+01	-2.92605e-01	
501	4.942800e-03	-1.07223e+00	-1.48988e+01	-2.34257e-01	
502	4.952800e-03	-1.06630e+00	-1.48988e+01	-1.74463e-01	
503	4.962800e-03	-1.06025e+00	-1.48988e+01	-1.13456e-01	
504	4.972800e-03	-1.05411e+00	-1.48988e+01	-5.14790e-02	
505	4.982800e-03	-1.04790e+00	-1.48988e+01	1.122394e-02	
506	4.992800e-03	-1.04165e+00	-1.48988e+01	7.440515e-02	
507	5.000000e-03	-1.03713e+00	-1.48988e+01	1.200541e-01	

                                kicad schematic
                                Transient Analysis  Tue Oct 21 20:02:38  2025
--------------------------------------------------------------------------------
Index   time            x1.net-_q14-pad x1.net-_q15-pad x1.net-_q15-pad 
--------------------------------------------------------------------------------
0	0.000000e+00	-5.08820e-01	-1.43216e+01	-1.49604e+01	
1	1.000000e-07	-5.08789e-01	-1.43216e+01	-1.49604e+01	
2	2.000000e-07	-5.08728e-01	-1.43216e+01	-1.49604e+01	
3	4.000000e-07	-5.08548e-01	-1.43216e+01	-1.49604e+01	
4	8.000000e-07	-5.07871e-01	-1.43216e+01	-1.49604e+01	
5	1.600000e-06	-5.05536e-01	-1.43216e+01	-1.49605e+01	
6	3.200000e-06	-4.98403e-01	-1.43217e+01	-1.49605e+01	
7	6.400000e-06	-4.79966e-01	-1.43217e+01	-1.49605e+01	
8	1.280000e-05	-4.39600e-01	-1.43217e+01	-1.49605e+01	
9	2.280000e-05	-3.76403e-01	-1.43218e+01	-1.49605e+01	
10	3.280000e-05	-3.13812e-01	-1.43219e+01	-1.49605e+01	
11	4.280000e-05	-2.51952e-01	-1.43219e+01	-1.49606e+01	
12	5.280000e-05	-1.91124e-01	-1.43220e+01	-1.49606e+01	
13	6.280000e-05	-1.31541e-01	-1.43221e+01	-1.49606e+01	
14	7.280000e-05	-7.34518e-02	-1.43222e+01	-1.49607e+01	
15	8.280000e-05	-1.70797e-02	-1.43222e+01	-1.49607e+01	
16	9.280000e-05	3.735008e-02	-1.43223e+01	-1.49607e+01	
17	1.028000e-04	8.962376e-02	-1.43223e+01	-1.49607e+01	
18	1.128000e-04	1.395345e-01	-1.43224e+01	-1.49608e+01	
19	1.228000e-04	1.868856e-01	-1.43224e+01	-1.49608e+01	
20	1.328000e-04	2.314901e-01	-1.43225e+01	-1.49608e+01	
21	1.428000e-04	2.731721e-01	-1.43225e+01	-1.49608e+01	
22	1.528000e-04	3.117672e-01	-1.43226e+01	-1.49608e+01	
23	1.628000e-04	3.471234e-01	-1.43226e+01	-1.49608e+01	
24	1.728000e-04	3.791011e-01	-1.43227e+01	-1.49609e+01	
25	1.828000e-04	4.075745e-01	-1.43227e+01	-1.49609e+01	
26	1.928000e-04	4.324313e-01	-1.43227e+01	-1.49609e+01	
27	2.028000e-04	4.535736e-01	-1.43227e+01	-1.49609e+01	
28	2.128000e-04	4.709182e-01	-1.43228e+01	-1.49609e+01	
29	2.228000e-04	4.843968e-01	-1.43228e+01	-1.49609e+01	
30	2.328000e-04	4.939562e-01	-1.43228e+01	-1.49609e+01	
31	2.428000e-04	4.995589e-01	-1.43228e+01	-1.49609e+01	
32	2.528000e-04	5.011829e-01	-1.43228e+01	-1.49609e+01	
33	2.628000e-04	4.988217e-01	-1.43228e+01	-1.49609e+01	
34	2.728000e-04	4.924847e-01	-1.43228e+01	-1.49609e+01	
35	2.828000e-04	4.821969e-01	-1.43228e+01	-1.49609e+01	
36	2.928000e-04	4.679988e-01	-1.43227e+01	-1.49609e+01	
37	3.028000e-04	4.499464e-01	-1.43227e+01	-1.49609e+01	
38	3.128000e-04	4.281107e-01	-1.43227e+01	-1.49609e+01	
39	3.228000e-04	4.025778e-01	-1.43227e+01	-1.49609e+01	
40	3.328000e-04	3.734483e-01	-1.43226e+01	-1.49609e+01	
41	3.428000e-04	3.408370e-01	-1.43226e+01	-1.49608e+01	
42	3.528000e-04	3.048724e-01	-1.43226e+01	-1.49608e+01	
43	3.628000e-04	2.656963e-01	-1.43225e+01	-1.49608e+01	
44	3.728000e-04	2.234631e-01	-1.43225e+01	-1.49608e+01	
45	3.828000e-04	1.783394e-01	-1.43224e+01	-1.49608e+01	
46	3.928000e-04	1.305032e-01	-1.43224e+01	-1.49607e+01	
47	4.028000e-04	8.014322e-02	-1.43223e+01	-1.49607e+01	
48	4.128000e-04	2.745810e-02	-1.43222e+01	-1.49607e+01	
49	4.228000e-04	-2.73442e-02	-1.43222e+01	-1.49607e+01	
50	4.328000e-04	-8.40473e-02	-1.43221e+01	-1.49606e+01	
51	4.428000e-04	-1.42427e-01	-1.43220e+01	-1.49606e+01	
52	4.528000e-04	-2.02254e-01	-1.43220e+01	-1.49606e+01	
53	4.628000e-04	-2.63290e-01	-1.43219e+01	-1.49605e+01	
54	4.728000e-04	-3.25296e-01	-1.43218e+01	-1.49605e+01	

Index   time            x1.net-_q14-pad x1.net-_q15-pad x1.net-_q15-pad 
--------------------------------------------------------------------------------
55	4.828000e-04	-3.88025e-01	-1.43218e+01	-1.49605e+01	
56	4.928000e-04	-4.51231e-01	-1.43217e+01	-1.49605e+01	
57	5.028000e-04	-5.14663e-01	-1.43216e+01	-1.49604e+01	
58	5.128000e-04	-5.78071e-01	-1.43215e+01	-1.49604e+01	
59	5.228000e-04	-6.41205e-01	-1.43215e+01	-1.49604e+01	
60	5.328000e-04	-7.03814e-01	-1.43214e+01	-1.49603e+01	
61	5.428000e-04	-7.65652e-01	-1.43213e+01	-1.49603e+01	
62	5.528000e-04	-8.26475e-01	-1.43212e+01	-1.49603e+01	
63	5.628000e-04	-8.86041e-01	-1.43212e+01	-1.49603e+01	
64	5.728000e-04	-9.44118e-01	-1.43211e+01	-1.49602e+01	
65	5.828000e-04	-1.00047e+00	-1.43210e+01	-1.49602e+01	
66	5.928000e-04	-1.05489e+00	-1.43210e+01	-1.49602e+01	
67	6.028000e-04	-1.10714e+00	-1.43209e+01	-1.49602e+01	
68	6.128000e-04	-1.15704e+00	-1.43209e+01	-1.49601e+01	
69	6.228000e-04	-1.20437e+00	-1.43208e+01	-1.49601e+01	
70	6.328000e-04	-1.24896e+00	-1.43208e+01	-1.49601e+01	
71	6.428000e-04	-1.29063e+00	-1.43207e+01	-1.49601e+01	
72	6.528000e-04	-1.32921e+00	-1.43207e+01	-1.49601e+01	
73	6.628000e-04	-1.36455e+00	-1.43206e+01	-1.49600e+01	
74	6.728000e-04	-1.39651e+00	-1.43206e+01	-1.49600e+01	
75	6.828000e-04	-1.42498e+00	-1.43206e+01	-1.49600e+01	
76	6.928000e-04	-1.44982e+00	-1.43205e+01	-1.49600e+01	
77	7.028000e-04	-1.47096e+00	-1.43205e+01	-1.49600e+01	
78	7.128000e-04	-1.48830e+00	-1.43205e+01	-1.49600e+01	
79	7.228000e-04	-1.50177e+00	-1.43205e+01	-1.49600e+01	
80	7.328000e-04	-1.51133e+00	-1.43205e+01	-1.49600e+01	
81	7.428000e-04	-1.51693e+00	-1.43205e+01	-1.49600e+01	
82	7.528000e-04	-1.51856e+00	-1.43205e+01	-1.49600e+01	
83	7.628000e-04	-1.51620e+00	-1.43205e+01	-1.49600e+01	
84	7.728000e-04	-1.50987e+00	-1.43205e+01	-1.49600e+01	
85	7.828000e-04	-1.49959e+00	-1.43205e+01	-1.49600e+01	
86	7.928000e-04	-1.48540e+00	-1.43205e+01	-1.49600e+01	
87	8.028000e-04	-1.46736e+00	-1.43205e+01	-1.49600e+01	
88	8.128000e-04	-1.44553e+00	-1.43206e+01	-1.49600e+01	
89	8.228000e-04	-1.42001e+00	-1.43206e+01	-1.49600e+01	
90	8.328000e-04	-1.39090e+00	-1.43206e+01	-1.49600e+01	
91	8.428000e-04	-1.35830e+00	-1.43207e+01	-1.49600e+01	
92	8.528000e-04	-1.32235e+00	-1.43207e+01	-1.49601e+01	
93	8.628000e-04	-1.28319e+00	-1.43208e+01	-1.49601e+01	
94	8.728000e-04	-1.24098e+00	-1.43208e+01	-1.49601e+01	
95	8.828000e-04	-1.19587e+00	-1.43209e+01	-1.49601e+01	
96	8.928000e-04	-1.14805e+00	-1.43209e+01	-1.49602e+01	
97	9.028000e-04	-1.09770e+00	-1.43210e+01	-1.49602e+01	
98	9.128000e-04	-1.04503e+00	-1.43210e+01	-1.49602e+01	
99	9.228000e-04	-9.90246e-01	-1.43211e+01	-1.49602e+01	
100	9.328000e-04	-9.33555e-01	-1.43212e+01	-1.49603e+01	
101	9.428000e-04	-8.75185e-01	-1.43212e+01	-1.49603e+01	
102	9.528000e-04	-8.15368e-01	-1.43213e+01	-1.49603e+01	
103	9.628000e-04	-7.54338e-01	-1.43214e+01	-1.49603e+01	
104	9.728000e-04	-6.92338e-01	-1.43214e+01	-1.49604e+01	
105	9.828000e-04	-6.29611e-01	-1.43215e+01	-1.49604e+01	
106	9.928000e-04	-5.66406e-01	-1.43216e+01	-1.49604e+01	
107	1.002800e-03	-5.02972e-01	-1.43217e+01	-1.49605e+01	
108	1.012800e-03	-4.39561e-01	-1.43217e+01	-1.49605e+01	
109	1.022800e-03	-3.76421e-01	-1.43218e+01	-1.49605e+01	
110	1.032800e-03	-3.13804e-01	-1.43219e+01	-1.49605e+01	
111	1.042800e-03	-2.51956e-01	-1.43219e+01	-1.49606e+01	
112	1.052800e-03	-1.91122e-01	-1.43220e+01	-1.49606e+01	

Index   time            x1.net-_q14-pad x1.net-_q15-pad x1.net-_q15-pad 
--------------------------------------------------------------------------------
113	1.062800e-03	-1.31542e-01	-1.43221e+01	-1.49606e+01	
114	1.072800e-03	-7.34514e-02	-1.43222e+01	-1.49607e+01	
115	1.082800e-03	-1.70799e-02	-1.43222e+01	-1.49607e+01	
116	1.092800e-03	3.735015e-02	-1.43223e+01	-1.49607e+01	
117	1.102800e-03	8.962373e-02	-1.43223e+01	-1.49607e+01	
118	1.112800e-03	1.395345e-01	-1.43224e+01	-1.49608e+01	
119	1.122800e-03	1.868856e-01	-1.43224e+01	-1.49608e+01	
120	1.132800e-03	2.314901e-01	-1.43225e+01	-1.49608e+01	
121	1.142800e-03	2.731721e-01	-1.43225e+01	-1.49608e+01	
122	1.152800e-03	3.117672e-01	-1.43226e+01	-1.49608e+01	
123	1.162800e-03	3.471234e-01	-1.43226e+01	-1.49608e+01	
124	1.172800e-03	3.791011e-01	-1.43227e+01	-1.49609e+01	
125	1.182800e-03	4.075745e-01	-1.43227e+01	-1.49609e+01	
126	1.192800e-03	4.324313e-01	-1.43227e+01	-1.49609e+01	
127	1.202800e-03	4.535736e-01	-1.43227e+01	-1.49609e+01	
128	1.212800e-03	4.709182e-01	-1.43228e+01	-1.49609e+01	
129	1.222800e-03	4.843968e-01	-1.43228e+01	-1.49609e+01	
130	1.232800e-03	4.939562e-01	-1.43228e+01	-1.49609e+01	
131	1.242800e-03	4.995589e-01	-1.43228e+01	-1.49609e+01	
132	1.252800e-03	5.011829e-01	-1.43228e+01	-1.49609e+01	
133	1.262800e-03	4.988217e-01	-1.43228e+01	-1.49609e+01	
134	1.272800e-03	4.924847e-01	-1.43228e+01	-1.49609e+01	
135	1.282800e-03	4.821969e-01	-1.43228e+01	-1.49609e+01	
136	1.292800e-03	4.679988e-01	-1.43227e+01	-1.49609e+01	
137	1.302800e-03	4.499464e-01	-1.43227e+01	-1.49609e+01	
138	1.312800e-03	4.281107e-01	-1.43227e+01	-1.49609e+01	
139	1.322800e-03	4.025778e-01	-1.43227e+01	-1.49609e+01	
140	1.332800e-03	3.734483e-01	-1.43226e+01	-1.49609e+01	
141	1.342800e-03	3.408370e-01	-1.43226e+01	-1.49608e+01	
142	1.352800e-03	3.048724e-01	-1.43226e+01	-1.49608e+01	
143	1.362800e-03	2.656963e-01	-1.43225e+01	-1.49608e+01	
144	1.372800e-03	2.234631e-01	-1.43225e+01	-1.49608e+01	
145	1.382800e-03	1.783394e-01	-1.43224e+01	-1.49608e+01	
146	1.392800e-03	1.305032e-01	-1.43224e+01	-1.49607e+01	
147	1.402800e-03	8.014322e-02	-1.43223e+01	-1.49607e+01	
148	1.412800e-03	2.745810e-02	-1.43222e+01	-1.49607e+01	
149	1.422800e-03	-2.73442e-02	-1.43222e+01	-1.49607e+01	
150	1.432800e-03	-8.40473e-02	-1.43221e+01	-1.49606e+01	
151	1.442800e-03	-1.42427e-01	-1.43220e+01	-1.49606e+01	
152	1.452800e-03	-2.02254e-01	-1.43220e+01	-1.49606e+01	
153	1.462800e-03	-2.63290e-01	-1.43219e+01	-1.49605e+01	
154	1.472800e-03	-3.25296e-01	-1.43218e+01	-1.49605e+01	
155	1.482800e-03	-3.88025e-01	-1.43218e+01	-1.49605e+01	
156	1.492800e-03	-4.51231e-01	-1.43217e+01	-1.49605e+01	
157	1.502800e-03	-5.14663e-01	-1.43216e+01	-1.49604e+01	
158	1.512800e-03	-5.78071e-01	-1.43215e+01	-1.49604e+01	
159	1.522800e-03	-6.41205e-01	-1.43215e+01	-1.49604e+01	
160	1.532800e-03	-7.03814e-01	-1.43214e+01	-1.49603e+01	
161	1.542800e-03	-7.65652e-01	-1.43213e+01	-1.49603e+01	
162	1.552800e-03	-8.26475e-01	-1.43212e+01	-1.49603e+01	
163	1.562800e-03	-8.86041e-01	-1.43212e+01	-1.49603e+01	
164	1.572800e-03	-9.44118e-01	-1.43211e+01	-1.49602e+01	
165	1.582800e-03	-1.00047e+00	-1.43210e+01	-1.49602e+01	
166	1.592800e-03	-1.05489e+00	-1.43210e+01	-1.49602e+01	
167	1.602800e-03	-1.10714e+00	-1.43209e+01	-1.49602e+01	
168	1.612800e-03	-1.15704e+00	-1.43209e+01	-1.49601e+01	
169	1.622800e-03	-1.20437e+00	-1.43208e+01	-1.49601e+01	
170	1.632800e-03	-1.24896e+00	-1.43208e+01	-1.49601e+01	

Index   time            x1.net-_q14-pad x1.net-_q15-pad x1.net-_q15-pad 
--------------------------------------------------------------------------------
171	1.642800e-03	-1.29063e+00	-1.43207e+01	-1.49601e+01	
172	1.652800e-03	-1.32921e+00	-1.43207e+01	-1.49601e+01	
173	1.662800e-03	-1.36455e+00	-1.43206e+01	-1.49600e+01	
174	1.672800e-03	-1.39651e+00	-1.43206e+01	-1.49600e+01	
175	1.682800e-03	-1.42498e+00	-1.43206e+01	-1.49600e+01	
176	1.692800e-03	-1.44982e+00	-1.43205e+01	-1.49600e+01	
177	1.702800e-03	-1.47096e+00	-1.43205e+01	-1.49600e+01	
178	1.712800e-03	-1.48830e+00	-1.43205e+01	-1.49600e+01	
179	1.722800e-03	-1.50177e+00	-1.43205e+01	-1.49600e+01	
180	1.732800e-03	-1.51133e+00	-1.43205e+01	-1.49600e+01	
181	1.742800e-03	-1.51693e+00	-1.43205e+01	-1.49600e+01	
182	1.752800e-03	-1.51856e+00	-1.43205e+01	-1.49600e+01	
183	1.762800e-03	-1.51620e+00	-1.43205e+01	-1.49600e+01	
184	1.772800e-03	-1.50987e+00	-1.43205e+01	-1.49600e+01	
185	1.782800e-03	-1.49959e+00	-1.43205e+01	-1.49600e+01	
186	1.792800e-03	-1.48540e+00	-1.43205e+01	-1.49600e+01	
187	1.802800e-03	-1.46736e+00	-1.43205e+01	-1.49600e+01	
188	1.812800e-03	-1.44553e+00	-1.43206e+01	-1.49600e+01	
189	1.822800e-03	-1.42001e+00	-1.43206e+01	-1.49600e+01	
190	1.832800e-03	-1.39090e+00	-1.43206e+01	-1.49600e+01	
191	1.842800e-03	-1.35830e+00	-1.43207e+01	-1.49600e+01	
192	1.852800e-03	-1.32235e+00	-1.43207e+01	-1.49601e+01	
193	1.862800e-03	-1.28319e+00	-1.43208e+01	-1.49601e+01	
194	1.872800e-03	-1.24098e+00	-1.43208e+01	-1.49601e+01	
195	1.882800e-03	-1.19587e+00	-1.43209e+01	-1.49601e+01	
196	1.892800e-03	-1.14805e+00	-1.43209e+01	-1.49602e+01	
197	1.902800e-03	-1.09770e+00	-1.43210e+01	-1.49602e+01	
198	1.912800e-03	-1.04503e+00	-1.43210e+01	-1.49602e+01	
199	1.922800e-03	-9.90246e-01	-1.43211e+01	-1.49602e+01	
200	1.932800e-03	-9.33555e-01	-1.43212e+01	-1.49603e+01	
201	1.942800e-03	-8.75185e-01	-1.43212e+01	-1.49603e+01	
202	1.952800e-03	-8.15368e-01	-1.43213e+01	-1.49603e+01	
203	1.962800e-03	-7.54338e-01	-1.43214e+01	-1.49603e+01	
204	1.972800e-03	-6.92338e-01	-1.43214e+01	-1.49604e+01	
205	1.982800e-03	-6.29611e-01	-1.43215e+01	-1.49604e+01	
206	1.992800e-03	-5.66406e-01	-1.43216e+01	-1.49604e+01	
207	2.002800e-03	-5.02972e-01	-1.43217e+01	-1.49605e+01	
208	2.012800e-03	-4.39561e-01	-1.43217e+01	-1.49605e+01	
209	2.022800e-03	-3.76421e-01	-1.43218e+01	-1.49605e+01	
210	2.032800e-03	-3.13804e-01	-1.43219e+01	-1.49605e+01	
211	2.042800e-03	-2.51956e-01	-1.43219e+01	-1.49606e+01	
212	2.052800e-03	-1.91122e-01	-1.43220e+01	-1.49606e+01	
213	2.062800e-03	-1.31542e-01	-1.43221e+01	-1.49606e+01	
214	2.072800e-03	-7.34514e-02	-1.43222e+01	-1.49607e+01	
215	2.082800e-03	-1.70799e-02	-1.43222e+01	-1.49607e+01	
216	2.092800e-03	3.735015e-02	-1.43223e+01	-1.49607e+01	
217	2.102800e-03	8.962373e-02	-1.43223e+01	-1.49607e+01	
218	2.112800e-03	1.395345e-01	-1.43224e+01	-1.49608e+01	
219	2.122800e-03	1.868856e-01	-1.43224e+01	-1.49608e+01	
220	2.132800e-03	2.314901e-01	-1.43225e+01	-1.49608e+01	
221	2.142800e-03	2.731721e-01	-1.43225e+01	-1.49608e+01	
222	2.152800e-03	3.117672e-01	-1.43226e+01	-1.49608e+01	
223	2.162800e-03	3.471234e-01	-1.43226e+01	-1.49608e+01	
224	2.172800e-03	3.791011e-01	-1.43227e+01	-1.49609e+01	
225	2.182800e-03	4.075745e-01	-1.43227e+01	-1.49609e+01	
226	2.192800e-03	4.324313e-01	-1.43227e+01	-1.49609e+01	
227	2.202800e-03	4.535736e-01	-1.43227e+01	-1.49609e+01	
228	2.212800e-03	4.709182e-01	-1.43228e+01	-1.49609e+01	

Index   time            x1.net-_q14-pad x1.net-_q15-pad x1.net-_q15-pad 
--------------------------------------------------------------------------------
229	2.222800e-03	4.843968e-01	-1.43228e+01	-1.49609e+01	
230	2.232800e-03	4.939562e-01	-1.43228e+01	-1.49609e+01	
231	2.242800e-03	4.995589e-01	-1.43228e+01	-1.49609e+01	
232	2.252800e-03	5.011829e-01	-1.43228e+01	-1.49609e+01	
233	2.262800e-03	4.988217e-01	-1.43228e+01	-1.49609e+01	
234	2.272800e-03	4.924847e-01	-1.43228e+01	-1.49609e+01	
235	2.282800e-03	4.821969e-01	-1.43228e+01	-1.49609e+01	
236	2.292800e-03	4.679988e-01	-1.43227e+01	-1.49609e+01	
237	2.302800e-03	4.499464e-01	-1.43227e+01	-1.49609e+01	
238	2.312800e-03	4.281107e-01	-1.43227e+01	-1.49609e+01	
239	2.322800e-03	4.025778e-01	-1.43227e+01	-1.49609e+01	
240	2.332800e-03	3.734483e-01	-1.43226e+01	-1.49609e+01	
241	2.342800e-03	3.408370e-01	-1.43226e+01	-1.49608e+01	
242	2.352800e-03	3.048724e-01	-1.43226e+01	-1.49608e+01	
243	2.362800e-03	2.656963e-01	-1.43225e+01	-1.49608e+01	
244	2.372800e-03	2.234631e-01	-1.43225e+01	-1.49608e+01	
245	2.382800e-03	1.783394e-01	-1.43224e+01	-1.49608e+01	
246	2.392800e-03	1.305032e-01	-1.43224e+01	-1.49607e+01	
247	2.402800e-03	8.014322e-02	-1.43223e+01	-1.49607e+01	
248	2.412800e-03	2.745810e-02	-1.43222e+01	-1.49607e+01	
249	2.422800e-03	-2.73442e-02	-1.43222e+01	-1.49607e+01	
250	2.432800e-03	-8.40473e-02	-1.43221e+01	-1.49606e+01	
251	2.442800e-03	-1.42427e-01	-1.43220e+01	-1.49606e+01	
252	2.452800e-03	-2.02254e-01	-1.43220e+01	-1.49606e+01	
253	2.462800e-03	-2.63290e-01	-1.43219e+01	-1.49605e+01	
254	2.472800e-03	-3.25296e-01	-1.43218e+01	-1.49605e+01	
255	2.482800e-03	-3.88025e-01	-1.43218e+01	-1.49605e+01	
256	2.492800e-03	-4.51231e-01	-1.43217e+01	-1.49605e+01	
257	2.502800e-03	-5.14663e-01	-1.43216e+01	-1.49604e+01	
258	2.512800e-03	-5.78071e-01	-1.43215e+01	-1.49604e+01	
259	2.522800e-03	-6.41205e-01	-1.43215e+01	-1.49604e+01	
260	2.532800e-03	-7.03814e-01	-1.43214e+01	-1.49603e+01	
261	2.542800e-03	-7.65652e-01	-1.43213e+01	-1.49603e+01	
262	2.552800e-03	-8.26475e-01	-1.43212e+01	-1.49603e+01	
263	2.562800e-03	-8.86041e-01	-1.43212e+01	-1.49603e+01	
264	2.572800e-03	-9.44118e-01	-1.43211e+01	-1.49602e+01	
265	2.582800e-03	-1.00047e+00	-1.43210e+01	-1.49602e+01	
266	2.592800e-03	-1.05489e+00	-1.43210e+01	-1.49602e+01	
267	2.602800e-03	-1.10714e+00	-1.43209e+01	-1.49602e+01	
268	2.612800e-03	-1.15704e+00	-1.43209e+01	-1.49601e+01	
269	2.622800e-03	-1.20437e+00	-1.43208e+01	-1.49601e+01	
270	2.632800e-03	-1.24896e+00	-1.43208e+01	-1.49601e+01	
271	2.642800e-03	-1.29063e+00	-1.43207e+01	-1.49601e+01	
272	2.652800e-03	-1.32921e+00	-1.43207e+01	-1.49601e+01	
273	2.662800e-03	-1.36455e+00	-1.43206e+01	-1.49600e+01	
274	2.672800e-03	-1.39651e+00	-1.43206e+01	-1.49600e+01	
275	2.682800e-03	-1.42498e+00	-1.43206e+01	-1.49600e+01	
276	2.692800e-03	-1.44982e+00	-1.43205e+01	-1.49600e+01	
277	2.702800e-03	-1.47096e+00	-1.43205e+01	-1.49600e+01	
278	2.712800e-03	-1.48830e+00	-1.43205e+01	-1.49600e+01	
279	2.722800e-03	-1.50177e+00	-1.43205e+01	-1.49600e+01	
280	2.732800e-03	-1.51133e+00	-1.43205e+01	-1.49600e+01	
281	2.742800e-03	-1.51693e+00	-1.43205e+01	-1.49600e+01	
282	2.752800e-03	-1.51856e+00	-1.43205e+01	-1.49600e+01	
283	2.762800e-03	-1.51620e+00	-1.43205e+01	-1.49600e+01	
284	2.772800e-03	-1.50987e+00	-1.43205e+01	-1.49600e+01	
285	2.782800e-03	-1.49959e+00	-1.43205e+01	-1.49600e+01	
286	2.792800e-03	-1.48540e+00	-1.43205e+01	-1.49600e+01	

Index   time            x1.net-_q14-pad x1.net-_q15-pad x1.net-_q15-pad 
--------------------------------------------------------------------------------
287	2.802800e-03	-1.46736e+00	-1.43205e+01	-1.49600e+01	
288	2.812800e-03	-1.44553e+00	-1.43206e+01	-1.49600e+01	
289	2.822800e-03	-1.42001e+00	-1.43206e+01	-1.49600e+01	
290	2.832800e-03	-1.39090e+00	-1.43206e+01	-1.49600e+01	
291	2.842800e-03	-1.35830e+00	-1.43207e+01	-1.49600e+01	
292	2.852800e-03	-1.32235e+00	-1.43207e+01	-1.49601e+01	
293	2.862800e-03	-1.28319e+00	-1.43208e+01	-1.49601e+01	
294	2.872800e-03	-1.24098e+00	-1.43208e+01	-1.49601e+01	
295	2.882800e-03	-1.19587e+00	-1.43209e+01	-1.49601e+01	
296	2.892800e-03	-1.14805e+00	-1.43209e+01	-1.49602e+01	
297	2.902800e-03	-1.09770e+00	-1.43210e+01	-1.49602e+01	
298	2.912800e-03	-1.04503e+00	-1.43210e+01	-1.49602e+01	
299	2.922800e-03	-9.90246e-01	-1.43211e+01	-1.49602e+01	
300	2.932800e-03	-9.33555e-01	-1.43212e+01	-1.49603e+01	
301	2.942800e-03	-8.75185e-01	-1.43212e+01	-1.49603e+01	
302	2.952800e-03	-8.15368e-01	-1.43213e+01	-1.49603e+01	
303	2.962800e-03	-7.54338e-01	-1.43214e+01	-1.49603e+01	
304	2.972800e-03	-6.92338e-01	-1.43214e+01	-1.49604e+01	
305	2.982800e-03	-6.29611e-01	-1.43215e+01	-1.49604e+01	
306	2.992800e-03	-5.66406e-01	-1.43216e+01	-1.49604e+01	
307	3.002800e-03	-5.02972e-01	-1.43217e+01	-1.49605e+01	
308	3.012800e-03	-4.39561e-01	-1.43217e+01	-1.49605e+01	
309	3.022800e-03	-3.76421e-01	-1.43218e+01	-1.49605e+01	
310	3.032800e-03	-3.13804e-01	-1.43219e+01	-1.49605e+01	
311	3.042800e-03	-2.51956e-01	-1.43219e+01	-1.49606e+01	
312	3.052800e-03	-1.91122e-01	-1.43220e+01	-1.49606e+01	
313	3.062800e-03	-1.31542e-01	-1.43221e+01	-1.49606e+01	
314	3.072800e-03	-7.34514e-02	-1.43222e+01	-1.49607e+01	
315	3.082800e-03	-1.70799e-02	-1.43222e+01	-1.49607e+01	
316	3.092800e-03	3.735015e-02	-1.43223e+01	-1.49607e+01	
317	3.102800e-03	8.962373e-02	-1.43223e+01	-1.49607e+01	
318	3.112800e-03	1.395345e-01	-1.43224e+01	-1.49608e+01	
319	3.122800e-03	1.868856e-01	-1.43224e+01	-1.49608e+01	
320	3.132800e-03	2.314901e-01	-1.43225e+01	-1.49608e+01	
321	3.142800e-03	2.731721e-01	-1.43225e+01	-1.49608e+01	
322	3.152800e-03	3.117672e-01	-1.43226e+01	-1.49608e+01	
323	3.162800e-03	3.471234e-01	-1.43226e+01	-1.49608e+01	
324	3.172800e-03	3.791011e-01	-1.43227e+01	-1.49609e+01	
325	3.182800e-03	4.075745e-01	-1.43227e+01	-1.49609e+01	
326	3.192800e-03	4.324313e-01	-1.43227e+01	-1.49609e+01	
327	3.202800e-03	4.535736e-01	-1.43227e+01	-1.49609e+01	
328	3.212800e-03	4.709182e-01	-1.43228e+01	-1.49609e+01	
329	3.222800e-03	4.843968e-01	-1.43228e+01	-1.49609e+01	
330	3.232800e-03	4.939562e-01	-1.43228e+01	-1.49609e+01	
331	3.242800e-03	4.995589e-01	-1.43228e+01	-1.49609e+01	
332	3.252800e-03	5.011829e-01	-1.43228e+01	-1.49609e+01	
333	3.262800e-03	4.988217e-01	-1.43228e+01	-1.49609e+01	
334	3.272800e-03	4.924847e-01	-1.43228e+01	-1.49609e+01	
335	3.282800e-03	4.821969e-01	-1.43228e+01	-1.49609e+01	
336	3.292800e-03	4.679988e-01	-1.43227e+01	-1.49609e+01	
337	3.302800e-03	4.499464e-01	-1.43227e+01	-1.49609e+01	
338	3.312800e-03	4.281107e-01	-1.43227e+01	-1.49609e+01	
339	3.322800e-03	4.025778e-01	-1.43227e+01	-1.49609e+01	
340	3.332800e-03	3.734483e-01	-1.43226e+01	-1.49609e+01	
341	3.342800e-03	3.408370e-01	-1.43226e+01	-1.49608e+01	
342	3.352800e-03	3.048724e-01	-1.43226e+01	-1.49608e+01	
343	3.362800e-03	2.656963e-01	-1.43225e+01	-1.49608e+01	
344	3.372800e-03	2.234631e-01	-1.43225e+01	-1.49608e+01	

Index   time            x1.net-_q14-pad x1.net-_q15-pad x1.net-_q15-pad 
--------------------------------------------------------------------------------
345	3.382800e-03	1.783394e-01	-1.43224e+01	-1.49608e+01	
346	3.392800e-03	1.305032e-01	-1.43224e+01	-1.49607e+01	
347	3.402800e-03	8.014322e-02	-1.43223e+01	-1.49607e+01	
348	3.412800e-03	2.745810e-02	-1.43222e+01	-1.49607e+01	
349	3.422800e-03	-2.73442e-02	-1.43222e+01	-1.49607e+01	
350	3.432800e-03	-8.40473e-02	-1.43221e+01	-1.49606e+01	
351	3.442800e-03	-1.42427e-01	-1.43220e+01	-1.49606e+01	
352	3.452800e-03	-2.02254e-01	-1.43220e+01	-1.49606e+01	
353	3.462800e-03	-2.63290e-01	-1.43219e+01	-1.49605e+01	
354	3.472800e-03	-3.25296e-01	-1.43218e+01	-1.49605e+01	
355	3.482800e-03	-3.88025e-01	-1.43218e+01	-1.49605e+01	
356	3.492800e-03	-4.51231e-01	-1.43217e+01	-1.49605e+01	
357	3.502800e-03	-5.14663e-01	-1.43216e+01	-1.49604e+01	
358	3.512800e-03	-5.78071e-01	-1.43215e+01	-1.49604e+01	
359	3.522800e-03	-6.41205e-01	-1.43215e+01	-1.49604e+01	
360	3.532800e-03	-7.03814e-01	-1.43214e+01	-1.49603e+01	
361	3.542800e-03	-7.65652e-01	-1.43213e+01	-1.49603e+01	
362	3.552800e-03	-8.26475e-01	-1.43212e+01	-1.49603e+01	
363	3.562800e-03	-8.86041e-01	-1.43212e+01	-1.49603e+01	
364	3.572800e-03	-9.44118e-01	-1.43211e+01	-1.49602e+01	
365	3.582800e-03	-1.00047e+00	-1.43210e+01	-1.49602e+01	
366	3.592800e-03	-1.05489e+00	-1.43210e+01	-1.49602e+01	
367	3.602800e-03	-1.10714e+00	-1.43209e+01	-1.49602e+01	
368	3.612800e-03	-1.15704e+00	-1.43209e+01	-1.49601e+01	
369	3.622800e-03	-1.20437e+00	-1.43208e+01	-1.49601e+01	
370	3.632800e-03	-1.24896e+00	-1.43208e+01	-1.49601e+01	
371	3.642800e-03	-1.29063e+00	-1.43207e+01	-1.49601e+01	
372	3.652800e-03	-1.32921e+00	-1.43207e+01	-1.49601e+01	
373	3.662800e-03	-1.36455e+00	-1.43206e+01	-1.49600e+01	
374	3.672800e-03	-1.39651e+00	-1.43206e+01	-1.49600e+01	
375	3.682800e-03	-1.42498e+00	-1.43206e+01	-1.49600e+01	
376	3.692800e-03	-1.44982e+00	-1.43205e+01	-1.49600e+01	
377	3.702800e-03	-1.47096e+00	-1.43205e+01	-1.49600e+01	
378	3.712800e-03	-1.48830e+00	-1.43205e+01	-1.49600e+01	
379	3.722800e-03	-1.50177e+00	-1.43205e+01	-1.49600e+01	
380	3.732800e-03	-1.51133e+00	-1.43205e+01	-1.49600e+01	
381	3.742800e-03	-1.51693e+00	-1.43205e+01	-1.49600e+01	
382	3.752800e-03	-1.51856e+00	-1.43205e+01	-1.49600e+01	
383	3.762800e-03	-1.51620e+00	-1.43205e+01	-1.49600e+01	
384	3.772800e-03	-1.50987e+00	-1.43205e+01	-1.49600e+01	
385	3.782800e-03	-1.49959e+00	-1.43205e+01	-1.49600e+01	
386	3.792800e-03	-1.48540e+00	-1.43205e+01	-1.49600e+01	
387	3.802800e-03	-1.46736e+00	-1.43205e+01	-1.49600e+01	
388	3.812800e-03	-1.44553e+00	-1.43206e+01	-1.49600e+01	
389	3.822800e-03	-1.42001e+00	-1.43206e+01	-1.49600e+01	
390	3.832800e-03	-1.39090e+00	-1.43206e+01	-1.49600e+01	
391	3.842800e-03	-1.35830e+00	-1.43207e+01	-1.49600e+01	
392	3.852800e-03	-1.32235e+00	-1.43207e+01	-1.49601e+01	
393	3.862800e-03	-1.28319e+00	-1.43208e+01	-1.49601e+01	
394	3.872800e-03	-1.24098e+00	-1.43208e+01	-1.49601e+01	
395	3.882800e-03	-1.19587e+00	-1.43209e+01	-1.49601e+01	
396	3.892800e-03	-1.14805e+00	-1.43209e+01	-1.49602e+01	
397	3.902800e-03	-1.09770e+00	-1.43210e+01	-1.49602e+01	
398	3.912800e-03	-1.04503e+00	-1.43210e+01	-1.49602e+01	
399	3.922800e-03	-9.90246e-01	-1.43211e+01	-1.49602e+01	
400	3.932800e-03	-9.33555e-01	-1.43212e+01	-1.49603e+01	
401	3.942800e-03	-8.75185e-01	-1.43212e+01	-1.49603e+01	
402	3.952800e-03	-8.15368e-01	-1.43213e+01	-1.49603e+01	

Index   time            x1.net-_q14-pad x1.net-_q15-pad x1.net-_q15-pad 
--------------------------------------------------------------------------------
403	3.962800e-03	-7.54338e-01	-1.43214e+01	-1.49603e+01	
404	3.972800e-03	-6.92338e-01	-1.43214e+01	-1.49604e+01	
405	3.982800e-03	-6.29611e-01	-1.43215e+01	-1.49604e+01	
406	3.992800e-03	-5.66406e-01	-1.43216e+01	-1.49604e+01	
407	4.002800e-03	-5.02972e-01	-1.43217e+01	-1.49605e+01	
408	4.012800e-03	-4.39561e-01	-1.43217e+01	-1.49605e+01	
409	4.022800e-03	-3.76421e-01	-1.43218e+01	-1.49605e+01	
410	4.032800e-03	-3.13804e-01	-1.43219e+01	-1.49605e+01	
411	4.042800e-03	-2.51956e-01	-1.43219e+01	-1.49606e+01	
412	4.052800e-03	-1.91122e-01	-1.43220e+01	-1.49606e+01	
413	4.062800e-03	-1.31542e-01	-1.43221e+01	-1.49606e+01	
414	4.072800e-03	-7.34514e-02	-1.43222e+01	-1.49607e+01	
415	4.082800e-03	-1.70799e-02	-1.43222e+01	-1.49607e+01	
416	4.092800e-03	3.735015e-02	-1.43223e+01	-1.49607e+01	
417	4.102800e-03	8.962373e-02	-1.43223e+01	-1.49607e+01	
418	4.112800e-03	1.395345e-01	-1.43224e+01	-1.49608e+01	
419	4.122800e-03	1.868856e-01	-1.43224e+01	-1.49608e+01	
420	4.132800e-03	2.314901e-01	-1.43225e+01	-1.49608e+01	
421	4.142800e-03	2.731721e-01	-1.43225e+01	-1.49608e+01	
422	4.152800e-03	3.117672e-01	-1.43226e+01	-1.49608e+01	
423	4.162800e-03	3.471234e-01	-1.43226e+01	-1.49608e+01	
424	4.172800e-03	3.791011e-01	-1.43227e+01	-1.49609e+01	
425	4.182800e-03	4.075745e-01	-1.43227e+01	-1.49609e+01	
426	4.192800e-03	4.324313e-01	-1.43227e+01	-1.49609e+01	
427	4.202800e-03	4.535736e-01	-1.43227e+01	-1.49609e+01	
428	4.212800e-03	4.709182e-01	-1.43228e+01	-1.49609e+01	
429	4.222800e-03	4.843968e-01	-1.43228e+01	-1.49609e+01	
430	4.232800e-03	4.939562e-01	-1.43228e+01	-1.49609e+01	
431	4.242800e-03	4.995589e-01	-1.43228e+01	-1.49609e+01	
432	4.252800e-03	5.011829e-01	-1.43228e+01	-1.49609e+01	
433	4.262800e-03	4.988217e-01	-1.43228e+01	-1.49609e+01	
434	4.272800e-03	4.924847e-01	-1.43228e+01	-1.49609e+01	
435	4.282800e-03	4.821969e-01	-1.43228e+01	-1.49609e+01	
436	4.292800e-03	4.679988e-01	-1.43227e+01	-1.49609e+01	
437	4.302800e-03	4.499464e-01	-1.43227e+01	-1.49609e+01	
438	4.312800e-03	4.281107e-01	-1.43227e+01	-1.49609e+01	
439	4.322800e-03	4.025778e-01	-1.43227e+01	-1.49609e+01	
440	4.332800e-03	3.734483e-01	-1.43226e+01	-1.49609e+01	
441	4.342800e-03	3.408370e-01	-1.43226e+01	-1.49608e+01	
442	4.352800e-03	3.048724e-01	-1.43226e+01	-1.49608e+01	
443	4.362800e-03	2.656963e-01	-1.43225e+01	-1.49608e+01	
444	4.372800e-03	2.234631e-01	-1.43225e+01	-1.49608e+01	
445	4.382800e-03	1.783394e-01	-1.43224e+01	-1.49608e+01	
446	4.392800e-03	1.305032e-01	-1.43224e+01	-1.49607e+01	
447	4.402800e-03	8.014322e-02	-1.43223e+01	-1.49607e+01	
448	4.412800e-03	2.745810e-02	-1.43222e+01	-1.49607e+01	
449	4.422800e-03	-2.73442e-02	-1.43222e+01	-1.49607e+01	
450	4.432800e-03	-8.40473e-02	-1.43221e+01	-1.49606e+01	
451	4.442800e-03	-1.42427e-01	-1.43220e+01	-1.49606e+01	
452	4.452800e-03	-2.02254e-01	-1.43220e+01	-1.49606e+01	
453	4.462800e-03	-2.63290e-01	-1.43219e+01	-1.49605e+01	
454	4.472800e-03	-3.25296e-01	-1.43218e+01	-1.49605e+01	
455	4.482800e-03	-3.88025e-01	-1.43218e+01	-1.49605e+01	
456	4.492800e-03	-4.51231e-01	-1.43217e+01	-1.49605e+01	
457	4.502800e-03	-5.14663e-01	-1.43216e+01	-1.49604e+01	
458	4.512800e-03	-5.78071e-01	-1.43215e+01	-1.49604e+01	
459	4.522800e-03	-6.41205e-01	-1.43215e+01	-1.49604e+01	
460	4.532800e-03	-7.03814e-01	-1.43214e+01	-1.49603e+01	

Index   time            x1.net-_q14-pad x1.net-_q15-pad x1.net-_q15-pad 
--------------------------------------------------------------------------------
461	4.542800e-03	-7.65652e-01	-1.43213e+01	-1.49603e+01	
462	4.552800e-03	-8.26475e-01	-1.43212e+01	-1.49603e+01	
463	4.562800e-03	-8.86041e-01	-1.43212e+01	-1.49603e+01	
464	4.572800e-03	-9.44118e-01	-1.43211e+01	-1.49602e+01	
465	4.582800e-03	-1.00047e+00	-1.43210e+01	-1.49602e+01	
466	4.592800e-03	-1.05489e+00	-1.43210e+01	-1.49602e+01	
467	4.602800e-03	-1.10714e+00	-1.43209e+01	-1.49602e+01	
468	4.612800e-03	-1.15704e+00	-1.43209e+01	-1.49601e+01	
469	4.622800e-03	-1.20437e+00	-1.43208e+01	-1.49601e+01	
470	4.632800e-03	-1.24896e+00	-1.43208e+01	-1.49601e+01	
471	4.642800e-03	-1.29063e+00	-1.43207e+01	-1.49601e+01	
472	4.652800e-03	-1.32921e+00	-1.43207e+01	-1.49601e+01	
473	4.662800e-03	-1.36455e+00	-1.43206e+01	-1.49600e+01	
474	4.672800e-03	-1.39651e+00	-1.43206e+01	-1.49600e+01	
475	4.682800e-03	-1.42498e+00	-1.43206e+01	-1.49600e+01	
476	4.692800e-03	-1.44982e+00	-1.43205e+01	-1.49600e+01	
477	4.702800e-03	-1.47096e+00	-1.43205e+01	-1.49600e+01	
478	4.712800e-03	-1.48830e+00	-1.43205e+01	-1.49600e+01	
479	4.722800e-03	-1.50177e+00	-1.43205e+01	-1.49600e+01	
480	4.732800e-03	-1.51133e+00	-1.43205e+01	-1.49600e+01	
481	4.742800e-03	-1.51693e+00	-1.43205e+01	-1.49600e+01	
482	4.752800e-03	-1.51856e+00	-1.43205e+01	-1.49600e+01	
483	4.762800e-03	-1.51620e+00	-1.43205e+01	-1.49600e+01	
484	4.772800e-03	-1.50987e+00	-1.43205e+01	-1.49600e+01	
485	4.782800e-03	-1.49959e+00	-1.43205e+01	-1.49600e+01	
486	4.792800e-03	-1.48540e+00	-1.43205e+01	-1.49600e+01	
487	4.802800e-03	-1.46736e+00	-1.43205e+01	-1.49600e+01	
488	4.812800e-03	-1.44553e+00	-1.43206e+01	-1.49600e+01	
489	4.822800e-03	-1.42001e+00	-1.43206e+01	-1.49600e+01	
490	4.832800e-03	-1.39090e+00	-1.43206e+01	-1.49600e+01	
491	4.842800e-03	-1.35830e+00	-1.43207e+01	-1.49600e+01	
492	4.852800e-03	-1.32235e+00	-1.43207e+01	-1.49601e+01	
493	4.862800e-03	-1.28319e+00	-1.43208e+01	-1.49601e+01	
494	4.872800e-03	-1.24098e+00	-1.43208e+01	-1.49601e+01	
495	4.882800e-03	-1.19587e+00	-1.43209e+01	-1.49601e+01	
496	4.892800e-03	-1.14805e+00	-1.43209e+01	-1.49602e+01	
497	4.902800e-03	-1.09770e+00	-1.43210e+01	-1.49602e+01	
498	4.912800e-03	-1.04503e+00	-1.43210e+01	-1.49602e+01	
499	4.922800e-03	-9.90246e-01	-1.43211e+01	-1.49602e+01	
500	4.932800e-03	-9.33555e-01	-1.43212e+01	-1.49603e+01	
501	4.942800e-03	-8.75185e-01	-1.43212e+01	-1.49603e+01	
502	4.952800e-03	-8.15368e-01	-1.43213e+01	-1.49603e+01	
503	4.962800e-03	-7.54338e-01	-1.43214e+01	-1.49603e+01	
504	4.972800e-03	-6.92338e-01	-1.43214e+01	-1.49604e+01	
505	4.982800e-03	-6.29611e-01	-1.43215e+01	-1.49604e+01	
506	4.992800e-03	-5.66406e-01	-1.43216e+01	-1.49604e+01	
507	5.000000e-03	-5.20740e-01	-1.43216e+01	-1.49604e+01	

                                kicad schematic
                                Transient Analysis  Tue Oct 21 20:02:38  2025
--------------------------------------------------------------------------------
Index   time            x1.net-_q18-pad x1.net-_q19-pad 
--------------------------------------------------------------------------------
0	0.000000e+00	2.145460e-02	2.042421e-02	
1	1.000000e-07	2.148425e-02	2.045388e-02	
2	2.000000e-07	2.154419e-02	2.051386e-02	
3	4.000000e-07	2.172167e-02	2.069141e-02	
4	8.000000e-07	2.238887e-02	2.135877e-02	
5	1.600000e-06	2.469755e-02	2.366788e-02	
6	3.200000e-06	3.175391e-02	3.072534e-02	
7	6.400000e-06	5.000107e-02	4.897507e-02	
8	1.280000e-05	8.995339e-02	8.893271e-02	
9	2.280000e-05	1.525038e-01	1.514910e-01	
10	3.280000e-05	2.144541e-01	2.134486e-01	
11	4.280000e-05	2.756807e-01	2.746819e-01	
12	5.280000e-05	3.358869e-01	3.348943e-01	
13	6.280000e-05	3.948603e-01	3.938731e-01	
14	7.280000e-05	4.523565e-01	4.513743e-01	
15	8.280000e-05	5.081539e-01	5.071761e-01	
16	9.280000e-05	5.620298e-01	5.610558e-01	
17	1.028000e-04	6.137727e-01	6.128020e-01	
18	1.128000e-04	6.631778e-01	6.622100e-01	
19	1.228000e-04	7.100503e-01	7.090850e-01	
20	1.328000e-04	7.542052e-01	7.532419e-01	
21	1.428000e-04	7.954682e-01	7.945065e-01	
22	1.528000e-04	8.336764e-01	8.327161e-01	
23	1.628000e-04	8.686789e-01	8.677197e-01	
24	1.728000e-04	9.003378e-01	8.993794e-01	
25	1.828000e-04	9.285279e-01	9.275702e-01	
26	1.928000e-04	9.531381e-01	9.521809e-01	
27	2.028000e-04	9.740711e-01	9.731143e-01	
28	2.128000e-04	9.912445e-01	9.902879e-01	
29	2.228000e-04	1.004590e+00	1.003634e+00	
30	2.328000e-04	1.014056e+00	1.013100e+00	
31	2.428000e-04	1.019605e+00	1.018648e+00	
32	2.528000e-04	1.021213e+00	1.020257e+00	
33	2.628000e-04	1.018877e+00	1.017920e+00	
34	2.728000e-04	1.012604e+00	1.011647e+00	
35	2.828000e-04	1.002419e+00	1.001462e+00	
36	2.928000e-04	9.883626e-01	9.874057e-01	
37	3.028000e-04	9.704904e-01	9.695332e-01	
38	3.128000e-04	9.488729e-01	9.479153e-01	
39	3.228000e-04	9.235953e-01	9.226371e-01	
40	3.328000e-04	8.947575e-01	8.937985e-01	
41	3.428000e-04	8.624732e-01	8.615134e-01	
42	3.528000e-04	8.268700e-01	8.259089e-01	
43	3.628000e-04	7.880883e-01	7.871258e-01	
44	3.728000e-04	7.462812e-01	7.453169e-01	
45	3.828000e-04	7.016137e-01	7.006473e-01	
46	3.928000e-04	6.542622e-01	6.532932e-01	
47	4.028000e-04	6.044135e-01	6.034415e-01	
48	4.128000e-04	5.522643e-01	5.512888e-01	
49	4.228000e-04	4.980204e-01	4.970410e-01	
50	4.328000e-04	4.418960e-01	4.409121e-01	
51	4.428000e-04	3.841124e-01	3.831235e-01	
52	4.528000e-04	3.248979e-01	3.239033e-01	
53	4.628000e-04	2.644860e-01	2.634851e-01	
54	4.728000e-04	2.031151e-01	2.021074e-01	

Index   time            x1.net-_q18-pad x1.net-_q19-pad 
--------------------------------------------------------------------------------
55	4.828000e-04	1.410276e-01	1.400124e-01	
56	4.928000e-04	7.846824e-02	7.744512e-02	
57	5.028000e-04	1.568408e-02	1.465241e-02	
58	5.128000e-04	-4.70772e-02	-4.81179e-02	
59	5.228000e-04	-1.09568e-01	-1.10618e-01	
60	5.328000e-04	-1.71541e-01	-1.72601e-01	
61	5.428000e-04	-2.32753e-01	-2.33823e-01	
62	5.528000e-04	-2.92961e-01	-2.94042e-01	
63	5.628000e-04	-3.51929e-01	-3.53021e-01	
64	5.728000e-04	-4.09422e-01	-4.10525e-01	
65	5.828000e-04	-4.65215e-01	-4.66330e-01	
66	5.928000e-04	-5.19088e-01	-5.20213e-01	
67	6.028000e-04	-5.70827e-01	-5.71963e-01	
68	6.128000e-04	-6.20229e-01	-6.21376e-01	
69	6.228000e-04	-6.67098e-01	-6.68255e-01	
70	6.328000e-04	-7.11250e-01	-7.12417e-01	
71	6.428000e-04	-7.52510e-01	-7.53687e-01	
72	6.528000e-04	-7.90715e-01	-7.91902e-01	
73	6.628000e-04	-8.25716e-01	-8.26911e-01	
74	6.728000e-04	-8.57373e-01	-8.58576e-01	
75	6.828000e-04	-8.85562e-01	-8.86772e-01	
76	6.928000e-04	-9.10171e-01	-9.11387e-01	
77	7.028000e-04	-9.31104e-01	-9.32325e-01	
78	7.128000e-04	-9.48277e-01	-9.49503e-01	
79	7.228000e-04	-9.61624e-01	-9.62853e-01	
80	7.328000e-04	-9.71090e-01	-9.72322e-01	
81	7.428000e-04	-9.76640e-01	-9.77873e-01	
82	7.528000e-04	-9.78251e-01	-9.79484e-01	
83	7.628000e-04	-9.75916e-01	-9.77149e-01	
84	7.728000e-04	-9.69646e-01	-9.70877e-01	
85	7.828000e-04	-9.59464e-01	-9.60692e-01	
86	7.928000e-04	-9.45411e-01	-9.46636e-01	
87	8.028000e-04	-9.27542e-01	-9.28762e-01	
88	8.128000e-04	-9.05928e-01	-9.07142e-01	
89	8.228000e-04	-8.80654e-01	-8.81862e-01	
90	8.328000e-04	-8.51819e-01	-8.53020e-01	
91	8.428000e-04	-8.19539e-01	-8.20732e-01	
92	8.528000e-04	-7.83939e-01	-7.85123e-01	
93	8.628000e-04	-7.45161e-01	-7.46336e-01	
94	8.728000e-04	-7.03357e-01	-7.04522e-01	
95	8.828000e-04	-6.58693e-01	-6.59848e-01	
96	8.928000e-04	-6.11344e-01	-6.12488e-01	
97	9.028000e-04	-5.61498e-01	-5.62631e-01	
98	9.128000e-04	-5.09351e-01	-5.10473e-01	
99	9.228000e-04	-4.55109e-01	-4.56220e-01	
100	9.328000e-04	-3.98985e-01	-4.00086e-01	
101	9.428000e-04	-3.41203e-01	-3.42292e-01	
102	9.528000e-04	-2.81989e-01	-2.83067e-01	
103	9.628000e-04	-2.21577e-01	-2.22645e-01	
104	9.728000e-04	-1.60206e-01	-1.61263e-01	
105	9.828000e-04	-9.81171e-02	-9.91647e-02	
106	9.928000e-04	-3.55565e-02	-3.65946e-02	
107	1.002800e-03	2.722943e-02	2.620030e-02	
108	1.012800e-03	8.999281e-02	8.897214e-02	
109	1.022800e-03	1.524860e-01	1.514732e-01	
110	1.032800e-03	2.144622e-01	2.134567e-01	
111	1.042800e-03	2.756770e-01	2.746782e-01	
112	1.052800e-03	3.358886e-01	3.348960e-01	

Index   time            x1.net-_q18-pad x1.net-_q19-pad 
--------------------------------------------------------------------------------
113	1.062800e-03	3.948595e-01	3.938724e-01	
114	1.072800e-03	4.523569e-01	4.513747e-01	
115	1.082800e-03	5.081537e-01	5.071759e-01	
116	1.092800e-03	5.620299e-01	5.610559e-01	
117	1.102800e-03	6.137726e-01	6.128020e-01	
118	1.112800e-03	6.631778e-01	6.622100e-01	
119	1.122800e-03	7.100503e-01	7.090850e-01	
120	1.132800e-03	7.542052e-01	7.532419e-01	
121	1.142800e-03	7.954682e-01	7.945065e-01	
122	1.152800e-03	8.336764e-01	8.327161e-01	
123	1.162800e-03	8.686789e-01	8.677197e-01	
124	1.172800e-03	9.003378e-01	8.993794e-01	
125	1.182800e-03	9.285279e-01	9.275702e-01	
126	1.192800e-03	9.531381e-01	9.521809e-01	
127	1.202800e-03	9.740711e-01	9.731143e-01	
128	1.212800e-03	9.912445e-01	9.902879e-01	
129	1.222800e-03	1.004590e+00	1.003634e+00	
130	1.232800e-03	1.014056e+00	1.013100e+00	
131	1.242800e-03	1.019605e+00	1.018648e+00	
132	1.252800e-03	1.021213e+00	1.020257e+00	
133	1.262800e-03	1.018877e+00	1.017920e+00	
134	1.272800e-03	1.012604e+00	1.011647e+00	
135	1.282800e-03	1.002419e+00	1.001462e+00	
136	1.292800e-03	9.883626e-01	9.874057e-01	
137	1.302800e-03	9.704904e-01	9.695332e-01	
138	1.312800e-03	9.488729e-01	9.479153e-01	
139	1.322800e-03	9.235953e-01	9.226371e-01	
140	1.332800e-03	8.947575e-01	8.937985e-01	
141	1.342800e-03	8.624732e-01	8.615134e-01	
142	1.352800e-03	8.268700e-01	8.259089e-01	
143	1.362800e-03	7.880883e-01	7.871258e-01	
144	1.372800e-03	7.462812e-01	7.453169e-01	
145	1.382800e-03	7.016137e-01	7.006473e-01	
146	1.392800e-03	6.542622e-01	6.532932e-01	
147	1.402800e-03	6.044135e-01	6.034415e-01	
148	1.412800e-03	5.522643e-01	5.512888e-01	
149	1.422800e-03	4.980204e-01	4.970410e-01	
150	1.432800e-03	4.418960e-01	4.409121e-01	
151	1.442800e-03	3.841124e-01	3.831235e-01	
152	1.452800e-03	3.248979e-01	3.239033e-01	
153	1.462800e-03	2.644860e-01	2.634851e-01	
154	1.472800e-03	2.031151e-01	2.021074e-01	
155	1.482800e-03	1.410276e-01	1.400124e-01	
156	1.492800e-03	7.846824e-02	7.744512e-02	
157	1.502800e-03	1.568408e-02	1.465241e-02	
158	1.512800e-03	-4.70772e-02	-4.81179e-02	
159	1.522800e-03	-1.09568e-01	-1.10618e-01	
160	1.532800e-03	-1.71541e-01	-1.72601e-01	
161	1.542800e-03	-2.32753e-01	-2.33823e-01	
162	1.552800e-03	-2.92961e-01	-2.94042e-01	
163	1.562800e-03	-3.51929e-01	-3.53021e-01	
164	1.572800e-03	-4.09422e-01	-4.10525e-01	
165	1.582800e-03	-4.65215e-01	-4.66330e-01	
166	1.592800e-03	-5.19088e-01	-5.20213e-01	
167	1.602800e-03	-5.70827e-01	-5.71963e-01	
168	1.612800e-03	-6.20229e-01	-6.21376e-01	
169	1.622800e-03	-6.67098e-01	-6.68255e-01	
170	1.632800e-03	-7.11250e-01	-7.12417e-01	

Index   time            x1.net-_q18-pad x1.net-_q19-pad 
--------------------------------------------------------------------------------
171	1.642800e-03	-7.52510e-01	-7.53687e-01	
172	1.652800e-03	-7.90715e-01	-7.91902e-01	
173	1.662800e-03	-8.25716e-01	-8.26911e-01	
174	1.672800e-03	-8.57373e-01	-8.58576e-01	
175	1.682800e-03	-8.85562e-01	-8.86772e-01	
176	1.692800e-03	-9.10171e-01	-9.11387e-01	
177	1.702800e-03	-9.31104e-01	-9.32325e-01	
178	1.712800e-03	-9.48277e-01	-9.49503e-01	
179	1.722800e-03	-9.61624e-01	-9.62853e-01	
180	1.732800e-03	-9.71090e-01	-9.72322e-01	
181	1.742800e-03	-9.76640e-01	-9.77873e-01	
182	1.752800e-03	-9.78251e-01	-9.79484e-01	
183	1.762800e-03	-9.75916e-01	-9.77149e-01	
184	1.772800e-03	-9.69646e-01	-9.70877e-01	
185	1.782800e-03	-9.59464e-01	-9.60692e-01	
186	1.792800e-03	-9.45411e-01	-9.46636e-01	
187	1.802800e-03	-9.27542e-01	-9.28762e-01	
188	1.812800e-03	-9.05928e-01	-9.07142e-01	
189	1.822800e-03	-8.80654e-01	-8.81862e-01	
190	1.832800e-03	-8.51819e-01	-8.53020e-01	
191	1.842800e-03	-8.19539e-01	-8.20732e-01	
192	1.852800e-03	-7.83939e-01	-7.85123e-01	
193	1.862800e-03	-7.45161e-01	-7.46336e-01	
194	1.872800e-03	-7.03357e-01	-7.04522e-01	
195	1.882800e-03	-6.58693e-01	-6.59848e-01	
196	1.892800e-03	-6.11344e-01	-6.12488e-01	
197	1.902800e-03	-5.61498e-01	-5.62631e-01	
198	1.912800e-03	-5.09351e-01	-5.10473e-01	
199	1.922800e-03	-4.55109e-01	-4.56220e-01	
200	1.932800e-03	-3.98985e-01	-4.00086e-01	
201	1.942800e-03	-3.41203e-01	-3.42292e-01	
202	1.952800e-03	-2.81989e-01	-2.83067e-01	
203	1.962800e-03	-2.21577e-01	-2.22645e-01	
204	1.972800e-03	-1.60206e-01	-1.61263e-01	
205	1.982800e-03	-9.81171e-02	-9.91647e-02	
206	1.992800e-03	-3.55565e-02	-3.65946e-02	
207	2.002800e-03	2.722942e-02	2.620030e-02	
208	2.012800e-03	8.999281e-02	8.897214e-02	
209	2.022800e-03	1.524860e-01	1.514732e-01	
210	2.032800e-03	2.144622e-01	2.134567e-01	
211	2.042800e-03	2.756770e-01	2.746782e-01	
212	2.052800e-03	3.358886e-01	3.348960e-01	
213	2.062800e-03	3.948595e-01	3.938724e-01	
214	2.072800e-03	4.523569e-01	4.513747e-01	
215	2.082800e-03	5.081537e-01	5.071759e-01	
216	2.092800e-03	5.620299e-01	5.610559e-01	
217	2.102800e-03	6.137726e-01	6.128020e-01	
218	2.112800e-03	6.631778e-01	6.622100e-01	
219	2.122800e-03	7.100503e-01	7.090850e-01	
220	2.132800e-03	7.542052e-01	7.532419e-01	
221	2.142800e-03	7.954682e-01	7.945065e-01	
222	2.152800e-03	8.336764e-01	8.327161e-01	
223	2.162800e-03	8.686789e-01	8.677197e-01	
224	2.172800e-03	9.003378e-01	8.993794e-01	
225	2.182800e-03	9.285279e-01	9.275702e-01	
226	2.192800e-03	9.531381e-01	9.521809e-01	
227	2.202800e-03	9.740711e-01	9.731143e-01	
228	2.212800e-03	9.912445e-01	9.902879e-01	

Index   time            x1.net-_q18-pad x1.net-_q19-pad 
--------------------------------------------------------------------------------
229	2.222800e-03	1.004590e+00	1.003634e+00	
230	2.232800e-03	1.014056e+00	1.013100e+00	
231	2.242800e-03	1.019605e+00	1.018648e+00	
232	2.252800e-03	1.021213e+00	1.020257e+00	
233	2.262800e-03	1.018877e+00	1.017920e+00	
234	2.272800e-03	1.012604e+00	1.011647e+00	
235	2.282800e-03	1.002419e+00	1.001462e+00	
236	2.292800e-03	9.883626e-01	9.874057e-01	
237	2.302800e-03	9.704904e-01	9.695332e-01	
238	2.312800e-03	9.488729e-01	9.479153e-01	
239	2.322800e-03	9.235953e-01	9.226371e-01	
240	2.332800e-03	8.947575e-01	8.937985e-01	
241	2.342800e-03	8.624732e-01	8.615134e-01	
242	2.352800e-03	8.268700e-01	8.259089e-01	
243	2.362800e-03	7.880883e-01	7.871258e-01	
244	2.372800e-03	7.462812e-01	7.453169e-01	
245	2.382800e-03	7.016137e-01	7.006473e-01	
246	2.392800e-03	6.542622e-01	6.532932e-01	
247	2.402800e-03	6.044135e-01	6.034415e-01	
248	2.412800e-03	5.522643e-01	5.512888e-01	
249	2.422800e-03	4.980204e-01	4.970410e-01	
250	2.432800e-03	4.418960e-01	4.409121e-01	
251	2.442800e-03	3.841124e-01	3.831235e-01	
252	2.452800e-03	3.248979e-01	3.239033e-01	
253	2.462800e-03	2.644860e-01	2.634851e-01	
254	2.472800e-03	2.031151e-01	2.021074e-01	
255	2.482800e-03	1.410276e-01	1.400124e-01	
256	2.492800e-03	7.846824e-02	7.744512e-02	
257	2.502800e-03	1.568408e-02	1.465241e-02	
258	2.512800e-03	-4.70772e-02	-4.81179e-02	
259	2.522800e-03	-1.09568e-01	-1.10618e-01	
260	2.532800e-03	-1.71541e-01	-1.72601e-01	
261	2.542800e-03	-2.32753e-01	-2.33823e-01	
262	2.552800e-03	-2.92961e-01	-2.94042e-01	
263	2.562800e-03	-3.51929e-01	-3.53021e-01	
264	2.572800e-03	-4.09422e-01	-4.10525e-01	
265	2.582800e-03	-4.65215e-01	-4.66330e-01	
266	2.592800e-03	-5.19088e-01	-5.20213e-01	
267	2.602800e-03	-5.70827e-01	-5.71963e-01	
268	2.612800e-03	-6.20229e-01	-6.21376e-01	
269	2.622800e-03	-6.67098e-01	-6.68255e-01	
270	2.632800e-03	-7.11250e-01	-7.12417e-01	
271	2.642800e-03	-7.52510e-01	-7.53687e-01	
272	2.652800e-03	-7.90715e-01	-7.91902e-01	
273	2.662800e-03	-8.25716e-01	-8.26911e-01	
274	2.672800e-03	-8.57373e-01	-8.58576e-01	
275	2.682800e-03	-8.85562e-01	-8.86772e-01	
276	2.692800e-03	-9.10171e-01	-9.11387e-01	
277	2.702800e-03	-9.31104e-01	-9.32325e-01	
278	2.712800e-03	-9.48277e-01	-9.49503e-01	
279	2.722800e-03	-9.61624e-01	-9.62853e-01	
280	2.732800e-03	-9.71090e-01	-9.72322e-01	
281	2.742800e-03	-9.76640e-01	-9.77873e-01	
282	2.752800e-03	-9.78251e-01	-9.79484e-01	
283	2.762800e-03	-9.75916e-01	-9.77149e-01	
284	2.772800e-03	-9.69646e-01	-9.70877e-01	
285	2.782800e-03	-9.59464e-01	-9.60692e-01	
286	2.792800e-03	-9.45411e-01	-9.46636e-01	

Index   time            x1.net-_q18-pad x1.net-_q19-pad 
--------------------------------------------------------------------------------
287	2.802800e-03	-9.27542e-01	-9.28762e-01	
288	2.812800e-03	-9.05928e-01	-9.07142e-01	
289	2.822800e-03	-8.80654e-01	-8.81862e-01	
290	2.832800e-03	-8.51819e-01	-8.53020e-01	
291	2.842800e-03	-8.19539e-01	-8.20732e-01	
292	2.852800e-03	-7.83939e-01	-7.85123e-01	
293	2.862800e-03	-7.45161e-01	-7.46336e-01	
294	2.872800e-03	-7.03357e-01	-7.04522e-01	
295	2.882800e-03	-6.58693e-01	-6.59848e-01	
296	2.892800e-03	-6.11344e-01	-6.12488e-01	
297	2.902800e-03	-5.61498e-01	-5.62631e-01	
298	2.912800e-03	-5.09351e-01	-5.10473e-01	
299	2.922800e-03	-4.55109e-01	-4.56220e-01	
300	2.932800e-03	-3.98985e-01	-4.00086e-01	
301	2.942800e-03	-3.41203e-01	-3.42292e-01	
302	2.952800e-03	-2.81989e-01	-2.83067e-01	
303	2.962800e-03	-2.21577e-01	-2.22645e-01	
304	2.972800e-03	-1.60206e-01	-1.61263e-01	
305	2.982800e-03	-9.81171e-02	-9.91647e-02	
306	2.992800e-03	-3.55565e-02	-3.65946e-02	
307	3.002800e-03	2.722942e-02	2.620030e-02	
308	3.012800e-03	8.999281e-02	8.897214e-02	
309	3.022800e-03	1.524860e-01	1.514732e-01	
310	3.032800e-03	2.144622e-01	2.134567e-01	
311	3.042800e-03	2.756770e-01	2.746782e-01	
312	3.052800e-03	3.358886e-01	3.348960e-01	
313	3.062800e-03	3.948595e-01	3.938724e-01	
314	3.072800e-03	4.523569e-01	4.513747e-01	
315	3.082800e-03	5.081537e-01	5.071759e-01	
316	3.092800e-03	5.620299e-01	5.610559e-01	
317	3.102800e-03	6.137726e-01	6.128020e-01	
318	3.112800e-03	6.631778e-01	6.622100e-01	
319	3.122800e-03	7.100503e-01	7.090850e-01	
320	3.132800e-03	7.542052e-01	7.532419e-01	
321	3.142800e-03	7.954682e-01	7.945065e-01	
322	3.152800e-03	8.336764e-01	8.327161e-01	
323	3.162800e-03	8.686789e-01	8.677197e-01	
324	3.172800e-03	9.003378e-01	8.993794e-01	
325	3.182800e-03	9.285279e-01	9.275702e-01	
326	3.192800e-03	9.531381e-01	9.521809e-01	
327	3.202800e-03	9.740711e-01	9.731143e-01	
328	3.212800e-03	9.912445e-01	9.902879e-01	
329	3.222800e-03	1.004590e+00	1.003634e+00	
330	3.232800e-03	1.014056e+00	1.013100e+00	
331	3.242800e-03	1.019605e+00	1.018648e+00	
332	3.252800e-03	1.021213e+00	1.020257e+00	
333	3.262800e-03	1.018877e+00	1.017920e+00	
334	3.272800e-03	1.012604e+00	1.011647e+00	
335	3.282800e-03	1.002419e+00	1.001462e+00	
336	3.292800e-03	9.883626e-01	9.874057e-01	
337	3.302800e-03	9.704904e-01	9.695332e-01	
338	3.312800e-03	9.488729e-01	9.479153e-01	
339	3.322800e-03	9.235953e-01	9.226371e-01	
340	3.332800e-03	8.947575e-01	8.937985e-01	
341	3.342800e-03	8.624732e-01	8.615134e-01	
342	3.352800e-03	8.268700e-01	8.259089e-01	
343	3.362800e-03	7.880883e-01	7.871258e-01	
344	3.372800e-03	7.462812e-01	7.453169e-01	

Index   time            x1.net-_q18-pad x1.net-_q19-pad 
--------------------------------------------------------------------------------
345	3.382800e-03	7.016137e-01	7.006473e-01	
346	3.392800e-03	6.542622e-01	6.532932e-01	
347	3.402800e-03	6.044135e-01	6.034415e-01	
348	3.412800e-03	5.522643e-01	5.512888e-01	
349	3.422800e-03	4.980204e-01	4.970410e-01	
350	3.432800e-03	4.418960e-01	4.409121e-01	
351	3.442800e-03	3.841124e-01	3.831235e-01	
352	3.452800e-03	3.248979e-01	3.239033e-01	
353	3.462800e-03	2.644860e-01	2.634851e-01	
354	3.472800e-03	2.031151e-01	2.021074e-01	
355	3.482800e-03	1.410276e-01	1.400124e-01	
356	3.492800e-03	7.846824e-02	7.744512e-02	
357	3.502800e-03	1.568408e-02	1.465240e-02	
358	3.512800e-03	-4.70772e-02	-4.81179e-02	
359	3.522800e-03	-1.09568e-01	-1.10618e-01	
360	3.532800e-03	-1.71541e-01	-1.72601e-01	
361	3.542800e-03	-2.32753e-01	-2.33823e-01	
362	3.552800e-03	-2.92961e-01	-2.94042e-01	
363	3.562800e-03	-3.51929e-01	-3.53021e-01	
364	3.572800e-03	-4.09422e-01	-4.10525e-01	
365	3.582800e-03	-4.65215e-01	-4.66330e-01	
366	3.592800e-03	-5.19088e-01	-5.20213e-01	
367	3.602800e-03	-5.70827e-01	-5.71963e-01	
368	3.612800e-03	-6.20229e-01	-6.21376e-01	
369	3.622800e-03	-6.67098e-01	-6.68255e-01	
370	3.632800e-03	-7.11250e-01	-7.12417e-01	
371	3.642800e-03	-7.52510e-01	-7.53687e-01	
372	3.652800e-03	-7.90715e-01	-7.91902e-01	
373	3.662800e-03	-8.25716e-01	-8.26911e-01	
374	3.672800e-03	-8.57373e-01	-8.58576e-01	
375	3.682800e-03	-8.85562e-01	-8.86772e-01	
376	3.692800e-03	-9.10171e-01	-9.11387e-01	
377	3.702800e-03	-9.31104e-01	-9.32325e-01	
378	3.712800e-03	-9.48277e-01	-9.49503e-01	
379	3.722800e-03	-9.61624e-01	-9.62853e-01	
380	3.732800e-03	-9.71090e-01	-9.72322e-01	
381	3.742800e-03	-9.76640e-01	-9.77873e-01	
382	3.752800e-03	-9.78251e-01	-9.79484e-01	
383	3.762800e-03	-9.75916e-01	-9.77149e-01	
384	3.772800e-03	-9.69646e-01	-9.70877e-01	
385	3.782800e-03	-9.59464e-01	-9.60692e-01	
386	3.792800e-03	-9.45411e-01	-9.46636e-01	
387	3.802800e-03	-9.27542e-01	-9.28762e-01	
388	3.812800e-03	-9.05928e-01	-9.07142e-01	
389	3.822800e-03	-8.80654e-01	-8.81862e-01	
390	3.832800e-03	-8.51819e-01	-8.53020e-01	
391	3.842800e-03	-8.19539e-01	-8.20732e-01	
392	3.852800e-03	-7.83939e-01	-7.85123e-01	
393	3.862800e-03	-7.45161e-01	-7.46336e-01	
394	3.872800e-03	-7.03357e-01	-7.04522e-01	
395	3.882800e-03	-6.58693e-01	-6.59848e-01	
396	3.892800e-03	-6.11344e-01	-6.12488e-01	
397	3.902800e-03	-5.61498e-01	-5.62631e-01	
398	3.912800e-03	-5.09351e-01	-5.10473e-01	
399	3.922800e-03	-4.55109e-01	-4.56220e-01	
400	3.932800e-03	-3.98985e-01	-4.00086e-01	
401	3.942800e-03	-3.41203e-01	-3.42292e-01	
402	3.952800e-03	-2.81989e-01	-2.83067e-01	

Index   time            x1.net-_q18-pad x1.net-_q19-pad 
--------------------------------------------------------------------------------
403	3.962800e-03	-2.21577e-01	-2.22645e-01	
404	3.972800e-03	-1.60206e-01	-1.61263e-01	
405	3.982800e-03	-9.81171e-02	-9.91647e-02	
406	3.992800e-03	-3.55565e-02	-3.65946e-02	
407	4.002800e-03	2.722942e-02	2.620030e-02	
408	4.012800e-03	8.999281e-02	8.897214e-02	
409	4.022800e-03	1.524860e-01	1.514732e-01	
410	4.032800e-03	2.144622e-01	2.134567e-01	
411	4.042800e-03	2.756770e-01	2.746782e-01	
412	4.052800e-03	3.358886e-01	3.348960e-01	
413	4.062800e-03	3.948595e-01	3.938724e-01	
414	4.072800e-03	4.523569e-01	4.513747e-01	
415	4.082800e-03	5.081537e-01	5.071759e-01	
416	4.092800e-03	5.620299e-01	5.610559e-01	
417	4.102800e-03	6.137726e-01	6.128020e-01	
418	4.112800e-03	6.631778e-01	6.622100e-01	
419	4.122800e-03	7.100503e-01	7.090850e-01	
420	4.132800e-03	7.542052e-01	7.532419e-01	
421	4.142800e-03	7.954682e-01	7.945065e-01	
422	4.152800e-03	8.336764e-01	8.327161e-01	
423	4.162800e-03	8.686789e-01	8.677197e-01	
424	4.172800e-03	9.003378e-01	8.993794e-01	
425	4.182800e-03	9.285279e-01	9.275702e-01	
426	4.192800e-03	9.531381e-01	9.521809e-01	
427	4.202800e-03	9.740711e-01	9.731143e-01	
428	4.212800e-03	9.912445e-01	9.902879e-01	
429	4.222800e-03	1.004590e+00	1.003634e+00	
430	4.232800e-03	1.014056e+00	1.013100e+00	
431	4.242800e-03	1.019605e+00	1.018648e+00	
432	4.252800e-03	1.021213e+00	1.020257e+00	
433	4.262800e-03	1.018877e+00	1.017920e+00	
434	4.272800e-03	1.012604e+00	1.011647e+00	
435	4.282800e-03	1.002419e+00	1.001462e+00	
436	4.292800e-03	9.883626e-01	9.874057e-01	
437	4.302800e-03	9.704904e-01	9.695332e-01	
438	4.312800e-03	9.488729e-01	9.479153e-01	
439	4.322800e-03	9.235953e-01	9.226371e-01	
440	4.332800e-03	8.947575e-01	8.937985e-01	
441	4.342800e-03	8.624732e-01	8.615134e-01	
442	4.352800e-03	8.268700e-01	8.259089e-01	
443	4.362800e-03	7.880883e-01	7.871258e-01	
444	4.372800e-03	7.462812e-01	7.453169e-01	
445	4.382800e-03	7.016137e-01	7.006473e-01	
446	4.392800e-03	6.542622e-01	6.532932e-01	
447	4.402800e-03	6.044135e-01	6.034415e-01	
448	4.412800e-03	5.522643e-01	5.512888e-01	
449	4.422800e-03	4.980204e-01	4.970410e-01	
450	4.432800e-03	4.418960e-01	4.409121e-01	
451	4.442800e-03	3.841124e-01	3.831235e-01	
452	4.452800e-03	3.248979e-01	3.239033e-01	
453	4.462800e-03	2.644860e-01	2.634851e-01	
454	4.472800e-03	2.031151e-01	2.021074e-01	
455	4.482800e-03	1.410276e-01	1.400124e-01	
456	4.492800e-03	7.846824e-02	7.744512e-02	
457	4.502800e-03	1.568408e-02	1.465241e-02	
458	4.512800e-03	-4.70772e-02	-4.81179e-02	
459	4.522800e-03	-1.09568e-01	-1.10618e-01	
460	4.532800e-03	-1.71541e-01	-1.72601e-01	

Index   time            x1.net-_q18-pad x1.net-_q19-pad 
--------------------------------------------------------------------------------
461	4.542800e-03	-2.32753e-01	-2.33823e-01	
462	4.552800e-03	-2.92961e-01	-2.94042e-01	
463	4.562800e-03	-3.51929e-01	-3.53021e-01	
464	4.572800e-03	-4.09422e-01	-4.10525e-01	
465	4.582800e-03	-4.65215e-01	-4.66330e-01	
466	4.592800e-03	-5.19088e-01	-5.20213e-01	
467	4.602800e-03	-5.70827e-01	-5.71963e-01	
468	4.612800e-03	-6.20229e-01	-6.21376e-01	
469	4.622800e-03	-6.67098e-01	-6.68255e-01	
470	4.632800e-03	-7.11250e-01	-7.12417e-01	
471	4.642800e-03	-7.52510e-01	-7.53687e-01	
472	4.652800e-03	-7.90715e-01	-7.91902e-01	
473	4.662800e-03	-8.25716e-01	-8.26911e-01	
474	4.672800e-03	-8.57373e-01	-8.58576e-01	
475	4.682800e-03	-8.85562e-01	-8.86772e-01	
476	4.692800e-03	-9.10171e-01	-9.11387e-01	
477	4.702800e-03	-9.31104e-01	-9.32325e-01	
478	4.712800e-03	-9.48277e-01	-9.49503e-01	
479	4.722800e-03	-9.61624e-01	-9.62853e-01	
480	4.732800e-03	-9.71090e-01	-9.72322e-01	
481	4.742800e-03	-9.76640e-01	-9.77873e-01	
482	4.752800e-03	-9.78251e-01	-9.79484e-01	
483	4.762800e-03	-9.75916e-01	-9.77149e-01	
484	4.772800e-03	-9.69646e-01	-9.70877e-01	
485	4.782800e-03	-9.59464e-01	-9.60692e-01	
486	4.792800e-03	-9.45411e-01	-9.46636e-01	
487	4.802800e-03	-9.27542e-01	-9.28762e-01	
488	4.812800e-03	-9.05928e-01	-9.07142e-01	
489	4.822800e-03	-8.80654e-01	-8.81862e-01	
490	4.832800e-03	-8.51819e-01	-8.53020e-01	
491	4.842800e-03	-8.19539e-01	-8.20732e-01	
492	4.852800e-03	-7.83939e-01	-7.85123e-01	
493	4.862800e-03	-7.45161e-01	-7.46336e-01	
494	4.872800e-03	-7.03357e-01	-7.04522e-01	
495	4.882800e-03	-6.58693e-01	-6.59848e-01	
496	4.892800e-03	-6.11344e-01	-6.12488e-01	
497	4.902800e-03	-5.61498e-01	-5.62631e-01	
498	4.912800e-03	-5.09351e-01	-5.10473e-01	
499	4.922800e-03	-4.55109e-01	-4.56220e-01	
500	4.932800e-03	-3.98985e-01	-4.00086e-01	
501	4.942800e-03	-3.41203e-01	-3.42292e-01	
502	4.952800e-03	-2.81989e-01	-2.83067e-01	
503	4.962800e-03	-2.21577e-01	-2.22645e-01	
504	4.972800e-03	-1.60206e-01	-1.61263e-01	
505	4.982800e-03	-9.81171e-02	-9.91647e-02	
506	4.992800e-03	-3.55565e-02	-3.65946e-02	
507	5.000000e-03	9.643438e-03	8.611855e-03	
