                                kicad schematic
                                Transient Analysis  Tue Sep 16 20:45:52  2025
--------------------------------------------------------------------------------
Index   time            a/s             a0              a1              
--------------------------------------------------------------------------------
0	0.000000e+00	0.000000e+00	0.000000e+00	0.000000e+00	
1	1.000000e-10	5.000000e-02	5.000000e-02	5.000000e-02	
2	2.000000e-10	1.000000e-01	1.000000e-01	1.000000e-01	
3	4.000000e-10	2.000000e-01	2.000000e-01	2.000000e-01	
4	8.000000e-10	4.000000e-01	4.000000e-01	4.000000e-01	
5	1.600000e-09	8.000000e-01	8.000000e-01	8.000000e-01	
6	3.200000e-09	1.600000e+00	1.600000e+00	1.600000e+00	
7	5.200000e-09	2.600000e+00	2.600000e+00	2.600000e+00	
8	5.210000e-09	2.605000e+00	2.605000e+00	2.605000e+00	
9	5.230000e-09	2.615000e+00	2.615000e+00	2.615000e+00	
10	5.270000e-09	2.635000e+00	2.635000e+00	2.635000e+00	
11	5.300000e-09	2.650000e+00	2.650000e+00	2.650000e+00	
12	5.308000e-09	2.654000e+00	2.654000e+00	2.654000e+00	
13	5.324000e-09	2.662000e+00	2.662000e+00	2.662000e+00	
14	5.356000e-09	2.678000e+00	2.678000e+00	2.678000e+00	
15	5.420000e-09	2.710000e+00	2.710000e+00	2.710000e+00	
16	5.548000e-09	2.774000e+00	2.774000e+00	2.774000e+00	
17	5.804000e-09	2.902000e+00	2.902000e+00	2.902000e+00	
18	6.200000e-09	3.100000e+00	3.100000e+00	3.100000e+00	
19	6.210000e-09	3.105000e+00	3.105000e+00	3.105000e+00	
20	6.230000e-09	3.115000e+00	3.115000e+00	3.115000e+00	
21	6.270000e-09	3.135000e+00	3.135000e+00	3.135000e+00	
22	6.300000e-09	3.150000e+00	3.150000e+00	3.150000e+00	
23	6.308000e-09	3.154000e+00	3.154000e+00	3.154000e+00	
24	6.324000e-09	3.162000e+00	3.162000e+00	3.162000e+00	
25	6.356000e-09	3.178000e+00	3.178000e+00	3.178000e+00	
26	6.420000e-09	3.210000e+00	3.210000e+00	3.210000e+00	
27	6.548000e-09	3.274000e+00	3.274000e+00	3.274000e+00	
28	6.804000e-09	3.402000e+00	3.402000e+00	3.402000e+00	
29	7.316000e-09	3.658000e+00	3.658000e+00	3.658000e+00	
30	8.200000e-09	4.100000e+00	4.100000e+00	4.100000e+00	
31	8.210000e-09	4.105000e+00	4.105000e+00	4.105000e+00	
32	8.230000e-09	4.115000e+00	4.115000e+00	4.115000e+00	
33	8.270000e-09	4.135000e+00	4.135000e+00	4.135000e+00	
34	8.300000e-09	4.150000e+00	4.150000e+00	4.150000e+00	
35	8.308000e-09	4.154000e+00	4.154000e+00	4.154000e+00	
36	8.324000e-09	4.162000e+00	4.162000e+00	4.162000e+00	
37	8.356000e-09	4.178000e+00	4.178000e+00	4.178000e+00	
38	8.420000e-09	4.210000e+00	4.210000e+00	4.210000e+00	
39	8.548000e-09	4.274000e+00	4.274000e+00	4.274000e+00	
40	8.804000e-09	4.402000e+00	4.402000e+00	4.402000e+00	
41	9.200000e-09	4.600000e+00	4.600000e+00	4.600000e+00	
42	9.210000e-09	4.605000e+00	4.605000e+00	4.605000e+00	
43	9.230000e-09	4.615000e+00	4.615000e+00	4.615000e+00	
44	9.270000e-09	4.635000e+00	4.635000e+00	4.635000e+00	
45	9.300000e-09	4.650000e+00	4.650000e+00	4.650000e+00	
46	9.308000e-09	4.654000e+00	4.654000e+00	4.654000e+00	
47	9.324000e-09	4.662000e+00	4.662000e+00	4.662000e+00	
48	9.356000e-09	4.678000e+00	4.678000e+00	4.678000e+00	
49	9.420000e-09	4.710000e+00	4.710000e+00	4.710000e+00	
50	9.548000e-09	4.774000e+00	4.774000e+00	4.774000e+00	
51	9.804000e-09	4.902000e+00	4.902000e+00	4.902000e+00	
52	1.000000e-08	5.000000e+00	5.000000e+00	5.000000e+00	
53	1.005120e-08	5.000000e+00	5.000000e+00	5.000000e+00	
54	1.015360e-08	5.000000e+00	5.000000e+00	5.000000e+00	

Index   time            a/s             a0              a1              
--------------------------------------------------------------------------------
55	1.035840e-08	5.000000e+00	5.000000e+00	5.000000e+00	
56	1.076800e-08	5.000000e+00	5.000000e+00	5.000000e+00	
57	1.120000e-08	5.000000e+00	5.000000e+00	5.000000e+00	
58	1.121000e-08	5.000000e+00	5.000000e+00	5.000000e+00	
59	1.123000e-08	5.000000e+00	5.000000e+00	5.000000e+00	
60	1.127000e-08	5.000000e+00	5.000000e+00	5.000000e+00	
61	1.130000e-08	5.000000e+00	5.000000e+00	5.000000e+00	
62	1.130800e-08	5.000000e+00	5.000000e+00	5.000000e+00	
63	1.132400e-08	5.000000e+00	5.000000e+00	5.000000e+00	
64	1.135600e-08	5.000000e+00	5.000000e+00	5.000000e+00	
65	1.142000e-08	5.000000e+00	5.000000e+00	5.000000e+00	
66	1.154800e-08	5.000000e+00	5.000000e+00	5.000000e+00	
67	1.180400e-08	5.000000e+00	5.000000e+00	5.000000e+00	
68	1.231600e-08	5.000000e+00	5.000000e+00	5.000000e+00	
69	1.320000e-08	5.000000e+00	5.000000e+00	5.000000e+00	
70	1.321000e-08	5.000000e+00	5.000000e+00	5.000000e+00	
71	1.323000e-08	5.000000e+00	5.000000e+00	5.000000e+00	
72	1.327000e-08	5.000000e+00	5.000000e+00	5.000000e+00	
73	1.330000e-08	5.000000e+00	5.000000e+00	5.000000e+00	
74	1.330800e-08	5.000000e+00	5.000000e+00	5.000000e+00	
75	1.332400e-08	5.000000e+00	5.000000e+00	5.000000e+00	
76	1.335600e-08	5.000000e+00	5.000000e+00	5.000000e+00	
77	1.342000e-08	5.000000e+00	5.000000e+00	5.000000e+00	
78	1.354800e-08	5.000000e+00	5.000000e+00	5.000000e+00	
79	1.380400e-08	5.000000e+00	5.000000e+00	5.000000e+00	
80	1.431600e-08	5.000000e+00	5.000000e+00	5.000000e+00	
81	1.520000e-08	5.000000e+00	5.000000e+00	5.000000e+00	
82	1.521000e-08	5.000000e+00	5.000000e+00	5.000000e+00	
83	1.523000e-08	5.000000e+00	5.000000e+00	5.000000e+00	
84	1.527000e-08	5.000000e+00	5.000000e+00	5.000000e+00	
85	1.530000e-08	5.000000e+00	5.000000e+00	5.000000e+00	
86	1.530800e-08	5.000000e+00	5.000000e+00	5.000000e+00	
87	1.532400e-08	5.000000e+00	5.000000e+00	5.000000e+00	
88	1.535600e-08	5.000000e+00	5.000000e+00	5.000000e+00	
89	1.542000e-08	5.000000e+00	5.000000e+00	5.000000e+00	
90	1.554800e-08	5.000000e+00	5.000000e+00	5.000000e+00	
91	1.580400e-08	5.000000e+00	5.000000e+00	5.000000e+00	
92	1.631600e-08	5.000000e+00	5.000000e+00	5.000000e+00	
93	1.720000e-08	5.000000e+00	5.000000e+00	5.000000e+00	
94	1.721000e-08	5.000000e+00	5.000000e+00	5.000000e+00	
95	1.723000e-08	5.000000e+00	5.000000e+00	5.000000e+00	
96	1.727000e-08	5.000000e+00	5.000000e+00	5.000000e+00	
97	1.730000e-08	5.000000e+00	5.000000e+00	5.000000e+00	
98	1.730800e-08	5.000000e+00	5.000000e+00	5.000000e+00	
99	1.732400e-08	5.000000e+00	5.000000e+00	5.000000e+00	
100	1.735600e-08	5.000000e+00	5.000000e+00	5.000000e+00	
101	1.742000e-08	5.000000e+00	5.000000e+00	5.000000e+00	
102	1.754800e-08	5.000000e+00	5.000000e+00	5.000000e+00	
103	1.780400e-08	5.000000e+00	5.000000e+00	5.000000e+00	
104	1.831600e-08	5.000000e+00	5.000000e+00	5.000000e+00	
105	1.934000e-08	5.000000e+00	5.000000e+00	5.000000e+00	
106	2.138800e-08	5.000000e+00	5.000000e+00	5.000000e+00	
107	2.548400e-08	5.000000e+00	5.000000e+00	5.000000e+00	
108	3.367600e-08	5.000000e+00	5.000000e+00	5.000000e+00	
109	5.006000e-08	5.000000e+00	5.000000e+00	5.000000e+00	
110	8.282800e-08	5.000000e+00	5.000000e+00	5.000000e+00	
111	1.483640e-07	5.000000e+00	5.000000e+00	5.000000e+00	
112	2.794360e-07	5.000000e+00	5.000000e+00	5.000000e+00	

Index   time            a/s             a0              a1              
--------------------------------------------------------------------------------
113	5.415800e-07	5.000000e+00	5.000000e+00	5.000000e+00	
114	1.065868e-06	5.000000e+00	5.000000e+00	5.000000e+00	
115	2.114444e-06	5.000000e+00	5.000000e+00	5.000000e+00	
116	4.211596e-06	5.000000e+00	5.000000e+00	5.000000e+00	
117	8.405900e-06	5.000000e+00	5.000000e+00	5.000000e+00	
118	1.679451e-05	5.000000e+00	5.000000e+00	5.000000e+00	
119	3.357172e-05	5.000000e+00	5.000000e+00	5.000000e+00	
120	6.712616e-05	5.000000e+00	5.000000e+00	5.000000e+00	
121	1.342350e-04	5.000000e+00	5.000000e+00	5.000000e+00	
122	2.684527e-04	5.000000e+00	5.000000e+00	5.000000e+00	
123	4.284527e-04	5.000000e+00	5.000000e+00	5.000000e+00	
124	5.000100e-04	5.000000e+00	5.000000e+00	5.000000e+00	
125	5.000110e-04	4.500000e+00	4.500000e+00	5.000000e+00	
126	5.000130e-04	3.500000e+00	3.500000e+00	5.000000e+00	
127	5.000170e-04	1.500000e+00	1.500000e+00	5.000000e+00	
128	5.000190e-04	5.000000e-01	5.000000e-01	5.000000e+00	
129	5.000190e-04	4.950000e-01	4.950000e-01	5.000000e+00	
130	5.000190e-04	4.850000e-01	4.850000e-01	5.000000e+00	
131	5.000191e-04	4.650000e-01	4.650000e-01	5.000000e+00	
132	5.000191e-04	4.500000e-01	4.500000e-01	5.000000e+00	
133	5.000191e-04	4.460000e-01	4.460000e-01	5.000000e+00	
134	5.000191e-04	4.380000e-01	4.380000e-01	5.000000e+00	
135	5.000192e-04	4.220000e-01	4.220000e-01	5.000000e+00	
136	5.000192e-04	3.900000e-01	3.900000e-01	5.000000e+00	
137	5.000193e-04	3.260000e-01	3.260000e-01	5.000000e+00	
138	5.000196e-04	1.980000e-01	1.980000e-01	5.000000e+00	
139	5.000200e-04	0.000000e+00	0.000000e+00	5.000000e+00	
140	5.000201e-04	0.000000e+00	0.000000e+00	5.000000e+00	
141	5.000202e-04	0.000000e+00	0.000000e+00	5.000000e+00	
142	5.000204e-04	0.000000e+00	0.000000e+00	5.000000e+00	
143	5.000208e-04	0.000000e+00	0.000000e+00	5.000000e+00	
144	5.000210e-04	0.000000e+00	0.000000e+00	5.000000e+00	
145	5.000210e-04	0.000000e+00	0.000000e+00	5.000000e+00	
146	5.000210e-04	0.000000e+00	0.000000e+00	5.000000e+00	
147	5.000211e-04	0.000000e+00	0.000000e+00	5.000000e+00	
148	5.000211e-04	0.000000e+00	0.000000e+00	5.000000e+00	
149	5.000211e-04	0.000000e+00	0.000000e+00	5.000000e+00	
150	5.000211e-04	0.000000e+00	0.000000e+00	5.000000e+00	
151	5.000212e-04	0.000000e+00	0.000000e+00	5.000000e+00	
152	5.000212e-04	0.000000e+00	0.000000e+00	5.000000e+00	
153	5.000213e-04	0.000000e+00	0.000000e+00	5.000000e+00	
154	5.000216e-04	0.000000e+00	0.000000e+00	5.000000e+00	
155	5.000221e-04	0.000000e+00	0.000000e+00	5.000000e+00	
156	5.000230e-04	0.000000e+00	0.000000e+00	5.000000e+00	
157	5.000230e-04	0.000000e+00	0.000000e+00	5.000000e+00	
158	5.000230e-04	0.000000e+00	0.000000e+00	5.000000e+00	
159	5.000231e-04	0.000000e+00	0.000000e+00	5.000000e+00	
160	5.000231e-04	0.000000e+00	0.000000e+00	5.000000e+00	
161	5.000231e-04	0.000000e+00	0.000000e+00	5.000000e+00	
162	5.000231e-04	0.000000e+00	0.000000e+00	5.000000e+00	
163	5.000232e-04	0.000000e+00	0.000000e+00	5.000000e+00	
164	5.000232e-04	0.000000e+00	0.000000e+00	5.000000e+00	
165	5.000233e-04	0.000000e+00	0.000000e+00	5.000000e+00	
166	5.000236e-04	0.000000e+00	0.000000e+00	5.000000e+00	
167	5.000240e-04	0.000000e+00	0.000000e+00	5.000000e+00	
168	5.000240e-04	0.000000e+00	0.000000e+00	5.000000e+00	
169	5.000240e-04	0.000000e+00	0.000000e+00	5.000000e+00	
170	5.000241e-04	0.000000e+00	0.000000e+00	5.000000e+00	

Index   time            a/s             a0              a1              
--------------------------------------------------------------------------------
171	5.000241e-04	0.000000e+00	0.000000e+00	5.000000e+00	
172	5.000241e-04	0.000000e+00	0.000000e+00	5.000000e+00	
173	5.000241e-04	0.000000e+00	0.000000e+00	5.000000e+00	
174	5.000242e-04	0.000000e+00	0.000000e+00	5.000000e+00	
175	5.000242e-04	0.000000e+00	0.000000e+00	5.000000e+00	
176	5.000243e-04	0.000000e+00	0.000000e+00	5.000000e+00	
177	5.000246e-04	0.000000e+00	0.000000e+00	5.000000e+00	
178	5.000249e-04	0.000000e+00	0.000000e+00	5.000000e+00	
179	5.000250e-04	0.000000e+00	0.000000e+00	5.000000e+00	
180	5.000251e-04	0.000000e+00	0.000000e+00	5.000000e+00	
181	5.000253e-04	0.000000e+00	0.000000e+00	5.000000e+00	
182	5.000257e-04	0.000000e+00	0.000000e+00	5.000000e+00	
183	5.000265e-04	0.000000e+00	0.000000e+00	5.000000e+00	
184	5.000281e-04	0.000000e+00	0.000000e+00	5.000000e+00	
185	5.000314e-04	0.000000e+00	0.000000e+00	5.000000e+00	
186	5.000380e-04	0.000000e+00	0.000000e+00	5.000000e+00	
187	5.000511e-04	0.000000e+00	0.000000e+00	5.000000e+00	
188	5.000773e-04	0.000000e+00	0.000000e+00	5.000000e+00	
189	5.001297e-04	0.000000e+00	0.000000e+00	5.000000e+00	
190	5.002346e-04	0.000000e+00	0.000000e+00	5.000000e+00	
191	5.004443e-04	0.000000e+00	0.000000e+00	5.000000e+00	
192	5.008637e-04	0.000000e+00	0.000000e+00	5.000000e+00	
193	5.017026e-04	0.000000e+00	0.000000e+00	5.000000e+00	
194	5.033803e-04	0.000000e+00	0.000000e+00	5.000000e+00	
195	5.067357e-04	0.000000e+00	0.000000e+00	5.000000e+00	
196	5.134466e-04	0.000000e+00	0.000000e+00	5.000000e+00	
197	5.268684e-04	0.000000e+00	0.000000e+00	5.000000e+00	
198	5.537119e-04	0.000000e+00	0.000000e+00	5.000000e+00	
199	6.073990e-04	0.000000e+00	0.000000e+00	5.000000e+00	
200	7.147732e-04	0.000000e+00	0.000000e+00	5.000000e+00	
201	8.747732e-04	0.000000e+00	0.000000e+00	5.000000e+00	
202	1.000000e-03	0.000000e+00	0.000000e+00	5.000000e+00	
203	1.000001e-03	5.000000e-01	5.000000e-01	5.000000e+00	
204	1.000003e-03	1.500000e+00	1.500000e+00	5.000000e+00	
205	1.000005e-03	2.500000e+00	2.500000e+00	5.000000e+00	
206	1.000005e-03	2.505000e+00	2.505000e+00	5.000000e+00	
207	1.000005e-03	2.515000e+00	2.515000e+00	5.000000e+00	
208	1.000005e-03	2.535000e+00	2.535000e+00	5.000000e+00	
209	1.000005e-03	2.550000e+00	2.550000e+00	5.000000e+00	
210	1.000005e-03	2.554000e+00	2.554000e+00	5.000000e+00	
211	1.000005e-03	2.562000e+00	2.562000e+00	5.000000e+00	
212	1.000005e-03	2.578000e+00	2.578000e+00	5.000000e+00	
213	1.000005e-03	2.610000e+00	2.610000e+00	5.000000e+00	
214	1.000005e-03	2.674000e+00	2.674000e+00	5.000000e+00	
215	1.000006e-03	2.802000e+00	2.802000e+00	5.000000e+00	
216	1.000006e-03	3.058000e+00	3.058000e+00	5.000000e+00	
217	1.000007e-03	3.500000e+00	3.500000e+00	5.000000e+00	
218	1.000007e-03	3.505000e+00	3.505000e+00	5.000000e+00	
219	1.000007e-03	3.515000e+00	3.515000e+00	5.000000e+00	
220	1.000007e-03	3.535000e+00	3.535000e+00	5.000000e+00	
221	1.000007e-03	3.550000e+00	3.550000e+00	5.000000e+00	
222	1.000007e-03	3.554000e+00	3.554000e+00	5.000000e+00	
223	1.000007e-03	3.562000e+00	3.562000e+00	5.000000e+00	
224	1.000007e-03	3.578000e+00	3.578000e+00	5.000000e+00	
225	1.000007e-03	3.610000e+00	3.610000e+00	5.000000e+00	
226	1.000007e-03	3.674000e+00	3.674000e+00	5.000000e+00	
227	1.000008e-03	3.802000e+00	3.802000e+00	5.000000e+00	
228	1.000008e-03	3.950000e+00	3.950000e+00	5.000000e+00	

Index   time            a/s             a0              a1              
--------------------------------------------------------------------------------
229	1.000008e-03	3.975600e+00	3.975600e+00	5.000000e+00	
230	1.000008e-03	4.000000e+00	4.000000e+00	5.000000e+00	
231	1.000008e-03	4.005000e+00	4.005000e+00	5.000000e+00	
232	1.000008e-03	4.015000e+00	4.015000e+00	5.000000e+00	
233	1.000008e-03	4.035000e+00	4.035000e+00	5.000000e+00	
234	1.000008e-03	4.050000e+00	4.050000e+00	5.000000e+00	
235	1.000008e-03	4.054000e+00	4.054000e+00	5.000000e+00	
236	1.000008e-03	4.062000e+00	4.062000e+00	5.000000e+00	
237	1.000008e-03	4.078000e+00	4.078000e+00	5.000000e+00	
238	1.000008e-03	4.110000e+00	4.110000e+00	5.000000e+00	
239	1.000008e-03	4.174000e+00	4.174000e+00	5.000000e+00	
240	1.000009e-03	4.302000e+00	4.302000e+00	5.000000e+00	
241	1.000009e-03	4.500000e+00	4.500000e+00	5.000000e+00	
242	1.000009e-03	4.505000e+00	4.505000e+00	5.000000e+00	
243	1.000009e-03	4.515000e+00	4.515000e+00	5.000000e+00	
244	1.000009e-03	4.535000e+00	4.535000e+00	5.000000e+00	
245	1.000009e-03	4.550000e+00	4.550000e+00	5.000000e+00	
246	1.000009e-03	4.554000e+00	4.554000e+00	5.000000e+00	
247	1.000009e-03	4.562000e+00	4.562000e+00	5.000000e+00	
248	1.000009e-03	4.578000e+00	4.578000e+00	5.000000e+00	
249	1.000009e-03	4.610000e+00	4.610000e+00	5.000000e+00	
250	1.000009e-03	4.674000e+00	4.674000e+00	5.000000e+00	
251	1.000010e-03	4.802000e+00	4.802000e+00	5.000000e+00	
252	1.000010e-03	5.000000e+00	5.000000e+00	5.000000e+00	
253	1.000010e-03	5.000000e+00	5.000000e+00	4.974400e+00	
254	1.000010e-03	5.000000e+00	5.000000e+00	4.923200e+00	
255	1.000010e-03	5.000000e+00	5.000000e+00	4.820800e+00	
256	1.000011e-03	5.000000e+00	5.000000e+00	4.616000e+00	
257	1.000011e-03	5.000000e+00	5.000000e+00	4.500000e+00	
258	1.000011e-03	5.000000e+00	5.000000e+00	4.495000e+00	
259	1.000011e-03	5.000000e+00	5.000000e+00	4.485000e+00	
260	1.000011e-03	5.000000e+00	5.000000e+00	4.465000e+00	
261	1.000011e-03	5.000000e+00	5.000000e+00	4.450000e+00	
262	1.000011e-03	5.000000e+00	5.000000e+00	4.446000e+00	
263	1.000011e-03	5.000000e+00	5.000000e+00	4.438000e+00	
264	1.000011e-03	5.000000e+00	5.000000e+00	4.422000e+00	
265	1.000011e-03	5.000000e+00	5.000000e+00	4.390000e+00	
266	1.000011e-03	5.000000e+00	5.000000e+00	4.326000e+00	
267	1.000012e-03	5.000000e+00	5.000000e+00	4.198000e+00	
268	1.000012e-03	5.000000e+00	5.000000e+00	3.942000e+00	
269	1.000013e-03	5.000000e+00	5.000000e+00	3.500000e+00	
270	1.000013e-03	5.000000e+00	5.000000e+00	3.495000e+00	
271	1.000013e-03	5.000000e+00	5.000000e+00	3.485000e+00	
272	1.000013e-03	5.000000e+00	5.000000e+00	3.465000e+00	
273	1.000013e-03	5.000000e+00	5.000000e+00	3.450000e+00	
274	1.000013e-03	5.000000e+00	5.000000e+00	3.446000e+00	
275	1.000013e-03	5.000000e+00	5.000000e+00	3.438000e+00	
276	1.000013e-03	5.000000e+00	5.000000e+00	3.422000e+00	
277	1.000013e-03	5.000000e+00	5.000000e+00	3.390000e+00	
278	1.000013e-03	5.000000e+00	5.000000e+00	3.326000e+00	
279	1.000014e-03	5.000000e+00	5.000000e+00	3.198000e+00	
280	1.000014e-03	5.000000e+00	5.000000e+00	2.942000e+00	
281	1.000015e-03	5.000000e+00	5.000000e+00	2.500000e+00	
282	1.000015e-03	5.000000e+00	5.000000e+00	2.495000e+00	
283	1.000015e-03	5.000000e+00	5.000000e+00	2.485000e+00	
284	1.000015e-03	5.000000e+00	5.000000e+00	2.465000e+00	
285	1.000015e-03	5.000000e+00	5.000000e+00	2.450000e+00	
286	1.000015e-03	5.000000e+00	5.000000e+00	2.446000e+00	

Index   time            a/s             a0              a1              
--------------------------------------------------------------------------------
287	1.000015e-03	5.000000e+00	5.000000e+00	2.438000e+00	
288	1.000015e-03	5.000000e+00	5.000000e+00	2.422000e+00	
289	1.000015e-03	5.000000e+00	5.000000e+00	2.390000e+00	
290	1.000015e-03	5.000000e+00	5.000000e+00	2.326000e+00	
291	1.000016e-03	5.000000e+00	5.000000e+00	2.198000e+00	
292	1.000016e-03	5.000000e+00	5.000000e+00	1.942000e+00	
293	1.000017e-03	5.000000e+00	5.000000e+00	1.500000e+00	
294	1.000017e-03	5.000000e+00	5.000000e+00	1.495000e+00	
295	1.000017e-03	5.000000e+00	5.000000e+00	1.485000e+00	
296	1.000017e-03	5.000000e+00	5.000000e+00	1.465000e+00	
297	1.000017e-03	5.000000e+00	5.000000e+00	1.450000e+00	
298	1.000017e-03	5.000000e+00	5.000000e+00	1.446000e+00	
299	1.000017e-03	5.000000e+00	5.000000e+00	1.438000e+00	
300	1.000017e-03	5.000000e+00	5.000000e+00	1.422000e+00	
301	1.000017e-03	5.000000e+00	5.000000e+00	1.390000e+00	
302	1.000017e-03	5.000000e+00	5.000000e+00	1.326000e+00	
303	1.000018e-03	5.000000e+00	5.000000e+00	1.198000e+00	
304	1.000018e-03	5.000000e+00	5.000000e+00	9.420000e-01	
305	1.000019e-03	5.000000e+00	5.000000e+00	4.420000e-01	
306	1.000019e-03	5.000000e+00	5.000000e+00	4.370000e-01	
307	1.000019e-03	5.000000e+00	5.000000e+00	4.270000e-01	
308	1.000019e-03	5.000000e+00	5.000000e+00	4.070000e-01	
309	1.000019e-03	5.000000e+00	5.000000e+00	3.920000e-01	
310	1.000019e-03	5.000000e+00	5.000000e+00	3.880000e-01	
311	1.000019e-03	5.000000e+00	5.000000e+00	3.800000e-01	
312	1.000019e-03	5.000000e+00	5.000000e+00	3.640000e-01	
313	1.000019e-03	5.000000e+00	5.000000e+00	3.320000e-01	
314	1.000019e-03	5.000000e+00	5.000000e+00	2.680000e-01	
315	1.000020e-03	5.000000e+00	5.000000e+00	1.400000e-01	
316	1.000020e-03	5.000000e+00	5.000000e+00	0.000000e+00	
317	1.000020e-03	5.000000e+00	5.000000e+00	0.000000e+00	
318	1.000020e-03	5.000000e+00	5.000000e+00	0.000000e+00	
319	1.000020e-03	5.000000e+00	5.000000e+00	0.000000e+00	
320	1.000021e-03	5.000000e+00	5.000000e+00	0.000000e+00	
321	1.000021e-03	5.000000e+00	5.000000e+00	0.000000e+00	
322	1.000021e-03	5.000000e+00	5.000000e+00	0.000000e+00	
323	1.000021e-03	5.000000e+00	5.000000e+00	0.000000e+00	
324	1.000021e-03	5.000000e+00	5.000000e+00	0.000000e+00	
325	1.000021e-03	5.000000e+00	5.000000e+00	0.000000e+00	
326	1.000021e-03	5.000000e+00	5.000000e+00	0.000000e+00	
327	1.000021e-03	5.000000e+00	5.000000e+00	0.000000e+00	
328	1.000021e-03	5.000000e+00	5.000000e+00	0.000000e+00	
329	1.000021e-03	5.000000e+00	5.000000e+00	0.000000e+00	
330	1.000021e-03	5.000000e+00	5.000000e+00	0.000000e+00	
331	1.000022e-03	5.000000e+00	5.000000e+00	0.000000e+00	
332	1.000022e-03	5.000000e+00	5.000000e+00	0.000000e+00	
333	1.000022e-03	5.000000e+00	5.000000e+00	0.000000e+00	
334	1.000022e-03	5.000000e+00	5.000000e+00	0.000000e+00	
335	1.000022e-03	5.000000e+00	5.000000e+00	0.000000e+00	
336	1.000022e-03	5.000000e+00	5.000000e+00	0.000000e+00	
337	1.000022e-03	5.000000e+00	5.000000e+00	0.000000e+00	
338	1.000022e-03	5.000000e+00	5.000000e+00	0.000000e+00	
339	1.000022e-03	5.000000e+00	5.000000e+00	0.000000e+00	
340	1.000022e-03	5.000000e+00	5.000000e+00	0.000000e+00	
341	1.000022e-03	5.000000e+00	5.000000e+00	0.000000e+00	
342	1.000023e-03	5.000000e+00	5.000000e+00	0.000000e+00	
343	1.000023e-03	5.000000e+00	5.000000e+00	0.000000e+00	
344	1.000023e-03	5.000000e+00	5.000000e+00	0.000000e+00	

Index   time            a/s             a0              a1              
--------------------------------------------------------------------------------
345	1.000023e-03	5.000000e+00	5.000000e+00	0.000000e+00	
346	1.000023e-03	5.000000e+00	5.000000e+00	0.000000e+00	
347	1.000023e-03	5.000000e+00	5.000000e+00	0.000000e+00	
348	1.000023e-03	5.000000e+00	5.000000e+00	0.000000e+00	
349	1.000023e-03	5.000000e+00	5.000000e+00	0.000000e+00	
350	1.000023e-03	5.000000e+00	5.000000e+00	0.000000e+00	
351	1.000023e-03	5.000000e+00	5.000000e+00	0.000000e+00	
352	1.000023e-03	5.000000e+00	5.000000e+00	0.000000e+00	
353	1.000024e-03	5.000000e+00	5.000000e+00	0.000000e+00	
354	1.000024e-03	5.000000e+00	5.000000e+00	0.000000e+00	
355	1.000024e-03	5.000000e+00	5.000000e+00	0.000000e+00	
356	1.000024e-03	5.000000e+00	5.000000e+00	0.000000e+00	
357	1.000024e-03	5.000000e+00	5.000000e+00	0.000000e+00	
358	1.000024e-03	5.000000e+00	5.000000e+00	0.000000e+00	
359	1.000024e-03	5.000000e+00	5.000000e+00	0.000000e+00	
360	1.000024e-03	5.000000e+00	5.000000e+00	0.000000e+00	
361	1.000024e-03	5.000000e+00	5.000000e+00	0.000000e+00	
362	1.000024e-03	5.000000e+00	5.000000e+00	0.000000e+00	
363	1.000024e-03	5.000000e+00	5.000000e+00	0.000000e+00	
364	1.000025e-03	5.000000e+00	5.000000e+00	0.000000e+00	
365	1.000025e-03	5.000000e+00	5.000000e+00	0.000000e+00	
366	1.000026e-03	5.000000e+00	5.000000e+00	0.000000e+00	
367	1.000026e-03	5.000000e+00	5.000000e+00	0.000000e+00	
368	1.000026e-03	5.000000e+00	5.000000e+00	0.000000e+00	
369	1.000026e-03	5.000000e+00	5.000000e+00	0.000000e+00	
370	1.000026e-03	5.000000e+00	5.000000e+00	0.000000e+00	
371	1.000026e-03	5.000000e+00	5.000000e+00	0.000000e+00	
372	1.000026e-03	5.000000e+00	5.000000e+00	0.000000e+00	
373	1.000026e-03	5.000000e+00	5.000000e+00	0.000000e+00	
374	1.000026e-03	5.000000e+00	5.000000e+00	0.000000e+00	
375	1.000026e-03	5.000000e+00	5.000000e+00	0.000000e+00	
376	1.000027e-03	5.000000e+00	5.000000e+00	0.000000e+00	
377	1.000027e-03	5.000000e+00	5.000000e+00	0.000000e+00	
378	1.000028e-03	5.000000e+00	5.000000e+00	0.000000e+00	
379	1.000028e-03	5.000000e+00	5.000000e+00	0.000000e+00	
380	1.000028e-03	5.000000e+00	5.000000e+00	0.000000e+00	
381	1.000028e-03	5.000000e+00	5.000000e+00	0.000000e+00	
382	1.000028e-03	5.000000e+00	5.000000e+00	0.000000e+00	
383	1.000028e-03	5.000000e+00	5.000000e+00	0.000000e+00	
384	1.000028e-03	5.000000e+00	5.000000e+00	0.000000e+00	
385	1.000028e-03	5.000000e+00	5.000000e+00	0.000000e+00	
386	1.000028e-03	5.000000e+00	5.000000e+00	0.000000e+00	
387	1.000028e-03	5.000000e+00	5.000000e+00	0.000000e+00	
388	1.000029e-03	5.000000e+00	5.000000e+00	0.000000e+00	
389	1.000029e-03	5.000000e+00	5.000000e+00	0.000000e+00	
390	1.000030e-03	5.000000e+00	5.000000e+00	0.000000e+00	
391	1.000032e-03	5.000000e+00	5.000000e+00	0.000000e+00	
392	1.000036e-03	5.000000e+00	5.000000e+00	0.000000e+00	
393	1.000045e-03	5.000000e+00	5.000000e+00	0.000000e+00	
394	1.000061e-03	5.000000e+00	5.000000e+00	0.000000e+00	
395	1.000094e-03	5.000000e+00	5.000000e+00	0.000000e+00	
396	1.000159e-03	5.000000e+00	5.000000e+00	0.000000e+00	
397	1.000290e-03	5.000000e+00	5.000000e+00	0.000000e+00	
398	1.000552e-03	5.000000e+00	5.000000e+00	0.000000e+00	
399	1.001077e-03	5.000000e+00	5.000000e+00	0.000000e+00	
400	1.002125e-03	5.000000e+00	5.000000e+00	0.000000e+00	
401	1.004223e-03	5.000000e+00	5.000000e+00	0.000000e+00	
402	1.008417e-03	5.000000e+00	5.000000e+00	0.000000e+00	

Index   time            a/s             a0              a1              
--------------------------------------------------------------------------------
403	1.016805e-03	5.000000e+00	5.000000e+00	0.000000e+00	
404	1.033583e-03	5.000000e+00	5.000000e+00	0.000000e+00	
405	1.067137e-03	5.000000e+00	5.000000e+00	0.000000e+00	
406	1.134246e-03	5.000000e+00	5.000000e+00	0.000000e+00	
407	1.268464e-03	5.000000e+00	5.000000e+00	0.000000e+00	
408	1.428464e-03	5.000000e+00	5.000000e+00	0.000000e+00	
409	1.500010e-03	5.000000e+00	5.000000e+00	0.000000e+00	
410	1.500011e-03	4.500000e+00	4.500000e+00	0.000000e+00	
411	1.500013e-03	3.500000e+00	3.500000e+00	0.000000e+00	
412	1.500017e-03	1.500000e+00	1.500000e+00	0.000000e+00	
413	1.500019e-03	5.000000e-01	5.000000e-01	0.000000e+00	
414	1.500019e-03	4.950000e-01	4.950000e-01	0.000000e+00	
415	1.500019e-03	4.850000e-01	4.850000e-01	0.000000e+00	
416	1.500019e-03	4.650000e-01	4.650000e-01	0.000000e+00	
417	1.500019e-03	4.500000e-01	4.500000e-01	0.000000e+00	
418	1.500019e-03	4.460000e-01	4.460000e-01	0.000000e+00	
419	1.500019e-03	4.380000e-01	4.380000e-01	0.000000e+00	
420	1.500019e-03	4.220000e-01	4.220000e-01	0.000000e+00	
421	1.500019e-03	3.900000e-01	3.900000e-01	0.000000e+00	
422	1.500019e-03	3.260000e-01	3.260000e-01	0.000000e+00	
423	1.500020e-03	1.980000e-01	1.980000e-01	0.000000e+00	
424	1.500020e-03	8.390799e-11	8.390799e-11	0.000000e+00	
425	1.500020e-03	0.000000e+00	0.000000e+00	0.000000e+00	
426	1.500020e-03	0.000000e+00	0.000000e+00	0.000000e+00	
427	1.500020e-03	0.000000e+00	0.000000e+00	0.000000e+00	
428	1.500021e-03	0.000000e+00	0.000000e+00	0.000000e+00	
429	1.500021e-03	0.000000e+00	0.000000e+00	0.000000e+00	
430	1.500021e-03	0.000000e+00	0.000000e+00	0.000000e+00	
431	1.500021e-03	0.000000e+00	0.000000e+00	0.000000e+00	
432	1.500021e-03	0.000000e+00	0.000000e+00	0.000000e+00	
433	1.500021e-03	0.000000e+00	0.000000e+00	0.000000e+00	
434	1.500021e-03	0.000000e+00	0.000000e+00	0.000000e+00	
435	1.500021e-03	0.000000e+00	0.000000e+00	0.000000e+00	
436	1.500021e-03	0.000000e+00	0.000000e+00	0.000000e+00	
437	1.500021e-03	0.000000e+00	0.000000e+00	0.000000e+00	
438	1.500021e-03	0.000000e+00	0.000000e+00	0.000000e+00	
439	1.500022e-03	0.000000e+00	0.000000e+00	0.000000e+00	
440	1.500022e-03	0.000000e+00	0.000000e+00	0.000000e+00	
441	1.500023e-03	0.000000e+00	0.000000e+00	0.000000e+00	
442	1.500023e-03	0.000000e+00	0.000000e+00	0.000000e+00	
443	1.500023e-03	0.000000e+00	0.000000e+00	0.000000e+00	
444	1.500023e-03	0.000000e+00	0.000000e+00	0.000000e+00	
445	1.500023e-03	0.000000e+00	0.000000e+00	0.000000e+00	
446	1.500023e-03	0.000000e+00	0.000000e+00	0.000000e+00	
447	1.500023e-03	0.000000e+00	0.000000e+00	0.000000e+00	
448	1.500023e-03	0.000000e+00	0.000000e+00	0.000000e+00	
449	1.500023e-03	0.000000e+00	0.000000e+00	0.000000e+00	
450	1.500023e-03	0.000000e+00	0.000000e+00	0.000000e+00	
451	1.500024e-03	0.000000e+00	0.000000e+00	0.000000e+00	
452	1.500024e-03	0.000000e+00	0.000000e+00	0.000000e+00	
453	1.500024e-03	0.000000e+00	0.000000e+00	0.000000e+00	
454	1.500024e-03	0.000000e+00	0.000000e+00	0.000000e+00	
455	1.500024e-03	0.000000e+00	0.000000e+00	0.000000e+00	
456	1.500024e-03	0.000000e+00	0.000000e+00	0.000000e+00	
457	1.500024e-03	0.000000e+00	0.000000e+00	0.000000e+00	
458	1.500024e-03	0.000000e+00	0.000000e+00	0.000000e+00	
459	1.500024e-03	0.000000e+00	0.000000e+00	0.000000e+00	
460	1.500024e-03	0.000000e+00	0.000000e+00	0.000000e+00	

Index   time            a/s             a0              a1              
--------------------------------------------------------------------------------
461	1.500024e-03	0.000000e+00	0.000000e+00	0.000000e+00	
462	1.500025e-03	0.000000e+00	0.000000e+00	0.000000e+00	
463	1.500025e-03	0.000000e+00	0.000000e+00	0.000000e+00	
464	1.500025e-03	0.000000e+00	0.000000e+00	0.000000e+00	
465	1.500025e-03	0.000000e+00	0.000000e+00	0.000000e+00	
466	1.500025e-03	0.000000e+00	0.000000e+00	0.000000e+00	
467	1.500025e-03	0.000000e+00	0.000000e+00	0.000000e+00	
468	1.500025e-03	0.000000e+00	0.000000e+00	0.000000e+00	
469	1.500025e-03	0.000000e+00	0.000000e+00	0.000000e+00	
470	1.500025e-03	0.000000e+00	0.000000e+00	0.000000e+00	
471	1.500025e-03	0.000000e+00	0.000000e+00	0.000000e+00	
472	1.500025e-03	0.000000e+00	0.000000e+00	0.000000e+00	
473	1.500025e-03	0.000000e+00	0.000000e+00	0.000000e+00	
474	1.500025e-03	0.000000e+00	0.000000e+00	0.000000e+00	
475	1.500026e-03	0.000000e+00	0.000000e+00	0.000000e+00	
476	1.500026e-03	0.000000e+00	0.000000e+00	0.000000e+00	
477	1.500027e-03	0.000000e+00	0.000000e+00	0.000000e+00	
478	1.500029e-03	0.000000e+00	0.000000e+00	0.000000e+00	
479	1.500033e-03	0.000000e+00	0.000000e+00	0.000000e+00	
480	1.500041e-03	0.000000e+00	0.000000e+00	0.000000e+00	
481	1.500058e-03	0.000000e+00	0.000000e+00	0.000000e+00	
482	1.500091e-03	0.000000e+00	0.000000e+00	0.000000e+00	
483	1.500156e-03	0.000000e+00	0.000000e+00	0.000000e+00	
484	1.500287e-03	0.000000e+00	0.000000e+00	0.000000e+00	
485	1.500549e-03	0.000000e+00	0.000000e+00	0.000000e+00	
486	1.501074e-03	0.000000e+00	0.000000e+00	0.000000e+00	
487	1.502122e-03	0.000000e+00	0.000000e+00	0.000000e+00	
488	1.504219e-03	0.000000e+00	0.000000e+00	0.000000e+00	
489	1.508414e-03	0.000000e+00	0.000000e+00	0.000000e+00	
490	1.516802e-03	0.000000e+00	0.000000e+00	0.000000e+00	
491	1.533580e-03	0.000000e+00	0.000000e+00	0.000000e+00	
492	1.567134e-03	0.000000e+00	0.000000e+00	0.000000e+00	
493	1.634243e-03	0.000000e+00	0.000000e+00	0.000000e+00	
494	1.768461e-03	0.000000e+00	0.000000e+00	0.000000e+00	
495	1.928461e-03	0.000000e+00	0.000000e+00	0.000000e+00	
496	2.000000e-03	0.000000e+00	0.000000e+00	0.000000e+00	
497	2.000001e-03	5.000000e-01	5.000000e-01	5.000000e-01	
498	2.000003e-03	1.500000e+00	1.500000e+00	1.500000e+00	
499	2.000005e-03	2.500000e+00	2.500000e+00	2.500000e+00	
500	2.000005e-03	2.505000e+00	2.505000e+00	2.505000e+00	
501	2.000005e-03	2.515000e+00	2.515000e+00	2.515000e+00	
502	2.000005e-03	2.535000e+00	2.535000e+00	2.535000e+00	
503	2.000005e-03	2.550000e+00	2.550000e+00	2.550000e+00	
504	2.000005e-03	2.554000e+00	2.554000e+00	2.554000e+00	
505	2.000005e-03	2.562000e+00	2.562000e+00	2.562000e+00	
506	2.000005e-03	2.578000e+00	2.578000e+00	2.578000e+00	
507	2.000005e-03	2.610000e+00	2.610000e+00	2.610000e+00	
508	2.000005e-03	2.674000e+00	2.674000e+00	2.674000e+00	
509	2.000006e-03	2.802000e+00	2.802000e+00	2.802000e+00	
510	2.000006e-03	3.000000e+00	3.000000e+00	3.000000e+00	
511	2.000006e-03	3.005000e+00	3.005000e+00	3.005000e+00	
512	2.000006e-03	3.015000e+00	3.015000e+00	3.015000e+00	
513	2.000006e-03	3.035000e+00	3.035000e+00	3.035000e+00	
514	2.000006e-03	3.050000e+00	3.050000e+00	3.050000e+00	
515	2.000006e-03	3.054000e+00	3.054000e+00	3.054000e+00	
516	2.000006e-03	3.062000e+00	3.062000e+00	3.062000e+00	
517	2.000006e-03	3.078000e+00	3.078000e+00	3.078000e+00	
518	2.000006e-03	3.110000e+00	3.110000e+00	3.110000e+00	

Index   time            a/s             a0              a1              
--------------------------------------------------------------------------------
519	2.000006e-03	3.174000e+00	3.174000e+00	3.174000e+00	
520	2.000007e-03	3.302000e+00	3.302000e+00	3.302000e+00	
521	2.000007e-03	3.500000e+00	3.500000e+00	3.500000e+00	
522	2.000007e-03	3.505000e+00	3.505000e+00	3.505000e+00	
523	2.000007e-03	3.515000e+00	3.515000e+00	3.515000e+00	
524	2.000007e-03	3.535000e+00	3.535000e+00	3.535000e+00	
525	2.000007e-03	3.550000e+00	3.550000e+00	3.550000e+00	
526	2.000007e-03	3.554000e+00	3.554000e+00	3.554000e+00	
527	2.000007e-03	3.562000e+00	3.562000e+00	3.562000e+00	
528	2.000007e-03	3.578000e+00	3.578000e+00	3.578000e+00	
529	2.000007e-03	3.610000e+00	3.610000e+00	3.610000e+00	
530	2.000007e-03	3.674000e+00	3.674000e+00	3.674000e+00	
531	2.000008e-03	3.802000e+00	3.802000e+00	3.802000e+00	
532	2.000008e-03	3.950000e+00	3.950000e+00	3.950000e+00	
533	2.000008e-03	3.975600e+00	3.975600e+00	3.975600e+00	
534	2.000008e-03	4.000000e+00	4.000000e+00	4.000000e+00	
535	2.000008e-03	4.005000e+00	4.005000e+00	4.005000e+00	
536	2.000008e-03	4.015000e+00	4.015000e+00	4.015000e+00	
537	2.000008e-03	4.035000e+00	4.035000e+00	4.035000e+00	
538	2.000008e-03	4.050000e+00	4.050000e+00	4.050000e+00	
539	2.000008e-03	4.054000e+00	4.054000e+00	4.054000e+00	
540	2.000008e-03	4.062000e+00	4.062000e+00	4.062000e+00	
541	2.000008e-03	4.078000e+00	4.078000e+00	4.078000e+00	
542	2.000008e-03	4.110000e+00	4.110000e+00	4.110000e+00	
543	2.000008e-03	4.174000e+00	4.174000e+00	4.174000e+00	
544	2.000009e-03	4.302000e+00	4.302000e+00	4.302000e+00	
545	2.000009e-03	4.500000e+00	4.500000e+00	4.500000e+00	
546	2.000009e-03	4.505000e+00	4.505000e+00	4.505000e+00	
547	2.000009e-03	4.515000e+00	4.515000e+00	4.515000e+00	
548	2.000009e-03	4.535000e+00	4.535000e+00	4.535000e+00	
549	2.000009e-03	4.550000e+00	4.550000e+00	4.550000e+00	
550	2.000009e-03	4.554000e+00	4.554000e+00	4.554000e+00	
551	2.000009e-03	4.562000e+00	4.562000e+00	4.562000e+00	
552	2.000009e-03	4.578000e+00	4.578000e+00	4.578000e+00	
553	2.000009e-03	4.610000e+00	4.610000e+00	4.610000e+00	
554	2.000009e-03	4.674000e+00	4.674000e+00	4.674000e+00	
555	2.000010e-03	4.802000e+00	4.802000e+00	4.802000e+00	
556	2.000010e-03	5.000000e+00	5.000000e+00	5.000000e+00	
557	2.000010e-03	5.000000e+00	5.000000e+00	5.000000e+00	
558	2.000010e-03	5.000000e+00	5.000000e+00	5.000000e+00	
559	2.000010e-03	5.000000e+00	5.000000e+00	5.000000e+00	
560	2.000011e-03	5.000000e+00	5.000000e+00	5.000000e+00	
561	2.000011e-03	5.000000e+00	5.000000e+00	5.000000e+00	
562	2.000011e-03	5.000000e+00	5.000000e+00	5.000000e+00	
563	2.000011e-03	5.000000e+00	5.000000e+00	5.000000e+00	
564	2.000011e-03	5.000000e+00	5.000000e+00	5.000000e+00	
565	2.000011e-03	5.000000e+00	5.000000e+00	5.000000e+00	
566	2.000011e-03	5.000000e+00	5.000000e+00	5.000000e+00	
567	2.000011e-03	5.000000e+00	5.000000e+00	5.000000e+00	
568	2.000011e-03	5.000000e+00	5.000000e+00	5.000000e+00	
569	2.000011e-03	5.000000e+00	5.000000e+00	5.000000e+00	
570	2.000011e-03	5.000000e+00	5.000000e+00	5.000000e+00	
571	2.000012e-03	5.000000e+00	5.000000e+00	5.000000e+00	
572	2.000012e-03	5.000000e+00	5.000000e+00	5.000000e+00	
573	2.000013e-03	5.000000e+00	5.000000e+00	5.000000e+00	
574	2.000013e-03	5.000000e+00	5.000000e+00	5.000000e+00	
575	2.000013e-03	5.000000e+00	5.000000e+00	5.000000e+00	
576	2.000013e-03	5.000000e+00	5.000000e+00	5.000000e+00	

Index   time            a/s             a0              a1              
--------------------------------------------------------------------------------
577	2.000013e-03	5.000000e+00	5.000000e+00	5.000000e+00	
578	2.000013e-03	5.000000e+00	5.000000e+00	5.000000e+00	
579	2.000013e-03	5.000000e+00	5.000000e+00	5.000000e+00	
580	2.000013e-03	5.000000e+00	5.000000e+00	5.000000e+00	
581	2.000013e-03	5.000000e+00	5.000000e+00	5.000000e+00	
582	2.000013e-03	5.000000e+00	5.000000e+00	5.000000e+00	
583	2.000014e-03	5.000000e+00	5.000000e+00	5.000000e+00	
584	2.000014e-03	5.000000e+00	5.000000e+00	5.000000e+00	
585	2.000015e-03	5.000000e+00	5.000000e+00	5.000000e+00	
586	2.000015e-03	5.000000e+00	5.000000e+00	5.000000e+00	
587	2.000015e-03	5.000000e+00	5.000000e+00	5.000000e+00	
588	2.000015e-03	5.000000e+00	5.000000e+00	5.000000e+00	
589	2.000015e-03	5.000000e+00	5.000000e+00	5.000000e+00	
590	2.000015e-03	5.000000e+00	5.000000e+00	5.000000e+00	
591	2.000015e-03	5.000000e+00	5.000000e+00	5.000000e+00	
592	2.000015e-03	5.000000e+00	5.000000e+00	5.000000e+00	
593	2.000015e-03	5.000000e+00	5.000000e+00	5.000000e+00	
594	2.000015e-03	5.000000e+00	5.000000e+00	5.000000e+00	
595	2.000016e-03	5.000000e+00	5.000000e+00	5.000000e+00	
596	2.000016e-03	5.000000e+00	5.000000e+00	5.000000e+00	
597	2.000017e-03	5.000000e+00	5.000000e+00	5.000000e+00	
598	2.000017e-03	5.000000e+00	5.000000e+00	5.000000e+00	
599	2.000017e-03	5.000000e+00	5.000000e+00	5.000000e+00	
600	2.000017e-03	5.000000e+00	5.000000e+00	5.000000e+00	
601	2.000017e-03	5.000000e+00	5.000000e+00	5.000000e+00	
602	2.000017e-03	5.000000e+00	5.000000e+00	5.000000e+00	
603	2.000017e-03	5.000000e+00	5.000000e+00	5.000000e+00	
604	2.000017e-03	5.000000e+00	5.000000e+00	5.000000e+00	
605	2.000017e-03	5.000000e+00	5.000000e+00	5.000000e+00	
606	2.000017e-03	5.000000e+00	5.000000e+00	5.000000e+00	
607	2.000018e-03	5.000000e+00	5.000000e+00	5.000000e+00	
608	2.000018e-03	5.000000e+00	5.000000e+00	5.000000e+00	
609	2.000019e-03	5.000000e+00	5.000000e+00	5.000000e+00	
610	2.000019e-03	5.000000e+00	5.000000e+00	5.000000e+00	
611	2.000019e-03	5.000000e+00	5.000000e+00	5.000000e+00	
612	2.000019e-03	5.000000e+00	5.000000e+00	5.000000e+00	
613	2.000019e-03	5.000000e+00	5.000000e+00	5.000000e+00	
614	2.000019e-03	5.000000e+00	5.000000e+00	5.000000e+00	
615	2.000019e-03	5.000000e+00	5.000000e+00	5.000000e+00	
616	2.000019e-03	5.000000e+00	5.000000e+00	5.000000e+00	
617	2.000019e-03	5.000000e+00	5.000000e+00	5.000000e+00	
618	2.000019e-03	5.000000e+00	5.000000e+00	5.000000e+00	
619	2.000020e-03	5.000000e+00	5.000000e+00	5.000000e+00	
620	2.000020e-03	5.000000e+00	5.000000e+00	5.000000e+00	
621	2.000020e-03	5.000000e+00	5.000000e+00	5.000000e+00	
622	2.000020e-03	5.000000e+00	5.000000e+00	5.000000e+00	
623	2.000020e-03	5.000000e+00	5.000000e+00	5.000000e+00	
624	2.000021e-03	5.000000e+00	5.000000e+00	5.000000e+00	
625	2.000021e-03	5.000000e+00	5.000000e+00	5.000000e+00	
626	2.000021e-03	5.000000e+00	5.000000e+00	5.000000e+00	
627	2.000021e-03	5.000000e+00	5.000000e+00	5.000000e+00	
628	2.000021e-03	5.000000e+00	5.000000e+00	5.000000e+00	
629	2.000021e-03	5.000000e+00	5.000000e+00	5.000000e+00	
630	2.000021e-03	5.000000e+00	5.000000e+00	5.000000e+00	
631	2.000021e-03	5.000000e+00	5.000000e+00	5.000000e+00	
632	2.000021e-03	5.000000e+00	5.000000e+00	5.000000e+00	
633	2.000021e-03	5.000000e+00	5.000000e+00	5.000000e+00	
634	2.000021e-03	5.000000e+00	5.000000e+00	5.000000e+00	

Index   time            a/s             a0              a1              
--------------------------------------------------------------------------------
635	2.000022e-03	5.000000e+00	5.000000e+00	5.000000e+00	
636	2.000022e-03	5.000000e+00	5.000000e+00	5.000000e+00	
637	2.000022e-03	5.000000e+00	5.000000e+00	5.000000e+00	
638	2.000022e-03	5.000000e+00	5.000000e+00	5.000000e+00	
639	2.000022e-03	5.000000e+00	5.000000e+00	5.000000e+00	
640	2.000022e-03	5.000000e+00	5.000000e+00	5.000000e+00	
641	2.000022e-03	5.000000e+00	5.000000e+00	5.000000e+00	
642	2.000022e-03	5.000000e+00	5.000000e+00	5.000000e+00	
643	2.000022e-03	5.000000e+00	5.000000e+00	5.000000e+00	
644	2.000022e-03	5.000000e+00	5.000000e+00	5.000000e+00	
645	2.000022e-03	5.000000e+00	5.000000e+00	5.000000e+00	
646	2.000023e-03	5.000000e+00	5.000000e+00	5.000000e+00	
647	2.000023e-03	5.000000e+00	5.000000e+00	5.000000e+00	
648	2.000024e-03	5.000000e+00	5.000000e+00	5.000000e+00	
649	2.000024e-03	5.000000e+00	5.000000e+00	5.000000e+00	
650	2.000024e-03	5.000000e+00	5.000000e+00	5.000000e+00	
651	2.000024e-03	5.000000e+00	5.000000e+00	5.000000e+00	
652	2.000024e-03	5.000000e+00	5.000000e+00	5.000000e+00	
653	2.000024e-03	5.000000e+00	5.000000e+00	5.000000e+00	
654	2.000024e-03	5.000000e+00	5.000000e+00	5.000000e+00	
655	2.000024e-03	5.000000e+00	5.000000e+00	5.000000e+00	
656	2.000024e-03	5.000000e+00	5.000000e+00	5.000000e+00	
657	2.000024e-03	5.000000e+00	5.000000e+00	5.000000e+00	
658	2.000025e-03	5.000000e+00	5.000000e+00	5.000000e+00	
659	2.000025e-03	5.000000e+00	5.000000e+00	5.000000e+00	
660	2.000026e-03	5.000000e+00	5.000000e+00	5.000000e+00	
661	2.000026e-03	5.000000e+00	5.000000e+00	5.000000e+00	
662	2.000026e-03	5.000000e+00	5.000000e+00	5.000000e+00	
663	2.000026e-03	5.000000e+00	5.000000e+00	5.000000e+00	
664	2.000026e-03	5.000000e+00	5.000000e+00	5.000000e+00	
665	2.000026e-03	5.000000e+00	5.000000e+00	5.000000e+00	
666	2.000026e-03	5.000000e+00	5.000000e+00	5.000000e+00	
667	2.000026e-03	5.000000e+00	5.000000e+00	5.000000e+00	
668	2.000026e-03	5.000000e+00	5.000000e+00	5.000000e+00	
669	2.000026e-03	5.000000e+00	5.000000e+00	5.000000e+00	
670	2.000027e-03	5.000000e+00	5.000000e+00	5.000000e+00	
671	2.000027e-03	5.000000e+00	5.000000e+00	5.000000e+00	
672	2.000028e-03	5.000000e+00	5.000000e+00	5.000000e+00	
673	2.000030e-03	5.000000e+00	5.000000e+00	5.000000e+00	
674	2.000034e-03	5.000000e+00	5.000000e+00	5.000000e+00	
675	2.000043e-03	5.000000e+00	5.000000e+00	5.000000e+00	
676	2.000059e-03	5.000000e+00	5.000000e+00	5.000000e+00	
677	2.000092e-03	5.000000e+00	5.000000e+00	5.000000e+00	
678	2.000157e-03	5.000000e+00	5.000000e+00	5.000000e+00	
679	2.000288e-03	5.000000e+00	5.000000e+00	5.000000e+00	
680	2.000550e-03	5.000000e+00	5.000000e+00	5.000000e+00	
681	2.001075e-03	5.000000e+00	5.000000e+00	5.000000e+00	
682	2.002123e-03	5.000000e+00	5.000000e+00	5.000000e+00	
683	2.004221e-03	5.000000e+00	5.000000e+00	5.000000e+00	
684	2.008415e-03	5.000000e+00	5.000000e+00	5.000000e+00	
685	2.016803e-03	5.000000e+00	5.000000e+00	5.000000e+00	
686	2.033581e-03	5.000000e+00	5.000000e+00	5.000000e+00	
687	2.067135e-03	5.000000e+00	5.000000e+00	5.000000e+00	
688	2.134244e-03	5.000000e+00	5.000000e+00	5.000000e+00	
689	2.268462e-03	5.000000e+00	5.000000e+00	5.000000e+00	
690	2.428462e-03	5.000000e+00	5.000000e+00	5.000000e+00	
691	2.500010e-03	5.000000e+00	5.000000e+00	5.000000e+00	
692	2.500011e-03	4.500000e+00	4.500000e+00	5.000000e+00	

Index   time            a/s             a0              a1              
--------------------------------------------------------------------------------
693	2.500013e-03	3.500000e+00	3.500000e+00	5.000000e+00	
694	2.500017e-03	1.500000e+00	1.500000e+00	5.000000e+00	
695	2.500019e-03	5.000000e-01	5.000000e-01	5.000000e+00	
696	2.500019e-03	4.950000e-01	4.950000e-01	5.000000e+00	
697	2.500019e-03	4.850000e-01	4.850000e-01	5.000000e+00	
698	2.500019e-03	4.650000e-01	4.650000e-01	5.000000e+00	
699	2.500019e-03	4.500000e-01	4.500000e-01	5.000000e+00	
700	2.500019e-03	4.460000e-01	4.460000e-01	5.000000e+00	
701	2.500019e-03	4.380000e-01	4.380000e-01	5.000000e+00	
702	2.500019e-03	4.220000e-01	4.220000e-01	5.000000e+00	
703	2.500019e-03	3.900000e-01	3.900000e-01	5.000000e+00	
704	2.500019e-03	3.260000e-01	3.260000e-01	5.000000e+00	
705	2.500020e-03	1.980000e-01	1.980000e-01	5.000000e+00	
706	2.500020e-03	1.923288e-10	1.923288e-10	5.000000e+00	
707	2.500020e-03	0.000000e+00	0.000000e+00	5.000000e+00	
708	2.500020e-03	0.000000e+00	0.000000e+00	5.000000e+00	
709	2.500020e-03	0.000000e+00	0.000000e+00	5.000000e+00	
710	2.500021e-03	0.000000e+00	0.000000e+00	5.000000e+00	
711	2.500021e-03	0.000000e+00	0.000000e+00	5.000000e+00	
712	2.500021e-03	0.000000e+00	0.000000e+00	5.000000e+00	
713	2.500021e-03	0.000000e+00	0.000000e+00	5.000000e+00	
714	2.500021e-03	0.000000e+00	0.000000e+00	5.000000e+00	
715	2.500021e-03	0.000000e+00	0.000000e+00	5.000000e+00	
716	2.500021e-03	0.000000e+00	0.000000e+00	5.000000e+00	
717	2.500021e-03	0.000000e+00	0.000000e+00	5.000000e+00	
718	2.500021e-03	0.000000e+00	0.000000e+00	5.000000e+00	
719	2.500021e-03	0.000000e+00	0.000000e+00	5.000000e+00	
720	2.500021e-03	0.000000e+00	0.000000e+00	5.000000e+00	
721	2.500022e-03	0.000000e+00	0.000000e+00	5.000000e+00	
722	2.500022e-03	0.000000e+00	0.000000e+00	5.000000e+00	
723	2.500023e-03	0.000000e+00	0.000000e+00	5.000000e+00	
724	2.500023e-03	0.000000e+00	0.000000e+00	5.000000e+00	
725	2.500023e-03	0.000000e+00	0.000000e+00	5.000000e+00	
726	2.500023e-03	0.000000e+00	0.000000e+00	5.000000e+00	
727	2.500023e-03	0.000000e+00	0.000000e+00	5.000000e+00	
728	2.500023e-03	0.000000e+00	0.000000e+00	5.000000e+00	
729	2.500023e-03	0.000000e+00	0.000000e+00	5.000000e+00	
730	2.500023e-03	0.000000e+00	0.000000e+00	5.000000e+00	
731	2.500023e-03	0.000000e+00	0.000000e+00	5.000000e+00	
732	2.500023e-03	0.000000e+00	0.000000e+00	5.000000e+00	
733	2.500024e-03	0.000000e+00	0.000000e+00	5.000000e+00	
734	2.500024e-03	0.000000e+00	0.000000e+00	5.000000e+00	
735	2.500024e-03	0.000000e+00	0.000000e+00	5.000000e+00	
736	2.500024e-03	0.000000e+00	0.000000e+00	5.000000e+00	
737	2.500024e-03	0.000000e+00	0.000000e+00	5.000000e+00	
738	2.500025e-03	0.000000e+00	0.000000e+00	5.000000e+00	
739	2.500025e-03	0.000000e+00	0.000000e+00	5.000000e+00	
740	2.500025e-03	0.000000e+00	0.000000e+00	5.000000e+00	
741	2.500025e-03	0.000000e+00	0.000000e+00	5.000000e+00	
742	2.500025e-03	0.000000e+00	0.000000e+00	5.000000e+00	
743	2.500025e-03	0.000000e+00	0.000000e+00	5.000000e+00	
744	2.500025e-03	0.000000e+00	0.000000e+00	5.000000e+00	
745	2.500025e-03	0.000000e+00	0.000000e+00	5.000000e+00	
746	2.500025e-03	0.000000e+00	0.000000e+00	5.000000e+00	
747	2.500025e-03	0.000000e+00	0.000000e+00	5.000000e+00	
748	2.500025e-03	0.000000e+00	0.000000e+00	5.000000e+00	
749	2.500025e-03	0.000000e+00	0.000000e+00	5.000000e+00	
750	2.500025e-03	0.000000e+00	0.000000e+00	5.000000e+00	

Index   time            a/s             a0              a1              
--------------------------------------------------------------------------------
751	2.500026e-03	0.000000e+00	0.000000e+00	5.000000e+00	
752	2.500026e-03	0.000000e+00	0.000000e+00	5.000000e+00	
753	2.500026e-03	0.000000e+00	0.000000e+00	5.000000e+00	
754	2.500026e-03	0.000000e+00	0.000000e+00	5.000000e+00	
755	2.500026e-03	0.000000e+00	0.000000e+00	5.000000e+00	
756	2.500027e-03	0.000000e+00	0.000000e+00	5.000000e+00	
757	2.500027e-03	0.000000e+00	0.000000e+00	5.000000e+00	
758	2.500029e-03	0.000000e+00	0.000000e+00	5.000000e+00	
759	2.500032e-03	0.000000e+00	0.000000e+00	5.000000e+00	
760	2.500039e-03	0.000000e+00	0.000000e+00	5.000000e+00	
761	2.500052e-03	0.000000e+00	0.000000e+00	5.000000e+00	
762	2.500078e-03	0.000000e+00	0.000000e+00	5.000000e+00	
763	2.500131e-03	0.000000e+00	0.000000e+00	5.000000e+00	
764	2.500236e-03	0.000000e+00	0.000000e+00	5.000000e+00	
765	2.500445e-03	0.000000e+00	0.000000e+00	5.000000e+00	
766	2.500865e-03	0.000000e+00	0.000000e+00	5.000000e+00	
767	2.501704e-03	0.000000e+00	0.000000e+00	5.000000e+00	
768	2.503381e-03	0.000000e+00	0.000000e+00	5.000000e+00	
769	2.506737e-03	0.000000e+00	0.000000e+00	5.000000e+00	
770	2.513448e-03	0.000000e+00	0.000000e+00	5.000000e+00	
771	2.526869e-03	0.000000e+00	0.000000e+00	5.000000e+00	
772	2.553713e-03	0.000000e+00	0.000000e+00	5.000000e+00	
773	2.607400e-03	0.000000e+00	0.000000e+00	5.000000e+00	
774	2.714774e-03	0.000000e+00	0.000000e+00	5.000000e+00	
775	2.874774e-03	0.000000e+00	0.000000e+00	5.000000e+00	
776	3.000000e-03	0.000000e+00	0.000000e+00	5.000000e+00	
777	3.000001e-03	5.000000e-01	5.000000e-01	5.000000e+00	
778	3.000003e-03	1.500000e+00	1.500000e+00	5.000000e+00	
779	3.000005e-03	2.500000e+00	2.500000e+00	5.000000e+00	
780	3.000005e-03	2.505000e+00	2.505000e+00	5.000000e+00	
781	3.000005e-03	2.515000e+00	2.515000e+00	5.000000e+00	
782	3.000005e-03	2.535000e+00	2.535000e+00	5.000000e+00	
783	3.000005e-03	2.550000e+00	2.550000e+00	5.000000e+00	
784	3.000005e-03	2.554000e+00	2.554000e+00	5.000000e+00	
785	3.000005e-03	2.562000e+00	2.562000e+00	5.000000e+00	
786	3.000005e-03	2.578000e+00	2.578000e+00	5.000000e+00	
787	3.000005e-03	2.610000e+00	2.610000e+00	5.000000e+00	
788	3.000005e-03	2.674000e+00	2.674000e+00	5.000000e+00	
789	3.000006e-03	2.802000e+00	2.802000e+00	5.000000e+00	
790	3.000006e-03	3.058000e+00	3.058000e+00	5.000000e+00	
791	3.000007e-03	3.500000e+00	3.500000e+00	5.000000e+00	
792	3.000007e-03	3.505000e+00	3.505000e+00	5.000000e+00	
793	3.000007e-03	3.515000e+00	3.515000e+00	5.000000e+00	
794	3.000007e-03	3.535000e+00	3.535000e+00	5.000000e+00	
795	3.000007e-03	3.550000e+00	3.550000e+00	5.000000e+00	
796	3.000007e-03	3.554000e+00	3.554000e+00	5.000000e+00	
797	3.000007e-03	3.562000e+00	3.562000e+00	5.000000e+00	
798	3.000007e-03	3.578000e+00	3.578000e+00	5.000000e+00	
799	3.000007e-03	3.610000e+00	3.610000e+00	5.000000e+00	
800	3.000007e-03	3.674000e+00	3.674000e+00	5.000000e+00	
801	3.000008e-03	3.802000e+00	3.802000e+00	5.000000e+00	
802	3.000008e-03	3.950000e+00	3.950000e+00	5.000000e+00	
803	3.000008e-03	3.975600e+00	3.975600e+00	5.000000e+00	
804	3.000008e-03	4.000000e+00	4.000000e+00	5.000000e+00	
805	3.000008e-03	4.005120e+00	4.005120e+00	5.000000e+00	
806	3.000008e-03	4.015360e+00	4.015360e+00	5.000000e+00	
807	3.000008e-03	4.035840e+00	4.035840e+00	5.000000e+00	
808	3.000008e-03	4.076800e+00	4.076800e+00	5.000000e+00	

Index   time            a/s             a0              a1              
--------------------------------------------------------------------------------
809	3.000008e-03	4.158720e+00	4.158720e+00	5.000000e+00	
810	3.000009e-03	4.322560e+00	4.322560e+00	5.000000e+00	
811	3.000009e-03	4.450000e+00	4.450000e+00	5.000000e+00	
812	3.000009e-03	4.482768e+00	4.482768e+00	5.000000e+00	
813	3.000009e-03	4.500000e+00	4.500000e+00	5.000000e+00	
814	3.000009e-03	4.505000e+00	4.505000e+00	5.000000e+00	
815	3.000009e-03	4.515000e+00	4.515000e+00	5.000000e+00	
816	3.000009e-03	4.535000e+00	4.535000e+00	5.000000e+00	
817	3.000009e-03	4.550000e+00	4.550000e+00	5.000000e+00	
818	3.000009e-03	4.554000e+00	4.554000e+00	5.000000e+00	
819	3.000009e-03	4.562000e+00	4.562000e+00	5.000000e+00	
820	3.000009e-03	4.578000e+00	4.578000e+00	5.000000e+00	
821	3.000009e-03	4.610000e+00	4.610000e+00	5.000000e+00	
822	3.000009e-03	4.674000e+00	4.674000e+00	5.000000e+00	
823	3.000010e-03	4.802000e+00	4.802000e+00	5.000000e+00	
824	3.000010e-03	5.000000e+00	5.000000e+00	5.000000e+00	
825	3.000010e-03	5.000000e+00	5.000000e+00	4.974400e+00	
826	3.000010e-03	5.000000e+00	5.000000e+00	4.923200e+00	
827	3.000010e-03	5.000000e+00	5.000000e+00	4.820800e+00	
828	3.000011e-03	5.000000e+00	5.000000e+00	4.616000e+00	
829	3.000011e-03	5.000000e+00	5.000000e+00	4.500000e+00	
830	3.000011e-03	5.000000e+00	5.000000e+00	4.495000e+00	
831	3.000011e-03	5.000000e+00	5.000000e+00	4.485000e+00	
832	3.000011e-03	5.000000e+00	5.000000e+00	4.465000e+00	
833	3.000011e-03	5.000000e+00	5.000000e+00	4.450000e+00	
834	3.000011e-03	5.000000e+00	5.000000e+00	4.446000e+00	
835	3.000011e-03	5.000000e+00	5.000000e+00	4.438000e+00	
836	3.000011e-03	5.000000e+00	5.000000e+00	4.422000e+00	
837	3.000011e-03	5.000000e+00	5.000000e+00	4.390000e+00	
838	3.000011e-03	5.000000e+00	5.000000e+00	4.326000e+00	
839	3.000012e-03	5.000000e+00	5.000000e+00	4.198000e+00	
840	3.000012e-03	5.000000e+00	5.000000e+00	3.942000e+00	
841	3.000013e-03	5.000000e+00	5.000000e+00	3.500000e+00	
842	3.000013e-03	5.000000e+00	5.000000e+00	3.495000e+00	
843	3.000013e-03	5.000000e+00	5.000000e+00	3.485000e+00	
844	3.000013e-03	5.000000e+00	5.000000e+00	3.465000e+00	
845	3.000013e-03	5.000000e+00	5.000000e+00	3.450000e+00	
846	3.000013e-03	5.000000e+00	5.000000e+00	3.446000e+00	
847	3.000013e-03	5.000000e+00	5.000000e+00	3.438000e+00	
848	3.000013e-03	5.000000e+00	5.000000e+00	3.422000e+00	
849	3.000013e-03	5.000000e+00	5.000000e+00	3.390000e+00	
850	3.000013e-03	5.000000e+00	5.000000e+00	3.326000e+00	
851	3.000014e-03	5.000000e+00	5.000000e+00	3.198000e+00	
852	3.000014e-03	5.000000e+00	5.000000e+00	2.942000e+00	
853	3.000015e-03	5.000000e+00	5.000000e+00	2.500000e+00	
854	3.000015e-03	5.000000e+00	5.000000e+00	2.495000e+00	
855	3.000015e-03	5.000000e+00	5.000000e+00	2.485000e+00	
856	3.000015e-03	5.000000e+00	5.000000e+00	2.465000e+00	
857	3.000015e-03	5.000000e+00	5.000000e+00	2.450000e+00	
858	3.000015e-03	5.000000e+00	5.000000e+00	2.446000e+00	
859	3.000015e-03	5.000000e+00	5.000000e+00	2.438000e+00	
860	3.000015e-03	5.000000e+00	5.000000e+00	2.422000e+00	
861	3.000015e-03	5.000000e+00	5.000000e+00	2.390000e+00	
862	3.000015e-03	5.000000e+00	5.000000e+00	2.326000e+00	
863	3.000016e-03	5.000000e+00	5.000000e+00	2.198000e+00	
864	3.000016e-03	5.000000e+00	5.000000e+00	1.942000e+00	
865	3.000017e-03	5.000000e+00	5.000000e+00	1.500000e+00	
866	3.000017e-03	5.000000e+00	5.000000e+00	1.495000e+00	

Index   time            a/s             a0              a1              
--------------------------------------------------------------------------------
867	3.000017e-03	5.000000e+00	5.000000e+00	1.485000e+00	
868	3.000017e-03	5.000000e+00	5.000000e+00	1.465000e+00	
869	3.000017e-03	5.000000e+00	5.000000e+00	1.450000e+00	
870	3.000017e-03	5.000000e+00	5.000000e+00	1.446000e+00	
871	3.000017e-03	5.000000e+00	5.000000e+00	1.438000e+00	
872	3.000017e-03	5.000000e+00	5.000000e+00	1.422000e+00	
873	3.000017e-03	5.000000e+00	5.000000e+00	1.390000e+00	
874	3.000017e-03	5.000000e+00	5.000000e+00	1.326000e+00	
875	3.000018e-03	5.000000e+00	5.000000e+00	1.198000e+00	
876	3.000018e-03	5.000000e+00	5.000000e+00	9.420000e-01	
877	3.000019e-03	5.000000e+00	5.000000e+00	4.420000e-01	
878	3.000019e-03	5.000000e+00	5.000000e+00	4.370000e-01	
879	3.000019e-03	5.000000e+00	5.000000e+00	4.270000e-01	
880	3.000019e-03	5.000000e+00	5.000000e+00	4.070000e-01	
881	3.000019e-03	5.000000e+00	5.000000e+00	3.920000e-01	
882	3.000019e-03	5.000000e+00	5.000000e+00	3.880000e-01	
883	3.000019e-03	5.000000e+00	5.000000e+00	3.800000e-01	
884	3.000019e-03	5.000000e+00	5.000000e+00	3.640000e-01	
885	3.000019e-03	5.000000e+00	5.000000e+00	3.320000e-01	
886	3.000019e-03	5.000000e+00	5.000000e+00	2.680000e-01	
887	3.000020e-03	5.000000e+00	5.000000e+00	1.400000e-01	
888	3.000020e-03	5.000000e+00	5.000000e+00	0.000000e+00	
889	3.000020e-03	5.000000e+00	5.000000e+00	0.000000e+00	
890	3.000020e-03	5.000000e+00	5.000000e+00	0.000000e+00	
891	3.000020e-03	5.000000e+00	5.000000e+00	0.000000e+00	
892	3.000021e-03	5.000000e+00	5.000000e+00	0.000000e+00	
893	3.000021e-03	5.000000e+00	5.000000e+00	0.000000e+00	
894	3.000021e-03	5.000000e+00	5.000000e+00	0.000000e+00	
895	3.000021e-03	5.000000e+00	5.000000e+00	0.000000e+00	
896	3.000021e-03	5.000000e+00	5.000000e+00	0.000000e+00	
897	3.000021e-03	5.000000e+00	5.000000e+00	0.000000e+00	
898	3.000021e-03	5.000000e+00	5.000000e+00	0.000000e+00	
899	3.000021e-03	5.000000e+00	5.000000e+00	0.000000e+00	
900	3.000021e-03	5.000000e+00	5.000000e+00	0.000000e+00	
901	3.000021e-03	5.000000e+00	5.000000e+00	0.000000e+00	
902	3.000021e-03	5.000000e+00	5.000000e+00	0.000000e+00	
903	3.000022e-03	5.000000e+00	5.000000e+00	0.000000e+00	
904	3.000022e-03	5.000000e+00	5.000000e+00	0.000000e+00	
905	3.000022e-03	5.000000e+00	5.000000e+00	0.000000e+00	
906	3.000022e-03	5.000000e+00	5.000000e+00	0.000000e+00	
907	3.000022e-03	5.000000e+00	5.000000e+00	0.000000e+00	
908	3.000022e-03	5.000000e+00	5.000000e+00	0.000000e+00	
909	3.000022e-03	5.000000e+00	5.000000e+00	0.000000e+00	
910	3.000022e-03	5.000000e+00	5.000000e+00	0.000000e+00	
911	3.000022e-03	5.000000e+00	5.000000e+00	0.000000e+00	
912	3.000022e-03	5.000000e+00	5.000000e+00	0.000000e+00	
913	3.000022e-03	5.000000e+00	5.000000e+00	0.000000e+00	
914	3.000023e-03	5.000000e+00	5.000000e+00	0.000000e+00	
915	3.000023e-03	5.000000e+00	5.000000e+00	0.000000e+00	
916	3.000023e-03	5.000000e+00	5.000000e+00	0.000000e+00	
917	3.000023e-03	5.000000e+00	5.000000e+00	0.000000e+00	
918	3.000023e-03	5.000000e+00	5.000000e+00	0.000000e+00	
919	3.000023e-03	5.000000e+00	5.000000e+00	0.000000e+00	
920	3.000023e-03	5.000000e+00	5.000000e+00	0.000000e+00	
921	3.000023e-03	5.000000e+00	5.000000e+00	0.000000e+00	
922	3.000023e-03	5.000000e+00	5.000000e+00	0.000000e+00	
923	3.000023e-03	5.000000e+00	5.000000e+00	0.000000e+00	
924	3.000023e-03	5.000000e+00	5.000000e+00	0.000000e+00	

Index   time            a/s             a0              a1              
--------------------------------------------------------------------------------
925	3.000024e-03	5.000000e+00	5.000000e+00	0.000000e+00	
926	3.000024e-03	5.000000e+00	5.000000e+00	0.000000e+00	
927	3.000024e-03	5.000000e+00	5.000000e+00	0.000000e+00	
928	3.000024e-03	5.000000e+00	5.000000e+00	0.000000e+00	
929	3.000024e-03	5.000000e+00	5.000000e+00	0.000000e+00	
930	3.000024e-03	5.000000e+00	5.000000e+00	0.000000e+00	
931	3.000024e-03	5.000000e+00	5.000000e+00	0.000000e+00	
932	3.000024e-03	5.000000e+00	5.000000e+00	0.000000e+00	
933	3.000024e-03	5.000000e+00	5.000000e+00	0.000000e+00	
934	3.000024e-03	5.000000e+00	5.000000e+00	0.000000e+00	
935	3.000024e-03	5.000000e+00	5.000000e+00	0.000000e+00	
936	3.000025e-03	5.000000e+00	5.000000e+00	0.000000e+00	
937	3.000025e-03	5.000000e+00	5.000000e+00	0.000000e+00	
938	3.000026e-03	5.000000e+00	5.000000e+00	0.000000e+00	
939	3.000026e-03	5.000000e+00	5.000000e+00	0.000000e+00	
940	3.000026e-03	5.000000e+00	5.000000e+00	0.000000e+00	
941	3.000026e-03	5.000000e+00	5.000000e+00	0.000000e+00	
942	3.000026e-03	5.000000e+00	5.000000e+00	0.000000e+00	
943	3.000026e-03	5.000000e+00	5.000000e+00	0.000000e+00	
944	3.000026e-03	5.000000e+00	5.000000e+00	0.000000e+00	
945	3.000026e-03	5.000000e+00	5.000000e+00	0.000000e+00	
946	3.000026e-03	5.000000e+00	5.000000e+00	0.000000e+00	
947	3.000026e-03	5.000000e+00	5.000000e+00	0.000000e+00	
948	3.000027e-03	5.000000e+00	5.000000e+00	0.000000e+00	
949	3.000027e-03	5.000000e+00	5.000000e+00	0.000000e+00	
950	3.000028e-03	5.000000e+00	5.000000e+00	0.000000e+00	
951	3.000028e-03	5.000000e+00	5.000000e+00	0.000000e+00	
952	3.000028e-03	5.000000e+00	5.000000e+00	0.000000e+00	
953	3.000028e-03	5.000000e+00	5.000000e+00	0.000000e+00	
954	3.000028e-03	5.000000e+00	5.000000e+00	0.000000e+00	
955	3.000028e-03	5.000000e+00	5.000000e+00	0.000000e+00	
956	3.000028e-03	5.000000e+00	5.000000e+00	0.000000e+00	
957	3.000028e-03	5.000000e+00	5.000000e+00	0.000000e+00	
958	3.000028e-03	5.000000e+00	5.000000e+00	0.000000e+00	
959	3.000028e-03	5.000000e+00	5.000000e+00	0.000000e+00	
960	3.000029e-03	5.000000e+00	5.000000e+00	0.000000e+00	
961	3.000029e-03	5.000000e+00	5.000000e+00	0.000000e+00	
962	3.000030e-03	5.000000e+00	5.000000e+00	0.000000e+00	
963	3.000032e-03	5.000000e+00	5.000000e+00	0.000000e+00	
964	3.000036e-03	5.000000e+00	5.000000e+00	0.000000e+00	
965	3.000045e-03	5.000000e+00	5.000000e+00	0.000000e+00	
966	3.000061e-03	5.000000e+00	5.000000e+00	0.000000e+00	
967	3.000094e-03	5.000000e+00	5.000000e+00	0.000000e+00	
968	3.000159e-03	5.000000e+00	5.000000e+00	0.000000e+00	
969	3.000290e-03	5.000000e+00	5.000000e+00	0.000000e+00	
970	3.000552e-03	5.000000e+00	5.000000e+00	0.000000e+00	
971	3.001077e-03	5.000000e+00	5.000000e+00	0.000000e+00	
972	3.002125e-03	5.000000e+00	5.000000e+00	0.000000e+00	
973	3.004223e-03	5.000000e+00	5.000000e+00	0.000000e+00	
974	3.008417e-03	5.000000e+00	5.000000e+00	0.000000e+00	
975	3.016805e-03	5.000000e+00	5.000000e+00	0.000000e+00	
976	3.033583e-03	5.000000e+00	5.000000e+00	0.000000e+00	
977	3.067137e-03	5.000000e+00	5.000000e+00	0.000000e+00	
978	3.134246e-03	5.000000e+00	5.000000e+00	0.000000e+00	
979	3.268464e-03	5.000000e+00	5.000000e+00	0.000000e+00	
980	3.428464e-03	5.000000e+00	5.000000e+00	0.000000e+00	
981	3.500010e-03	5.000000e+00	5.000000e+00	0.000000e+00	
982	3.500011e-03	4.500000e+00	4.500000e+00	0.000000e+00	

Index   time            a/s             a0              a1              
--------------------------------------------------------------------------------
983	3.500013e-03	3.500000e+00	3.500000e+00	0.000000e+00	
984	3.500017e-03	1.500000e+00	1.500000e+00	0.000000e+00	
985	3.500019e-03	5.000000e-01	5.000000e-01	0.000000e+00	
986	3.500019e-03	4.950000e-01	4.950000e-01	0.000000e+00	
987	3.500019e-03	4.850000e-01	4.850000e-01	0.000000e+00	
988	3.500019e-03	4.650000e-01	4.650000e-01	0.000000e+00	
989	3.500019e-03	4.500000e-01	4.500000e-01	0.000000e+00	
990	3.500019e-03	4.460000e-01	4.460000e-01	0.000000e+00	
991	3.500019e-03	4.380000e-01	4.380000e-01	0.000000e+00	
992	3.500019e-03	4.220000e-01	4.220000e-01	0.000000e+00	
993	3.500019e-03	3.900000e-01	3.900000e-01	0.000000e+00	
994	3.500019e-03	3.260000e-01	3.260000e-01	0.000000e+00	
995	3.500020e-03	1.980000e-01	1.980000e-01	0.000000e+00	
996	3.500020e-03	0.000000e+00	0.000000e+00	0.000000e+00	
997	3.500020e-03	0.000000e+00	0.000000e+00	0.000000e+00	
998	3.500020e-03	0.000000e+00	0.000000e+00	0.000000e+00	
999	3.500020e-03	0.000000e+00	0.000000e+00	0.000000e+00	
1000	3.500021e-03	0.000000e+00	0.000000e+00	0.000000e+00	
1001	3.500021e-03	0.000000e+00	0.000000e+00	0.000000e+00	
1002	3.500021e-03	0.000000e+00	0.000000e+00	0.000000e+00	
1003	3.500021e-03	0.000000e+00	0.000000e+00	0.000000e+00	
1004	3.500021e-03	0.000000e+00	0.000000e+00	0.000000e+00	
1005	3.500021e-03	0.000000e+00	0.000000e+00	0.000000e+00	
1006	3.500021e-03	0.000000e+00	0.000000e+00	0.000000e+00	
1007	3.500021e-03	0.000000e+00	0.000000e+00	0.000000e+00	
1008	3.500021e-03	0.000000e+00	0.000000e+00	0.000000e+00	
1009	3.500021e-03	0.000000e+00	0.000000e+00	0.000000e+00	
1010	3.500021e-03	0.000000e+00	0.000000e+00	0.000000e+00	
1011	3.500022e-03	0.000000e+00	0.000000e+00	0.000000e+00	
1012	3.500022e-03	0.000000e+00	0.000000e+00	0.000000e+00	
1013	3.500023e-03	0.000000e+00	0.000000e+00	0.000000e+00	
1014	3.500023e-03	0.000000e+00	0.000000e+00	0.000000e+00	
1015	3.500023e-03	0.000000e+00	0.000000e+00	0.000000e+00	
1016	3.500023e-03	0.000000e+00	0.000000e+00	0.000000e+00	
1017	3.500023e-03	0.000000e+00	0.000000e+00	0.000000e+00	
1018	3.500023e-03	0.000000e+00	0.000000e+00	0.000000e+00	
1019	3.500023e-03	0.000000e+00	0.000000e+00	0.000000e+00	
1020	3.500023e-03	0.000000e+00	0.000000e+00	0.000000e+00	
1021	3.500023e-03	0.000000e+00	0.000000e+00	0.000000e+00	
1022	3.500023e-03	0.000000e+00	0.000000e+00	0.000000e+00	
1023	3.500024e-03	0.000000e+00	0.000000e+00	0.000000e+00	
1024	3.500024e-03	0.000000e+00	0.000000e+00	0.000000e+00	
1025	3.500025e-03	0.000000e+00	0.000000e+00	0.000000e+00	
1026	3.500025e-03	0.000000e+00	0.000000e+00	0.000000e+00	
1027	3.500025e-03	0.000000e+00	0.000000e+00	0.000000e+00	
1028	3.500025e-03	0.000000e+00	0.000000e+00	0.000000e+00	
1029	3.500025e-03	0.000000e+00	0.000000e+00	0.000000e+00	
1030	3.500025e-03	0.000000e+00	0.000000e+00	0.000000e+00	
1031	3.500025e-03	0.000000e+00	0.000000e+00	0.000000e+00	
1032	3.500025e-03	0.000000e+00	0.000000e+00	0.000000e+00	
1033	3.500025e-03	0.000000e+00	0.000000e+00	0.000000e+00	
1034	3.500025e-03	0.000000e+00	0.000000e+00	0.000000e+00	
1035	3.500026e-03	0.000000e+00	0.000000e+00	0.000000e+00	
1036	3.500026e-03	0.000000e+00	0.000000e+00	0.000000e+00	
1037	3.500026e-03	0.000000e+00	0.000000e+00	0.000000e+00	
1038	3.500026e-03	0.000000e+00	0.000000e+00	0.000000e+00	
1039	3.500026e-03	0.000000e+00	0.000000e+00	0.000000e+00	
1040	3.500027e-03	0.000000e+00	0.000000e+00	0.000000e+00	

Index   time            a/s             a0              a1              
--------------------------------------------------------------------------------
1041	3.500027e-03	0.000000e+00	0.000000e+00	0.000000e+00	
1042	3.500029e-03	0.000000e+00	0.000000e+00	0.000000e+00	
1043	3.500032e-03	0.000000e+00	0.000000e+00	0.000000e+00	
1044	3.500039e-03	0.000000e+00	0.000000e+00	0.000000e+00	
1045	3.500052e-03	0.000000e+00	0.000000e+00	0.000000e+00	
1046	3.500078e-03	0.000000e+00	0.000000e+00	0.000000e+00	
1047	3.500131e-03	0.000000e+00	0.000000e+00	0.000000e+00	
1048	3.500236e-03	0.000000e+00	0.000000e+00	0.000000e+00	
1049	3.500445e-03	0.000000e+00	0.000000e+00	0.000000e+00	
1050	3.500865e-03	0.000000e+00	0.000000e+00	0.000000e+00	
1051	3.501704e-03	0.000000e+00	0.000000e+00	0.000000e+00	
1052	3.503381e-03	0.000000e+00	0.000000e+00	0.000000e+00	
1053	3.506737e-03	0.000000e+00	0.000000e+00	0.000000e+00	
1054	3.513448e-03	0.000000e+00	0.000000e+00	0.000000e+00	
1055	3.526869e-03	0.000000e+00	0.000000e+00	0.000000e+00	
1056	3.553713e-03	0.000000e+00	0.000000e+00	0.000000e+00	
1057	3.607400e-03	0.000000e+00	0.000000e+00	0.000000e+00	
1058	3.714774e-03	0.000000e+00	0.000000e+00	0.000000e+00	
1059	3.874774e-03	0.000000e+00	0.000000e+00	0.000000e+00	
1060	4.000000e-03	0.000000e+00	0.000000e+00	0.000000e+00	
1061	4.000001e-03	5.000000e-01	5.000000e-01	5.000000e-01	
1062	4.000003e-03	1.500000e+00	1.500000e+00	1.500000e+00	
1063	4.000005e-03	2.500000e+00	2.500000e+00	2.500000e+00	
1064	4.000005e-03	2.505000e+00	2.505000e+00	2.505000e+00	
1065	4.000005e-03	2.515000e+00	2.515000e+00	2.515000e+00	
1066	4.000005e-03	2.535000e+00	2.535000e+00	2.535000e+00	
1067	4.000005e-03	2.550000e+00	2.550000e+00	2.550000e+00	
1068	4.000005e-03	2.554000e+00	2.554000e+00	2.554000e+00	
1069	4.000005e-03	2.562000e+00	2.562000e+00	2.562000e+00	
1070	4.000005e-03	2.578000e+00	2.578000e+00	2.578000e+00	
1071	4.000005e-03	2.610000e+00	2.610000e+00	2.610000e+00	
1072	4.000005e-03	2.674000e+00	2.674000e+00	2.674000e+00	
1073	4.000006e-03	2.802000e+00	2.802000e+00	2.802000e+00	
1074	4.000006e-03	3.000000e+00	3.000000e+00	3.000000e+00	
1075	4.000006e-03	3.005000e+00	3.005000e+00	3.005000e+00	
1076	4.000006e-03	3.015000e+00	3.015000e+00	3.015000e+00	
1077	4.000006e-03	3.035000e+00	3.035000e+00	3.035000e+00	
1078	4.000006e-03	3.050000e+00	3.050000e+00	3.050000e+00	
1079	4.000006e-03	3.054000e+00	3.054000e+00	3.054000e+00	
1080	4.000006e-03	3.062000e+00	3.062000e+00	3.062000e+00	
1081	4.000006e-03	3.078000e+00	3.078000e+00	3.078000e+00	
1082	4.000006e-03	3.110000e+00	3.110000e+00	3.110000e+00	
1083	4.000006e-03	3.174000e+00	3.174000e+00	3.174000e+00	
1084	4.000007e-03	3.302000e+00	3.302000e+00	3.302000e+00	
1085	4.000007e-03	3.500000e+00	3.500000e+00	3.500000e+00	
1086	4.000007e-03	3.505000e+00	3.505000e+00	3.505000e+00	
1087	4.000007e-03	3.515000e+00	3.515000e+00	3.515000e+00	
1088	4.000007e-03	3.535000e+00	3.535000e+00	3.535000e+00	
1089	4.000007e-03	3.550000e+00	3.550000e+00	3.550000e+00	
1090	4.000007e-03	3.554000e+00	3.554000e+00	3.554000e+00	
1091	4.000007e-03	3.562000e+00	3.562000e+00	3.562000e+00	
1092	4.000007e-03	3.578000e+00	3.578000e+00	3.578000e+00	
1093	4.000007e-03	3.610000e+00	3.610000e+00	3.610000e+00	
1094	4.000007e-03	3.674000e+00	3.674000e+00	3.674000e+00	
1095	4.000008e-03	3.802000e+00	3.802000e+00	3.802000e+00	
1096	4.000008e-03	4.000000e+00	4.000000e+00	4.000000e+00	
1097	4.000008e-03	4.025600e+00	4.025600e+00	4.025600e+00	
1098	4.000008e-03	4.076800e+00	4.076800e+00	4.076800e+00	

Index   time            a/s             a0              a1              
--------------------------------------------------------------------------------
1099	4.000008e-03	4.179200e+00	4.179200e+00	4.179200e+00	
1100	4.000009e-03	4.384000e+00	4.384000e+00	4.384000e+00	
1101	4.000009e-03	4.450000e+00	4.450000e+00	4.450000e+00	
1102	4.000009e-03	4.490960e+00	4.490960e+00	4.490960e+00	
1103	4.000009e-03	4.500000e+00	4.500000e+00	4.500000e+00	
1104	4.000009e-03	4.505000e+00	4.505000e+00	4.505000e+00	
1105	4.000009e-03	4.515000e+00	4.515000e+00	4.515000e+00	
1106	4.000009e-03	4.535000e+00	4.535000e+00	4.535000e+00	
1107	4.000009e-03	4.550000e+00	4.550000e+00	4.550000e+00	
1108	4.000009e-03	4.554000e+00	4.554000e+00	4.554000e+00	
1109	4.000009e-03	4.562000e+00	4.562000e+00	4.562000e+00	
1110	4.000009e-03	4.578000e+00	4.578000e+00	4.578000e+00	
1111	4.000009e-03	4.610000e+00	4.610000e+00	4.610000e+00	
1112	4.000009e-03	4.674000e+00	4.674000e+00	4.674000e+00	
1113	4.000010e-03	4.802000e+00	4.802000e+00	4.802000e+00	
1114	4.000010e-03	5.000000e+00	5.000000e+00	5.000000e+00	
1115	4.000010e-03	5.000000e+00	5.000000e+00	5.000000e+00	
1116	4.000010e-03	5.000000e+00	5.000000e+00	5.000000e+00	
1117	4.000010e-03	5.000000e+00	5.000000e+00	5.000000e+00	
1118	4.000011e-03	5.000000e+00	5.000000e+00	5.000000e+00	
1119	4.000011e-03	5.000000e+00	5.000000e+00	5.000000e+00	
1120	4.000011e-03	5.000000e+00	5.000000e+00	5.000000e+00	
1121	4.000011e-03	5.000000e+00	5.000000e+00	5.000000e+00	
1122	4.000011e-03	5.000000e+00	5.000000e+00	5.000000e+00	
1123	4.000011e-03	5.000000e+00	5.000000e+00	5.000000e+00	
1124	4.000011e-03	5.000000e+00	5.000000e+00	5.000000e+00	
1125	4.000011e-03	5.000000e+00	5.000000e+00	5.000000e+00	
1126	4.000011e-03	5.000000e+00	5.000000e+00	5.000000e+00	
1127	4.000011e-03	5.000000e+00	5.000000e+00	5.000000e+00	
1128	4.000011e-03	5.000000e+00	5.000000e+00	5.000000e+00	
1129	4.000012e-03	5.000000e+00	5.000000e+00	5.000000e+00	
1130	4.000012e-03	5.000000e+00	5.000000e+00	5.000000e+00	
1131	4.000013e-03	5.000000e+00	5.000000e+00	5.000000e+00	
1132	4.000013e-03	5.000000e+00	5.000000e+00	5.000000e+00	
1133	4.000013e-03	5.000000e+00	5.000000e+00	5.000000e+00	
1134	4.000013e-03	5.000000e+00	5.000000e+00	5.000000e+00	
1135	4.000013e-03	5.000000e+00	5.000000e+00	5.000000e+00	
1136	4.000013e-03	5.000000e+00	5.000000e+00	5.000000e+00	
1137	4.000013e-03	5.000000e+00	5.000000e+00	5.000000e+00	
1138	4.000013e-03	5.000000e+00	5.000000e+00	5.000000e+00	
1139	4.000013e-03	5.000000e+00	5.000000e+00	5.000000e+00	
1140	4.000013e-03	5.000000e+00	5.000000e+00	5.000000e+00	
1141	4.000014e-03	5.000000e+00	5.000000e+00	5.000000e+00	
1142	4.000014e-03	5.000000e+00	5.000000e+00	5.000000e+00	
1143	4.000015e-03	5.000000e+00	5.000000e+00	5.000000e+00	
1144	4.000015e-03	5.000000e+00	5.000000e+00	5.000000e+00	
1145	4.000015e-03	5.000000e+00	5.000000e+00	5.000000e+00	
1146	4.000015e-03	5.000000e+00	5.000000e+00	5.000000e+00	
1147	4.000015e-03	5.000000e+00	5.000000e+00	5.000000e+00	
1148	4.000015e-03	5.000000e+00	5.000000e+00	5.000000e+00	
1149	4.000015e-03	5.000000e+00	5.000000e+00	5.000000e+00	
1150	4.000015e-03	5.000000e+00	5.000000e+00	5.000000e+00	
1151	4.000015e-03	5.000000e+00	5.000000e+00	5.000000e+00	
1152	4.000015e-03	5.000000e+00	5.000000e+00	5.000000e+00	
1153	4.000016e-03	5.000000e+00	5.000000e+00	5.000000e+00	
1154	4.000016e-03	5.000000e+00	5.000000e+00	5.000000e+00	
1155	4.000017e-03	5.000000e+00	5.000000e+00	5.000000e+00	
1156	4.000017e-03	5.000000e+00	5.000000e+00	5.000000e+00	

Index   time            a/s             a0              a1              
--------------------------------------------------------------------------------
1157	4.000017e-03	5.000000e+00	5.000000e+00	5.000000e+00	
1158	4.000017e-03	5.000000e+00	5.000000e+00	5.000000e+00	
1159	4.000017e-03	5.000000e+00	5.000000e+00	5.000000e+00	
1160	4.000017e-03	5.000000e+00	5.000000e+00	5.000000e+00	
1161	4.000017e-03	5.000000e+00	5.000000e+00	5.000000e+00	
1162	4.000017e-03	5.000000e+00	5.000000e+00	5.000000e+00	
1163	4.000017e-03	5.000000e+00	5.000000e+00	5.000000e+00	
1164	4.000017e-03	5.000000e+00	5.000000e+00	5.000000e+00	
1165	4.000018e-03	5.000000e+00	5.000000e+00	5.000000e+00	
1166	4.000018e-03	5.000000e+00	5.000000e+00	5.000000e+00	
1167	4.000019e-03	5.000000e+00	5.000000e+00	5.000000e+00	
1168	4.000019e-03	5.000000e+00	5.000000e+00	5.000000e+00	
1169	4.000019e-03	5.000000e+00	5.000000e+00	5.000000e+00	
1170	4.000019e-03	5.000000e+00	5.000000e+00	5.000000e+00	
1171	4.000019e-03	5.000000e+00	5.000000e+00	5.000000e+00	
1172	4.000019e-03	5.000000e+00	5.000000e+00	5.000000e+00	
1173	4.000019e-03	5.000000e+00	5.000000e+00	5.000000e+00	
1174	4.000019e-03	5.000000e+00	5.000000e+00	5.000000e+00	
1175	4.000019e-03	5.000000e+00	5.000000e+00	5.000000e+00	
1176	4.000019e-03	5.000000e+00	5.000000e+00	5.000000e+00	
1177	4.000020e-03	5.000000e+00	5.000000e+00	5.000000e+00	
1178	4.000020e-03	5.000000e+00	5.000000e+00	5.000000e+00	
1179	4.000020e-03	5.000000e+00	5.000000e+00	5.000000e+00	
1180	4.000020e-03	5.000000e+00	5.000000e+00	5.000000e+00	
1181	4.000020e-03	5.000000e+00	5.000000e+00	5.000000e+00	
1182	4.000021e-03	5.000000e+00	5.000000e+00	5.000000e+00	
1183	4.000021e-03	5.000000e+00	5.000000e+00	5.000000e+00	
1184	4.000021e-03	5.000000e+00	5.000000e+00	5.000000e+00	
1185	4.000021e-03	5.000000e+00	5.000000e+00	5.000000e+00	
1186	4.000021e-03	5.000000e+00	5.000000e+00	5.000000e+00	
1187	4.000021e-03	5.000000e+00	5.000000e+00	5.000000e+00	
1188	4.000021e-03	5.000000e+00	5.000000e+00	5.000000e+00	
1189	4.000021e-03	5.000000e+00	5.000000e+00	5.000000e+00	
1190	4.000021e-03	5.000000e+00	5.000000e+00	5.000000e+00	
1191	4.000021e-03	5.000000e+00	5.000000e+00	5.000000e+00	
1192	4.000021e-03	5.000000e+00	5.000000e+00	5.000000e+00	
1193	4.000022e-03	5.000000e+00	5.000000e+00	5.000000e+00	
1194	4.000022e-03	5.000000e+00	5.000000e+00	5.000000e+00	
1195	4.000022e-03	5.000000e+00	5.000000e+00	5.000000e+00	
1196	4.000022e-03	5.000000e+00	5.000000e+00	5.000000e+00	
1197	4.000022e-03	5.000000e+00	5.000000e+00	5.000000e+00	
1198	4.000022e-03	5.000000e+00	5.000000e+00	5.000000e+00	
1199	4.000022e-03	5.000000e+00	5.000000e+00	5.000000e+00	
1200	4.000022e-03	5.000000e+00	5.000000e+00	5.000000e+00	
1201	4.000022e-03	5.000000e+00	5.000000e+00	5.000000e+00	
1202	4.000022e-03	5.000000e+00	5.000000e+00	5.000000e+00	
1203	4.000022e-03	5.000000e+00	5.000000e+00	5.000000e+00	
1204	4.000023e-03	5.000000e+00	5.000000e+00	5.000000e+00	
1205	4.000023e-03	5.000000e+00	5.000000e+00	5.000000e+00	
1206	4.000024e-03	5.000000e+00	5.000000e+00	5.000000e+00	
1207	4.000024e-03	5.000000e+00	5.000000e+00	5.000000e+00	
1208	4.000024e-03	5.000000e+00	5.000000e+00	5.000000e+00	
1209	4.000024e-03	5.000000e+00	5.000000e+00	5.000000e+00	
1210	4.000024e-03	5.000000e+00	5.000000e+00	5.000000e+00	
1211	4.000024e-03	5.000000e+00	5.000000e+00	5.000000e+00	
1212	4.000024e-03	5.000000e+00	5.000000e+00	5.000000e+00	
1213	4.000024e-03	5.000000e+00	5.000000e+00	5.000000e+00	
1214	4.000024e-03	5.000000e+00	5.000000e+00	5.000000e+00	

Index   time            a/s             a0              a1              
--------------------------------------------------------------------------------
1215	4.000024e-03	5.000000e+00	5.000000e+00	5.000000e+00	
1216	4.000025e-03	5.000000e+00	5.000000e+00	5.000000e+00	
1217	4.000025e-03	5.000000e+00	5.000000e+00	5.000000e+00	
1218	4.000026e-03	5.000000e+00	5.000000e+00	5.000000e+00	
1219	4.000028e-03	5.000000e+00	5.000000e+00	5.000000e+00	
1220	4.000032e-03	5.000000e+00	5.000000e+00	5.000000e+00	
1221	4.000041e-03	5.000000e+00	5.000000e+00	5.000000e+00	
1222	4.000057e-03	5.000000e+00	5.000000e+00	5.000000e+00	
1223	4.000090e-03	5.000000e+00	5.000000e+00	5.000000e+00	
1224	4.000155e-03	5.000000e+00	5.000000e+00	5.000000e+00	
1225	4.000286e-03	5.000000e+00	5.000000e+00	5.000000e+00	
1226	4.000548e-03	5.000000e+00	5.000000e+00	5.000000e+00	
1227	4.001073e-03	5.000000e+00	5.000000e+00	5.000000e+00	
1228	4.002121e-03	5.000000e+00	5.000000e+00	5.000000e+00	
1229	4.004219e-03	5.000000e+00	5.000000e+00	5.000000e+00	
1230	4.008413e-03	5.000000e+00	5.000000e+00	5.000000e+00	
1231	4.016801e-03	5.000000e+00	5.000000e+00	5.000000e+00	
1232	4.033579e-03	5.000000e+00	5.000000e+00	5.000000e+00	
1233	4.067133e-03	5.000000e+00	5.000000e+00	5.000000e+00	
1234	4.134242e-03	5.000000e+00	5.000000e+00	5.000000e+00	
1235	4.268460e-03	5.000000e+00	5.000000e+00	5.000000e+00	
1236	4.428460e-03	5.000000e+00	5.000000e+00	5.000000e+00	
1237	4.500010e-03	5.000000e+00	5.000000e+00	5.000000e+00	
1238	4.500011e-03	4.500000e+00	4.500000e+00	5.000000e+00	
1239	4.500013e-03	3.500000e+00	3.500000e+00	5.000000e+00	
1240	4.500017e-03	1.500000e+00	1.500000e+00	5.000000e+00	
1241	4.500019e-03	5.000000e-01	5.000000e-01	5.000000e+00	
1242	4.500019e-03	4.950000e-01	4.950000e-01	5.000000e+00	
1243	4.500019e-03	4.850000e-01	4.850000e-01	5.000000e+00	
1244	4.500019e-03	4.650000e-01	4.650000e-01	5.000000e+00	
1245	4.500019e-03	4.500000e-01	4.500000e-01	5.000000e+00	
1246	4.500019e-03	4.460000e-01	4.460000e-01	5.000000e+00	
1247	4.500019e-03	4.380000e-01	4.380000e-01	5.000000e+00	
1248	4.500019e-03	4.220000e-01	4.220000e-01	5.000000e+00	
1249	4.500019e-03	3.900000e-01	3.900000e-01	5.000000e+00	
1250	4.500019e-03	3.260000e-01	3.260000e-01	5.000000e+00	
1251	4.500020e-03	1.980000e-01	1.980000e-01	5.000000e+00	
1252	4.500020e-03	0.000000e+00	0.000000e+00	5.000000e+00	
1253	4.500020e-03	0.000000e+00	0.000000e+00	5.000000e+00	
1254	4.500020e-03	0.000000e+00	0.000000e+00	5.000000e+00	
1255	4.500020e-03	0.000000e+00	0.000000e+00	5.000000e+00	
1256	4.500021e-03	0.000000e+00	0.000000e+00	5.000000e+00	
1257	4.500021e-03	0.000000e+00	0.000000e+00	5.000000e+00	
1258	4.500021e-03	0.000000e+00	0.000000e+00	5.000000e+00	
1259	4.500021e-03	0.000000e+00	0.000000e+00	5.000000e+00	
1260	4.500021e-03	0.000000e+00	0.000000e+00	5.000000e+00	
1261	4.500021e-03	0.000000e+00	0.000000e+00	5.000000e+00	
1262	4.500021e-03	0.000000e+00	0.000000e+00	5.000000e+00	
1263	4.500021e-03	0.000000e+00	0.000000e+00	5.000000e+00	
1264	4.500021e-03	0.000000e+00	0.000000e+00	5.000000e+00	
1265	4.500021e-03	0.000000e+00	0.000000e+00	5.000000e+00	
1266	4.500021e-03	0.000000e+00	0.000000e+00	5.000000e+00	
1267	4.500022e-03	0.000000e+00	0.000000e+00	5.000000e+00	
1268	4.500022e-03	0.000000e+00	0.000000e+00	5.000000e+00	
1269	4.500023e-03	0.000000e+00	0.000000e+00	5.000000e+00	
1270	4.500023e-03	0.000000e+00	0.000000e+00	5.000000e+00	
1271	4.500023e-03	0.000000e+00	0.000000e+00	5.000000e+00	
1272	4.500023e-03	0.000000e+00	0.000000e+00	5.000000e+00	

Index   time            a/s             a0              a1              
--------------------------------------------------------------------------------
1273	4.500023e-03	0.000000e+00	0.000000e+00	5.000000e+00	
1274	4.500023e-03	0.000000e+00	0.000000e+00	5.000000e+00	
1275	4.500023e-03	0.000000e+00	0.000000e+00	5.000000e+00	
1276	4.500023e-03	0.000000e+00	0.000000e+00	5.000000e+00	
1277	4.500023e-03	0.000000e+00	0.000000e+00	5.000000e+00	
1278	4.500023e-03	0.000000e+00	0.000000e+00	5.000000e+00	
1279	4.500024e-03	0.000000e+00	0.000000e+00	5.000000e+00	
1280	4.500024e-03	0.000000e+00	0.000000e+00	5.000000e+00	
1281	4.500024e-03	0.000000e+00	0.000000e+00	5.000000e+00	
1282	4.500024e-03	0.000000e+00	0.000000e+00	5.000000e+00	
1283	4.500024e-03	0.000000e+00	0.000000e+00	5.000000e+00	
1284	4.500025e-03	0.000000e+00	0.000000e+00	5.000000e+00	
1285	4.500025e-03	0.000000e+00	0.000000e+00	5.000000e+00	
1286	4.500025e-03	0.000000e+00	0.000000e+00	5.000000e+00	
1287	4.500025e-03	0.000000e+00	0.000000e+00	5.000000e+00	
1288	4.500025e-03	0.000000e+00	0.000000e+00	5.000000e+00	
1289	4.500025e-03	0.000000e+00	0.000000e+00	5.000000e+00	
1290	4.500025e-03	0.000000e+00	0.000000e+00	5.000000e+00	
1291	4.500025e-03	0.000000e+00	0.000000e+00	5.000000e+00	
1292	4.500026e-03	0.000000e+00	0.000000e+00	5.000000e+00	
1293	4.500026e-03	0.000000e+00	0.000000e+00	5.000000e+00	
1294	4.500026e-03	0.000000e+00	0.000000e+00	5.000000e+00	
1295	4.500026e-03	0.000000e+00	0.000000e+00	5.000000e+00	
1296	4.500026e-03	0.000000e+00	0.000000e+00	5.000000e+00	
1297	4.500027e-03	0.000000e+00	0.000000e+00	5.000000e+00	
1298	4.500028e-03	0.000000e+00	0.000000e+00	5.000000e+00	
1299	4.500029e-03	0.000000e+00	0.000000e+00	5.000000e+00	
1300	4.500033e-03	0.000000e+00	0.000000e+00	5.000000e+00	
1301	4.500039e-03	0.000000e+00	0.000000e+00	5.000000e+00	
1302	4.500053e-03	0.000000e+00	0.000000e+00	5.000000e+00	
1303	4.500080e-03	0.000000e+00	0.000000e+00	5.000000e+00	
1304	4.500133e-03	0.000000e+00	0.000000e+00	5.000000e+00	
1305	4.500241e-03	0.000000e+00	0.000000e+00	5.000000e+00	
1306	4.500455e-03	0.000000e+00	0.000000e+00	5.000000e+00	
1307	4.500885e-03	0.000000e+00	0.000000e+00	5.000000e+00	
1308	4.501744e-03	0.000000e+00	0.000000e+00	5.000000e+00	
1309	4.503462e-03	0.000000e+00	0.000000e+00	5.000000e+00	
1310	4.506898e-03	0.000000e+00	0.000000e+00	5.000000e+00	
1311	4.513770e-03	0.000000e+00	0.000000e+00	5.000000e+00	
1312	4.527514e-03	0.000000e+00	0.000000e+00	5.000000e+00	
1313	4.555001e-03	0.000000e+00	0.000000e+00	5.000000e+00	
1314	4.609977e-03	0.000000e+00	0.000000e+00	5.000000e+00	
1315	4.719928e-03	0.000000e+00	0.000000e+00	5.000000e+00	
1316	4.879928e-03	0.000000e+00	0.000000e+00	5.000000e+00	
1317	5.000000e-03	0.000000e+00	0.000000e+00	5.000000e+00	
1318	5.000001e-03	5.000000e-01	5.000000e-01	5.000000e+00	
1319	5.000003e-03	1.500000e+00	1.500000e+00	5.000000e+00	
1320	5.000005e-03	2.500000e+00	2.500000e+00	5.000000e+00	
1321	5.000005e-03	2.505000e+00	2.505000e+00	5.000000e+00	
1322	5.000005e-03	2.515000e+00	2.515000e+00	5.000000e+00	
1323	5.000005e-03	2.535000e+00	2.535000e+00	5.000000e+00	
1324	5.000005e-03	2.550000e+00	2.550000e+00	5.000000e+00	
1325	5.000005e-03	2.554000e+00	2.554000e+00	5.000000e+00	
1326	5.000005e-03	2.562000e+00	2.562000e+00	5.000000e+00	
1327	5.000005e-03	2.578000e+00	2.578000e+00	5.000000e+00	
1328	5.000005e-03	2.610000e+00	2.610000e+00	5.000000e+00	
1329	5.000005e-03	2.674000e+00	2.674000e+00	5.000000e+00	
1330	5.000006e-03	2.802000e+00	2.802000e+00	5.000000e+00	

Index   time            a/s             a0              a1              
--------------------------------------------------------------------------------
1331	5.000006e-03	3.058000e+00	3.058000e+00	5.000000e+00	
1332	5.000007e-03	3.500000e+00	3.500000e+00	5.000000e+00	
1333	5.000007e-03	3.505000e+00	3.505000e+00	5.000000e+00	
1334	5.000007e-03	3.515000e+00	3.515000e+00	5.000000e+00	
1335	5.000007e-03	3.535000e+00	3.535000e+00	5.000000e+00	
1336	5.000007e-03	3.550000e+00	3.550000e+00	5.000000e+00	
1337	5.000007e-03	3.554000e+00	3.554000e+00	5.000000e+00	
1338	5.000007e-03	3.562000e+00	3.562000e+00	5.000000e+00	
1339	5.000007e-03	3.578000e+00	3.578000e+00	5.000000e+00	
1340	5.000007e-03	3.610000e+00	3.610000e+00	5.000000e+00	
1341	5.000007e-03	3.674000e+00	3.674000e+00	5.000000e+00	
1342	5.000008e-03	3.802000e+00	3.802000e+00	5.000000e+00	
1343	5.000008e-03	3.950000e+00	3.950000e+00	5.000000e+00	
1344	5.000008e-03	3.975600e+00	3.975600e+00	5.000000e+00	
1345	5.000008e-03	4.000000e+00	4.000000e+00	5.000000e+00	
1346	5.000008e-03	4.005120e+00	4.005120e+00	5.000000e+00	
1347	5.000008e-03	4.015360e+00	4.015360e+00	5.000000e+00	
1348	5.000008e-03	4.035840e+00	4.035840e+00	5.000000e+00	
1349	5.000008e-03	4.076800e+00	4.076800e+00	5.000000e+00	
1350	5.000008e-03	4.158720e+00	4.158720e+00	5.000000e+00	
1351	5.000009e-03	4.322560e+00	4.322560e+00	5.000000e+00	
1352	5.000009e-03	4.450000e+00	4.450000e+00	5.000000e+00	
1353	5.000009e-03	4.482768e+00	4.482768e+00	5.000000e+00	
1354	5.000009e-03	4.500000e+00	4.500000e+00	5.000000e+00	
1355	5.000009e-03	4.505000e+00	4.505000e+00	5.000000e+00	
1356	5.000009e-03	4.515000e+00	4.515000e+00	5.000000e+00	
1357	5.000009e-03	4.535000e+00	4.535000e+00	5.000000e+00	
1358	5.000009e-03	4.550000e+00	4.550000e+00	5.000000e+00	
1359	5.000009e-03	4.554000e+00	4.554000e+00	5.000000e+00	
1360	5.000009e-03	4.562000e+00	4.562000e+00	5.000000e+00	
1361	5.000009e-03	4.578000e+00	4.578000e+00	5.000000e+00	
1362	5.000009e-03	4.610000e+00	4.610000e+00	5.000000e+00	
1363	5.000009e-03	4.674000e+00	4.674000e+00	5.000000e+00	
1364	5.000010e-03	4.802000e+00	4.802000e+00	5.000000e+00	
1365	5.000010e-03	5.000000e+00	5.000000e+00	5.000000e+00	
1366	5.000010e-03	5.000000e+00	5.000000e+00	4.974400e+00	
1367	5.000010e-03	5.000000e+00	5.000000e+00	4.923200e+00	
1368	5.000010e-03	5.000000e+00	5.000000e+00	4.820800e+00	
1369	5.000011e-03	5.000000e+00	5.000000e+00	4.616000e+00	
1370	5.000011e-03	5.000000e+00	5.000000e+00	4.500000e+00	
1371	5.000011e-03	5.000000e+00	5.000000e+00	4.495000e+00	
1372	5.000011e-03	5.000000e+00	5.000000e+00	4.485000e+00	
1373	5.000011e-03	5.000000e+00	5.000000e+00	4.465000e+00	
1374	5.000011e-03	5.000000e+00	5.000000e+00	4.450000e+00	
1375	5.000011e-03	5.000000e+00	5.000000e+00	4.446000e+00	
1376	5.000011e-03	5.000000e+00	5.000000e+00	4.438000e+00	
1377	5.000011e-03	5.000000e+00	5.000000e+00	4.422000e+00	
1378	5.000011e-03	5.000000e+00	5.000000e+00	4.390000e+00	
1379	5.000011e-03	5.000000e+00	5.000000e+00	4.326000e+00	
1380	5.000012e-03	5.000000e+00	5.000000e+00	4.198000e+00	
1381	5.000012e-03	5.000000e+00	5.000000e+00	3.942000e+00	
1382	5.000013e-03	5.000000e+00	5.000000e+00	3.500000e+00	
1383	5.000013e-03	5.000000e+00	5.000000e+00	3.495000e+00	
1384	5.000013e-03	5.000000e+00	5.000000e+00	3.485000e+00	
1385	5.000013e-03	5.000000e+00	5.000000e+00	3.465000e+00	
1386	5.000013e-03	5.000000e+00	5.000000e+00	3.450000e+00	
1387	5.000013e-03	5.000000e+00	5.000000e+00	3.446000e+00	
1388	5.000013e-03	5.000000e+00	5.000000e+00	3.438000e+00	

Index   time            a/s             a0              a1              
--------------------------------------------------------------------------------
1389	5.000013e-03	5.000000e+00	5.000000e+00	3.422000e+00	
1390	5.000013e-03	5.000000e+00	5.000000e+00	3.390000e+00	
1391	5.000013e-03	5.000000e+00	5.000000e+00	3.326000e+00	
1392	5.000014e-03	5.000000e+00	5.000000e+00	3.198000e+00	
1393	5.000014e-03	5.000000e+00	5.000000e+00	2.942000e+00	
1394	5.000015e-03	5.000000e+00	5.000000e+00	2.500000e+00	
1395	5.000015e-03	5.000000e+00	5.000000e+00	2.495000e+00	
1396	5.000015e-03	5.000000e+00	5.000000e+00	2.485000e+00	
1397	5.000015e-03	5.000000e+00	5.000000e+00	2.465000e+00	
1398	5.000015e-03	5.000000e+00	5.000000e+00	2.450000e+00	
1399	5.000015e-03	5.000000e+00	5.000000e+00	2.446000e+00	
1400	5.000015e-03	5.000000e+00	5.000000e+00	2.438000e+00	
1401	5.000015e-03	5.000000e+00	5.000000e+00	2.422000e+00	
1402	5.000015e-03	5.000000e+00	5.000000e+00	2.390000e+00	
1403	5.000015e-03	5.000000e+00	5.000000e+00	2.326000e+00	
1404	5.000016e-03	5.000000e+00	5.000000e+00	2.198000e+00	
1405	5.000016e-03	5.000000e+00	5.000000e+00	1.942000e+00	
1406	5.000017e-03	5.000000e+00	5.000000e+00	1.500000e+00	
1407	5.000017e-03	5.000000e+00	5.000000e+00	1.495000e+00	
1408	5.000017e-03	5.000000e+00	5.000000e+00	1.485000e+00	
1409	5.000017e-03	5.000000e+00	5.000000e+00	1.465000e+00	
1410	5.000017e-03	5.000000e+00	5.000000e+00	1.450000e+00	
1411	5.000017e-03	5.000000e+00	5.000000e+00	1.446000e+00	
1412	5.000017e-03	5.000000e+00	5.000000e+00	1.438000e+00	
1413	5.000017e-03	5.000000e+00	5.000000e+00	1.422000e+00	
1414	5.000017e-03	5.000000e+00	5.000000e+00	1.390000e+00	
1415	5.000017e-03	5.000000e+00	5.000000e+00	1.326000e+00	
1416	5.000018e-03	5.000000e+00	5.000000e+00	1.198000e+00	
1417	5.000018e-03	5.000000e+00	5.000000e+00	9.420000e-01	
1418	5.000019e-03	5.000000e+00	5.000000e+00	4.420000e-01	
1419	5.000019e-03	5.000000e+00	5.000000e+00	4.370000e-01	
1420	5.000019e-03	5.000000e+00	5.000000e+00	4.270000e-01	
1421	5.000019e-03	5.000000e+00	5.000000e+00	4.070000e-01	
1422	5.000019e-03	5.000000e+00	5.000000e+00	3.920000e-01	
1423	5.000019e-03	5.000000e+00	5.000000e+00	3.880000e-01	
1424	5.000019e-03	5.000000e+00	5.000000e+00	3.800000e-01	
1425	5.000019e-03	5.000000e+00	5.000000e+00	3.640000e-01	
1426	5.000019e-03	5.000000e+00	5.000000e+00	3.320000e-01	
1427	5.000019e-03	5.000000e+00	5.000000e+00	2.680000e-01	
1428	5.000020e-03	5.000000e+00	5.000000e+00	1.400000e-01	
1429	5.000020e-03	5.000000e+00	5.000000e+00	1.381188e-10	
1430	5.000020e-03	5.000000e+00	5.000000e+00	0.000000e+00	
1431	5.000020e-03	5.000000e+00	5.000000e+00	0.000000e+00	
1432	5.000020e-03	5.000000e+00	5.000000e+00	0.000000e+00	
1433	5.000021e-03	5.000000e+00	5.000000e+00	0.000000e+00	
1434	5.000021e-03	5.000000e+00	5.000000e+00	0.000000e+00	
1435	5.000021e-03	5.000000e+00	5.000000e+00	0.000000e+00	
1436	5.000021e-03	5.000000e+00	5.000000e+00	0.000000e+00	
1437	5.000021e-03	5.000000e+00	5.000000e+00	0.000000e+00	
1438	5.000021e-03	5.000000e+00	5.000000e+00	0.000000e+00	
1439	5.000021e-03	5.000000e+00	5.000000e+00	0.000000e+00	
1440	5.000021e-03	5.000000e+00	5.000000e+00	0.000000e+00	
1441	5.000021e-03	5.000000e+00	5.000000e+00	0.000000e+00	
1442	5.000021e-03	5.000000e+00	5.000000e+00	0.000000e+00	
1443	5.000021e-03	5.000000e+00	5.000000e+00	0.000000e+00	
1444	5.000022e-03	5.000000e+00	5.000000e+00	0.000000e+00	
1445	5.000022e-03	5.000000e+00	5.000000e+00	0.000000e+00	
1446	5.000022e-03	5.000000e+00	5.000000e+00	0.000000e+00	

Index   time            a/s             a0              a1              
--------------------------------------------------------------------------------
1447	5.000022e-03	5.000000e+00	5.000000e+00	0.000000e+00	
1448	5.000022e-03	5.000000e+00	5.000000e+00	0.000000e+00	
1449	5.000022e-03	5.000000e+00	5.000000e+00	0.000000e+00	
1450	5.000022e-03	5.000000e+00	5.000000e+00	0.000000e+00	
1451	5.000022e-03	5.000000e+00	5.000000e+00	0.000000e+00	
1452	5.000022e-03	5.000000e+00	5.000000e+00	0.000000e+00	
1453	5.000022e-03	5.000000e+00	5.000000e+00	0.000000e+00	
1454	5.000022e-03	5.000000e+00	5.000000e+00	0.000000e+00	
1455	5.000023e-03	5.000000e+00	5.000000e+00	0.000000e+00	
1456	5.000023e-03	5.000000e+00	5.000000e+00	0.000000e+00	
1457	5.000023e-03	5.000000e+00	5.000000e+00	0.000000e+00	
1458	5.000023e-03	5.000000e+00	5.000000e+00	0.000000e+00	
1459	5.000023e-03	5.000000e+00	5.000000e+00	0.000000e+00	
1460	5.000023e-03	5.000000e+00	5.000000e+00	0.000000e+00	
1461	5.000023e-03	5.000000e+00	5.000000e+00	0.000000e+00	
1462	5.000023e-03	5.000000e+00	5.000000e+00	0.000000e+00	
1463	5.000023e-03	5.000000e+00	5.000000e+00	0.000000e+00	
1464	5.000023e-03	5.000000e+00	5.000000e+00	0.000000e+00	
1465	5.000023e-03	5.000000e+00	5.000000e+00	0.000000e+00	
1466	5.000024e-03	5.000000e+00	5.000000e+00	0.000000e+00	
1467	5.000024e-03	5.000000e+00	5.000000e+00	0.000000e+00	
1468	5.000024e-03	5.000000e+00	5.000000e+00	0.000000e+00	
1469	5.000024e-03	5.000000e+00	5.000000e+00	0.000000e+00	
1470	5.000024e-03	5.000000e+00	5.000000e+00	0.000000e+00	
1471	5.000024e-03	5.000000e+00	5.000000e+00	0.000000e+00	
1472	5.000024e-03	5.000000e+00	5.000000e+00	0.000000e+00	
1473	5.000024e-03	5.000000e+00	5.000000e+00	0.000000e+00	
1474	5.000024e-03	5.000000e+00	5.000000e+00	0.000000e+00	
1475	5.000024e-03	5.000000e+00	5.000000e+00	0.000000e+00	
1476	5.000024e-03	5.000000e+00	5.000000e+00	0.000000e+00	
1477	5.000025e-03	5.000000e+00	5.000000e+00	0.000000e+00	
1478	5.000025e-03	5.000000e+00	5.000000e+00	0.000000e+00	
1479	5.000026e-03	5.000000e+00	5.000000e+00	0.000000e+00	
1480	5.000026e-03	5.000000e+00	5.000000e+00	0.000000e+00	
1481	5.000026e-03	5.000000e+00	5.000000e+00	0.000000e+00	
1482	5.000026e-03	5.000000e+00	5.000000e+00	0.000000e+00	
1483	5.000026e-03	5.000000e+00	5.000000e+00	0.000000e+00	
1484	5.000026e-03	5.000000e+00	5.000000e+00	0.000000e+00	
1485	5.000026e-03	5.000000e+00	5.000000e+00	0.000000e+00	
1486	5.000026e-03	5.000000e+00	5.000000e+00	0.000000e+00	
1487	5.000026e-03	5.000000e+00	5.000000e+00	0.000000e+00	
1488	5.000026e-03	5.000000e+00	5.000000e+00	0.000000e+00	
1489	5.000027e-03	5.000000e+00	5.000000e+00	0.000000e+00	
1490	5.000027e-03	5.000000e+00	5.000000e+00	0.000000e+00	
1491	5.000028e-03	5.000000e+00	5.000000e+00	0.000000e+00	
1492	5.000028e-03	5.000000e+00	5.000000e+00	0.000000e+00	
1493	5.000028e-03	5.000000e+00	5.000000e+00	0.000000e+00	
1494	5.000028e-03	5.000000e+00	5.000000e+00	0.000000e+00	
1495	5.000028e-03	5.000000e+00	5.000000e+00	0.000000e+00	
1496	5.000028e-03	5.000000e+00	5.000000e+00	0.000000e+00	
1497	5.000028e-03	5.000000e+00	5.000000e+00	0.000000e+00	
1498	5.000028e-03	5.000000e+00	5.000000e+00	0.000000e+00	
1499	5.000028e-03	5.000000e+00	5.000000e+00	0.000000e+00	
1500	5.000028e-03	5.000000e+00	5.000000e+00	0.000000e+00	
1501	5.000029e-03	5.000000e+00	5.000000e+00	0.000000e+00	
1502	5.000029e-03	5.000000e+00	5.000000e+00	0.000000e+00	
1503	5.000030e-03	5.000000e+00	5.000000e+00	0.000000e+00	
1504	5.000032e-03	5.000000e+00	5.000000e+00	0.000000e+00	

Index   time            a/s             a0              a1              
--------------------------------------------------------------------------------
1505	5.000036e-03	5.000000e+00	5.000000e+00	0.000000e+00	
1506	5.000045e-03	5.000000e+00	5.000000e+00	0.000000e+00	
1507	5.000061e-03	5.000000e+00	5.000000e+00	0.000000e+00	
1508	5.000094e-03	5.000000e+00	5.000000e+00	0.000000e+00	
1509	5.000159e-03	5.000000e+00	5.000000e+00	0.000000e+00	
1510	5.000290e-03	5.000000e+00	5.000000e+00	0.000000e+00	
1511	5.000552e-03	5.000000e+00	5.000000e+00	0.000000e+00	
1512	5.001077e-03	5.000000e+00	5.000000e+00	0.000000e+00	
1513	5.002125e-03	5.000000e+00	5.000000e+00	0.000000e+00	
1514	5.004223e-03	5.000000e+00	5.000000e+00	0.000000e+00	
1515	5.008417e-03	5.000000e+00	5.000000e+00	0.000000e+00	
1516	5.016805e-03	5.000000e+00	5.000000e+00	0.000000e+00	
1517	5.033583e-03	5.000000e+00	5.000000e+00	0.000000e+00	
1518	5.067137e-03	5.000000e+00	5.000000e+00	0.000000e+00	
1519	5.134246e-03	5.000000e+00	5.000000e+00	0.000000e+00	
1520	5.268464e-03	5.000000e+00	5.000000e+00	0.000000e+00	
1521	5.428464e-03	5.000000e+00	5.000000e+00	0.000000e+00	
1522	5.500010e-03	5.000000e+00	5.000000e+00	0.000000e+00	
1523	5.500011e-03	4.500000e+00	4.500000e+00	0.000000e+00	
1524	5.500013e-03	3.500000e+00	3.500000e+00	0.000000e+00	
1525	5.500017e-03	1.500000e+00	1.500000e+00	0.000000e+00	
1526	5.500019e-03	5.000000e-01	5.000000e-01	0.000000e+00	
1527	5.500019e-03	4.950000e-01	4.950000e-01	0.000000e+00	
1528	5.500019e-03	4.850000e-01	4.850000e-01	0.000000e+00	
1529	5.500019e-03	4.650000e-01	4.650000e-01	0.000000e+00	
1530	5.500019e-03	4.500000e-01	4.500000e-01	0.000000e+00	
1531	5.500019e-03	4.460000e-01	4.460000e-01	0.000000e+00	
1532	5.500019e-03	4.380000e-01	4.380000e-01	0.000000e+00	
1533	5.500019e-03	4.220000e-01	4.220000e-01	0.000000e+00	
1534	5.500019e-03	3.900000e-01	3.900000e-01	0.000000e+00	
1535	5.500019e-03	3.260000e-01	3.260000e-01	0.000000e+00	
1536	5.500020e-03	1.980000e-01	1.980000e-01	0.000000e+00	
1537	5.500020e-03	0.000000e+00	0.000000e+00	0.000000e+00	
1538	5.500020e-03	0.000000e+00	0.000000e+00	0.000000e+00	
1539	5.500020e-03	0.000000e+00	0.000000e+00	0.000000e+00	
1540	5.500020e-03	0.000000e+00	0.000000e+00	0.000000e+00	
1541	5.500021e-03	0.000000e+00	0.000000e+00	0.000000e+00	
1542	5.500021e-03	0.000000e+00	0.000000e+00	0.000000e+00	
1543	5.500021e-03	0.000000e+00	0.000000e+00	0.000000e+00	
1544	5.500021e-03	0.000000e+00	0.000000e+00	0.000000e+00	
1545	5.500021e-03	0.000000e+00	0.000000e+00	0.000000e+00	
1546	5.500021e-03	0.000000e+00	0.000000e+00	0.000000e+00	
1547	5.500021e-03	0.000000e+00	0.000000e+00	0.000000e+00	
1548	5.500021e-03	0.000000e+00	0.000000e+00	0.000000e+00	
1549	5.500021e-03	0.000000e+00	0.000000e+00	0.000000e+00	
1550	5.500021e-03	0.000000e+00	0.000000e+00	0.000000e+00	
1551	5.500021e-03	0.000000e+00	0.000000e+00	0.000000e+00	
1552	5.500022e-03	0.000000e+00	0.000000e+00	0.000000e+00	
1553	5.500022e-03	0.000000e+00	0.000000e+00	0.000000e+00	
1554	5.500023e-03	0.000000e+00	0.000000e+00	0.000000e+00	
1555	5.500023e-03	0.000000e+00	0.000000e+00	0.000000e+00	
1556	5.500023e-03	0.000000e+00	0.000000e+00	0.000000e+00	
1557	5.500023e-03	0.000000e+00	0.000000e+00	0.000000e+00	
1558	5.500023e-03	0.000000e+00	0.000000e+00	0.000000e+00	
1559	5.500023e-03	0.000000e+00	0.000000e+00	0.000000e+00	
1560	5.500023e-03	0.000000e+00	0.000000e+00	0.000000e+00	
1561	5.500023e-03	0.000000e+00	0.000000e+00	0.000000e+00	
1562	5.500023e-03	0.000000e+00	0.000000e+00	0.000000e+00	

Index   time            a/s             a0              a1              
--------------------------------------------------------------------------------
1563	5.500023e-03	0.000000e+00	0.000000e+00	0.000000e+00	
1564	5.500024e-03	0.000000e+00	0.000000e+00	0.000000e+00	
1565	5.500024e-03	0.000000e+00	0.000000e+00	0.000000e+00	
1566	5.500024e-03	0.000000e+00	0.000000e+00	0.000000e+00	
1567	5.500024e-03	0.000000e+00	0.000000e+00	0.000000e+00	
1568	5.500024e-03	0.000000e+00	0.000000e+00	0.000000e+00	
1569	5.500025e-03	0.000000e+00	0.000000e+00	0.000000e+00	
1570	5.500025e-03	0.000000e+00	0.000000e+00	0.000000e+00	
1571	5.500025e-03	0.000000e+00	0.000000e+00	0.000000e+00	
1572	5.500025e-03	0.000000e+00	0.000000e+00	0.000000e+00	
1573	5.500025e-03	0.000000e+00	0.000000e+00	0.000000e+00	
1574	5.500025e-03	0.000000e+00	0.000000e+00	0.000000e+00	
1575	5.500025e-03	0.000000e+00	0.000000e+00	0.000000e+00	
1576	5.500025e-03	0.000000e+00	0.000000e+00	0.000000e+00	
1577	5.500025e-03	0.000000e+00	0.000000e+00	0.000000e+00	
1578	5.500025e-03	0.000000e+00	0.000000e+00	0.000000e+00	
1579	5.500025e-03	0.000000e+00	0.000000e+00	0.000000e+00	
1580	5.500025e-03	0.000000e+00	0.000000e+00	0.000000e+00	
1581	5.500025e-03	0.000000e+00	0.000000e+00	0.000000e+00	
1582	5.500026e-03	0.000000e+00	0.000000e+00	0.000000e+00	
1583	5.500026e-03	0.000000e+00	0.000000e+00	0.000000e+00	
1584	5.500026e-03	0.000000e+00	0.000000e+00	0.000000e+00	
1585	5.500026e-03	0.000000e+00	0.000000e+00	0.000000e+00	
1586	5.500026e-03	0.000000e+00	0.000000e+00	0.000000e+00	
1587	5.500027e-03	0.000000e+00	0.000000e+00	0.000000e+00	
1588	5.500027e-03	0.000000e+00	0.000000e+00	0.000000e+00	
1589	5.500029e-03	0.000000e+00	0.000000e+00	0.000000e+00	
1590	5.500032e-03	0.000000e+00	0.000000e+00	0.000000e+00	
1591	5.500039e-03	0.000000e+00	0.000000e+00	0.000000e+00	
1592	5.500052e-03	0.000000e+00	0.000000e+00	0.000000e+00	
1593	5.500078e-03	0.000000e+00	0.000000e+00	0.000000e+00	
1594	5.500131e-03	0.000000e+00	0.000000e+00	0.000000e+00	
1595	5.500236e-03	0.000000e+00	0.000000e+00	0.000000e+00	
1596	5.500445e-03	0.000000e+00	0.000000e+00	0.000000e+00	
1597	5.500865e-03	0.000000e+00	0.000000e+00	0.000000e+00	
1598	5.501704e-03	0.000000e+00	0.000000e+00	0.000000e+00	
1599	5.503381e-03	0.000000e+00	0.000000e+00	0.000000e+00	
1600	5.506737e-03	0.000000e+00	0.000000e+00	0.000000e+00	
1601	5.513448e-03	0.000000e+00	0.000000e+00	0.000000e+00	
1602	5.526869e-03	0.000000e+00	0.000000e+00	0.000000e+00	
1603	5.553713e-03	0.000000e+00	0.000000e+00	0.000000e+00	
1604	5.607400e-03	0.000000e+00	0.000000e+00	0.000000e+00	
1605	5.714774e-03	0.000000e+00	0.000000e+00	0.000000e+00	
1606	5.874774e-03	0.000000e+00	0.000000e+00	0.000000e+00	
1607	6.000000e-03	0.000000e+00	0.000000e+00	0.000000e+00	
1608	6.000001e-03	5.000000e-01	5.000000e-01	5.000000e-01	
1609	6.000003e-03	1.500000e+00	1.500000e+00	1.500000e+00	
1610	6.000005e-03	2.500000e+00	2.500000e+00	2.500000e+00	
1611	6.000005e-03	2.505000e+00	2.505000e+00	2.505000e+00	
1612	6.000005e-03	2.515000e+00	2.515000e+00	2.515000e+00	
1613	6.000005e-03	2.535000e+00	2.535000e+00	2.535000e+00	
1614	6.000005e-03	2.550000e+00	2.550000e+00	2.550000e+00	
1615	6.000005e-03	2.554000e+00	2.554000e+00	2.554000e+00	
1616	6.000005e-03	2.562000e+00	2.562000e+00	2.562000e+00	
1617	6.000005e-03	2.578000e+00	2.578000e+00	2.578000e+00	
1618	6.000005e-03	2.610000e+00	2.610000e+00	2.610000e+00	
1619	6.000005e-03	2.674000e+00	2.674000e+00	2.674000e+00	
1620	6.000006e-03	2.802000e+00	2.802000e+00	2.802000e+00	

Index   time            a/s             a0              a1              
--------------------------------------------------------------------------------
1621	6.000006e-03	3.000000e+00	3.000000e+00	3.000000e+00	
1622	6.000006e-03	3.005000e+00	3.005000e+00	3.005000e+00	
1623	6.000006e-03	3.015000e+00	3.015000e+00	3.015000e+00	
1624	6.000006e-03	3.035000e+00	3.035000e+00	3.035000e+00	
1625	6.000006e-03	3.050000e+00	3.050000e+00	3.050000e+00	
1626	6.000006e-03	3.054000e+00	3.054000e+00	3.054000e+00	
1627	6.000006e-03	3.062000e+00	3.062000e+00	3.062000e+00	
1628	6.000006e-03	3.078000e+00	3.078000e+00	3.078000e+00	
1629	6.000006e-03	3.110000e+00	3.110000e+00	3.110000e+00	
1630	6.000006e-03	3.174000e+00	3.174000e+00	3.174000e+00	
1631	6.000007e-03	3.302000e+00	3.302000e+00	3.302000e+00	
1632	6.000007e-03	3.500000e+00	3.500000e+00	3.500000e+00	
1633	6.000007e-03	3.505000e+00	3.505000e+00	3.505000e+00	
1634	6.000007e-03	3.515000e+00	3.515000e+00	3.515000e+00	
1635	6.000007e-03	3.535000e+00	3.535000e+00	3.535000e+00	
1636	6.000007e-03	3.550000e+00	3.550000e+00	3.550000e+00	
1637	6.000007e-03	3.554000e+00	3.554000e+00	3.554000e+00	
1638	6.000007e-03	3.562000e+00	3.562000e+00	3.562000e+00	
1639	6.000007e-03	3.578000e+00	3.578000e+00	3.578000e+00	
1640	6.000007e-03	3.610000e+00	3.610000e+00	3.610000e+00	
1641	6.000007e-03	3.674000e+00	3.674000e+00	3.674000e+00	
1642	6.000008e-03	3.802000e+00	3.802000e+00	3.802000e+00	
1643	6.000008e-03	3.950000e+00	3.950000e+00	3.950000e+00	
1644	6.000008e-03	3.975600e+00	3.975600e+00	3.975600e+00	
1645	6.000008e-03	4.000000e+00	4.000000e+00	4.000000e+00	
1646	6.000008e-03	4.005120e+00	4.005120e+00	4.005120e+00	
1647	6.000008e-03	4.015360e+00	4.015360e+00	4.015360e+00	
1648	6.000008e-03	4.035840e+00	4.035840e+00	4.035840e+00	
1649	6.000008e-03	4.076800e+00	4.076800e+00	4.076800e+00	
1650	6.000008e-03	4.158720e+00	4.158720e+00	4.158720e+00	
1651	6.000009e-03	4.322560e+00	4.322560e+00	4.322560e+00	
1652	6.000009e-03	4.450000e+00	4.450000e+00	4.450000e+00	
1653	6.000009e-03	4.482768e+00	4.482768e+00	4.482768e+00	
1654	6.000009e-03	4.500000e+00	4.500000e+00	4.500000e+00	
1655	6.000009e-03	4.505000e+00	4.505000e+00	4.505000e+00	
1656	6.000009e-03	4.515000e+00	4.515000e+00	4.515000e+00	
1657	6.000009e-03	4.535000e+00	4.535000e+00	4.535000e+00	
1658	6.000009e-03	4.550000e+00	4.550000e+00	4.550000e+00	
1659	6.000009e-03	4.554000e+00	4.554000e+00	4.554000e+00	
1660	6.000009e-03	4.562000e+00	4.562000e+00	4.562000e+00	
1661	6.000009e-03	4.578000e+00	4.578000e+00	4.578000e+00	
1662	6.000009e-03	4.610000e+00	4.610000e+00	4.610000e+00	
1663	6.000009e-03	4.674000e+00	4.674000e+00	4.674000e+00	
1664	6.000010e-03	4.802000e+00	4.802000e+00	4.802000e+00	
1665	6.000010e-03	5.000000e+00	5.000000e+00	5.000000e+00	
1666	6.000010e-03	5.000000e+00	5.000000e+00	5.000000e+00	
1667	6.000010e-03	5.000000e+00	5.000000e+00	5.000000e+00	
1668	6.000010e-03	5.000000e+00	5.000000e+00	5.000000e+00	
1669	6.000011e-03	5.000000e+00	5.000000e+00	5.000000e+00	
1670	6.000011e-03	5.000000e+00	5.000000e+00	5.000000e+00	
1671	6.000011e-03	5.000000e+00	5.000000e+00	5.000000e+00	
1672	6.000011e-03	5.000000e+00	5.000000e+00	5.000000e+00	
1673	6.000011e-03	5.000000e+00	5.000000e+00	5.000000e+00	
1674	6.000011e-03	5.000000e+00	5.000000e+00	5.000000e+00	
1675	6.000011e-03	5.000000e+00	5.000000e+00	5.000000e+00	
1676	6.000011e-03	5.000000e+00	5.000000e+00	5.000000e+00	
1677	6.000011e-03	5.000000e+00	5.000000e+00	5.000000e+00	
1678	6.000011e-03	5.000000e+00	5.000000e+00	5.000000e+00	

Index   time            a/s             a0              a1              
--------------------------------------------------------------------------------
1679	6.000011e-03	5.000000e+00	5.000000e+00	5.000000e+00	
1680	6.000012e-03	5.000000e+00	5.000000e+00	5.000000e+00	
1681	6.000012e-03	5.000000e+00	5.000000e+00	5.000000e+00	
1682	6.000013e-03	5.000000e+00	5.000000e+00	5.000000e+00	
1683	6.000013e-03	5.000000e+00	5.000000e+00	5.000000e+00	
1684	6.000013e-03	5.000000e+00	5.000000e+00	5.000000e+00	
1685	6.000013e-03	5.000000e+00	5.000000e+00	5.000000e+00	
1686	6.000013e-03	5.000000e+00	5.000000e+00	5.000000e+00	
1687	6.000013e-03	5.000000e+00	5.000000e+00	5.000000e+00	
1688	6.000013e-03	5.000000e+00	5.000000e+00	5.000000e+00	
1689	6.000013e-03	5.000000e+00	5.000000e+00	5.000000e+00	
1690	6.000013e-03	5.000000e+00	5.000000e+00	5.000000e+00	
1691	6.000013e-03	5.000000e+00	5.000000e+00	5.000000e+00	
1692	6.000014e-03	5.000000e+00	5.000000e+00	5.000000e+00	
1693	6.000014e-03	5.000000e+00	5.000000e+00	5.000000e+00	
1694	6.000015e-03	5.000000e+00	5.000000e+00	5.000000e+00	
1695	6.000015e-03	5.000000e+00	5.000000e+00	5.000000e+00	
1696	6.000015e-03	5.000000e+00	5.000000e+00	5.000000e+00	
1697	6.000015e-03	5.000000e+00	5.000000e+00	5.000000e+00	
1698	6.000015e-03	5.000000e+00	5.000000e+00	5.000000e+00	
1699	6.000015e-03	5.000000e+00	5.000000e+00	5.000000e+00	
1700	6.000015e-03	5.000000e+00	5.000000e+00	5.000000e+00	
1701	6.000015e-03	5.000000e+00	5.000000e+00	5.000000e+00	
1702	6.000015e-03	5.000000e+00	5.000000e+00	5.000000e+00	
1703	6.000015e-03	5.000000e+00	5.000000e+00	5.000000e+00	
1704	6.000016e-03	5.000000e+00	5.000000e+00	5.000000e+00	
1705	6.000016e-03	5.000000e+00	5.000000e+00	5.000000e+00	
1706	6.000017e-03	5.000000e+00	5.000000e+00	5.000000e+00	
1707	6.000017e-03	5.000000e+00	5.000000e+00	5.000000e+00	
1708	6.000017e-03	5.000000e+00	5.000000e+00	5.000000e+00	
1709	6.000017e-03	5.000000e+00	5.000000e+00	5.000000e+00	
1710	6.000017e-03	5.000000e+00	5.000000e+00	5.000000e+00	
1711	6.000017e-03	5.000000e+00	5.000000e+00	5.000000e+00	
1712	6.000017e-03	5.000000e+00	5.000000e+00	5.000000e+00	
1713	6.000017e-03	5.000000e+00	5.000000e+00	5.000000e+00	
1714	6.000017e-03	5.000000e+00	5.000000e+00	5.000000e+00	
1715	6.000017e-03	5.000000e+00	5.000000e+00	5.000000e+00	
1716	6.000018e-03	5.000000e+00	5.000000e+00	5.000000e+00	
1717	6.000018e-03	5.000000e+00	5.000000e+00	5.000000e+00	
1718	6.000019e-03	5.000000e+00	5.000000e+00	5.000000e+00	
1719	6.000019e-03	5.000000e+00	5.000000e+00	5.000000e+00	
1720	6.000019e-03	5.000000e+00	5.000000e+00	5.000000e+00	
1721	6.000019e-03	5.000000e+00	5.000000e+00	5.000000e+00	
1722	6.000019e-03	5.000000e+00	5.000000e+00	5.000000e+00	
1723	6.000019e-03	5.000000e+00	5.000000e+00	5.000000e+00	
1724	6.000019e-03	5.000000e+00	5.000000e+00	5.000000e+00	
1725	6.000019e-03	5.000000e+00	5.000000e+00	5.000000e+00	
1726	6.000019e-03	5.000000e+00	5.000000e+00	5.000000e+00	
1727	6.000019e-03	5.000000e+00	5.000000e+00	5.000000e+00	
1728	6.000020e-03	5.000000e+00	5.000000e+00	5.000000e+00	
1729	6.000020e-03	5.000000e+00	5.000000e+00	5.000000e+00	
1730	6.000020e-03	5.000000e+00	5.000000e+00	5.000000e+00	
1731	6.000020e-03	5.000000e+00	5.000000e+00	5.000000e+00	
1732	6.000020e-03	5.000000e+00	5.000000e+00	5.000000e+00	
1733	6.000021e-03	5.000000e+00	5.000000e+00	5.000000e+00	
1734	6.000021e-03	5.000000e+00	5.000000e+00	5.000000e+00	
1735	6.000021e-03	5.000000e+00	5.000000e+00	5.000000e+00	
1736	6.000021e-03	5.000000e+00	5.000000e+00	5.000000e+00	

Index   time            a/s             a0              a1              
--------------------------------------------------------------------------------
1737	6.000021e-03	5.000000e+00	5.000000e+00	5.000000e+00	
1738	6.000021e-03	5.000000e+00	5.000000e+00	5.000000e+00	
1739	6.000021e-03	5.000000e+00	5.000000e+00	5.000000e+00	
1740	6.000021e-03	5.000000e+00	5.000000e+00	5.000000e+00	
1741	6.000021e-03	5.000000e+00	5.000000e+00	5.000000e+00	
1742	6.000021e-03	5.000000e+00	5.000000e+00	5.000000e+00	
1743	6.000021e-03	5.000000e+00	5.000000e+00	5.000000e+00	
1744	6.000022e-03	5.000000e+00	5.000000e+00	5.000000e+00	
1745	6.000022e-03	5.000000e+00	5.000000e+00	5.000000e+00	
1746	6.000022e-03	5.000000e+00	5.000000e+00	5.000000e+00	
1747	6.000022e-03	5.000000e+00	5.000000e+00	5.000000e+00	
1748	6.000022e-03	5.000000e+00	5.000000e+00	5.000000e+00	
1749	6.000022e-03	5.000000e+00	5.000000e+00	5.000000e+00	
1750	6.000022e-03	5.000000e+00	5.000000e+00	5.000000e+00	
1751	6.000022e-03	5.000000e+00	5.000000e+00	5.000000e+00	
1752	6.000022e-03	5.000000e+00	5.000000e+00	5.000000e+00	
1753	6.000022e-03	5.000000e+00	5.000000e+00	5.000000e+00	
1754	6.000022e-03	5.000000e+00	5.000000e+00	5.000000e+00	
1755	6.000023e-03	5.000000e+00	5.000000e+00	5.000000e+00	
1756	6.000023e-03	5.000000e+00	5.000000e+00	5.000000e+00	
1757	6.000024e-03	5.000000e+00	5.000000e+00	5.000000e+00	
1758	6.000024e-03	5.000000e+00	5.000000e+00	5.000000e+00	
1759	6.000024e-03	5.000000e+00	5.000000e+00	5.000000e+00	
1760	6.000024e-03	5.000000e+00	5.000000e+00	5.000000e+00	
1761	6.000024e-03	5.000000e+00	5.000000e+00	5.000000e+00	
1762	6.000024e-03	5.000000e+00	5.000000e+00	5.000000e+00	
1763	6.000024e-03	5.000000e+00	5.000000e+00	5.000000e+00	
1764	6.000024e-03	5.000000e+00	5.000000e+00	5.000000e+00	
1765	6.000024e-03	5.000000e+00	5.000000e+00	5.000000e+00	
1766	6.000024e-03	5.000000e+00	5.000000e+00	5.000000e+00	
1767	6.000025e-03	5.000000e+00	5.000000e+00	5.000000e+00	
1768	6.000025e-03	5.000000e+00	5.000000e+00	5.000000e+00	
1769	6.000026e-03	5.000000e+00	5.000000e+00	5.000000e+00	
1770	6.000026e-03	5.000000e+00	5.000000e+00	5.000000e+00	
1771	6.000026e-03	5.000000e+00	5.000000e+00	5.000000e+00	
1772	6.000026e-03	5.000000e+00	5.000000e+00	5.000000e+00	
1773	6.000026e-03	5.000000e+00	5.000000e+00	5.000000e+00	
1774	6.000026e-03	5.000000e+00	5.000000e+00	5.000000e+00	
1775	6.000026e-03	5.000000e+00	5.000000e+00	5.000000e+00	
1776	6.000026e-03	5.000000e+00	5.000000e+00	5.000000e+00	
1777	6.000026e-03	5.000000e+00	5.000000e+00	5.000000e+00	
1778	6.000026e-03	5.000000e+00	5.000000e+00	5.000000e+00	
1779	6.000027e-03	5.000000e+00	5.000000e+00	5.000000e+00	
1780	6.000027e-03	5.000000e+00	5.000000e+00	5.000000e+00	
1781	6.000028e-03	5.000000e+00	5.000000e+00	5.000000e+00	
1782	6.000030e-03	5.000000e+00	5.000000e+00	5.000000e+00	
1783	6.000034e-03	5.000000e+00	5.000000e+00	5.000000e+00	
1784	6.000043e-03	5.000000e+00	5.000000e+00	5.000000e+00	
1785	6.000059e-03	5.000000e+00	5.000000e+00	5.000000e+00	
1786	6.000092e-03	5.000000e+00	5.000000e+00	5.000000e+00	
1787	6.000157e-03	5.000000e+00	5.000000e+00	5.000000e+00	
1788	6.000288e-03	5.000000e+00	5.000000e+00	5.000000e+00	
1789	6.000550e-03	5.000000e+00	5.000000e+00	5.000000e+00	
1790	6.001075e-03	5.000000e+00	5.000000e+00	5.000000e+00	
1791	6.002123e-03	5.000000e+00	5.000000e+00	5.000000e+00	
1792	6.004221e-03	5.000000e+00	5.000000e+00	5.000000e+00	
1793	6.008415e-03	5.000000e+00	5.000000e+00	5.000000e+00	
1794	6.016803e-03	5.000000e+00	5.000000e+00	5.000000e+00	

Index   time            a/s             a0              a1              
--------------------------------------------------------------------------------
1795	6.033581e-03	5.000000e+00	5.000000e+00	5.000000e+00	
1796	6.067135e-03	5.000000e+00	5.000000e+00	5.000000e+00	
1797	6.134244e-03	5.000000e+00	5.000000e+00	5.000000e+00	
1798	6.268462e-03	5.000000e+00	5.000000e+00	5.000000e+00	
1799	6.428462e-03	5.000000e+00	5.000000e+00	5.000000e+00	
1800	6.500010e-03	5.000000e+00	5.000000e+00	5.000000e+00	
1801	6.500011e-03	4.500000e+00	4.500000e+00	5.000000e+00	
1802	6.500013e-03	3.500000e+00	3.500000e+00	5.000000e+00	
1803	6.500017e-03	1.500000e+00	1.500000e+00	5.000000e+00	
1804	6.500019e-03	5.000000e-01	5.000000e-01	5.000000e+00	
1805	6.500019e-03	4.950000e-01	4.950000e-01	5.000000e+00	
1806	6.500019e-03	4.850000e-01	4.850000e-01	5.000000e+00	
1807	6.500019e-03	4.650000e-01	4.650000e-01	5.000000e+00	
1808	6.500019e-03	4.500000e-01	4.500000e-01	5.000000e+00	
1809	6.500019e-03	4.460000e-01	4.460000e-01	5.000000e+00	
1810	6.500019e-03	4.380000e-01	4.380000e-01	5.000000e+00	
1811	6.500019e-03	4.220000e-01	4.220000e-01	5.000000e+00	
1812	6.500019e-03	3.900000e-01	3.900000e-01	5.000000e+00	
1813	6.500019e-03	3.260000e-01	3.260000e-01	5.000000e+00	
1814	6.500020e-03	1.980000e-01	1.980000e-01	5.000000e+00	
1815	6.500020e-03	0.000000e+00	0.000000e+00	5.000000e+00	
1816	6.500020e-03	0.000000e+00	0.000000e+00	5.000000e+00	
1817	6.500020e-03	0.000000e+00	0.000000e+00	5.000000e+00	
1818	6.500020e-03	0.000000e+00	0.000000e+00	5.000000e+00	
1819	6.500021e-03	0.000000e+00	0.000000e+00	5.000000e+00	
1820	6.500021e-03	0.000000e+00	0.000000e+00	5.000000e+00	
1821	6.500021e-03	0.000000e+00	0.000000e+00	5.000000e+00	
1822	6.500021e-03	0.000000e+00	0.000000e+00	5.000000e+00	
1823	6.500021e-03	0.000000e+00	0.000000e+00	5.000000e+00	
1824	6.500021e-03	0.000000e+00	0.000000e+00	5.000000e+00	
1825	6.500021e-03	0.000000e+00	0.000000e+00	5.000000e+00	
1826	6.500021e-03	0.000000e+00	0.000000e+00	5.000000e+00	
1827	6.500021e-03	0.000000e+00	0.000000e+00	5.000000e+00	
1828	6.500021e-03	0.000000e+00	0.000000e+00	5.000000e+00	
1829	6.500021e-03	0.000000e+00	0.000000e+00	5.000000e+00	
1830	6.500022e-03	0.000000e+00	0.000000e+00	5.000000e+00	
1831	6.500022e-03	0.000000e+00	0.000000e+00	5.000000e+00	
1832	6.500023e-03	0.000000e+00	0.000000e+00	5.000000e+00	
1833	6.500023e-03	0.000000e+00	0.000000e+00	5.000000e+00	
1834	6.500023e-03	0.000000e+00	0.000000e+00	5.000000e+00	
1835	6.500023e-03	0.000000e+00	0.000000e+00	5.000000e+00	
1836	6.500023e-03	0.000000e+00	0.000000e+00	5.000000e+00	
1837	6.500023e-03	0.000000e+00	0.000000e+00	5.000000e+00	
1838	6.500023e-03	0.000000e+00	0.000000e+00	5.000000e+00	
1839	6.500023e-03	0.000000e+00	0.000000e+00	5.000000e+00	
1840	6.500023e-03	0.000000e+00	0.000000e+00	5.000000e+00	
1841	6.500023e-03	0.000000e+00	0.000000e+00	5.000000e+00	
1842	6.500024e-03	0.000000e+00	0.000000e+00	5.000000e+00	
1843	6.500024e-03	0.000000e+00	0.000000e+00	5.000000e+00	
1844	6.500024e-03	0.000000e+00	0.000000e+00	5.000000e+00	
1845	6.500024e-03	0.000000e+00	0.000000e+00	5.000000e+00	
1846	6.500024e-03	0.000000e+00	0.000000e+00	5.000000e+00	
1847	6.500025e-03	0.000000e+00	0.000000e+00	5.000000e+00	
1848	6.500025e-03	0.000000e+00	0.000000e+00	5.000000e+00	
1849	6.500025e-03	0.000000e+00	0.000000e+00	5.000000e+00	
1850	6.500025e-03	0.000000e+00	0.000000e+00	5.000000e+00	
1851	6.500025e-03	0.000000e+00	0.000000e+00	5.000000e+00	
1852	6.500025e-03	0.000000e+00	0.000000e+00	5.000000e+00	

Index   time            a/s             a0              a1              
--------------------------------------------------------------------------------
1853	6.500025e-03	0.000000e+00	0.000000e+00	5.000000e+00	
1854	6.500025e-03	0.000000e+00	0.000000e+00	5.000000e+00	
1855	6.500025e-03	0.000000e+00	0.000000e+00	5.000000e+00	
1856	6.500025e-03	0.000000e+00	0.000000e+00	5.000000e+00	
1857	6.500025e-03	0.000000e+00	0.000000e+00	5.000000e+00	
1858	6.500025e-03	0.000000e+00	0.000000e+00	5.000000e+00	
1859	6.500025e-03	0.000000e+00	0.000000e+00	5.000000e+00	
1860	6.500026e-03	0.000000e+00	0.000000e+00	5.000000e+00	
1861	6.500026e-03	0.000000e+00	0.000000e+00	5.000000e+00	
1862	6.500027e-03	0.000000e+00	0.000000e+00	5.000000e+00	
1863	6.500029e-03	0.000000e+00	0.000000e+00	5.000000e+00	
1864	6.500033e-03	0.000000e+00	0.000000e+00	5.000000e+00	
1865	6.500041e-03	0.000000e+00	0.000000e+00	5.000000e+00	
1866	6.500058e-03	0.000000e+00	0.000000e+00	5.000000e+00	
1867	6.500091e-03	0.000000e+00	0.000000e+00	5.000000e+00	
1868	6.500156e-03	0.000000e+00	0.000000e+00	5.000000e+00	
1869	6.500287e-03	0.000000e+00	0.000000e+00	5.000000e+00	
1870	6.500549e-03	0.000000e+00	0.000000e+00	5.000000e+00	
1871	6.501074e-03	0.000000e+00	0.000000e+00	5.000000e+00	
1872	6.502122e-03	0.000000e+00	0.000000e+00	5.000000e+00	
1873	6.504219e-03	0.000000e+00	0.000000e+00	5.000000e+00	
1874	6.508414e-03	0.000000e+00	0.000000e+00	5.000000e+00	
1875	6.516802e-03	0.000000e+00	0.000000e+00	5.000000e+00	
1876	6.533580e-03	0.000000e+00	0.000000e+00	5.000000e+00	
1877	6.567134e-03	0.000000e+00	0.000000e+00	5.000000e+00	
1878	6.634243e-03	0.000000e+00	0.000000e+00	5.000000e+00	
1879	6.768461e-03	0.000000e+00	0.000000e+00	5.000000e+00	
1880	6.928461e-03	0.000000e+00	0.000000e+00	5.000000e+00	
1881	7.000000e-03	0.000000e+00	0.000000e+00	5.000000e+00	
1882	7.000001e-03	5.000000e-01	5.000000e-01	5.000000e+00	
1883	7.000003e-03	1.500000e+00	1.500000e+00	5.000000e+00	
1884	7.000005e-03	2.500000e+00	2.500000e+00	5.000000e+00	
1885	7.000005e-03	2.505000e+00	2.505000e+00	5.000000e+00	
1886	7.000005e-03	2.515000e+00	2.515000e+00	5.000000e+00	
1887	7.000005e-03	2.535000e+00	2.535000e+00	5.000000e+00	
1888	7.000005e-03	2.550000e+00	2.550000e+00	5.000000e+00	
1889	7.000005e-03	2.554000e+00	2.554000e+00	5.000000e+00	
1890	7.000005e-03	2.562000e+00	2.562000e+00	5.000000e+00	
1891	7.000005e-03	2.578000e+00	2.578000e+00	5.000000e+00	
1892	7.000005e-03	2.610000e+00	2.610000e+00	5.000000e+00	
1893	7.000005e-03	2.674000e+00	2.674000e+00	5.000000e+00	
1894	7.000006e-03	2.802000e+00	2.802000e+00	5.000000e+00	
1895	7.000006e-03	3.058000e+00	3.058000e+00	5.000000e+00	
1896	7.000007e-03	3.500000e+00	3.500000e+00	5.000000e+00	
1897	7.000007e-03	3.505000e+00	3.505000e+00	5.000000e+00	
1898	7.000007e-03	3.515000e+00	3.515000e+00	5.000000e+00	
1899	7.000007e-03	3.535000e+00	3.535000e+00	5.000000e+00	
1900	7.000007e-03	3.550000e+00	3.550000e+00	5.000000e+00	
1901	7.000007e-03	3.554000e+00	3.554000e+00	5.000000e+00	
1902	7.000007e-03	3.562000e+00	3.562000e+00	5.000000e+00	
1903	7.000007e-03	3.578000e+00	3.578000e+00	5.000000e+00	
1904	7.000007e-03	3.610000e+00	3.610000e+00	5.000000e+00	
1905	7.000007e-03	3.674000e+00	3.674000e+00	5.000000e+00	
1906	7.000008e-03	3.802000e+00	3.802000e+00	5.000000e+00	
1907	7.000008e-03	3.950000e+00	3.950000e+00	5.000000e+00	
1908	7.000008e-03	3.975600e+00	3.975600e+00	5.000000e+00	
1909	7.000008e-03	4.026800e+00	4.026800e+00	5.000000e+00	
1910	7.000008e-03	4.129200e+00	4.129200e+00	5.000000e+00	

Index   time            a/s             a0              a1              
--------------------------------------------------------------------------------
1911	7.000009e-03	4.334000e+00	4.334000e+00	5.000000e+00	
1912	7.000009e-03	4.500000e+00	4.500000e+00	5.000000e+00	
1913	7.000009e-03	4.505000e+00	4.505000e+00	5.000000e+00	
1914	7.000009e-03	4.515000e+00	4.515000e+00	5.000000e+00	
1915	7.000009e-03	4.535000e+00	4.535000e+00	5.000000e+00	
1916	7.000009e-03	4.550000e+00	4.550000e+00	5.000000e+00	
1917	7.000009e-03	4.554000e+00	4.554000e+00	5.000000e+00	
1918	7.000009e-03	4.562000e+00	4.562000e+00	5.000000e+00	
1919	7.000009e-03	4.578000e+00	4.578000e+00	5.000000e+00	
1920	7.000009e-03	4.610000e+00	4.610000e+00	5.000000e+00	
1921	7.000009e-03	4.674000e+00	4.674000e+00	5.000000e+00	
1922	7.000010e-03	4.802000e+00	4.802000e+00	5.000000e+00	
1923	7.000010e-03	5.000000e+00	5.000000e+00	5.000000e+00	
1924	7.000010e-03	5.000000e+00	5.000000e+00	4.974400e+00	
1925	7.000010e-03	5.000000e+00	5.000000e+00	4.923200e+00	
1926	7.000010e-03	5.000000e+00	5.000000e+00	4.820800e+00	
1927	7.000011e-03	5.000000e+00	5.000000e+00	4.616000e+00	
1928	7.000011e-03	5.000000e+00	5.000000e+00	4.500000e+00	
1929	7.000011e-03	5.000000e+00	5.000000e+00	4.495000e+00	
1930	7.000011e-03	5.000000e+00	5.000000e+00	4.485000e+00	
1931	7.000011e-03	5.000000e+00	5.000000e+00	4.465000e+00	
1932	7.000011e-03	5.000000e+00	5.000000e+00	4.450000e+00	
1933	7.000011e-03	5.000000e+00	5.000000e+00	4.446000e+00	
1934	7.000011e-03	5.000000e+00	5.000000e+00	4.438000e+00	
1935	7.000011e-03	5.000000e+00	5.000000e+00	4.422000e+00	
1936	7.000011e-03	5.000000e+00	5.000000e+00	4.390000e+00	
1937	7.000011e-03	5.000000e+00	5.000000e+00	4.326000e+00	
1938	7.000012e-03	5.000000e+00	5.000000e+00	4.198000e+00	
1939	7.000012e-03	5.000000e+00	5.000000e+00	3.942000e+00	
1940	7.000013e-03	5.000000e+00	5.000000e+00	3.500000e+00	
1941	7.000013e-03	5.000000e+00	5.000000e+00	3.495000e+00	
1942	7.000013e-03	5.000000e+00	5.000000e+00	3.485000e+00	
1943	7.000013e-03	5.000000e+00	5.000000e+00	3.465000e+00	
1944	7.000013e-03	5.000000e+00	5.000000e+00	3.450000e+00	
1945	7.000013e-03	5.000000e+00	5.000000e+00	3.446000e+00	
1946	7.000013e-03	5.000000e+00	5.000000e+00	3.438000e+00	
1947	7.000013e-03	5.000000e+00	5.000000e+00	3.422000e+00	
1948	7.000013e-03	5.000000e+00	5.000000e+00	3.390000e+00	
1949	7.000013e-03	5.000000e+00	5.000000e+00	3.326000e+00	
1950	7.000014e-03	5.000000e+00	5.000000e+00	3.198000e+00	
1951	7.000014e-03	5.000000e+00	5.000000e+00	2.942000e+00	
1952	7.000015e-03	5.000000e+00	5.000000e+00	2.500000e+00	
1953	7.000015e-03	5.000000e+00	5.000000e+00	2.495000e+00	
1954	7.000015e-03	5.000000e+00	5.000000e+00	2.485000e+00	
1955	7.000015e-03	5.000000e+00	5.000000e+00	2.465000e+00	
1956	7.000015e-03	5.000000e+00	5.000000e+00	2.450000e+00	
1957	7.000015e-03	5.000000e+00	5.000000e+00	2.446000e+00	
1958	7.000015e-03	5.000000e+00	5.000000e+00	2.438000e+00	
1959	7.000015e-03	5.000000e+00	5.000000e+00	2.422000e+00	
1960	7.000015e-03	5.000000e+00	5.000000e+00	2.390000e+00	
1961	7.000015e-03	5.000000e+00	5.000000e+00	2.326000e+00	
1962	7.000016e-03	5.000000e+00	5.000000e+00	2.198000e+00	
1963	7.000016e-03	5.000000e+00	5.000000e+00	1.942000e+00	
1964	7.000017e-03	5.000000e+00	5.000000e+00	1.500000e+00	
1965	7.000017e-03	5.000000e+00	5.000000e+00	1.495000e+00	
1966	7.000017e-03	5.000000e+00	5.000000e+00	1.485000e+00	
1967	7.000017e-03	5.000000e+00	5.000000e+00	1.465000e+00	
1968	7.000017e-03	5.000000e+00	5.000000e+00	1.450000e+00	

Index   time            a/s             a0              a1              
--------------------------------------------------------------------------------
1969	7.000017e-03	5.000000e+00	5.000000e+00	1.446000e+00	
1970	7.000017e-03	5.000000e+00	5.000000e+00	1.438000e+00	
1971	7.000017e-03	5.000000e+00	5.000000e+00	1.422000e+00	
1972	7.000017e-03	5.000000e+00	5.000000e+00	1.390000e+00	
1973	7.000017e-03	5.000000e+00	5.000000e+00	1.326000e+00	
1974	7.000018e-03	5.000000e+00	5.000000e+00	1.198000e+00	
1975	7.000018e-03	5.000000e+00	5.000000e+00	9.420000e-01	
1976	7.000019e-03	5.000000e+00	5.000000e+00	4.420000e-01	
1977	7.000019e-03	5.000000e+00	5.000000e+00	4.370000e-01	
1978	7.000019e-03	5.000000e+00	5.000000e+00	4.270000e-01	
1979	7.000019e-03	5.000000e+00	5.000000e+00	4.070000e-01	
1980	7.000019e-03	5.000000e+00	5.000000e+00	3.920000e-01	
1981	7.000019e-03	5.000000e+00	5.000000e+00	3.880000e-01	
1982	7.000019e-03	5.000000e+00	5.000000e+00	3.800000e-01	
1983	7.000019e-03	5.000000e+00	5.000000e+00	3.640000e-01	
1984	7.000019e-03	5.000000e+00	5.000000e+00	3.320000e-01	
1985	7.000019e-03	5.000000e+00	5.000000e+00	2.680000e-01	
1986	7.000020e-03	5.000000e+00	5.000000e+00	1.400000e-01	
1987	7.000020e-03	5.000000e+00	5.000000e+00	1.381188e-10	
1988	7.000020e-03	5.000000e+00	5.000000e+00	0.000000e+00	
1989	7.000020e-03	5.000000e+00	5.000000e+00	0.000000e+00	
1990	7.000020e-03	5.000000e+00	5.000000e+00	0.000000e+00	
1991	7.000021e-03	5.000000e+00	5.000000e+00	0.000000e+00	
1992	7.000021e-03	5.000000e+00	5.000000e+00	0.000000e+00	
1993	7.000021e-03	5.000000e+00	5.000000e+00	0.000000e+00	
1994	7.000021e-03	5.000000e+00	5.000000e+00	0.000000e+00	
1995	7.000021e-03	5.000000e+00	5.000000e+00	0.000000e+00	
1996	7.000021e-03	5.000000e+00	5.000000e+00	0.000000e+00	
1997	7.000021e-03	5.000000e+00	5.000000e+00	0.000000e+00	
1998	7.000021e-03	5.000000e+00	5.000000e+00	0.000000e+00	
1999	7.000021e-03	5.000000e+00	5.000000e+00	0.000000e+00	
2000	7.000021e-03	5.000000e+00	5.000000e+00	0.000000e+00	
2001	7.000021e-03	5.000000e+00	5.000000e+00	0.000000e+00	
2002	7.000022e-03	5.000000e+00	5.000000e+00	0.000000e+00	
2003	7.000022e-03	5.000000e+00	5.000000e+00	0.000000e+00	
2004	7.000022e-03	5.000000e+00	5.000000e+00	0.000000e+00	
2005	7.000022e-03	5.000000e+00	5.000000e+00	0.000000e+00	
2006	7.000022e-03	5.000000e+00	5.000000e+00	0.000000e+00	
2007	7.000022e-03	5.000000e+00	5.000000e+00	0.000000e+00	
2008	7.000022e-03	5.000000e+00	5.000000e+00	0.000000e+00	
2009	7.000022e-03	5.000000e+00	5.000000e+00	0.000000e+00	
2010	7.000022e-03	5.000000e+00	5.000000e+00	0.000000e+00	
2011	7.000022e-03	5.000000e+00	5.000000e+00	0.000000e+00	
2012	7.000022e-03	5.000000e+00	5.000000e+00	0.000000e+00	
2013	7.000023e-03	5.000000e+00	5.000000e+00	0.000000e+00	
2014	7.000023e-03	5.000000e+00	5.000000e+00	0.000000e+00	
2015	7.000023e-03	5.000000e+00	5.000000e+00	0.000000e+00	
2016	7.000023e-03	5.000000e+00	5.000000e+00	0.000000e+00	
2017	7.000023e-03	5.000000e+00	5.000000e+00	0.000000e+00	
2018	7.000023e-03	5.000000e+00	5.000000e+00	0.000000e+00	
2019	7.000023e-03	5.000000e+00	5.000000e+00	0.000000e+00	
2020	7.000023e-03	5.000000e+00	5.000000e+00	0.000000e+00	
2021	7.000023e-03	5.000000e+00	5.000000e+00	0.000000e+00	
2022	7.000023e-03	5.000000e+00	5.000000e+00	0.000000e+00	
2023	7.000023e-03	5.000000e+00	5.000000e+00	0.000000e+00	
2024	7.000024e-03	5.000000e+00	5.000000e+00	0.000000e+00	
2025	7.000024e-03	5.000000e+00	5.000000e+00	0.000000e+00	
2026	7.000024e-03	5.000000e+00	5.000000e+00	0.000000e+00	

Index   time            a/s             a0              a1              
--------------------------------------------------------------------------------
2027	7.000024e-03	5.000000e+00	5.000000e+00	0.000000e+00	
2028	7.000024e-03	5.000000e+00	5.000000e+00	0.000000e+00	
2029	7.000024e-03	5.000000e+00	5.000000e+00	0.000000e+00	
2030	7.000024e-03	5.000000e+00	5.000000e+00	0.000000e+00	
2031	7.000024e-03	5.000000e+00	5.000000e+00	0.000000e+00	
2032	7.000024e-03	5.000000e+00	5.000000e+00	0.000000e+00	
2033	7.000024e-03	5.000000e+00	5.000000e+00	0.000000e+00	
2034	7.000024e-03	5.000000e+00	5.000000e+00	0.000000e+00	
2035	7.000025e-03	5.000000e+00	5.000000e+00	0.000000e+00	
2036	7.000025e-03	5.000000e+00	5.000000e+00	0.000000e+00	
2037	7.000026e-03	5.000000e+00	5.000000e+00	0.000000e+00	
2038	7.000026e-03	5.000000e+00	5.000000e+00	0.000000e+00	
2039	7.000026e-03	5.000000e+00	5.000000e+00	0.000000e+00	
2040	7.000026e-03	5.000000e+00	5.000000e+00	0.000000e+00	
2041	7.000026e-03	5.000000e+00	5.000000e+00	0.000000e+00	
2042	7.000026e-03	5.000000e+00	5.000000e+00	0.000000e+00	
2043	7.000026e-03	5.000000e+00	5.000000e+00	0.000000e+00	
2044	7.000026e-03	5.000000e+00	5.000000e+00	0.000000e+00	
2045	7.000026e-03	5.000000e+00	5.000000e+00	0.000000e+00	
2046	7.000026e-03	5.000000e+00	5.000000e+00	0.000000e+00	
2047	7.000027e-03	5.000000e+00	5.000000e+00	0.000000e+00	
2048	7.000027e-03	5.000000e+00	5.000000e+00	0.000000e+00	
2049	7.000028e-03	5.000000e+00	5.000000e+00	0.000000e+00	
2050	7.000028e-03	5.000000e+00	5.000000e+00	0.000000e+00	
2051	7.000028e-03	5.000000e+00	5.000000e+00	0.000000e+00	
2052	7.000028e-03	5.000000e+00	5.000000e+00	0.000000e+00	
2053	7.000028e-03	5.000000e+00	5.000000e+00	0.000000e+00	
2054	7.000028e-03	5.000000e+00	5.000000e+00	0.000000e+00	
2055	7.000028e-03	5.000000e+00	5.000000e+00	0.000000e+00	
2056	7.000028e-03	5.000000e+00	5.000000e+00	0.000000e+00	
2057	7.000028e-03	5.000000e+00	5.000000e+00	0.000000e+00	
2058	7.000028e-03	5.000000e+00	5.000000e+00	0.000000e+00	
2059	7.000029e-03	5.000000e+00	5.000000e+00	0.000000e+00	
2060	7.000029e-03	5.000000e+00	5.000000e+00	0.000000e+00	
2061	7.000030e-03	5.000000e+00	5.000000e+00	0.000000e+00	
2062	7.000032e-03	5.000000e+00	5.000000e+00	0.000000e+00	
2063	7.000036e-03	5.000000e+00	5.000000e+00	0.000000e+00	
2064	7.000045e-03	5.000000e+00	5.000000e+00	0.000000e+00	
2065	7.000061e-03	5.000000e+00	5.000000e+00	0.000000e+00	
2066	7.000094e-03	5.000000e+00	5.000000e+00	0.000000e+00	
2067	7.000159e-03	5.000000e+00	5.000000e+00	0.000000e+00	
2068	7.000290e-03	5.000000e+00	5.000000e+00	0.000000e+00	
2069	7.000552e-03	5.000000e+00	5.000000e+00	0.000000e+00	
2070	7.001077e-03	5.000000e+00	5.000000e+00	0.000000e+00	
2071	7.002125e-03	5.000000e+00	5.000000e+00	0.000000e+00	
2072	7.004223e-03	5.000000e+00	5.000000e+00	0.000000e+00	
2073	7.008417e-03	5.000000e+00	5.000000e+00	0.000000e+00	
2074	7.016805e-03	5.000000e+00	5.000000e+00	0.000000e+00	
2075	7.033583e-03	5.000000e+00	5.000000e+00	0.000000e+00	
2076	7.067137e-03	5.000000e+00	5.000000e+00	0.000000e+00	
2077	7.134246e-03	5.000000e+00	5.000000e+00	0.000000e+00	
2078	7.268464e-03	5.000000e+00	5.000000e+00	0.000000e+00	
2079	7.428464e-03	5.000000e+00	5.000000e+00	0.000000e+00	
2080	7.500010e-03	5.000000e+00	5.000000e+00	0.000000e+00	
2081	7.500011e-03	4.500000e+00	4.500000e+00	0.000000e+00	
2082	7.500013e-03	3.500000e+00	3.500000e+00	0.000000e+00	
2083	7.500017e-03	1.500000e+00	1.500000e+00	0.000000e+00	
2084	7.500019e-03	5.000000e-01	5.000000e-01	0.000000e+00	

Index   time            a/s             a0              a1              
--------------------------------------------------------------------------------
2085	7.500019e-03	4.950000e-01	4.950000e-01	0.000000e+00	
2086	7.500019e-03	4.850000e-01	4.850000e-01	0.000000e+00	
2087	7.500019e-03	4.650000e-01	4.650000e-01	0.000000e+00	
2088	7.500019e-03	4.500000e-01	4.500000e-01	0.000000e+00	
2089	7.500019e-03	4.460000e-01	4.460000e-01	0.000000e+00	
2090	7.500019e-03	4.380000e-01	4.380000e-01	0.000000e+00	
2091	7.500019e-03	4.220000e-01	4.220000e-01	0.000000e+00	
2092	7.500019e-03	3.900000e-01	3.900000e-01	0.000000e+00	
2093	7.500019e-03	3.260000e-01	3.260000e-01	0.000000e+00	
2094	7.500020e-03	1.980000e-01	1.980000e-01	0.000000e+00	
2095	7.500020e-03	0.000000e+00	0.000000e+00	0.000000e+00	
2096	7.500020e-03	0.000000e+00	0.000000e+00	0.000000e+00	
2097	7.500020e-03	0.000000e+00	0.000000e+00	0.000000e+00	
2098	7.500020e-03	0.000000e+00	0.000000e+00	0.000000e+00	
2099	7.500021e-03	0.000000e+00	0.000000e+00	0.000000e+00	
2100	7.500021e-03	0.000000e+00	0.000000e+00	0.000000e+00	
2101	7.500021e-03	0.000000e+00	0.000000e+00	0.000000e+00	
2102	7.500021e-03	0.000000e+00	0.000000e+00	0.000000e+00	
2103	7.500021e-03	0.000000e+00	0.000000e+00	0.000000e+00	
2104	7.500021e-03	0.000000e+00	0.000000e+00	0.000000e+00	
2105	7.500021e-03	0.000000e+00	0.000000e+00	0.000000e+00	
2106	7.500021e-03	0.000000e+00	0.000000e+00	0.000000e+00	
2107	7.500021e-03	0.000000e+00	0.000000e+00	0.000000e+00	
2108	7.500021e-03	0.000000e+00	0.000000e+00	0.000000e+00	
2109	7.500021e-03	0.000000e+00	0.000000e+00	0.000000e+00	
2110	7.500022e-03	0.000000e+00	0.000000e+00	0.000000e+00	
2111	7.500022e-03	0.000000e+00	0.000000e+00	0.000000e+00	
2112	7.500023e-03	0.000000e+00	0.000000e+00	0.000000e+00	
2113	7.500023e-03	0.000000e+00	0.000000e+00	0.000000e+00	
2114	7.500023e-03	0.000000e+00	0.000000e+00	0.000000e+00	
2115	7.500023e-03	0.000000e+00	0.000000e+00	0.000000e+00	
2116	7.500023e-03	0.000000e+00	0.000000e+00	0.000000e+00	
2117	7.500023e-03	0.000000e+00	0.000000e+00	0.000000e+00	
2118	7.500023e-03	0.000000e+00	0.000000e+00	0.000000e+00	
2119	7.500023e-03	0.000000e+00	0.000000e+00	0.000000e+00	
2120	7.500023e-03	0.000000e+00	0.000000e+00	0.000000e+00	
2121	7.500023e-03	0.000000e+00	0.000000e+00	0.000000e+00	
2122	7.500024e-03	0.000000e+00	0.000000e+00	0.000000e+00	
2123	7.500024e-03	0.000000e+00	0.000000e+00	0.000000e+00	
2124	7.500025e-03	0.000000e+00	0.000000e+00	0.000000e+00	
2125	7.500025e-03	0.000000e+00	0.000000e+00	0.000000e+00	
2126	7.500025e-03	0.000000e+00	0.000000e+00	0.000000e+00	
2127	7.500025e-03	0.000000e+00	0.000000e+00	0.000000e+00	
2128	7.500025e-03	0.000000e+00	0.000000e+00	0.000000e+00	
2129	7.500025e-03	0.000000e+00	0.000000e+00	0.000000e+00	
2130	7.500025e-03	0.000000e+00	0.000000e+00	0.000000e+00	
2131	7.500025e-03	0.000000e+00	0.000000e+00	0.000000e+00	
2132	7.500025e-03	0.000000e+00	0.000000e+00	0.000000e+00	
2133	7.500025e-03	0.000000e+00	0.000000e+00	0.000000e+00	
2134	7.500026e-03	0.000000e+00	0.000000e+00	0.000000e+00	
2135	7.500026e-03	0.000000e+00	0.000000e+00	0.000000e+00	
2136	7.500027e-03	0.000000e+00	0.000000e+00	0.000000e+00	
2137	7.500029e-03	0.000000e+00	0.000000e+00	0.000000e+00	
2138	7.500033e-03	0.000000e+00	0.000000e+00	0.000000e+00	
2139	7.500041e-03	0.000000e+00	0.000000e+00	0.000000e+00	
2140	7.500058e-03	0.000000e+00	0.000000e+00	0.000000e+00	
2141	7.500091e-03	0.000000e+00	0.000000e+00	0.000000e+00	
2142	7.500156e-03	0.000000e+00	0.000000e+00	0.000000e+00	

Index   time            a/s             a0              a1              
--------------------------------------------------------------------------------
2143	7.500287e-03	0.000000e+00	0.000000e+00	0.000000e+00	
2144	7.500549e-03	0.000000e+00	0.000000e+00	0.000000e+00	
2145	7.501074e-03	0.000000e+00	0.000000e+00	0.000000e+00	
2146	7.502122e-03	0.000000e+00	0.000000e+00	0.000000e+00	
2147	7.504219e-03	0.000000e+00	0.000000e+00	0.000000e+00	
2148	7.508414e-03	0.000000e+00	0.000000e+00	0.000000e+00	
2149	7.516802e-03	0.000000e+00	0.000000e+00	0.000000e+00	
2150	7.533580e-03	0.000000e+00	0.000000e+00	0.000000e+00	
2151	7.567134e-03	0.000000e+00	0.000000e+00	0.000000e+00	
2152	7.634243e-03	0.000000e+00	0.000000e+00	0.000000e+00	
2153	7.768461e-03	0.000000e+00	0.000000e+00	0.000000e+00	
2154	7.928461e-03	0.000000e+00	0.000000e+00	0.000000e+00	
2155	8.000000e-03	0.000000e+00	0.000000e+00	0.000000e+00	

                                kicad schematic
                                Transient Analysis  Tue Sep 16 20:45:52  2025
--------------------------------------------------------------------------------
Index   time            a2              a3              b0              
--------------------------------------------------------------------------------
0	0.000000e+00	0.000000e+00	0.000000e+00	0.000000e+00	
1	1.000000e-10	5.000000e-02	5.000000e-02	5.000000e-02	
2	2.000000e-10	1.000000e-01	1.000000e-01	1.000000e-01	
3	4.000000e-10	2.000000e-01	2.000000e-01	2.000000e-01	
4	8.000000e-10	4.000000e-01	4.000000e-01	4.000000e-01	
5	1.600000e-09	8.000000e-01	8.000000e-01	8.000000e-01	
6	3.200000e-09	1.600000e+00	1.600000e+00	1.600000e+00	
7	5.200000e-09	2.600000e+00	2.600000e+00	2.600000e+00	
8	5.210000e-09	2.605000e+00	2.605000e+00	2.605000e+00	
9	5.230000e-09	2.615000e+00	2.615000e+00	2.615000e+00	
10	5.270000e-09	2.635000e+00	2.635000e+00	2.635000e+00	
11	5.300000e-09	2.650000e+00	2.650000e+00	2.650000e+00	
12	5.308000e-09	2.654000e+00	2.654000e+00	2.654000e+00	
13	5.324000e-09	2.662000e+00	2.662000e+00	2.662000e+00	
14	5.356000e-09	2.678000e+00	2.678000e+00	2.678000e+00	
15	5.420000e-09	2.710000e+00	2.710000e+00	2.710000e+00	
16	5.548000e-09	2.774000e+00	2.774000e+00	2.774000e+00	
17	5.804000e-09	2.902000e+00	2.902000e+00	2.902000e+00	
18	6.200000e-09	3.100000e+00	3.100000e+00	3.100000e+00	
19	6.210000e-09	3.105000e+00	3.105000e+00	3.105000e+00	
20	6.230000e-09	3.115000e+00	3.115000e+00	3.115000e+00	
21	6.270000e-09	3.135000e+00	3.135000e+00	3.135000e+00	
22	6.300000e-09	3.150000e+00	3.150000e+00	3.150000e+00	
23	6.308000e-09	3.154000e+00	3.154000e+00	3.154000e+00	
24	6.324000e-09	3.162000e+00	3.162000e+00	3.162000e+00	
25	6.356000e-09	3.178000e+00	3.178000e+00	3.178000e+00	
26	6.420000e-09	3.210000e+00	3.210000e+00	3.210000e+00	
27	6.548000e-09	3.274000e+00	3.274000e+00	3.274000e+00	
28	6.804000e-09	3.402000e+00	3.402000e+00	3.402000e+00	
29	7.316000e-09	3.658000e+00	3.658000e+00	3.658000e+00	
30	8.200000e-09	4.100000e+00	4.100000e+00	4.100000e+00	
31	8.210000e-09	4.105000e+00	4.105000e+00	4.105000e+00	
32	8.230000e-09	4.115000e+00	4.115000e+00	4.115000e+00	
33	8.270000e-09	4.135000e+00	4.135000e+00	4.135000e+00	
34	8.300000e-09	4.150000e+00	4.150000e+00	4.150000e+00	
35	8.308000e-09	4.154000e+00	4.154000e+00	4.154000e+00	
36	8.324000e-09	4.162000e+00	4.162000e+00	4.162000e+00	
37	8.356000e-09	4.178000e+00	4.178000e+00	4.178000e+00	
38	8.420000e-09	4.210000e+00	4.210000e+00	4.210000e+00	
39	8.548000e-09	4.274000e+00	4.274000e+00	4.274000e+00	
40	8.804000e-09	4.402000e+00	4.402000e+00	4.402000e+00	
41	9.200000e-09	4.600000e+00	4.600000e+00	4.600000e+00	
42	9.210000e-09	4.605000e+00	4.605000e+00	4.605000e+00	
43	9.230000e-09	4.615000e+00	4.615000e+00	4.615000e+00	
44	9.270000e-09	4.635000e+00	4.635000e+00	4.635000e+00	
45	9.300000e-09	4.650000e+00	4.650000e+00	4.650000e+00	
46	9.308000e-09	4.654000e+00	4.654000e+00	4.654000e+00	
47	9.324000e-09	4.662000e+00	4.662000e+00	4.662000e+00	
48	9.356000e-09	4.678000e+00	4.678000e+00	4.678000e+00	
49	9.420000e-09	4.710000e+00	4.710000e+00	4.710000e+00	
50	9.548000e-09	4.774000e+00	4.774000e+00	4.774000e+00	
51	9.804000e-09	4.902000e+00	4.902000e+00	4.902000e+00	
52	1.000000e-08	5.000000e+00	5.000000e+00	5.000000e+00	
53	1.005120e-08	5.000000e+00	5.000000e+00	5.000000e+00	
54	1.015360e-08	5.000000e+00	5.000000e+00	5.000000e+00	

Index   time            a2              a3              b0              
--------------------------------------------------------------------------------
55	1.035840e-08	5.000000e+00	5.000000e+00	5.000000e+00	
56	1.076800e-08	5.000000e+00	5.000000e+00	5.000000e+00	
57	1.120000e-08	5.000000e+00	5.000000e+00	5.000000e+00	
58	1.121000e-08	5.000000e+00	5.000000e+00	5.000000e+00	
59	1.123000e-08	5.000000e+00	5.000000e+00	5.000000e+00	
60	1.127000e-08	5.000000e+00	5.000000e+00	5.000000e+00	
61	1.130000e-08	5.000000e+00	5.000000e+00	5.000000e+00	
62	1.130800e-08	5.000000e+00	5.000000e+00	5.000000e+00	
63	1.132400e-08	5.000000e+00	5.000000e+00	5.000000e+00	
64	1.135600e-08	5.000000e+00	5.000000e+00	5.000000e+00	
65	1.142000e-08	5.000000e+00	5.000000e+00	5.000000e+00	
66	1.154800e-08	5.000000e+00	5.000000e+00	5.000000e+00	
67	1.180400e-08	5.000000e+00	5.000000e+00	5.000000e+00	
68	1.231600e-08	5.000000e+00	5.000000e+00	5.000000e+00	
69	1.320000e-08	5.000000e+00	5.000000e+00	5.000000e+00	
70	1.321000e-08	5.000000e+00	5.000000e+00	5.000000e+00	
71	1.323000e-08	5.000000e+00	5.000000e+00	5.000000e+00	
72	1.327000e-08	5.000000e+00	5.000000e+00	5.000000e+00	
73	1.330000e-08	5.000000e+00	5.000000e+00	5.000000e+00	
74	1.330800e-08	5.000000e+00	5.000000e+00	5.000000e+00	
75	1.332400e-08	5.000000e+00	5.000000e+00	5.000000e+00	
76	1.335600e-08	5.000000e+00	5.000000e+00	5.000000e+00	
77	1.342000e-08	5.000000e+00	5.000000e+00	5.000000e+00	
78	1.354800e-08	5.000000e+00	5.000000e+00	5.000000e+00	
79	1.380400e-08	5.000000e+00	5.000000e+00	5.000000e+00	
80	1.431600e-08	5.000000e+00	5.000000e+00	5.000000e+00	
81	1.520000e-08	5.000000e+00	5.000000e+00	5.000000e+00	
82	1.521000e-08	5.000000e+00	5.000000e+00	5.000000e+00	
83	1.523000e-08	5.000000e+00	5.000000e+00	5.000000e+00	
84	1.527000e-08	5.000000e+00	5.000000e+00	5.000000e+00	
85	1.530000e-08	5.000000e+00	5.000000e+00	5.000000e+00	
86	1.530800e-08	5.000000e+00	5.000000e+00	5.000000e+00	
87	1.532400e-08	5.000000e+00	5.000000e+00	5.000000e+00	
88	1.535600e-08	5.000000e+00	5.000000e+00	5.000000e+00	
89	1.542000e-08	5.000000e+00	5.000000e+00	5.000000e+00	
90	1.554800e-08	5.000000e+00	5.000000e+00	5.000000e+00	
91	1.580400e-08	5.000000e+00	5.000000e+00	5.000000e+00	
92	1.631600e-08	5.000000e+00	5.000000e+00	5.000000e+00	
93	1.720000e-08	5.000000e+00	5.000000e+00	5.000000e+00	
94	1.721000e-08	5.000000e+00	5.000000e+00	5.000000e+00	
95	1.723000e-08	5.000000e+00	5.000000e+00	5.000000e+00	
96	1.727000e-08	5.000000e+00	5.000000e+00	5.000000e+00	
97	1.730000e-08	5.000000e+00	5.000000e+00	5.000000e+00	
98	1.730800e-08	5.000000e+00	5.000000e+00	5.000000e+00	
99	1.732400e-08	5.000000e+00	5.000000e+00	5.000000e+00	
100	1.735600e-08	5.000000e+00	5.000000e+00	5.000000e+00	
101	1.742000e-08	5.000000e+00	5.000000e+00	5.000000e+00	
102	1.754800e-08	5.000000e+00	5.000000e+00	5.000000e+00	
103	1.780400e-08	5.000000e+00	5.000000e+00	5.000000e+00	
104	1.831600e-08	5.000000e+00	5.000000e+00	5.000000e+00	
105	1.934000e-08	5.000000e+00	5.000000e+00	5.000000e+00	
106	2.138800e-08	5.000000e+00	5.000000e+00	5.000000e+00	
107	2.548400e-08	5.000000e+00	5.000000e+00	5.000000e+00	
108	3.367600e-08	5.000000e+00	5.000000e+00	5.000000e+00	
109	5.006000e-08	5.000000e+00	5.000000e+00	5.000000e+00	
110	8.282800e-08	5.000000e+00	5.000000e+00	5.000000e+00	
111	1.483640e-07	5.000000e+00	5.000000e+00	5.000000e+00	
112	2.794360e-07	5.000000e+00	5.000000e+00	5.000000e+00	

Index   time            a2              a3              b0              
--------------------------------------------------------------------------------
113	5.415800e-07	5.000000e+00	5.000000e+00	5.000000e+00	
114	1.065868e-06	5.000000e+00	5.000000e+00	5.000000e+00	
115	2.114444e-06	5.000000e+00	5.000000e+00	5.000000e+00	
116	4.211596e-06	5.000000e+00	5.000000e+00	5.000000e+00	
117	8.405900e-06	5.000000e+00	5.000000e+00	5.000000e+00	
118	1.679451e-05	5.000000e+00	5.000000e+00	5.000000e+00	
119	3.357172e-05	5.000000e+00	5.000000e+00	5.000000e+00	
120	6.712616e-05	5.000000e+00	5.000000e+00	5.000000e+00	
121	1.342350e-04	5.000000e+00	5.000000e+00	5.000000e+00	
122	2.684527e-04	5.000000e+00	5.000000e+00	5.000000e+00	
123	4.284527e-04	5.000000e+00	5.000000e+00	5.000000e+00	
124	5.000100e-04	5.000000e+00	5.000000e+00	5.000000e+00	
125	5.000110e-04	5.000000e+00	5.000000e+00	4.500000e+00	
126	5.000130e-04	5.000000e+00	5.000000e+00	3.500000e+00	
127	5.000170e-04	5.000000e+00	5.000000e+00	1.500000e+00	
128	5.000190e-04	5.000000e+00	5.000000e+00	5.000000e-01	
129	5.000190e-04	5.000000e+00	5.000000e+00	4.950000e-01	
130	5.000190e-04	5.000000e+00	5.000000e+00	4.850000e-01	
131	5.000191e-04	5.000000e+00	5.000000e+00	4.650000e-01	
132	5.000191e-04	5.000000e+00	5.000000e+00	4.500000e-01	
133	5.000191e-04	5.000000e+00	5.000000e+00	4.460000e-01	
134	5.000191e-04	5.000000e+00	5.000000e+00	4.380000e-01	
135	5.000192e-04	5.000000e+00	5.000000e+00	4.220000e-01	
136	5.000192e-04	5.000000e+00	5.000000e+00	3.900000e-01	
137	5.000193e-04	5.000000e+00	5.000000e+00	3.260000e-01	
138	5.000196e-04	5.000000e+00	5.000000e+00	1.980000e-01	
139	5.000200e-04	5.000000e+00	5.000000e+00	0.000000e+00	
140	5.000201e-04	5.000000e+00	5.000000e+00	0.000000e+00	
141	5.000202e-04	5.000000e+00	5.000000e+00	0.000000e+00	
142	5.000204e-04	5.000000e+00	5.000000e+00	0.000000e+00	
143	5.000208e-04	5.000000e+00	5.000000e+00	0.000000e+00	
144	5.000210e-04	5.000000e+00	5.000000e+00	0.000000e+00	
145	5.000210e-04	5.000000e+00	5.000000e+00	0.000000e+00	
146	5.000210e-04	5.000000e+00	5.000000e+00	0.000000e+00	
147	5.000211e-04	5.000000e+00	5.000000e+00	0.000000e+00	
148	5.000211e-04	5.000000e+00	5.000000e+00	0.000000e+00	
149	5.000211e-04	5.000000e+00	5.000000e+00	0.000000e+00	
150	5.000211e-04	5.000000e+00	5.000000e+00	0.000000e+00	
151	5.000212e-04	5.000000e+00	5.000000e+00	0.000000e+00	
152	5.000212e-04	5.000000e+00	5.000000e+00	0.000000e+00	
153	5.000213e-04	5.000000e+00	5.000000e+00	0.000000e+00	
154	5.000216e-04	5.000000e+00	5.000000e+00	0.000000e+00	
155	5.000221e-04	5.000000e+00	5.000000e+00	0.000000e+00	
156	5.000230e-04	5.000000e+00	5.000000e+00	0.000000e+00	
157	5.000230e-04	5.000000e+00	5.000000e+00	0.000000e+00	
158	5.000230e-04	5.000000e+00	5.000000e+00	0.000000e+00	
159	5.000231e-04	5.000000e+00	5.000000e+00	0.000000e+00	
160	5.000231e-04	5.000000e+00	5.000000e+00	0.000000e+00	
161	5.000231e-04	5.000000e+00	5.000000e+00	0.000000e+00	
162	5.000231e-04	5.000000e+00	5.000000e+00	0.000000e+00	
163	5.000232e-04	5.000000e+00	5.000000e+00	0.000000e+00	
164	5.000232e-04	5.000000e+00	5.000000e+00	0.000000e+00	
165	5.000233e-04	5.000000e+00	5.000000e+00	0.000000e+00	
166	5.000236e-04	5.000000e+00	5.000000e+00	0.000000e+00	
167	5.000240e-04	5.000000e+00	5.000000e+00	0.000000e+00	
168	5.000240e-04	5.000000e+00	5.000000e+00	0.000000e+00	
169	5.000240e-04	5.000000e+00	5.000000e+00	0.000000e+00	
170	5.000241e-04	5.000000e+00	5.000000e+00	0.000000e+00	

Index   time            a2              a3              b0              
--------------------------------------------------------------------------------
171	5.000241e-04	5.000000e+00	5.000000e+00	0.000000e+00	
172	5.000241e-04	5.000000e+00	5.000000e+00	0.000000e+00	
173	5.000241e-04	5.000000e+00	5.000000e+00	0.000000e+00	
174	5.000242e-04	5.000000e+00	5.000000e+00	0.000000e+00	
175	5.000242e-04	5.000000e+00	5.000000e+00	0.000000e+00	
176	5.000243e-04	5.000000e+00	5.000000e+00	0.000000e+00	
177	5.000246e-04	5.000000e+00	5.000000e+00	0.000000e+00	
178	5.000249e-04	5.000000e+00	5.000000e+00	0.000000e+00	
179	5.000250e-04	5.000000e+00	5.000000e+00	0.000000e+00	
180	5.000251e-04	5.000000e+00	5.000000e+00	0.000000e+00	
181	5.000253e-04	5.000000e+00	5.000000e+00	0.000000e+00	
182	5.000257e-04	5.000000e+00	5.000000e+00	0.000000e+00	
183	5.000265e-04	5.000000e+00	5.000000e+00	0.000000e+00	
184	5.000281e-04	5.000000e+00	5.000000e+00	0.000000e+00	
185	5.000314e-04	5.000000e+00	5.000000e+00	0.000000e+00	
186	5.000380e-04	5.000000e+00	5.000000e+00	0.000000e+00	
187	5.000511e-04	5.000000e+00	5.000000e+00	0.000000e+00	
188	5.000773e-04	5.000000e+00	5.000000e+00	0.000000e+00	
189	5.001297e-04	5.000000e+00	5.000000e+00	0.000000e+00	
190	5.002346e-04	5.000000e+00	5.000000e+00	0.000000e+00	
191	5.004443e-04	5.000000e+00	5.000000e+00	0.000000e+00	
192	5.008637e-04	5.000000e+00	5.000000e+00	0.000000e+00	
193	5.017026e-04	5.000000e+00	5.000000e+00	0.000000e+00	
194	5.033803e-04	5.000000e+00	5.000000e+00	0.000000e+00	
195	5.067357e-04	5.000000e+00	5.000000e+00	0.000000e+00	
196	5.134466e-04	5.000000e+00	5.000000e+00	0.000000e+00	
197	5.268684e-04	5.000000e+00	5.000000e+00	0.000000e+00	
198	5.537119e-04	5.000000e+00	5.000000e+00	0.000000e+00	
199	6.073990e-04	5.000000e+00	5.000000e+00	0.000000e+00	
200	7.147732e-04	5.000000e+00	5.000000e+00	0.000000e+00	
201	8.747732e-04	5.000000e+00	5.000000e+00	0.000000e+00	
202	1.000000e-03	5.000000e+00	5.000000e+00	0.000000e+00	
203	1.000001e-03	5.000000e+00	5.000000e+00	5.000000e-01	
204	1.000003e-03	5.000000e+00	5.000000e+00	1.500000e+00	
205	1.000005e-03	5.000000e+00	5.000000e+00	2.500000e+00	
206	1.000005e-03	5.000000e+00	5.000000e+00	2.505000e+00	
207	1.000005e-03	5.000000e+00	5.000000e+00	2.515000e+00	
208	1.000005e-03	5.000000e+00	5.000000e+00	2.535000e+00	
209	1.000005e-03	5.000000e+00	5.000000e+00	2.550000e+00	
210	1.000005e-03	5.000000e+00	5.000000e+00	2.554000e+00	
211	1.000005e-03	5.000000e+00	5.000000e+00	2.562000e+00	
212	1.000005e-03	5.000000e+00	5.000000e+00	2.578000e+00	
213	1.000005e-03	5.000000e+00	5.000000e+00	2.610000e+00	
214	1.000005e-03	5.000000e+00	5.000000e+00	2.674000e+00	
215	1.000006e-03	5.000000e+00	5.000000e+00	2.802000e+00	
216	1.000006e-03	5.000000e+00	5.000000e+00	3.058000e+00	
217	1.000007e-03	5.000000e+00	5.000000e+00	3.500000e+00	
218	1.000007e-03	5.000000e+00	5.000000e+00	3.505000e+00	
219	1.000007e-03	5.000000e+00	5.000000e+00	3.515000e+00	
220	1.000007e-03	5.000000e+00	5.000000e+00	3.535000e+00	
221	1.000007e-03	5.000000e+00	5.000000e+00	3.550000e+00	
222	1.000007e-03	5.000000e+00	5.000000e+00	3.554000e+00	
223	1.000007e-03	5.000000e+00	5.000000e+00	3.562000e+00	
224	1.000007e-03	5.000000e+00	5.000000e+00	3.578000e+00	
225	1.000007e-03	5.000000e+00	5.000000e+00	3.610000e+00	
226	1.000007e-03	5.000000e+00	5.000000e+00	3.674000e+00	
227	1.000008e-03	5.000000e+00	5.000000e+00	3.802000e+00	
228	1.000008e-03	5.000000e+00	5.000000e+00	3.950000e+00	

Index   time            a2              a3              b0              
--------------------------------------------------------------------------------
229	1.000008e-03	5.000000e+00	5.000000e+00	3.975600e+00	
230	1.000008e-03	5.000000e+00	5.000000e+00	4.000000e+00	
231	1.000008e-03	5.000000e+00	5.000000e+00	4.005000e+00	
232	1.000008e-03	5.000000e+00	5.000000e+00	4.015000e+00	
233	1.000008e-03	5.000000e+00	5.000000e+00	4.035000e+00	
234	1.000008e-03	5.000000e+00	5.000000e+00	4.050000e+00	
235	1.000008e-03	5.000000e+00	5.000000e+00	4.054000e+00	
236	1.000008e-03	5.000000e+00	5.000000e+00	4.062000e+00	
237	1.000008e-03	5.000000e+00	5.000000e+00	4.078000e+00	
238	1.000008e-03	5.000000e+00	5.000000e+00	4.110000e+00	
239	1.000008e-03	5.000000e+00	5.000000e+00	4.174000e+00	
240	1.000009e-03	5.000000e+00	5.000000e+00	4.302000e+00	
241	1.000009e-03	5.000000e+00	5.000000e+00	4.500000e+00	
242	1.000009e-03	5.000000e+00	5.000000e+00	4.505000e+00	
243	1.000009e-03	5.000000e+00	5.000000e+00	4.515000e+00	
244	1.000009e-03	5.000000e+00	5.000000e+00	4.535000e+00	
245	1.000009e-03	5.000000e+00	5.000000e+00	4.550000e+00	
246	1.000009e-03	5.000000e+00	5.000000e+00	4.554000e+00	
247	1.000009e-03	5.000000e+00	5.000000e+00	4.562000e+00	
248	1.000009e-03	5.000000e+00	5.000000e+00	4.578000e+00	
249	1.000009e-03	5.000000e+00	5.000000e+00	4.610000e+00	
250	1.000009e-03	5.000000e+00	5.000000e+00	4.674000e+00	
251	1.000010e-03	5.000000e+00	5.000000e+00	4.802000e+00	
252	1.000010e-03	5.000000e+00	5.000000e+00	5.000000e+00	
253	1.000010e-03	5.000000e+00	5.000000e+00	5.000000e+00	
254	1.000010e-03	5.000000e+00	5.000000e+00	5.000000e+00	
255	1.000010e-03	5.000000e+00	5.000000e+00	5.000000e+00	
256	1.000011e-03	5.000000e+00	5.000000e+00	5.000000e+00	
257	1.000011e-03	5.000000e+00	5.000000e+00	5.000000e+00	
258	1.000011e-03	5.000000e+00	5.000000e+00	5.000000e+00	
259	1.000011e-03	5.000000e+00	5.000000e+00	5.000000e+00	
260	1.000011e-03	5.000000e+00	5.000000e+00	5.000000e+00	
261	1.000011e-03	5.000000e+00	5.000000e+00	5.000000e+00	
262	1.000011e-03	5.000000e+00	5.000000e+00	5.000000e+00	
263	1.000011e-03	5.000000e+00	5.000000e+00	5.000000e+00	
264	1.000011e-03	5.000000e+00	5.000000e+00	5.000000e+00	
265	1.000011e-03	5.000000e+00	5.000000e+00	5.000000e+00	
266	1.000011e-03	5.000000e+00	5.000000e+00	5.000000e+00	
267	1.000012e-03	5.000000e+00	5.000000e+00	5.000000e+00	
268	1.000012e-03	5.000000e+00	5.000000e+00	5.000000e+00	
269	1.000013e-03	5.000000e+00	5.000000e+00	5.000000e+00	
270	1.000013e-03	5.000000e+00	5.000000e+00	5.000000e+00	
271	1.000013e-03	5.000000e+00	5.000000e+00	5.000000e+00	
272	1.000013e-03	5.000000e+00	5.000000e+00	5.000000e+00	
273	1.000013e-03	5.000000e+00	5.000000e+00	5.000000e+00	
274	1.000013e-03	5.000000e+00	5.000000e+00	5.000000e+00	
275	1.000013e-03	5.000000e+00	5.000000e+00	5.000000e+00	
276	1.000013e-03	5.000000e+00	5.000000e+00	5.000000e+00	
277	1.000013e-03	5.000000e+00	5.000000e+00	5.000000e+00	
278	1.000013e-03	5.000000e+00	5.000000e+00	5.000000e+00	
279	1.000014e-03	5.000000e+00	5.000000e+00	5.000000e+00	
280	1.000014e-03	5.000000e+00	5.000000e+00	5.000000e+00	
281	1.000015e-03	5.000000e+00	5.000000e+00	5.000000e+00	
282	1.000015e-03	5.000000e+00	5.000000e+00	5.000000e+00	
283	1.000015e-03	5.000000e+00	5.000000e+00	5.000000e+00	
284	1.000015e-03	5.000000e+00	5.000000e+00	5.000000e+00	
285	1.000015e-03	5.000000e+00	5.000000e+00	5.000000e+00	
286	1.000015e-03	5.000000e+00	5.000000e+00	5.000000e+00	

Index   time            a2              a3              b0              
--------------------------------------------------------------------------------
287	1.000015e-03	5.000000e+00	5.000000e+00	5.000000e+00	
288	1.000015e-03	5.000000e+00	5.000000e+00	5.000000e+00	
289	1.000015e-03	5.000000e+00	5.000000e+00	5.000000e+00	
290	1.000015e-03	5.000000e+00	5.000000e+00	5.000000e+00	
291	1.000016e-03	5.000000e+00	5.000000e+00	5.000000e+00	
292	1.000016e-03	5.000000e+00	5.000000e+00	5.000000e+00	
293	1.000017e-03	5.000000e+00	5.000000e+00	5.000000e+00	
294	1.000017e-03	5.000000e+00	5.000000e+00	5.000000e+00	
295	1.000017e-03	5.000000e+00	5.000000e+00	5.000000e+00	
296	1.000017e-03	5.000000e+00	5.000000e+00	5.000000e+00	
297	1.000017e-03	5.000000e+00	5.000000e+00	5.000000e+00	
298	1.000017e-03	5.000000e+00	5.000000e+00	5.000000e+00	
299	1.000017e-03	5.000000e+00	5.000000e+00	5.000000e+00	
300	1.000017e-03	5.000000e+00	5.000000e+00	5.000000e+00	
301	1.000017e-03	5.000000e+00	5.000000e+00	5.000000e+00	
302	1.000017e-03	5.000000e+00	5.000000e+00	5.000000e+00	
303	1.000018e-03	5.000000e+00	5.000000e+00	5.000000e+00	
304	1.000018e-03	5.000000e+00	5.000000e+00	5.000000e+00	
305	1.000019e-03	5.000000e+00	5.000000e+00	5.000000e+00	
306	1.000019e-03	5.000000e+00	5.000000e+00	5.000000e+00	
307	1.000019e-03	5.000000e+00	5.000000e+00	5.000000e+00	
308	1.000019e-03	5.000000e+00	5.000000e+00	5.000000e+00	
309	1.000019e-03	5.000000e+00	5.000000e+00	5.000000e+00	
310	1.000019e-03	5.000000e+00	5.000000e+00	5.000000e+00	
311	1.000019e-03	5.000000e+00	5.000000e+00	5.000000e+00	
312	1.000019e-03	5.000000e+00	5.000000e+00	5.000000e+00	
313	1.000019e-03	5.000000e+00	5.000000e+00	5.000000e+00	
314	1.000019e-03	5.000000e+00	5.000000e+00	5.000000e+00	
315	1.000020e-03	5.000000e+00	5.000000e+00	5.000000e+00	
316	1.000020e-03	5.000000e+00	5.000000e+00	5.000000e+00	
317	1.000020e-03	5.000000e+00	5.000000e+00	5.000000e+00	
318	1.000020e-03	5.000000e+00	5.000000e+00	5.000000e+00	
319	1.000020e-03	5.000000e+00	5.000000e+00	5.000000e+00	
320	1.000021e-03	5.000000e+00	5.000000e+00	5.000000e+00	
321	1.000021e-03	5.000000e+00	5.000000e+00	5.000000e+00	
322	1.000021e-03	5.000000e+00	5.000000e+00	5.000000e+00	
323	1.000021e-03	5.000000e+00	5.000000e+00	5.000000e+00	
324	1.000021e-03	5.000000e+00	5.000000e+00	5.000000e+00	
325	1.000021e-03	5.000000e+00	5.000000e+00	5.000000e+00	
326	1.000021e-03	5.000000e+00	5.000000e+00	5.000000e+00	
327	1.000021e-03	5.000000e+00	5.000000e+00	5.000000e+00	
328	1.000021e-03	5.000000e+00	5.000000e+00	5.000000e+00	
329	1.000021e-03	5.000000e+00	5.000000e+00	5.000000e+00	
330	1.000021e-03	5.000000e+00	5.000000e+00	5.000000e+00	
331	1.000022e-03	5.000000e+00	5.000000e+00	5.000000e+00	
332	1.000022e-03	5.000000e+00	5.000000e+00	5.000000e+00	
333	1.000022e-03	5.000000e+00	5.000000e+00	5.000000e+00	
334	1.000022e-03	5.000000e+00	5.000000e+00	5.000000e+00	
335	1.000022e-03	5.000000e+00	5.000000e+00	5.000000e+00	
336	1.000022e-03	5.000000e+00	5.000000e+00	5.000000e+00	
337	1.000022e-03	5.000000e+00	5.000000e+00	5.000000e+00	
338	1.000022e-03	5.000000e+00	5.000000e+00	5.000000e+00	
339	1.000022e-03	5.000000e+00	5.000000e+00	5.000000e+00	
340	1.000022e-03	5.000000e+00	5.000000e+00	5.000000e+00	
341	1.000022e-03	5.000000e+00	5.000000e+00	5.000000e+00	
342	1.000023e-03	5.000000e+00	5.000000e+00	5.000000e+00	
343	1.000023e-03	5.000000e+00	5.000000e+00	5.000000e+00	
344	1.000023e-03	5.000000e+00	5.000000e+00	5.000000e+00	

Index   time            a2              a3              b0              
--------------------------------------------------------------------------------
345	1.000023e-03	5.000000e+00	5.000000e+00	5.000000e+00	
346	1.000023e-03	5.000000e+00	5.000000e+00	5.000000e+00	
347	1.000023e-03	5.000000e+00	5.000000e+00	5.000000e+00	
348	1.000023e-03	5.000000e+00	5.000000e+00	5.000000e+00	
349	1.000023e-03	5.000000e+00	5.000000e+00	5.000000e+00	
350	1.000023e-03	5.000000e+00	5.000000e+00	5.000000e+00	
351	1.000023e-03	5.000000e+00	5.000000e+00	5.000000e+00	
352	1.000023e-03	5.000000e+00	5.000000e+00	5.000000e+00	
353	1.000024e-03	5.000000e+00	5.000000e+00	5.000000e+00	
354	1.000024e-03	5.000000e+00	5.000000e+00	5.000000e+00	
355	1.000024e-03	5.000000e+00	5.000000e+00	5.000000e+00	
356	1.000024e-03	5.000000e+00	5.000000e+00	5.000000e+00	
357	1.000024e-03	5.000000e+00	5.000000e+00	5.000000e+00	
358	1.000024e-03	5.000000e+00	5.000000e+00	5.000000e+00	
359	1.000024e-03	5.000000e+00	5.000000e+00	5.000000e+00	
360	1.000024e-03	5.000000e+00	5.000000e+00	5.000000e+00	
361	1.000024e-03	5.000000e+00	5.000000e+00	5.000000e+00	
362	1.000024e-03	5.000000e+00	5.000000e+00	5.000000e+00	
363	1.000024e-03	5.000000e+00	5.000000e+00	5.000000e+00	
364	1.000025e-03	5.000000e+00	5.000000e+00	5.000000e+00	
365	1.000025e-03	5.000000e+00	5.000000e+00	5.000000e+00	
366	1.000026e-03	5.000000e+00	5.000000e+00	5.000000e+00	
367	1.000026e-03	5.000000e+00	5.000000e+00	5.000000e+00	
368	1.000026e-03	5.000000e+00	5.000000e+00	5.000000e+00	
369	1.000026e-03	5.000000e+00	5.000000e+00	5.000000e+00	
370	1.000026e-03	5.000000e+00	5.000000e+00	5.000000e+00	
371	1.000026e-03	5.000000e+00	5.000000e+00	5.000000e+00	
372	1.000026e-03	5.000000e+00	5.000000e+00	5.000000e+00	
373	1.000026e-03	5.000000e+00	5.000000e+00	5.000000e+00	
374	1.000026e-03	5.000000e+00	5.000000e+00	5.000000e+00	
375	1.000026e-03	5.000000e+00	5.000000e+00	5.000000e+00	
376	1.000027e-03	5.000000e+00	5.000000e+00	5.000000e+00	
377	1.000027e-03	5.000000e+00	5.000000e+00	5.000000e+00	
378	1.000028e-03	5.000000e+00	5.000000e+00	5.000000e+00	
379	1.000028e-03	5.000000e+00	5.000000e+00	5.000000e+00	
380	1.000028e-03	5.000000e+00	5.000000e+00	5.000000e+00	
381	1.000028e-03	5.000000e+00	5.000000e+00	5.000000e+00	
382	1.000028e-03	5.000000e+00	5.000000e+00	5.000000e+00	
383	1.000028e-03	5.000000e+00	5.000000e+00	5.000000e+00	
384	1.000028e-03	5.000000e+00	5.000000e+00	5.000000e+00	
385	1.000028e-03	5.000000e+00	5.000000e+00	5.000000e+00	
386	1.000028e-03	5.000000e+00	5.000000e+00	5.000000e+00	
387	1.000028e-03	5.000000e+00	5.000000e+00	5.000000e+00	
388	1.000029e-03	5.000000e+00	5.000000e+00	5.000000e+00	
389	1.000029e-03	5.000000e+00	5.000000e+00	5.000000e+00	
390	1.000030e-03	5.000000e+00	5.000000e+00	5.000000e+00	
391	1.000032e-03	5.000000e+00	5.000000e+00	5.000000e+00	
392	1.000036e-03	5.000000e+00	5.000000e+00	5.000000e+00	
393	1.000045e-03	5.000000e+00	5.000000e+00	5.000000e+00	
394	1.000061e-03	5.000000e+00	5.000000e+00	5.000000e+00	
395	1.000094e-03	5.000000e+00	5.000000e+00	5.000000e+00	
396	1.000159e-03	5.000000e+00	5.000000e+00	5.000000e+00	
397	1.000290e-03	5.000000e+00	5.000000e+00	5.000000e+00	
398	1.000552e-03	5.000000e+00	5.000000e+00	5.000000e+00	
399	1.001077e-03	5.000000e+00	5.000000e+00	5.000000e+00	
400	1.002125e-03	5.000000e+00	5.000000e+00	5.000000e+00	
401	1.004223e-03	5.000000e+00	5.000000e+00	5.000000e+00	
402	1.008417e-03	5.000000e+00	5.000000e+00	5.000000e+00	

Index   time            a2              a3              b0              
--------------------------------------------------------------------------------
403	1.016805e-03	5.000000e+00	5.000000e+00	5.000000e+00	
404	1.033583e-03	5.000000e+00	5.000000e+00	5.000000e+00	
405	1.067137e-03	5.000000e+00	5.000000e+00	5.000000e+00	
406	1.134246e-03	5.000000e+00	5.000000e+00	5.000000e+00	
407	1.268464e-03	5.000000e+00	5.000000e+00	5.000000e+00	
408	1.428464e-03	5.000000e+00	5.000000e+00	5.000000e+00	
409	1.500010e-03	5.000000e+00	5.000000e+00	5.000000e+00	
410	1.500011e-03	5.000000e+00	5.000000e+00	4.500000e+00	
411	1.500013e-03	5.000000e+00	5.000000e+00	3.500000e+00	
412	1.500017e-03	5.000000e+00	5.000000e+00	1.500000e+00	
413	1.500019e-03	5.000000e+00	5.000000e+00	5.000000e-01	
414	1.500019e-03	5.000000e+00	5.000000e+00	4.950000e-01	
415	1.500019e-03	5.000000e+00	5.000000e+00	4.850000e-01	
416	1.500019e-03	5.000000e+00	5.000000e+00	4.650000e-01	
417	1.500019e-03	5.000000e+00	5.000000e+00	4.500000e-01	
418	1.500019e-03	5.000000e+00	5.000000e+00	4.460000e-01	
419	1.500019e-03	5.000000e+00	5.000000e+00	4.380000e-01	
420	1.500019e-03	5.000000e+00	5.000000e+00	4.220000e-01	
421	1.500019e-03	5.000000e+00	5.000000e+00	3.900000e-01	
422	1.500019e-03	5.000000e+00	5.000000e+00	3.260000e-01	
423	1.500020e-03	5.000000e+00	5.000000e+00	1.980000e-01	
424	1.500020e-03	5.000000e+00	5.000000e+00	8.390799e-11	
425	1.500020e-03	5.000000e+00	5.000000e+00	0.000000e+00	
426	1.500020e-03	5.000000e+00	5.000000e+00	0.000000e+00	
427	1.500020e-03	5.000000e+00	5.000000e+00	0.000000e+00	
428	1.500021e-03	5.000000e+00	5.000000e+00	0.000000e+00	
429	1.500021e-03	5.000000e+00	5.000000e+00	0.000000e+00	
430	1.500021e-03	5.000000e+00	5.000000e+00	0.000000e+00	
431	1.500021e-03	5.000000e+00	5.000000e+00	0.000000e+00	
432	1.500021e-03	5.000000e+00	5.000000e+00	0.000000e+00	
433	1.500021e-03	5.000000e+00	5.000000e+00	0.000000e+00	
434	1.500021e-03	5.000000e+00	5.000000e+00	0.000000e+00	
435	1.500021e-03	5.000000e+00	5.000000e+00	0.000000e+00	
436	1.500021e-03	5.000000e+00	5.000000e+00	0.000000e+00	
437	1.500021e-03	5.000000e+00	5.000000e+00	0.000000e+00	
438	1.500021e-03	5.000000e+00	5.000000e+00	0.000000e+00	
439	1.500022e-03	5.000000e+00	5.000000e+00	0.000000e+00	
440	1.500022e-03	5.000000e+00	5.000000e+00	0.000000e+00	
441	1.500023e-03	5.000000e+00	5.000000e+00	0.000000e+00	
442	1.500023e-03	5.000000e+00	5.000000e+00	0.000000e+00	
443	1.500023e-03	5.000000e+00	5.000000e+00	0.000000e+00	
444	1.500023e-03	5.000000e+00	5.000000e+00	0.000000e+00	
445	1.500023e-03	5.000000e+00	5.000000e+00	0.000000e+00	
446	1.500023e-03	5.000000e+00	5.000000e+00	0.000000e+00	
447	1.500023e-03	5.000000e+00	5.000000e+00	0.000000e+00	
448	1.500023e-03	5.000000e+00	5.000000e+00	0.000000e+00	
449	1.500023e-03	5.000000e+00	5.000000e+00	0.000000e+00	
450	1.500023e-03	5.000000e+00	5.000000e+00	0.000000e+00	
451	1.500024e-03	5.000000e+00	5.000000e+00	0.000000e+00	
452	1.500024e-03	5.000000e+00	5.000000e+00	0.000000e+00	
453	1.500024e-03	5.000000e+00	5.000000e+00	0.000000e+00	
454	1.500024e-03	5.000000e+00	5.000000e+00	0.000000e+00	
455	1.500024e-03	5.000000e+00	5.000000e+00	0.000000e+00	
456	1.500024e-03	5.000000e+00	5.000000e+00	0.000000e+00	
457	1.500024e-03	5.000000e+00	5.000000e+00	0.000000e+00	
458	1.500024e-03	5.000000e+00	5.000000e+00	0.000000e+00	
459	1.500024e-03	5.000000e+00	5.000000e+00	0.000000e+00	
460	1.500024e-03	5.000000e+00	5.000000e+00	0.000000e+00	

Index   time            a2              a3              b0              
--------------------------------------------------------------------------------
461	1.500024e-03	5.000000e+00	5.000000e+00	0.000000e+00	
462	1.500025e-03	5.000000e+00	5.000000e+00	0.000000e+00	
463	1.500025e-03	5.000000e+00	5.000000e+00	0.000000e+00	
464	1.500025e-03	5.000000e+00	5.000000e+00	0.000000e+00	
465	1.500025e-03	5.000000e+00	5.000000e+00	0.000000e+00	
466	1.500025e-03	5.000000e+00	5.000000e+00	0.000000e+00	
467	1.500025e-03	5.000000e+00	5.000000e+00	0.000000e+00	
468	1.500025e-03	5.000000e+00	5.000000e+00	0.000000e+00	
469	1.500025e-03	5.000000e+00	5.000000e+00	0.000000e+00	
470	1.500025e-03	5.000000e+00	5.000000e+00	0.000000e+00	
471	1.500025e-03	5.000000e+00	5.000000e+00	0.000000e+00	
472	1.500025e-03	5.000000e+00	5.000000e+00	0.000000e+00	
473	1.500025e-03	5.000000e+00	5.000000e+00	0.000000e+00	
474	1.500025e-03	5.000000e+00	5.000000e+00	0.000000e+00	
475	1.500026e-03	5.000000e+00	5.000000e+00	0.000000e+00	
476	1.500026e-03	5.000000e+00	5.000000e+00	0.000000e+00	
477	1.500027e-03	5.000000e+00	5.000000e+00	0.000000e+00	
478	1.500029e-03	5.000000e+00	5.000000e+00	0.000000e+00	
479	1.500033e-03	5.000000e+00	5.000000e+00	0.000000e+00	
480	1.500041e-03	5.000000e+00	5.000000e+00	0.000000e+00	
481	1.500058e-03	5.000000e+00	5.000000e+00	0.000000e+00	
482	1.500091e-03	5.000000e+00	5.000000e+00	0.000000e+00	
483	1.500156e-03	5.000000e+00	5.000000e+00	0.000000e+00	
484	1.500287e-03	5.000000e+00	5.000000e+00	0.000000e+00	
485	1.500549e-03	5.000000e+00	5.000000e+00	0.000000e+00	
486	1.501074e-03	5.000000e+00	5.000000e+00	0.000000e+00	
487	1.502122e-03	5.000000e+00	5.000000e+00	0.000000e+00	
488	1.504219e-03	5.000000e+00	5.000000e+00	0.000000e+00	
489	1.508414e-03	5.000000e+00	5.000000e+00	0.000000e+00	
490	1.516802e-03	5.000000e+00	5.000000e+00	0.000000e+00	
491	1.533580e-03	5.000000e+00	5.000000e+00	0.000000e+00	
492	1.567134e-03	5.000000e+00	5.000000e+00	0.000000e+00	
493	1.634243e-03	5.000000e+00	5.000000e+00	0.000000e+00	
494	1.768461e-03	5.000000e+00	5.000000e+00	0.000000e+00	
495	1.928461e-03	5.000000e+00	5.000000e+00	0.000000e+00	
496	2.000000e-03	5.000000e+00	5.000000e+00	0.000000e+00	
497	2.000001e-03	5.000000e+00	5.000000e+00	5.000000e-01	
498	2.000003e-03	5.000000e+00	5.000000e+00	1.500000e+00	
499	2.000005e-03	5.000000e+00	5.000000e+00	2.500000e+00	
500	2.000005e-03	5.000000e+00	5.000000e+00	2.505000e+00	
501	2.000005e-03	5.000000e+00	5.000000e+00	2.515000e+00	
502	2.000005e-03	5.000000e+00	5.000000e+00	2.535000e+00	
503	2.000005e-03	5.000000e+00	5.000000e+00	2.550000e+00	
504	2.000005e-03	5.000000e+00	5.000000e+00	2.554000e+00	
505	2.000005e-03	5.000000e+00	5.000000e+00	2.562000e+00	
506	2.000005e-03	5.000000e+00	5.000000e+00	2.578000e+00	
507	2.000005e-03	5.000000e+00	5.000000e+00	2.610000e+00	
508	2.000005e-03	5.000000e+00	5.000000e+00	2.674000e+00	
509	2.000006e-03	5.000000e+00	5.000000e+00	2.802000e+00	
510	2.000006e-03	5.000000e+00	5.000000e+00	3.000000e+00	
511	2.000006e-03	5.000000e+00	5.000000e+00	3.005000e+00	
512	2.000006e-03	5.000000e+00	5.000000e+00	3.015000e+00	
513	2.000006e-03	5.000000e+00	5.000000e+00	3.035000e+00	
514	2.000006e-03	5.000000e+00	5.000000e+00	3.050000e+00	
515	2.000006e-03	5.000000e+00	5.000000e+00	3.054000e+00	
516	2.000006e-03	5.000000e+00	5.000000e+00	3.062000e+00	
517	2.000006e-03	5.000000e+00	5.000000e+00	3.078000e+00	
518	2.000006e-03	5.000000e+00	5.000000e+00	3.110000e+00	

Index   time            a2              a3              b0              
--------------------------------------------------------------------------------
519	2.000006e-03	5.000000e+00	5.000000e+00	3.174000e+00	
520	2.000007e-03	5.000000e+00	5.000000e+00	3.302000e+00	
521	2.000007e-03	5.000000e+00	5.000000e+00	3.500000e+00	
522	2.000007e-03	5.000000e+00	5.000000e+00	3.505000e+00	
523	2.000007e-03	5.000000e+00	5.000000e+00	3.515000e+00	
524	2.000007e-03	5.000000e+00	5.000000e+00	3.535000e+00	
525	2.000007e-03	5.000000e+00	5.000000e+00	3.550000e+00	
526	2.000007e-03	5.000000e+00	5.000000e+00	3.554000e+00	
527	2.000007e-03	5.000000e+00	5.000000e+00	3.562000e+00	
528	2.000007e-03	5.000000e+00	5.000000e+00	3.578000e+00	
529	2.000007e-03	5.000000e+00	5.000000e+00	3.610000e+00	
530	2.000007e-03	5.000000e+00	5.000000e+00	3.674000e+00	
531	2.000008e-03	5.000000e+00	5.000000e+00	3.802000e+00	
532	2.000008e-03	5.000000e+00	5.000000e+00	3.950000e+00	
533	2.000008e-03	5.000000e+00	5.000000e+00	3.975600e+00	
534	2.000008e-03	5.000000e+00	5.000000e+00	4.000000e+00	
535	2.000008e-03	5.000000e+00	5.000000e+00	4.005000e+00	
536	2.000008e-03	5.000000e+00	5.000000e+00	4.015000e+00	
537	2.000008e-03	5.000000e+00	5.000000e+00	4.035000e+00	
538	2.000008e-03	5.000000e+00	5.000000e+00	4.050000e+00	
539	2.000008e-03	5.000000e+00	5.000000e+00	4.054000e+00	
540	2.000008e-03	5.000000e+00	5.000000e+00	4.062000e+00	
541	2.000008e-03	5.000000e+00	5.000000e+00	4.078000e+00	
542	2.000008e-03	5.000000e+00	5.000000e+00	4.110000e+00	
543	2.000008e-03	5.000000e+00	5.000000e+00	4.174000e+00	
544	2.000009e-03	5.000000e+00	5.000000e+00	4.302000e+00	
545	2.000009e-03	5.000000e+00	5.000000e+00	4.500000e+00	
546	2.000009e-03	5.000000e+00	5.000000e+00	4.505000e+00	
547	2.000009e-03	5.000000e+00	5.000000e+00	4.515000e+00	
548	2.000009e-03	5.000000e+00	5.000000e+00	4.535000e+00	
549	2.000009e-03	5.000000e+00	5.000000e+00	4.550000e+00	
550	2.000009e-03	5.000000e+00	5.000000e+00	4.554000e+00	
551	2.000009e-03	5.000000e+00	5.000000e+00	4.562000e+00	
552	2.000009e-03	5.000000e+00	5.000000e+00	4.578000e+00	
553	2.000009e-03	5.000000e+00	5.000000e+00	4.610000e+00	
554	2.000009e-03	5.000000e+00	5.000000e+00	4.674000e+00	
555	2.000010e-03	5.000000e+00	5.000000e+00	4.802000e+00	
556	2.000010e-03	5.000000e+00	5.000000e+00	5.000000e+00	
557	2.000010e-03	4.974400e+00	5.000000e+00	5.000000e+00	
558	2.000010e-03	4.923200e+00	5.000000e+00	5.000000e+00	
559	2.000010e-03	4.820800e+00	5.000000e+00	5.000000e+00	
560	2.000011e-03	4.616000e+00	5.000000e+00	5.000000e+00	
561	2.000011e-03	4.500000e+00	5.000000e+00	5.000000e+00	
562	2.000011e-03	4.495000e+00	5.000000e+00	5.000000e+00	
563	2.000011e-03	4.485000e+00	5.000000e+00	5.000000e+00	
564	2.000011e-03	4.465000e+00	5.000000e+00	5.000000e+00	
565	2.000011e-03	4.450000e+00	5.000000e+00	5.000000e+00	
566	2.000011e-03	4.446000e+00	5.000000e+00	5.000000e+00	
567	2.000011e-03	4.438000e+00	5.000000e+00	5.000000e+00	
568	2.000011e-03	4.422000e+00	5.000000e+00	5.000000e+00	
569	2.000011e-03	4.390000e+00	5.000000e+00	5.000000e+00	
570	2.000011e-03	4.326000e+00	5.000000e+00	5.000000e+00	
571	2.000012e-03	4.198000e+00	5.000000e+00	5.000000e+00	
572	2.000012e-03	3.942000e+00	5.000000e+00	5.000000e+00	
573	2.000013e-03	3.500000e+00	5.000000e+00	5.000000e+00	
574	2.000013e-03	3.495000e+00	5.000000e+00	5.000000e+00	
575	2.000013e-03	3.485000e+00	5.000000e+00	5.000000e+00	
576	2.000013e-03	3.465000e+00	5.000000e+00	5.000000e+00	

Index   time            a2              a3              b0              
--------------------------------------------------------------------------------
577	2.000013e-03	3.450000e+00	5.000000e+00	5.000000e+00	
578	2.000013e-03	3.446000e+00	5.000000e+00	5.000000e+00	
579	2.000013e-03	3.438000e+00	5.000000e+00	5.000000e+00	
580	2.000013e-03	3.422000e+00	5.000000e+00	5.000000e+00	
581	2.000013e-03	3.390000e+00	5.000000e+00	5.000000e+00	
582	2.000013e-03	3.326000e+00	5.000000e+00	5.000000e+00	
583	2.000014e-03	3.198000e+00	5.000000e+00	5.000000e+00	
584	2.000014e-03	2.942000e+00	5.000000e+00	5.000000e+00	
585	2.000015e-03	2.500000e+00	5.000000e+00	5.000000e+00	
586	2.000015e-03	2.495000e+00	5.000000e+00	5.000000e+00	
587	2.000015e-03	2.485000e+00	5.000000e+00	5.000000e+00	
588	2.000015e-03	2.465000e+00	5.000000e+00	5.000000e+00	
589	2.000015e-03	2.450000e+00	5.000000e+00	5.000000e+00	
590	2.000015e-03	2.446000e+00	5.000000e+00	5.000000e+00	
591	2.000015e-03	2.438000e+00	5.000000e+00	5.000000e+00	
592	2.000015e-03	2.422000e+00	5.000000e+00	5.000000e+00	
593	2.000015e-03	2.390000e+00	5.000000e+00	5.000000e+00	
594	2.000015e-03	2.326000e+00	5.000000e+00	5.000000e+00	
595	2.000016e-03	2.198000e+00	5.000000e+00	5.000000e+00	
596	2.000016e-03	1.942000e+00	5.000000e+00	5.000000e+00	
597	2.000017e-03	1.500000e+00	5.000000e+00	5.000000e+00	
598	2.000017e-03	1.495000e+00	5.000000e+00	5.000000e+00	
599	2.000017e-03	1.485000e+00	5.000000e+00	5.000000e+00	
600	2.000017e-03	1.465000e+00	5.000000e+00	5.000000e+00	
601	2.000017e-03	1.450000e+00	5.000000e+00	5.000000e+00	
602	2.000017e-03	1.446000e+00	5.000000e+00	5.000000e+00	
603	2.000017e-03	1.438000e+00	5.000000e+00	5.000000e+00	
604	2.000017e-03	1.422000e+00	5.000000e+00	5.000000e+00	
605	2.000017e-03	1.390000e+00	5.000000e+00	5.000000e+00	
606	2.000017e-03	1.326000e+00	5.000000e+00	5.000000e+00	
607	2.000018e-03	1.198000e+00	5.000000e+00	5.000000e+00	
608	2.000018e-03	9.420000e-01	5.000000e+00	5.000000e+00	
609	2.000019e-03	4.420000e-01	5.000000e+00	5.000000e+00	
610	2.000019e-03	4.370000e-01	5.000000e+00	5.000000e+00	
611	2.000019e-03	4.270000e-01	5.000000e+00	5.000000e+00	
612	2.000019e-03	4.070000e-01	5.000000e+00	5.000000e+00	
613	2.000019e-03	3.920000e-01	5.000000e+00	5.000000e+00	
614	2.000019e-03	3.880000e-01	5.000000e+00	5.000000e+00	
615	2.000019e-03	3.800000e-01	5.000000e+00	5.000000e+00	
616	2.000019e-03	3.640000e-01	5.000000e+00	5.000000e+00	
617	2.000019e-03	3.320000e-01	5.000000e+00	5.000000e+00	
618	2.000019e-03	2.680000e-01	5.000000e+00	5.000000e+00	
619	2.000020e-03	1.400000e-01	5.000000e+00	5.000000e+00	
620	2.000020e-03	0.000000e+00	5.000000e+00	5.000000e+00	
621	2.000020e-03	0.000000e+00	5.000000e+00	5.000000e+00	
622	2.000020e-03	0.000000e+00	5.000000e+00	5.000000e+00	
623	2.000020e-03	0.000000e+00	5.000000e+00	5.000000e+00	
624	2.000021e-03	0.000000e+00	5.000000e+00	5.000000e+00	
625	2.000021e-03	0.000000e+00	5.000000e+00	5.000000e+00	
626	2.000021e-03	0.000000e+00	5.000000e+00	5.000000e+00	
627	2.000021e-03	0.000000e+00	5.000000e+00	5.000000e+00	
628	2.000021e-03	0.000000e+00	5.000000e+00	5.000000e+00	
629	2.000021e-03	0.000000e+00	5.000000e+00	5.000000e+00	
630	2.000021e-03	0.000000e+00	5.000000e+00	5.000000e+00	
631	2.000021e-03	0.000000e+00	5.000000e+00	5.000000e+00	
632	2.000021e-03	0.000000e+00	5.000000e+00	5.000000e+00	
633	2.000021e-03	0.000000e+00	5.000000e+00	5.000000e+00	
634	2.000021e-03	0.000000e+00	5.000000e+00	5.000000e+00	

Index   time            a2              a3              b0              
--------------------------------------------------------------------------------
635	2.000022e-03	0.000000e+00	5.000000e+00	5.000000e+00	
636	2.000022e-03	0.000000e+00	5.000000e+00	5.000000e+00	
637	2.000022e-03	0.000000e+00	5.000000e+00	5.000000e+00	
638	2.000022e-03	0.000000e+00	5.000000e+00	5.000000e+00	
639	2.000022e-03	0.000000e+00	5.000000e+00	5.000000e+00	
640	2.000022e-03	0.000000e+00	5.000000e+00	5.000000e+00	
641	2.000022e-03	0.000000e+00	5.000000e+00	5.000000e+00	
642	2.000022e-03	0.000000e+00	5.000000e+00	5.000000e+00	
643	2.000022e-03	0.000000e+00	5.000000e+00	5.000000e+00	
644	2.000022e-03	0.000000e+00	5.000000e+00	5.000000e+00	
645	2.000022e-03	0.000000e+00	5.000000e+00	5.000000e+00	
646	2.000023e-03	0.000000e+00	5.000000e+00	5.000000e+00	
647	2.000023e-03	0.000000e+00	5.000000e+00	5.000000e+00	
648	2.000024e-03	0.000000e+00	5.000000e+00	5.000000e+00	
649	2.000024e-03	0.000000e+00	5.000000e+00	5.000000e+00	
650	2.000024e-03	0.000000e+00	5.000000e+00	5.000000e+00	
651	2.000024e-03	0.000000e+00	5.000000e+00	5.000000e+00	
652	2.000024e-03	0.000000e+00	5.000000e+00	5.000000e+00	
653	2.000024e-03	0.000000e+00	5.000000e+00	5.000000e+00	
654	2.000024e-03	0.000000e+00	5.000000e+00	5.000000e+00	
655	2.000024e-03	0.000000e+00	5.000000e+00	5.000000e+00	
656	2.000024e-03	0.000000e+00	5.000000e+00	5.000000e+00	
657	2.000024e-03	0.000000e+00	5.000000e+00	5.000000e+00	
658	2.000025e-03	0.000000e+00	5.000000e+00	5.000000e+00	
659	2.000025e-03	0.000000e+00	5.000000e+00	5.000000e+00	
660	2.000026e-03	0.000000e+00	5.000000e+00	5.000000e+00	
661	2.000026e-03	0.000000e+00	5.000000e+00	5.000000e+00	
662	2.000026e-03	0.000000e+00	5.000000e+00	5.000000e+00	
663	2.000026e-03	0.000000e+00	5.000000e+00	5.000000e+00	
664	2.000026e-03	0.000000e+00	5.000000e+00	5.000000e+00	
665	2.000026e-03	0.000000e+00	5.000000e+00	5.000000e+00	
666	2.000026e-03	0.000000e+00	5.000000e+00	5.000000e+00	
667	2.000026e-03	0.000000e+00	5.000000e+00	5.000000e+00	
668	2.000026e-03	0.000000e+00	5.000000e+00	5.000000e+00	
669	2.000026e-03	0.000000e+00	5.000000e+00	5.000000e+00	
670	2.000027e-03	0.000000e+00	5.000000e+00	5.000000e+00	
671	2.000027e-03	0.000000e+00	5.000000e+00	5.000000e+00	
672	2.000028e-03	0.000000e+00	5.000000e+00	5.000000e+00	
673	2.000030e-03	0.000000e+00	5.000000e+00	5.000000e+00	
674	2.000034e-03	0.000000e+00	5.000000e+00	5.000000e+00	
675	2.000043e-03	0.000000e+00	5.000000e+00	5.000000e+00	
676	2.000059e-03	0.000000e+00	5.000000e+00	5.000000e+00	
677	2.000092e-03	0.000000e+00	5.000000e+00	5.000000e+00	
678	2.000157e-03	0.000000e+00	5.000000e+00	5.000000e+00	
679	2.000288e-03	0.000000e+00	5.000000e+00	5.000000e+00	
680	2.000550e-03	0.000000e+00	5.000000e+00	5.000000e+00	
681	2.001075e-03	0.000000e+00	5.000000e+00	5.000000e+00	
682	2.002123e-03	0.000000e+00	5.000000e+00	5.000000e+00	
683	2.004221e-03	0.000000e+00	5.000000e+00	5.000000e+00	
684	2.008415e-03	0.000000e+00	5.000000e+00	5.000000e+00	
685	2.016803e-03	0.000000e+00	5.000000e+00	5.000000e+00	
686	2.033581e-03	0.000000e+00	5.000000e+00	5.000000e+00	
687	2.067135e-03	0.000000e+00	5.000000e+00	5.000000e+00	
688	2.134244e-03	0.000000e+00	5.000000e+00	5.000000e+00	
689	2.268462e-03	0.000000e+00	5.000000e+00	5.000000e+00	
690	2.428462e-03	0.000000e+00	5.000000e+00	5.000000e+00	
691	2.500010e-03	0.000000e+00	5.000000e+00	5.000000e+00	
692	2.500011e-03	0.000000e+00	5.000000e+00	4.500000e+00	

Index   time            a2              a3              b0              
--------------------------------------------------------------------------------
693	2.500013e-03	0.000000e+00	5.000000e+00	3.500000e+00	
694	2.500017e-03	0.000000e+00	5.000000e+00	1.500000e+00	
695	2.500019e-03	0.000000e+00	5.000000e+00	5.000000e-01	
696	2.500019e-03	0.000000e+00	5.000000e+00	4.950000e-01	
697	2.500019e-03	0.000000e+00	5.000000e+00	4.850000e-01	
698	2.500019e-03	0.000000e+00	5.000000e+00	4.650000e-01	
699	2.500019e-03	0.000000e+00	5.000000e+00	4.500000e-01	
700	2.500019e-03	0.000000e+00	5.000000e+00	4.460000e-01	
701	2.500019e-03	0.000000e+00	5.000000e+00	4.380000e-01	
702	2.500019e-03	0.000000e+00	5.000000e+00	4.220000e-01	
703	2.500019e-03	0.000000e+00	5.000000e+00	3.900000e-01	
704	2.500019e-03	0.000000e+00	5.000000e+00	3.260000e-01	
705	2.500020e-03	0.000000e+00	5.000000e+00	1.980000e-01	
706	2.500020e-03	0.000000e+00	5.000000e+00	1.923288e-10	
707	2.500020e-03	0.000000e+00	5.000000e+00	0.000000e+00	
708	2.500020e-03	0.000000e+00	5.000000e+00	0.000000e+00	
709	2.500020e-03	0.000000e+00	5.000000e+00	0.000000e+00	
710	2.500021e-03	0.000000e+00	5.000000e+00	0.000000e+00	
711	2.500021e-03	0.000000e+00	5.000000e+00	0.000000e+00	
712	2.500021e-03	0.000000e+00	5.000000e+00	0.000000e+00	
713	2.500021e-03	0.000000e+00	5.000000e+00	0.000000e+00	
714	2.500021e-03	0.000000e+00	5.000000e+00	0.000000e+00	
715	2.500021e-03	0.000000e+00	5.000000e+00	0.000000e+00	
716	2.500021e-03	0.000000e+00	5.000000e+00	0.000000e+00	
717	2.500021e-03	0.000000e+00	5.000000e+00	0.000000e+00	
718	2.500021e-03	0.000000e+00	5.000000e+00	0.000000e+00	
719	2.500021e-03	0.000000e+00	5.000000e+00	0.000000e+00	
720	2.500021e-03	0.000000e+00	5.000000e+00	0.000000e+00	
721	2.500022e-03	0.000000e+00	5.000000e+00	0.000000e+00	
722	2.500022e-03	0.000000e+00	5.000000e+00	0.000000e+00	
723	2.500023e-03	0.000000e+00	5.000000e+00	0.000000e+00	
724	2.500023e-03	0.000000e+00	5.000000e+00	0.000000e+00	
725	2.500023e-03	0.000000e+00	5.000000e+00	0.000000e+00	
726	2.500023e-03	0.000000e+00	5.000000e+00	0.000000e+00	
727	2.500023e-03	0.000000e+00	5.000000e+00	0.000000e+00	
728	2.500023e-03	0.000000e+00	5.000000e+00	0.000000e+00	
729	2.500023e-03	0.000000e+00	5.000000e+00	0.000000e+00	
730	2.500023e-03	0.000000e+00	5.000000e+00	0.000000e+00	
731	2.500023e-03	0.000000e+00	5.000000e+00	0.000000e+00	
732	2.500023e-03	0.000000e+00	5.000000e+00	0.000000e+00	
733	2.500024e-03	0.000000e+00	5.000000e+00	0.000000e+00	
734	2.500024e-03	0.000000e+00	5.000000e+00	0.000000e+00	
735	2.500024e-03	0.000000e+00	5.000000e+00	0.000000e+00	
736	2.500024e-03	0.000000e+00	5.000000e+00	0.000000e+00	
737	2.500024e-03	0.000000e+00	5.000000e+00	0.000000e+00	
738	2.500025e-03	0.000000e+00	5.000000e+00	0.000000e+00	
739	2.500025e-03	0.000000e+00	5.000000e+00	0.000000e+00	
740	2.500025e-03	0.000000e+00	5.000000e+00	0.000000e+00	
741	2.500025e-03	0.000000e+00	5.000000e+00	0.000000e+00	
742	2.500025e-03	0.000000e+00	5.000000e+00	0.000000e+00	
743	2.500025e-03	0.000000e+00	5.000000e+00	0.000000e+00	
744	2.500025e-03	0.000000e+00	5.000000e+00	0.000000e+00	
745	2.500025e-03	0.000000e+00	5.000000e+00	0.000000e+00	
746	2.500025e-03	0.000000e+00	5.000000e+00	0.000000e+00	
747	2.500025e-03	0.000000e+00	5.000000e+00	0.000000e+00	
748	2.500025e-03	0.000000e+00	5.000000e+00	0.000000e+00	
749	2.500025e-03	0.000000e+00	5.000000e+00	0.000000e+00	
750	2.500025e-03	0.000000e+00	5.000000e+00	0.000000e+00	

Index   time            a2              a3              b0              
--------------------------------------------------------------------------------
751	2.500026e-03	0.000000e+00	5.000000e+00	0.000000e+00	
752	2.500026e-03	0.000000e+00	5.000000e+00	0.000000e+00	
753	2.500026e-03	0.000000e+00	5.000000e+00	0.000000e+00	
754	2.500026e-03	0.000000e+00	5.000000e+00	0.000000e+00	
755	2.500026e-03	0.000000e+00	5.000000e+00	0.000000e+00	
756	2.500027e-03	0.000000e+00	5.000000e+00	0.000000e+00	
757	2.500027e-03	0.000000e+00	5.000000e+00	0.000000e+00	
758	2.500029e-03	0.000000e+00	5.000000e+00	0.000000e+00	
759	2.500032e-03	0.000000e+00	5.000000e+00	0.000000e+00	
760	2.500039e-03	0.000000e+00	5.000000e+00	0.000000e+00	
761	2.500052e-03	0.000000e+00	5.000000e+00	0.000000e+00	
762	2.500078e-03	0.000000e+00	5.000000e+00	0.000000e+00	
763	2.500131e-03	0.000000e+00	5.000000e+00	0.000000e+00	
764	2.500236e-03	0.000000e+00	5.000000e+00	0.000000e+00	
765	2.500445e-03	0.000000e+00	5.000000e+00	0.000000e+00	
766	2.500865e-03	0.000000e+00	5.000000e+00	0.000000e+00	
767	2.501704e-03	0.000000e+00	5.000000e+00	0.000000e+00	
768	2.503381e-03	0.000000e+00	5.000000e+00	0.000000e+00	
769	2.506737e-03	0.000000e+00	5.000000e+00	0.000000e+00	
770	2.513448e-03	0.000000e+00	5.000000e+00	0.000000e+00	
771	2.526869e-03	0.000000e+00	5.000000e+00	0.000000e+00	
772	2.553713e-03	0.000000e+00	5.000000e+00	0.000000e+00	
773	2.607400e-03	0.000000e+00	5.000000e+00	0.000000e+00	
774	2.714774e-03	0.000000e+00	5.000000e+00	0.000000e+00	
775	2.874774e-03	0.000000e+00	5.000000e+00	0.000000e+00	
776	3.000000e-03	0.000000e+00	5.000000e+00	0.000000e+00	
777	3.000001e-03	0.000000e+00	5.000000e+00	5.000000e-01	
778	3.000003e-03	0.000000e+00	5.000000e+00	1.500000e+00	
779	3.000005e-03	0.000000e+00	5.000000e+00	2.500000e+00	
780	3.000005e-03	0.000000e+00	5.000000e+00	2.505000e+00	
781	3.000005e-03	0.000000e+00	5.000000e+00	2.515000e+00	
782	3.000005e-03	0.000000e+00	5.000000e+00	2.535000e+00	
783	3.000005e-03	0.000000e+00	5.000000e+00	2.550000e+00	
784	3.000005e-03	0.000000e+00	5.000000e+00	2.554000e+00	
785	3.000005e-03	0.000000e+00	5.000000e+00	2.562000e+00	
786	3.000005e-03	0.000000e+00	5.000000e+00	2.578000e+00	
787	3.000005e-03	0.000000e+00	5.000000e+00	2.610000e+00	
788	3.000005e-03	0.000000e+00	5.000000e+00	2.674000e+00	
789	3.000006e-03	0.000000e+00	5.000000e+00	2.802000e+00	
790	3.000006e-03	0.000000e+00	5.000000e+00	3.058000e+00	
791	3.000007e-03	0.000000e+00	5.000000e+00	3.500000e+00	
792	3.000007e-03	0.000000e+00	5.000000e+00	3.505000e+00	
793	3.000007e-03	0.000000e+00	5.000000e+00	3.515000e+00	
794	3.000007e-03	0.000000e+00	5.000000e+00	3.535000e+00	
795	3.000007e-03	0.000000e+00	5.000000e+00	3.550000e+00	
796	3.000007e-03	0.000000e+00	5.000000e+00	3.554000e+00	
797	3.000007e-03	0.000000e+00	5.000000e+00	3.562000e+00	
798	3.000007e-03	0.000000e+00	5.000000e+00	3.578000e+00	
799	3.000007e-03	0.000000e+00	5.000000e+00	3.610000e+00	
800	3.000007e-03	0.000000e+00	5.000000e+00	3.674000e+00	
801	3.000008e-03	0.000000e+00	5.000000e+00	3.802000e+00	
802	3.000008e-03	0.000000e+00	5.000000e+00	3.950000e+00	
803	3.000008e-03	0.000000e+00	5.000000e+00	3.975600e+00	
804	3.000008e-03	0.000000e+00	5.000000e+00	4.000000e+00	
805	3.000008e-03	0.000000e+00	5.000000e+00	4.005120e+00	
806	3.000008e-03	0.000000e+00	5.000000e+00	4.015360e+00	
807	3.000008e-03	0.000000e+00	5.000000e+00	4.035840e+00	
808	3.000008e-03	0.000000e+00	5.000000e+00	4.076800e+00	

Index   time            a2              a3              b0              
--------------------------------------------------------------------------------
809	3.000008e-03	0.000000e+00	5.000000e+00	4.158720e+00	
810	3.000009e-03	0.000000e+00	5.000000e+00	4.322560e+00	
811	3.000009e-03	0.000000e+00	5.000000e+00	4.450000e+00	
812	3.000009e-03	0.000000e+00	5.000000e+00	4.482768e+00	
813	3.000009e-03	0.000000e+00	5.000000e+00	4.500000e+00	
814	3.000009e-03	0.000000e+00	5.000000e+00	4.505000e+00	
815	3.000009e-03	0.000000e+00	5.000000e+00	4.515000e+00	
816	3.000009e-03	0.000000e+00	5.000000e+00	4.535000e+00	
817	3.000009e-03	0.000000e+00	5.000000e+00	4.550000e+00	
818	3.000009e-03	0.000000e+00	5.000000e+00	4.554000e+00	
819	3.000009e-03	0.000000e+00	5.000000e+00	4.562000e+00	
820	3.000009e-03	0.000000e+00	5.000000e+00	4.578000e+00	
821	3.000009e-03	0.000000e+00	5.000000e+00	4.610000e+00	
822	3.000009e-03	0.000000e+00	5.000000e+00	4.674000e+00	
823	3.000010e-03	0.000000e+00	5.000000e+00	4.802000e+00	
824	3.000010e-03	0.000000e+00	5.000000e+00	5.000000e+00	
825	3.000010e-03	0.000000e+00	5.000000e+00	5.000000e+00	
826	3.000010e-03	0.000000e+00	5.000000e+00	5.000000e+00	
827	3.000010e-03	0.000000e+00	5.000000e+00	5.000000e+00	
828	3.000011e-03	0.000000e+00	5.000000e+00	5.000000e+00	
829	3.000011e-03	0.000000e+00	5.000000e+00	5.000000e+00	
830	3.000011e-03	0.000000e+00	5.000000e+00	5.000000e+00	
831	3.000011e-03	0.000000e+00	5.000000e+00	5.000000e+00	
832	3.000011e-03	0.000000e+00	5.000000e+00	5.000000e+00	
833	3.000011e-03	0.000000e+00	5.000000e+00	5.000000e+00	
834	3.000011e-03	0.000000e+00	5.000000e+00	5.000000e+00	
835	3.000011e-03	0.000000e+00	5.000000e+00	5.000000e+00	
836	3.000011e-03	0.000000e+00	5.000000e+00	5.000000e+00	
837	3.000011e-03	0.000000e+00	5.000000e+00	5.000000e+00	
838	3.000011e-03	0.000000e+00	5.000000e+00	5.000000e+00	
839	3.000012e-03	0.000000e+00	5.000000e+00	5.000000e+00	
840	3.000012e-03	0.000000e+00	5.000000e+00	5.000000e+00	
841	3.000013e-03	0.000000e+00	5.000000e+00	5.000000e+00	
842	3.000013e-03	0.000000e+00	5.000000e+00	5.000000e+00	
843	3.000013e-03	0.000000e+00	5.000000e+00	5.000000e+00	
844	3.000013e-03	0.000000e+00	5.000000e+00	5.000000e+00	
845	3.000013e-03	0.000000e+00	5.000000e+00	5.000000e+00	
846	3.000013e-03	0.000000e+00	5.000000e+00	5.000000e+00	
847	3.000013e-03	0.000000e+00	5.000000e+00	5.000000e+00	
848	3.000013e-03	0.000000e+00	5.000000e+00	5.000000e+00	
849	3.000013e-03	0.000000e+00	5.000000e+00	5.000000e+00	
850	3.000013e-03	0.000000e+00	5.000000e+00	5.000000e+00	
851	3.000014e-03	0.000000e+00	5.000000e+00	5.000000e+00	
852	3.000014e-03	0.000000e+00	5.000000e+00	5.000000e+00	
853	3.000015e-03	0.000000e+00	5.000000e+00	5.000000e+00	
854	3.000015e-03	0.000000e+00	5.000000e+00	5.000000e+00	
855	3.000015e-03	0.000000e+00	5.000000e+00	5.000000e+00	
856	3.000015e-03	0.000000e+00	5.000000e+00	5.000000e+00	
857	3.000015e-03	0.000000e+00	5.000000e+00	5.000000e+00	
858	3.000015e-03	0.000000e+00	5.000000e+00	5.000000e+00	
859	3.000015e-03	0.000000e+00	5.000000e+00	5.000000e+00	
860	3.000015e-03	0.000000e+00	5.000000e+00	5.000000e+00	
861	3.000015e-03	0.000000e+00	5.000000e+00	5.000000e+00	
862	3.000015e-03	0.000000e+00	5.000000e+00	5.000000e+00	
863	3.000016e-03	0.000000e+00	5.000000e+00	5.000000e+00	
864	3.000016e-03	0.000000e+00	5.000000e+00	5.000000e+00	
865	3.000017e-03	0.000000e+00	5.000000e+00	5.000000e+00	
866	3.000017e-03	0.000000e+00	5.000000e+00	5.000000e+00	

Index   time            a2              a3              b0              
--------------------------------------------------------------------------------
867	3.000017e-03	0.000000e+00	5.000000e+00	5.000000e+00	
868	3.000017e-03	0.000000e+00	5.000000e+00	5.000000e+00	
869	3.000017e-03	0.000000e+00	5.000000e+00	5.000000e+00	
870	3.000017e-03	0.000000e+00	5.000000e+00	5.000000e+00	
871	3.000017e-03	0.000000e+00	5.000000e+00	5.000000e+00	
872	3.000017e-03	0.000000e+00	5.000000e+00	5.000000e+00	
873	3.000017e-03	0.000000e+00	5.000000e+00	5.000000e+00	
874	3.000017e-03	0.000000e+00	5.000000e+00	5.000000e+00	
875	3.000018e-03	0.000000e+00	5.000000e+00	5.000000e+00	
876	3.000018e-03	0.000000e+00	5.000000e+00	5.000000e+00	
877	3.000019e-03	0.000000e+00	5.000000e+00	5.000000e+00	
878	3.000019e-03	0.000000e+00	5.000000e+00	5.000000e+00	
879	3.000019e-03	0.000000e+00	5.000000e+00	5.000000e+00	
880	3.000019e-03	0.000000e+00	5.000000e+00	5.000000e+00	
881	3.000019e-03	0.000000e+00	5.000000e+00	5.000000e+00	
882	3.000019e-03	0.000000e+00	5.000000e+00	5.000000e+00	
883	3.000019e-03	0.000000e+00	5.000000e+00	5.000000e+00	
884	3.000019e-03	0.000000e+00	5.000000e+00	5.000000e+00	
885	3.000019e-03	0.000000e+00	5.000000e+00	5.000000e+00	
886	3.000019e-03	0.000000e+00	5.000000e+00	5.000000e+00	
887	3.000020e-03	0.000000e+00	5.000000e+00	5.000000e+00	
888	3.000020e-03	0.000000e+00	5.000000e+00	5.000000e+00	
889	3.000020e-03	0.000000e+00	5.000000e+00	5.000000e+00	
890	3.000020e-03	0.000000e+00	5.000000e+00	5.000000e+00	
891	3.000020e-03	0.000000e+00	5.000000e+00	5.000000e+00	
892	3.000021e-03	0.000000e+00	5.000000e+00	5.000000e+00	
893	3.000021e-03	0.000000e+00	5.000000e+00	5.000000e+00	
894	3.000021e-03	0.000000e+00	5.000000e+00	5.000000e+00	
895	3.000021e-03	0.000000e+00	5.000000e+00	5.000000e+00	
896	3.000021e-03	0.000000e+00	5.000000e+00	5.000000e+00	
897	3.000021e-03	0.000000e+00	5.000000e+00	5.000000e+00	
898	3.000021e-03	0.000000e+00	5.000000e+00	5.000000e+00	
899	3.000021e-03	0.000000e+00	5.000000e+00	5.000000e+00	
900	3.000021e-03	0.000000e+00	5.000000e+00	5.000000e+00	
901	3.000021e-03	0.000000e+00	5.000000e+00	5.000000e+00	
902	3.000021e-03	0.000000e+00	5.000000e+00	5.000000e+00	
903	3.000022e-03	0.000000e+00	5.000000e+00	5.000000e+00	
904	3.000022e-03	0.000000e+00	5.000000e+00	5.000000e+00	
905	3.000022e-03	0.000000e+00	5.000000e+00	5.000000e+00	
906	3.000022e-03	0.000000e+00	5.000000e+00	5.000000e+00	
907	3.000022e-03	0.000000e+00	5.000000e+00	5.000000e+00	
908	3.000022e-03	0.000000e+00	5.000000e+00	5.000000e+00	
909	3.000022e-03	0.000000e+00	5.000000e+00	5.000000e+00	
910	3.000022e-03	0.000000e+00	5.000000e+00	5.000000e+00	
911	3.000022e-03	0.000000e+00	5.000000e+00	5.000000e+00	
912	3.000022e-03	0.000000e+00	5.000000e+00	5.000000e+00	
913	3.000022e-03	0.000000e+00	5.000000e+00	5.000000e+00	
914	3.000023e-03	0.000000e+00	5.000000e+00	5.000000e+00	
915	3.000023e-03	0.000000e+00	5.000000e+00	5.000000e+00	
916	3.000023e-03	0.000000e+00	5.000000e+00	5.000000e+00	
917	3.000023e-03	0.000000e+00	5.000000e+00	5.000000e+00	
918	3.000023e-03	0.000000e+00	5.000000e+00	5.000000e+00	
919	3.000023e-03	0.000000e+00	5.000000e+00	5.000000e+00	
920	3.000023e-03	0.000000e+00	5.000000e+00	5.000000e+00	
921	3.000023e-03	0.000000e+00	5.000000e+00	5.000000e+00	
922	3.000023e-03	0.000000e+00	5.000000e+00	5.000000e+00	
923	3.000023e-03	0.000000e+00	5.000000e+00	5.000000e+00	
924	3.000023e-03	0.000000e+00	5.000000e+00	5.000000e+00	

Index   time            a2              a3              b0              
--------------------------------------------------------------------------------
925	3.000024e-03	0.000000e+00	5.000000e+00	5.000000e+00	
926	3.000024e-03	0.000000e+00	5.000000e+00	5.000000e+00	
927	3.000024e-03	0.000000e+00	5.000000e+00	5.000000e+00	
928	3.000024e-03	0.000000e+00	5.000000e+00	5.000000e+00	
929	3.000024e-03	0.000000e+00	5.000000e+00	5.000000e+00	
930	3.000024e-03	0.000000e+00	5.000000e+00	5.000000e+00	
931	3.000024e-03	0.000000e+00	5.000000e+00	5.000000e+00	
932	3.000024e-03	0.000000e+00	5.000000e+00	5.000000e+00	
933	3.000024e-03	0.000000e+00	5.000000e+00	5.000000e+00	
934	3.000024e-03	0.000000e+00	5.000000e+00	5.000000e+00	
935	3.000024e-03	0.000000e+00	5.000000e+00	5.000000e+00	
936	3.000025e-03	0.000000e+00	5.000000e+00	5.000000e+00	
937	3.000025e-03	0.000000e+00	5.000000e+00	5.000000e+00	
938	3.000026e-03	0.000000e+00	5.000000e+00	5.000000e+00	
939	3.000026e-03	0.000000e+00	5.000000e+00	5.000000e+00	
940	3.000026e-03	0.000000e+00	5.000000e+00	5.000000e+00	
941	3.000026e-03	0.000000e+00	5.000000e+00	5.000000e+00	
942	3.000026e-03	0.000000e+00	5.000000e+00	5.000000e+00	
943	3.000026e-03	0.000000e+00	5.000000e+00	5.000000e+00	
944	3.000026e-03	0.000000e+00	5.000000e+00	5.000000e+00	
945	3.000026e-03	0.000000e+00	5.000000e+00	5.000000e+00	
946	3.000026e-03	0.000000e+00	5.000000e+00	5.000000e+00	
947	3.000026e-03	0.000000e+00	5.000000e+00	5.000000e+00	
948	3.000027e-03	0.000000e+00	5.000000e+00	5.000000e+00	
949	3.000027e-03	0.000000e+00	5.000000e+00	5.000000e+00	
950	3.000028e-03	0.000000e+00	5.000000e+00	5.000000e+00	
951	3.000028e-03	0.000000e+00	5.000000e+00	5.000000e+00	
952	3.000028e-03	0.000000e+00	5.000000e+00	5.000000e+00	
953	3.000028e-03	0.000000e+00	5.000000e+00	5.000000e+00	
954	3.000028e-03	0.000000e+00	5.000000e+00	5.000000e+00	
955	3.000028e-03	0.000000e+00	5.000000e+00	5.000000e+00	
956	3.000028e-03	0.000000e+00	5.000000e+00	5.000000e+00	
957	3.000028e-03	0.000000e+00	5.000000e+00	5.000000e+00	
958	3.000028e-03	0.000000e+00	5.000000e+00	5.000000e+00	
959	3.000028e-03	0.000000e+00	5.000000e+00	5.000000e+00	
960	3.000029e-03	0.000000e+00	5.000000e+00	5.000000e+00	
961	3.000029e-03	0.000000e+00	5.000000e+00	5.000000e+00	
962	3.000030e-03	0.000000e+00	5.000000e+00	5.000000e+00	
963	3.000032e-03	0.000000e+00	5.000000e+00	5.000000e+00	
964	3.000036e-03	0.000000e+00	5.000000e+00	5.000000e+00	
965	3.000045e-03	0.000000e+00	5.000000e+00	5.000000e+00	
966	3.000061e-03	0.000000e+00	5.000000e+00	5.000000e+00	
967	3.000094e-03	0.000000e+00	5.000000e+00	5.000000e+00	
968	3.000159e-03	0.000000e+00	5.000000e+00	5.000000e+00	
969	3.000290e-03	0.000000e+00	5.000000e+00	5.000000e+00	
970	3.000552e-03	0.000000e+00	5.000000e+00	5.000000e+00	
971	3.001077e-03	0.000000e+00	5.000000e+00	5.000000e+00	
972	3.002125e-03	0.000000e+00	5.000000e+00	5.000000e+00	
973	3.004223e-03	0.000000e+00	5.000000e+00	5.000000e+00	
974	3.008417e-03	0.000000e+00	5.000000e+00	5.000000e+00	
975	3.016805e-03	0.000000e+00	5.000000e+00	5.000000e+00	
976	3.033583e-03	0.000000e+00	5.000000e+00	5.000000e+00	
977	3.067137e-03	0.000000e+00	5.000000e+00	5.000000e+00	
978	3.134246e-03	0.000000e+00	5.000000e+00	5.000000e+00	
979	3.268464e-03	0.000000e+00	5.000000e+00	5.000000e+00	
980	3.428464e-03	0.000000e+00	5.000000e+00	5.000000e+00	
981	3.500010e-03	0.000000e+00	5.000000e+00	5.000000e+00	
982	3.500011e-03	0.000000e+00	5.000000e+00	4.500000e+00	

Index   time            a2              a3              b0              
--------------------------------------------------------------------------------
983	3.500013e-03	0.000000e+00	5.000000e+00	3.500000e+00	
984	3.500017e-03	0.000000e+00	5.000000e+00	1.500000e+00	
985	3.500019e-03	0.000000e+00	5.000000e+00	5.000000e-01	
986	3.500019e-03	0.000000e+00	5.000000e+00	4.950000e-01	
987	3.500019e-03	0.000000e+00	5.000000e+00	4.850000e-01	
988	3.500019e-03	0.000000e+00	5.000000e+00	4.650000e-01	
989	3.500019e-03	0.000000e+00	5.000000e+00	4.500000e-01	
990	3.500019e-03	0.000000e+00	5.000000e+00	4.460000e-01	
991	3.500019e-03	0.000000e+00	5.000000e+00	4.380000e-01	
992	3.500019e-03	0.000000e+00	5.000000e+00	4.220000e-01	
993	3.500019e-03	0.000000e+00	5.000000e+00	3.900000e-01	
994	3.500019e-03	0.000000e+00	5.000000e+00	3.260000e-01	
995	3.500020e-03	0.000000e+00	5.000000e+00	1.980000e-01	
996	3.500020e-03	0.000000e+00	5.000000e+00	0.000000e+00	
997	3.500020e-03	0.000000e+00	5.000000e+00	0.000000e+00	
998	3.500020e-03	0.000000e+00	5.000000e+00	0.000000e+00	
999	3.500020e-03	0.000000e+00	5.000000e+00	0.000000e+00	
1000	3.500021e-03	0.000000e+00	5.000000e+00	0.000000e+00	
1001	3.500021e-03	0.000000e+00	5.000000e+00	0.000000e+00	
1002	3.500021e-03	0.000000e+00	5.000000e+00	0.000000e+00	
1003	3.500021e-03	0.000000e+00	5.000000e+00	0.000000e+00	
1004	3.500021e-03	0.000000e+00	5.000000e+00	0.000000e+00	
1005	3.500021e-03	0.000000e+00	5.000000e+00	0.000000e+00	
1006	3.500021e-03	0.000000e+00	5.000000e+00	0.000000e+00	
1007	3.500021e-03	0.000000e+00	5.000000e+00	0.000000e+00	
1008	3.500021e-03	0.000000e+00	5.000000e+00	0.000000e+00	
1009	3.500021e-03	0.000000e+00	5.000000e+00	0.000000e+00	
1010	3.500021e-03	0.000000e+00	5.000000e+00	0.000000e+00	
1011	3.500022e-03	0.000000e+00	5.000000e+00	0.000000e+00	
1012	3.500022e-03	0.000000e+00	5.000000e+00	0.000000e+00	
1013	3.500023e-03	0.000000e+00	5.000000e+00	0.000000e+00	
1014	3.500023e-03	0.000000e+00	5.000000e+00	0.000000e+00	
1015	3.500023e-03	0.000000e+00	5.000000e+00	0.000000e+00	
1016	3.500023e-03	0.000000e+00	5.000000e+00	0.000000e+00	
1017	3.500023e-03	0.000000e+00	5.000000e+00	0.000000e+00	
1018	3.500023e-03	0.000000e+00	5.000000e+00	0.000000e+00	
1019	3.500023e-03	0.000000e+00	5.000000e+00	0.000000e+00	
1020	3.500023e-03	0.000000e+00	5.000000e+00	0.000000e+00	
1021	3.500023e-03	0.000000e+00	5.000000e+00	0.000000e+00	
1022	3.500023e-03	0.000000e+00	5.000000e+00	0.000000e+00	
1023	3.500024e-03	0.000000e+00	5.000000e+00	0.000000e+00	
1024	3.500024e-03	0.000000e+00	5.000000e+00	0.000000e+00	
1025	3.500025e-03	0.000000e+00	5.000000e+00	0.000000e+00	
1026	3.500025e-03	0.000000e+00	5.000000e+00	0.000000e+00	
1027	3.500025e-03	0.000000e+00	5.000000e+00	0.000000e+00	
1028	3.500025e-03	0.000000e+00	5.000000e+00	0.000000e+00	
1029	3.500025e-03	0.000000e+00	5.000000e+00	0.000000e+00	
1030	3.500025e-03	0.000000e+00	5.000000e+00	0.000000e+00	
1031	3.500025e-03	0.000000e+00	5.000000e+00	0.000000e+00	
1032	3.500025e-03	0.000000e+00	5.000000e+00	0.000000e+00	
1033	3.500025e-03	0.000000e+00	5.000000e+00	0.000000e+00	
1034	3.500025e-03	0.000000e+00	5.000000e+00	0.000000e+00	
1035	3.500026e-03	0.000000e+00	5.000000e+00	0.000000e+00	
1036	3.500026e-03	0.000000e+00	5.000000e+00	0.000000e+00	
1037	3.500026e-03	0.000000e+00	5.000000e+00	0.000000e+00	
1038	3.500026e-03	0.000000e+00	5.000000e+00	0.000000e+00	
1039	3.500026e-03	0.000000e+00	5.000000e+00	0.000000e+00	
1040	3.500027e-03	0.000000e+00	5.000000e+00	0.000000e+00	

Index   time            a2              a3              b0              
--------------------------------------------------------------------------------
1041	3.500027e-03	0.000000e+00	5.000000e+00	0.000000e+00	
1042	3.500029e-03	0.000000e+00	5.000000e+00	0.000000e+00	
1043	3.500032e-03	0.000000e+00	5.000000e+00	0.000000e+00	
1044	3.500039e-03	0.000000e+00	5.000000e+00	0.000000e+00	
1045	3.500052e-03	0.000000e+00	5.000000e+00	0.000000e+00	
1046	3.500078e-03	0.000000e+00	5.000000e+00	0.000000e+00	
1047	3.500131e-03	0.000000e+00	5.000000e+00	0.000000e+00	
1048	3.500236e-03	0.000000e+00	5.000000e+00	0.000000e+00	
1049	3.500445e-03	0.000000e+00	5.000000e+00	0.000000e+00	
1050	3.500865e-03	0.000000e+00	5.000000e+00	0.000000e+00	
1051	3.501704e-03	0.000000e+00	5.000000e+00	0.000000e+00	
1052	3.503381e-03	0.000000e+00	5.000000e+00	0.000000e+00	
1053	3.506737e-03	0.000000e+00	5.000000e+00	0.000000e+00	
1054	3.513448e-03	0.000000e+00	5.000000e+00	0.000000e+00	
1055	3.526869e-03	0.000000e+00	5.000000e+00	0.000000e+00	
1056	3.553713e-03	0.000000e+00	5.000000e+00	0.000000e+00	
1057	3.607400e-03	0.000000e+00	5.000000e+00	0.000000e+00	
1058	3.714774e-03	0.000000e+00	5.000000e+00	0.000000e+00	
1059	3.874774e-03	0.000000e+00	5.000000e+00	0.000000e+00	
1060	4.000000e-03	0.000000e+00	5.000000e+00	0.000000e+00	
1061	4.000001e-03	5.000000e-01	5.000000e+00	5.000000e-01	
1062	4.000003e-03	1.500000e+00	5.000000e+00	1.500000e+00	
1063	4.000005e-03	2.500000e+00	5.000000e+00	2.500000e+00	
1064	4.000005e-03	2.505000e+00	5.000000e+00	2.505000e+00	
1065	4.000005e-03	2.515000e+00	5.000000e+00	2.515000e+00	
1066	4.000005e-03	2.535000e+00	5.000000e+00	2.535000e+00	
1067	4.000005e-03	2.550000e+00	5.000000e+00	2.550000e+00	
1068	4.000005e-03	2.554000e+00	5.000000e+00	2.554000e+00	
1069	4.000005e-03	2.562000e+00	5.000000e+00	2.562000e+00	
1070	4.000005e-03	2.578000e+00	5.000000e+00	2.578000e+00	
1071	4.000005e-03	2.610000e+00	5.000000e+00	2.610000e+00	
1072	4.000005e-03	2.674000e+00	5.000000e+00	2.674000e+00	
1073	4.000006e-03	2.802000e+00	5.000000e+00	2.802000e+00	
1074	4.000006e-03	3.000000e+00	5.000000e+00	3.000000e+00	
1075	4.000006e-03	3.005000e+00	5.000000e+00	3.005000e+00	
1076	4.000006e-03	3.015000e+00	5.000000e+00	3.015000e+00	
1077	4.000006e-03	3.035000e+00	5.000000e+00	3.035000e+00	
1078	4.000006e-03	3.050000e+00	5.000000e+00	3.050000e+00	
1079	4.000006e-03	3.054000e+00	5.000000e+00	3.054000e+00	
1080	4.000006e-03	3.062000e+00	5.000000e+00	3.062000e+00	
1081	4.000006e-03	3.078000e+00	5.000000e+00	3.078000e+00	
1082	4.000006e-03	3.110000e+00	5.000000e+00	3.110000e+00	
1083	4.000006e-03	3.174000e+00	5.000000e+00	3.174000e+00	
1084	4.000007e-03	3.302000e+00	5.000000e+00	3.302000e+00	
1085	4.000007e-03	3.500000e+00	5.000000e+00	3.500000e+00	
1086	4.000007e-03	3.505000e+00	5.000000e+00	3.505000e+00	
1087	4.000007e-03	3.515000e+00	5.000000e+00	3.515000e+00	
1088	4.000007e-03	3.535000e+00	5.000000e+00	3.535000e+00	
1089	4.000007e-03	3.550000e+00	5.000000e+00	3.550000e+00	
1090	4.000007e-03	3.554000e+00	5.000000e+00	3.554000e+00	
1091	4.000007e-03	3.562000e+00	5.000000e+00	3.562000e+00	
1092	4.000007e-03	3.578000e+00	5.000000e+00	3.578000e+00	
1093	4.000007e-03	3.610000e+00	5.000000e+00	3.610000e+00	
1094	4.000007e-03	3.674000e+00	5.000000e+00	3.674000e+00	
1095	4.000008e-03	3.802000e+00	5.000000e+00	3.802000e+00	
1096	4.000008e-03	4.000000e+00	5.000000e+00	4.000000e+00	
1097	4.000008e-03	4.025600e+00	5.000000e+00	4.025600e+00	
1098	4.000008e-03	4.076800e+00	5.000000e+00	4.076800e+00	

Index   time            a2              a3              b0              
--------------------------------------------------------------------------------
1099	4.000008e-03	4.179200e+00	5.000000e+00	4.179200e+00	
1100	4.000009e-03	4.384000e+00	5.000000e+00	4.384000e+00	
1101	4.000009e-03	4.450000e+00	5.000000e+00	4.450000e+00	
1102	4.000009e-03	4.490960e+00	5.000000e+00	4.490960e+00	
1103	4.000009e-03	4.500000e+00	5.000000e+00	4.500000e+00	
1104	4.000009e-03	4.505000e+00	5.000000e+00	4.505000e+00	
1105	4.000009e-03	4.515000e+00	5.000000e+00	4.515000e+00	
1106	4.000009e-03	4.535000e+00	5.000000e+00	4.535000e+00	
1107	4.000009e-03	4.550000e+00	5.000000e+00	4.550000e+00	
1108	4.000009e-03	4.554000e+00	5.000000e+00	4.554000e+00	
1109	4.000009e-03	4.562000e+00	5.000000e+00	4.562000e+00	
1110	4.000009e-03	4.578000e+00	5.000000e+00	4.578000e+00	
1111	4.000009e-03	4.610000e+00	5.000000e+00	4.610000e+00	
1112	4.000009e-03	4.674000e+00	5.000000e+00	4.674000e+00	
1113	4.000010e-03	4.802000e+00	5.000000e+00	4.802000e+00	
1114	4.000010e-03	5.000000e+00	5.000000e+00	5.000000e+00	
1115	4.000010e-03	5.000000e+00	4.974400e+00	5.000000e+00	
1116	4.000010e-03	5.000000e+00	4.923200e+00	5.000000e+00	
1117	4.000010e-03	5.000000e+00	4.820800e+00	5.000000e+00	
1118	4.000011e-03	5.000000e+00	4.616000e+00	5.000000e+00	
1119	4.000011e-03	5.000000e+00	4.500000e+00	5.000000e+00	
1120	4.000011e-03	5.000000e+00	4.495000e+00	5.000000e+00	
1121	4.000011e-03	5.000000e+00	4.485000e+00	5.000000e+00	
1122	4.000011e-03	5.000000e+00	4.465000e+00	5.000000e+00	
1123	4.000011e-03	5.000000e+00	4.450000e+00	5.000000e+00	
1124	4.000011e-03	5.000000e+00	4.446000e+00	5.000000e+00	
1125	4.000011e-03	5.000000e+00	4.438000e+00	5.000000e+00	
1126	4.000011e-03	5.000000e+00	4.422000e+00	5.000000e+00	
1127	4.000011e-03	5.000000e+00	4.390000e+00	5.000000e+00	
1128	4.000011e-03	5.000000e+00	4.326000e+00	5.000000e+00	
1129	4.000012e-03	5.000000e+00	4.198000e+00	5.000000e+00	
1130	4.000012e-03	5.000000e+00	3.942000e+00	5.000000e+00	
1131	4.000013e-03	5.000000e+00	3.500000e+00	5.000000e+00	
1132	4.000013e-03	5.000000e+00	3.495000e+00	5.000000e+00	
1133	4.000013e-03	5.000000e+00	3.485000e+00	5.000000e+00	
1134	4.000013e-03	5.000000e+00	3.465000e+00	5.000000e+00	
1135	4.000013e-03	5.000000e+00	3.450000e+00	5.000000e+00	
1136	4.000013e-03	5.000000e+00	3.446000e+00	5.000000e+00	
1137	4.000013e-03	5.000000e+00	3.438000e+00	5.000000e+00	
1138	4.000013e-03	5.000000e+00	3.422000e+00	5.000000e+00	
1139	4.000013e-03	5.000000e+00	3.390000e+00	5.000000e+00	
1140	4.000013e-03	5.000000e+00	3.326000e+00	5.000000e+00	
1141	4.000014e-03	5.000000e+00	3.198000e+00	5.000000e+00	
1142	4.000014e-03	5.000000e+00	2.942000e+00	5.000000e+00	
1143	4.000015e-03	5.000000e+00	2.500000e+00	5.000000e+00	
1144	4.000015e-03	5.000000e+00	2.495000e+00	5.000000e+00	
1145	4.000015e-03	5.000000e+00	2.485000e+00	5.000000e+00	
1146	4.000015e-03	5.000000e+00	2.465000e+00	5.000000e+00	
1147	4.000015e-03	5.000000e+00	2.450000e+00	5.000000e+00	
1148	4.000015e-03	5.000000e+00	2.446000e+00	5.000000e+00	
1149	4.000015e-03	5.000000e+00	2.438000e+00	5.000000e+00	
1150	4.000015e-03	5.000000e+00	2.422000e+00	5.000000e+00	
1151	4.000015e-03	5.000000e+00	2.390000e+00	5.000000e+00	
1152	4.000015e-03	5.000000e+00	2.326000e+00	5.000000e+00	
1153	4.000016e-03	5.000000e+00	2.198000e+00	5.000000e+00	
1154	4.000016e-03	5.000000e+00	1.942000e+00	5.000000e+00	
1155	4.000017e-03	5.000000e+00	1.500000e+00	5.000000e+00	
1156	4.000017e-03	5.000000e+00	1.495000e+00	5.000000e+00	

Index   time            a2              a3              b0              
--------------------------------------------------------------------------------
1157	4.000017e-03	5.000000e+00	1.485000e+00	5.000000e+00	
1158	4.000017e-03	5.000000e+00	1.465000e+00	5.000000e+00	
1159	4.000017e-03	5.000000e+00	1.450000e+00	5.000000e+00	
1160	4.000017e-03	5.000000e+00	1.446000e+00	5.000000e+00	
1161	4.000017e-03	5.000000e+00	1.438000e+00	5.000000e+00	
1162	4.000017e-03	5.000000e+00	1.422000e+00	5.000000e+00	
1163	4.000017e-03	5.000000e+00	1.390000e+00	5.000000e+00	
1164	4.000017e-03	5.000000e+00	1.326000e+00	5.000000e+00	
1165	4.000018e-03	5.000000e+00	1.198000e+00	5.000000e+00	
1166	4.000018e-03	5.000000e+00	9.420000e-01	5.000000e+00	
1167	4.000019e-03	5.000000e+00	4.420000e-01	5.000000e+00	
1168	4.000019e-03	5.000000e+00	4.370000e-01	5.000000e+00	
1169	4.000019e-03	5.000000e+00	4.270000e-01	5.000000e+00	
1170	4.000019e-03	5.000000e+00	4.070000e-01	5.000000e+00	
1171	4.000019e-03	5.000000e+00	3.920000e-01	5.000000e+00	
1172	4.000019e-03	5.000000e+00	3.880000e-01	5.000000e+00	
1173	4.000019e-03	5.000000e+00	3.800000e-01	5.000000e+00	
1174	4.000019e-03	5.000000e+00	3.640000e-01	5.000000e+00	
1175	4.000019e-03	5.000000e+00	3.320000e-01	5.000000e+00	
1176	4.000019e-03	5.000000e+00	2.680000e-01	5.000000e+00	
1177	4.000020e-03	5.000000e+00	1.400000e-01	5.000000e+00	
1178	4.000020e-03	5.000000e+00	0.000000e+00	5.000000e+00	
1179	4.000020e-03	5.000000e+00	0.000000e+00	5.000000e+00	
1180	4.000020e-03	5.000000e+00	0.000000e+00	5.000000e+00	
1181	4.000020e-03	5.000000e+00	0.000000e+00	5.000000e+00	
1182	4.000021e-03	5.000000e+00	0.000000e+00	5.000000e+00	
1183	4.000021e-03	5.000000e+00	0.000000e+00	5.000000e+00	
1184	4.000021e-03	5.000000e+00	0.000000e+00	5.000000e+00	
1185	4.000021e-03	5.000000e+00	0.000000e+00	5.000000e+00	
1186	4.000021e-03	5.000000e+00	0.000000e+00	5.000000e+00	
1187	4.000021e-03	5.000000e+00	0.000000e+00	5.000000e+00	
1188	4.000021e-03	5.000000e+00	0.000000e+00	5.000000e+00	
1189	4.000021e-03	5.000000e+00	0.000000e+00	5.000000e+00	
1190	4.000021e-03	5.000000e+00	0.000000e+00	5.000000e+00	
1191	4.000021e-03	5.000000e+00	0.000000e+00	5.000000e+00	
1192	4.000021e-03	5.000000e+00	0.000000e+00	5.000000e+00	
1193	4.000022e-03	5.000000e+00	0.000000e+00	5.000000e+00	
1194	4.000022e-03	5.000000e+00	0.000000e+00	5.000000e+00	
1195	4.000022e-03	5.000000e+00	0.000000e+00	5.000000e+00	
1196	4.000022e-03	5.000000e+00	0.000000e+00	5.000000e+00	
1197	4.000022e-03	5.000000e+00	0.000000e+00	5.000000e+00	
1198	4.000022e-03	5.000000e+00	0.000000e+00	5.000000e+00	
1199	4.000022e-03	5.000000e+00	0.000000e+00	5.000000e+00	
1200	4.000022e-03	5.000000e+00	0.000000e+00	5.000000e+00	
1201	4.000022e-03	5.000000e+00	0.000000e+00	5.000000e+00	
1202	4.000022e-03	5.000000e+00	0.000000e+00	5.000000e+00	
1203	4.000022e-03	5.000000e+00	0.000000e+00	5.000000e+00	
1204	4.000023e-03	5.000000e+00	0.000000e+00	5.000000e+00	
1205	4.000023e-03	5.000000e+00	0.000000e+00	5.000000e+00	
1206	4.000024e-03	5.000000e+00	0.000000e+00	5.000000e+00	
1207	4.000024e-03	5.000000e+00	0.000000e+00	5.000000e+00	
1208	4.000024e-03	5.000000e+00	0.000000e+00	5.000000e+00	
1209	4.000024e-03	5.000000e+00	0.000000e+00	5.000000e+00	
1210	4.000024e-03	5.000000e+00	0.000000e+00	5.000000e+00	
1211	4.000024e-03	5.000000e+00	0.000000e+00	5.000000e+00	
1212	4.000024e-03	5.000000e+00	0.000000e+00	5.000000e+00	
1213	4.000024e-03	5.000000e+00	0.000000e+00	5.000000e+00	
1214	4.000024e-03	5.000000e+00	0.000000e+00	5.000000e+00	

Index   time            a2              a3              b0              
--------------------------------------------------------------------------------
1215	4.000024e-03	5.000000e+00	0.000000e+00	5.000000e+00	
1216	4.000025e-03	5.000000e+00	0.000000e+00	5.000000e+00	
1217	4.000025e-03	5.000000e+00	0.000000e+00	5.000000e+00	
1218	4.000026e-03	5.000000e+00	0.000000e+00	5.000000e+00	
1219	4.000028e-03	5.000000e+00	0.000000e+00	5.000000e+00	
1220	4.000032e-03	5.000000e+00	0.000000e+00	5.000000e+00	
1221	4.000041e-03	5.000000e+00	0.000000e+00	5.000000e+00	
1222	4.000057e-03	5.000000e+00	0.000000e+00	5.000000e+00	
1223	4.000090e-03	5.000000e+00	0.000000e+00	5.000000e+00	
1224	4.000155e-03	5.000000e+00	0.000000e+00	5.000000e+00	
1225	4.000286e-03	5.000000e+00	0.000000e+00	5.000000e+00	
1226	4.000548e-03	5.000000e+00	0.000000e+00	5.000000e+00	
1227	4.001073e-03	5.000000e+00	0.000000e+00	5.000000e+00	
1228	4.002121e-03	5.000000e+00	0.000000e+00	5.000000e+00	
1229	4.004219e-03	5.000000e+00	0.000000e+00	5.000000e+00	
1230	4.008413e-03	5.000000e+00	0.000000e+00	5.000000e+00	
1231	4.016801e-03	5.000000e+00	0.000000e+00	5.000000e+00	
1232	4.033579e-03	5.000000e+00	0.000000e+00	5.000000e+00	
1233	4.067133e-03	5.000000e+00	0.000000e+00	5.000000e+00	
1234	4.134242e-03	5.000000e+00	0.000000e+00	5.000000e+00	
1235	4.268460e-03	5.000000e+00	0.000000e+00	5.000000e+00	
1236	4.428460e-03	5.000000e+00	0.000000e+00	5.000000e+00	
1237	4.500010e-03	5.000000e+00	0.000000e+00	5.000000e+00	
1238	4.500011e-03	5.000000e+00	0.000000e+00	4.500000e+00	
1239	4.500013e-03	5.000000e+00	0.000000e+00	3.500000e+00	
1240	4.500017e-03	5.000000e+00	0.000000e+00	1.500000e+00	
1241	4.500019e-03	5.000000e+00	0.000000e+00	5.000000e-01	
1242	4.500019e-03	5.000000e+00	0.000000e+00	4.950000e-01	
1243	4.500019e-03	5.000000e+00	0.000000e+00	4.850000e-01	
1244	4.500019e-03	5.000000e+00	0.000000e+00	4.650000e-01	
1245	4.500019e-03	5.000000e+00	0.000000e+00	4.500000e-01	
1246	4.500019e-03	5.000000e+00	0.000000e+00	4.460000e-01	
1247	4.500019e-03	5.000000e+00	0.000000e+00	4.380000e-01	
1248	4.500019e-03	5.000000e+00	0.000000e+00	4.220000e-01	
1249	4.500019e-03	5.000000e+00	0.000000e+00	3.900000e-01	
1250	4.500019e-03	5.000000e+00	0.000000e+00	3.260000e-01	
1251	4.500020e-03	5.000000e+00	0.000000e+00	1.980000e-01	
1252	4.500020e-03	5.000000e+00	0.000000e+00	0.000000e+00	
1253	4.500020e-03	5.000000e+00	0.000000e+00	0.000000e+00	
1254	4.500020e-03	5.000000e+00	0.000000e+00	0.000000e+00	
1255	4.500020e-03	5.000000e+00	0.000000e+00	0.000000e+00	
1256	4.500021e-03	5.000000e+00	0.000000e+00	0.000000e+00	
1257	4.500021e-03	5.000000e+00	0.000000e+00	0.000000e+00	
1258	4.500021e-03	5.000000e+00	0.000000e+00	0.000000e+00	
1259	4.500021e-03	5.000000e+00	0.000000e+00	0.000000e+00	
1260	4.500021e-03	5.000000e+00	0.000000e+00	0.000000e+00	
1261	4.500021e-03	5.000000e+00	0.000000e+00	0.000000e+00	
1262	4.500021e-03	5.000000e+00	0.000000e+00	0.000000e+00	
1263	4.500021e-03	5.000000e+00	0.000000e+00	0.000000e+00	
1264	4.500021e-03	5.000000e+00	0.000000e+00	0.000000e+00	
1265	4.500021e-03	5.000000e+00	0.000000e+00	0.000000e+00	
1266	4.500021e-03	5.000000e+00	0.000000e+00	0.000000e+00	
1267	4.500022e-03	5.000000e+00	0.000000e+00	0.000000e+00	
1268	4.500022e-03	5.000000e+00	0.000000e+00	0.000000e+00	
1269	4.500023e-03	5.000000e+00	0.000000e+00	0.000000e+00	
1270	4.500023e-03	5.000000e+00	0.000000e+00	0.000000e+00	
1271	4.500023e-03	5.000000e+00	0.000000e+00	0.000000e+00	
1272	4.500023e-03	5.000000e+00	0.000000e+00	0.000000e+00	

Index   time            a2              a3              b0              
--------------------------------------------------------------------------------
1273	4.500023e-03	5.000000e+00	0.000000e+00	0.000000e+00	
1274	4.500023e-03	5.000000e+00	0.000000e+00	0.000000e+00	
1275	4.500023e-03	5.000000e+00	0.000000e+00	0.000000e+00	
1276	4.500023e-03	5.000000e+00	0.000000e+00	0.000000e+00	
1277	4.500023e-03	5.000000e+00	0.000000e+00	0.000000e+00	
1278	4.500023e-03	5.000000e+00	0.000000e+00	0.000000e+00	
1279	4.500024e-03	5.000000e+00	0.000000e+00	0.000000e+00	
1280	4.500024e-03	5.000000e+00	0.000000e+00	0.000000e+00	
1281	4.500024e-03	5.000000e+00	0.000000e+00	0.000000e+00	
1282	4.500024e-03	5.000000e+00	0.000000e+00	0.000000e+00	
1283	4.500024e-03	5.000000e+00	0.000000e+00	0.000000e+00	
1284	4.500025e-03	5.000000e+00	0.000000e+00	0.000000e+00	
1285	4.500025e-03	5.000000e+00	0.000000e+00	0.000000e+00	
1286	4.500025e-03	5.000000e+00	0.000000e+00	0.000000e+00	
1287	4.500025e-03	5.000000e+00	0.000000e+00	0.000000e+00	
1288	4.500025e-03	5.000000e+00	0.000000e+00	0.000000e+00	
1289	4.500025e-03	5.000000e+00	0.000000e+00	0.000000e+00	
1290	4.500025e-03	5.000000e+00	0.000000e+00	0.000000e+00	
1291	4.500025e-03	5.000000e+00	0.000000e+00	0.000000e+00	
1292	4.500026e-03	5.000000e+00	0.000000e+00	0.000000e+00	
1293	4.500026e-03	5.000000e+00	0.000000e+00	0.000000e+00	
1294	4.500026e-03	5.000000e+00	0.000000e+00	0.000000e+00	
1295	4.500026e-03	5.000000e+00	0.000000e+00	0.000000e+00	
1296	4.500026e-03	5.000000e+00	0.000000e+00	0.000000e+00	
1297	4.500027e-03	5.000000e+00	0.000000e+00	0.000000e+00	
1298	4.500028e-03	5.000000e+00	0.000000e+00	0.000000e+00	
1299	4.500029e-03	5.000000e+00	0.000000e+00	0.000000e+00	
1300	4.500033e-03	5.000000e+00	0.000000e+00	0.000000e+00	
1301	4.500039e-03	5.000000e+00	0.000000e+00	0.000000e+00	
1302	4.500053e-03	5.000000e+00	0.000000e+00	0.000000e+00	
1303	4.500080e-03	5.000000e+00	0.000000e+00	0.000000e+00	
1304	4.500133e-03	5.000000e+00	0.000000e+00	0.000000e+00	
1305	4.500241e-03	5.000000e+00	0.000000e+00	0.000000e+00	
1306	4.500455e-03	5.000000e+00	0.000000e+00	0.000000e+00	
1307	4.500885e-03	5.000000e+00	0.000000e+00	0.000000e+00	
1308	4.501744e-03	5.000000e+00	0.000000e+00	0.000000e+00	
1309	4.503462e-03	5.000000e+00	0.000000e+00	0.000000e+00	
1310	4.506898e-03	5.000000e+00	0.000000e+00	0.000000e+00	
1311	4.513770e-03	5.000000e+00	0.000000e+00	0.000000e+00	
1312	4.527514e-03	5.000000e+00	0.000000e+00	0.000000e+00	
1313	4.555001e-03	5.000000e+00	0.000000e+00	0.000000e+00	
1314	4.609977e-03	5.000000e+00	0.000000e+00	0.000000e+00	
1315	4.719928e-03	5.000000e+00	0.000000e+00	0.000000e+00	
1316	4.879928e-03	5.000000e+00	0.000000e+00	0.000000e+00	
1317	5.000000e-03	5.000000e+00	0.000000e+00	0.000000e+00	
1318	5.000001e-03	5.000000e+00	0.000000e+00	5.000000e-01	
1319	5.000003e-03	5.000000e+00	0.000000e+00	1.500000e+00	
1320	5.000005e-03	5.000000e+00	0.000000e+00	2.500000e+00	
1321	5.000005e-03	5.000000e+00	0.000000e+00	2.505000e+00	
1322	5.000005e-03	5.000000e+00	0.000000e+00	2.515000e+00	
1323	5.000005e-03	5.000000e+00	0.000000e+00	2.535000e+00	
1324	5.000005e-03	5.000000e+00	0.000000e+00	2.550000e+00	
1325	5.000005e-03	5.000000e+00	0.000000e+00	2.554000e+00	
1326	5.000005e-03	5.000000e+00	0.000000e+00	2.562000e+00	
1327	5.000005e-03	5.000000e+00	0.000000e+00	2.578000e+00	
1328	5.000005e-03	5.000000e+00	0.000000e+00	2.610000e+00	
1329	5.000005e-03	5.000000e+00	0.000000e+00	2.674000e+00	
1330	5.000006e-03	5.000000e+00	0.000000e+00	2.802000e+00	

Index   time            a2              a3              b0              
--------------------------------------------------------------------------------
1331	5.000006e-03	5.000000e+00	0.000000e+00	3.058000e+00	
1332	5.000007e-03	5.000000e+00	0.000000e+00	3.500000e+00	
1333	5.000007e-03	5.000000e+00	0.000000e+00	3.505000e+00	
1334	5.000007e-03	5.000000e+00	0.000000e+00	3.515000e+00	
1335	5.000007e-03	5.000000e+00	0.000000e+00	3.535000e+00	
1336	5.000007e-03	5.000000e+00	0.000000e+00	3.550000e+00	
1337	5.000007e-03	5.000000e+00	0.000000e+00	3.554000e+00	
1338	5.000007e-03	5.000000e+00	0.000000e+00	3.562000e+00	
1339	5.000007e-03	5.000000e+00	0.000000e+00	3.578000e+00	
1340	5.000007e-03	5.000000e+00	0.000000e+00	3.610000e+00	
1341	5.000007e-03	5.000000e+00	0.000000e+00	3.674000e+00	
1342	5.000008e-03	5.000000e+00	0.000000e+00	3.802000e+00	
1343	5.000008e-03	5.000000e+00	0.000000e+00	3.950000e+00	
1344	5.000008e-03	5.000000e+00	0.000000e+00	3.975600e+00	
1345	5.000008e-03	5.000000e+00	0.000000e+00	4.000000e+00	
1346	5.000008e-03	5.000000e+00	0.000000e+00	4.005120e+00	
1347	5.000008e-03	5.000000e+00	0.000000e+00	4.015360e+00	
1348	5.000008e-03	5.000000e+00	0.000000e+00	4.035840e+00	
1349	5.000008e-03	5.000000e+00	0.000000e+00	4.076800e+00	
1350	5.000008e-03	5.000000e+00	0.000000e+00	4.158720e+00	
1351	5.000009e-03	5.000000e+00	0.000000e+00	4.322560e+00	
1352	5.000009e-03	5.000000e+00	0.000000e+00	4.450000e+00	
1353	5.000009e-03	5.000000e+00	0.000000e+00	4.482768e+00	
1354	5.000009e-03	5.000000e+00	0.000000e+00	4.500000e+00	
1355	5.000009e-03	5.000000e+00	0.000000e+00	4.505000e+00	
1356	5.000009e-03	5.000000e+00	0.000000e+00	4.515000e+00	
1357	5.000009e-03	5.000000e+00	0.000000e+00	4.535000e+00	
1358	5.000009e-03	5.000000e+00	0.000000e+00	4.550000e+00	
1359	5.000009e-03	5.000000e+00	0.000000e+00	4.554000e+00	
1360	5.000009e-03	5.000000e+00	0.000000e+00	4.562000e+00	
1361	5.000009e-03	5.000000e+00	0.000000e+00	4.578000e+00	
1362	5.000009e-03	5.000000e+00	0.000000e+00	4.610000e+00	
1363	5.000009e-03	5.000000e+00	0.000000e+00	4.674000e+00	
1364	5.000010e-03	5.000000e+00	0.000000e+00	4.802000e+00	
1365	5.000010e-03	5.000000e+00	0.000000e+00	5.000000e+00	
1366	5.000010e-03	5.000000e+00	0.000000e+00	5.000000e+00	
1367	5.000010e-03	5.000000e+00	0.000000e+00	5.000000e+00	
1368	5.000010e-03	5.000000e+00	0.000000e+00	5.000000e+00	
1369	5.000011e-03	5.000000e+00	0.000000e+00	5.000000e+00	
1370	5.000011e-03	5.000000e+00	0.000000e+00	5.000000e+00	
1371	5.000011e-03	5.000000e+00	0.000000e+00	5.000000e+00	
1372	5.000011e-03	5.000000e+00	0.000000e+00	5.000000e+00	
1373	5.000011e-03	5.000000e+00	0.000000e+00	5.000000e+00	
1374	5.000011e-03	5.000000e+00	0.000000e+00	5.000000e+00	
1375	5.000011e-03	5.000000e+00	0.000000e+00	5.000000e+00	
1376	5.000011e-03	5.000000e+00	0.000000e+00	5.000000e+00	
1377	5.000011e-03	5.000000e+00	0.000000e+00	5.000000e+00	
1378	5.000011e-03	5.000000e+00	0.000000e+00	5.000000e+00	
1379	5.000011e-03	5.000000e+00	0.000000e+00	5.000000e+00	
1380	5.000012e-03	5.000000e+00	0.000000e+00	5.000000e+00	
1381	5.000012e-03	5.000000e+00	0.000000e+00	5.000000e+00	
1382	5.000013e-03	5.000000e+00	0.000000e+00	5.000000e+00	
1383	5.000013e-03	5.000000e+00	0.000000e+00	5.000000e+00	
1384	5.000013e-03	5.000000e+00	0.000000e+00	5.000000e+00	
1385	5.000013e-03	5.000000e+00	0.000000e+00	5.000000e+00	
1386	5.000013e-03	5.000000e+00	0.000000e+00	5.000000e+00	
1387	5.000013e-03	5.000000e+00	0.000000e+00	5.000000e+00	
1388	5.000013e-03	5.000000e+00	0.000000e+00	5.000000e+00	

Index   time            a2              a3              b0              
--------------------------------------------------------------------------------
1389	5.000013e-03	5.000000e+00	0.000000e+00	5.000000e+00	
1390	5.000013e-03	5.000000e+00	0.000000e+00	5.000000e+00	
1391	5.000013e-03	5.000000e+00	0.000000e+00	5.000000e+00	
1392	5.000014e-03	5.000000e+00	0.000000e+00	5.000000e+00	
1393	5.000014e-03	5.000000e+00	0.000000e+00	5.000000e+00	
1394	5.000015e-03	5.000000e+00	0.000000e+00	5.000000e+00	
1395	5.000015e-03	5.000000e+00	0.000000e+00	5.000000e+00	
1396	5.000015e-03	5.000000e+00	0.000000e+00	5.000000e+00	
1397	5.000015e-03	5.000000e+00	0.000000e+00	5.000000e+00	
1398	5.000015e-03	5.000000e+00	0.000000e+00	5.000000e+00	
1399	5.000015e-03	5.000000e+00	0.000000e+00	5.000000e+00	
1400	5.000015e-03	5.000000e+00	0.000000e+00	5.000000e+00	
1401	5.000015e-03	5.000000e+00	0.000000e+00	5.000000e+00	
1402	5.000015e-03	5.000000e+00	0.000000e+00	5.000000e+00	
1403	5.000015e-03	5.000000e+00	0.000000e+00	5.000000e+00	
1404	5.000016e-03	5.000000e+00	0.000000e+00	5.000000e+00	
1405	5.000016e-03	5.000000e+00	0.000000e+00	5.000000e+00	
1406	5.000017e-03	5.000000e+00	0.000000e+00	5.000000e+00	
1407	5.000017e-03	5.000000e+00	0.000000e+00	5.000000e+00	
1408	5.000017e-03	5.000000e+00	0.000000e+00	5.000000e+00	
1409	5.000017e-03	5.000000e+00	0.000000e+00	5.000000e+00	
1410	5.000017e-03	5.000000e+00	0.000000e+00	5.000000e+00	
1411	5.000017e-03	5.000000e+00	0.000000e+00	5.000000e+00	
1412	5.000017e-03	5.000000e+00	0.000000e+00	5.000000e+00	
1413	5.000017e-03	5.000000e+00	0.000000e+00	5.000000e+00	
1414	5.000017e-03	5.000000e+00	0.000000e+00	5.000000e+00	
1415	5.000017e-03	5.000000e+00	0.000000e+00	5.000000e+00	
1416	5.000018e-03	5.000000e+00	0.000000e+00	5.000000e+00	
1417	5.000018e-03	5.000000e+00	0.000000e+00	5.000000e+00	
1418	5.000019e-03	5.000000e+00	0.000000e+00	5.000000e+00	
1419	5.000019e-03	5.000000e+00	0.000000e+00	5.000000e+00	
1420	5.000019e-03	5.000000e+00	0.000000e+00	5.000000e+00	
1421	5.000019e-03	5.000000e+00	0.000000e+00	5.000000e+00	
1422	5.000019e-03	5.000000e+00	0.000000e+00	5.000000e+00	
1423	5.000019e-03	5.000000e+00	0.000000e+00	5.000000e+00	
1424	5.000019e-03	5.000000e+00	0.000000e+00	5.000000e+00	
1425	5.000019e-03	5.000000e+00	0.000000e+00	5.000000e+00	
1426	5.000019e-03	5.000000e+00	0.000000e+00	5.000000e+00	
1427	5.000019e-03	5.000000e+00	0.000000e+00	5.000000e+00	
1428	5.000020e-03	5.000000e+00	0.000000e+00	5.000000e+00	
1429	5.000020e-03	5.000000e+00	0.000000e+00	5.000000e+00	
1430	5.000020e-03	5.000000e+00	0.000000e+00	5.000000e+00	
1431	5.000020e-03	5.000000e+00	0.000000e+00	5.000000e+00	
1432	5.000020e-03	5.000000e+00	0.000000e+00	5.000000e+00	
1433	5.000021e-03	5.000000e+00	0.000000e+00	5.000000e+00	
1434	5.000021e-03	5.000000e+00	0.000000e+00	5.000000e+00	
1435	5.000021e-03	5.000000e+00	0.000000e+00	5.000000e+00	
1436	5.000021e-03	5.000000e+00	0.000000e+00	5.000000e+00	
1437	5.000021e-03	5.000000e+00	0.000000e+00	5.000000e+00	
1438	5.000021e-03	5.000000e+00	0.000000e+00	5.000000e+00	
1439	5.000021e-03	5.000000e+00	0.000000e+00	5.000000e+00	
1440	5.000021e-03	5.000000e+00	0.000000e+00	5.000000e+00	
1441	5.000021e-03	5.000000e+00	0.000000e+00	5.000000e+00	
1442	5.000021e-03	5.000000e+00	0.000000e+00	5.000000e+00	
1443	5.000021e-03	5.000000e+00	0.000000e+00	5.000000e+00	
1444	5.000022e-03	5.000000e+00	0.000000e+00	5.000000e+00	
1445	5.000022e-03	5.000000e+00	0.000000e+00	5.000000e+00	
1446	5.000022e-03	5.000000e+00	0.000000e+00	5.000000e+00	

Index   time            a2              a3              b0              
--------------------------------------------------------------------------------
1447	5.000022e-03	5.000000e+00	0.000000e+00	5.000000e+00	
1448	5.000022e-03	5.000000e+00	0.000000e+00	5.000000e+00	
1449	5.000022e-03	5.000000e+00	0.000000e+00	5.000000e+00	
1450	5.000022e-03	5.000000e+00	0.000000e+00	5.000000e+00	
1451	5.000022e-03	5.000000e+00	0.000000e+00	5.000000e+00	
1452	5.000022e-03	5.000000e+00	0.000000e+00	5.000000e+00	
1453	5.000022e-03	5.000000e+00	0.000000e+00	5.000000e+00	
1454	5.000022e-03	5.000000e+00	0.000000e+00	5.000000e+00	
1455	5.000023e-03	5.000000e+00	0.000000e+00	5.000000e+00	
1456	5.000023e-03	5.000000e+00	0.000000e+00	5.000000e+00	
1457	5.000023e-03	5.000000e+00	0.000000e+00	5.000000e+00	
1458	5.000023e-03	5.000000e+00	0.000000e+00	5.000000e+00	
1459	5.000023e-03	5.000000e+00	0.000000e+00	5.000000e+00	
1460	5.000023e-03	5.000000e+00	0.000000e+00	5.000000e+00	
1461	5.000023e-03	5.000000e+00	0.000000e+00	5.000000e+00	
1462	5.000023e-03	5.000000e+00	0.000000e+00	5.000000e+00	
1463	5.000023e-03	5.000000e+00	0.000000e+00	5.000000e+00	
1464	5.000023e-03	5.000000e+00	0.000000e+00	5.000000e+00	
1465	5.000023e-03	5.000000e+00	0.000000e+00	5.000000e+00	
1466	5.000024e-03	5.000000e+00	0.000000e+00	5.000000e+00	
1467	5.000024e-03	5.000000e+00	0.000000e+00	5.000000e+00	
1468	5.000024e-03	5.000000e+00	0.000000e+00	5.000000e+00	
1469	5.000024e-03	5.000000e+00	0.000000e+00	5.000000e+00	
1470	5.000024e-03	5.000000e+00	0.000000e+00	5.000000e+00	
1471	5.000024e-03	5.000000e+00	0.000000e+00	5.000000e+00	
1472	5.000024e-03	5.000000e+00	0.000000e+00	5.000000e+00	
1473	5.000024e-03	5.000000e+00	0.000000e+00	5.000000e+00	
1474	5.000024e-03	5.000000e+00	0.000000e+00	5.000000e+00	
1475	5.000024e-03	5.000000e+00	0.000000e+00	5.000000e+00	
1476	5.000024e-03	5.000000e+00	0.000000e+00	5.000000e+00	
1477	5.000025e-03	5.000000e+00	0.000000e+00	5.000000e+00	
1478	5.000025e-03	5.000000e+00	0.000000e+00	5.000000e+00	
1479	5.000026e-03	5.000000e+00	0.000000e+00	5.000000e+00	
1480	5.000026e-03	5.000000e+00	0.000000e+00	5.000000e+00	
1481	5.000026e-03	5.000000e+00	0.000000e+00	5.000000e+00	
1482	5.000026e-03	5.000000e+00	0.000000e+00	5.000000e+00	
1483	5.000026e-03	5.000000e+00	0.000000e+00	5.000000e+00	
1484	5.000026e-03	5.000000e+00	0.000000e+00	5.000000e+00	
1485	5.000026e-03	5.000000e+00	0.000000e+00	5.000000e+00	
1486	5.000026e-03	5.000000e+00	0.000000e+00	5.000000e+00	
1487	5.000026e-03	5.000000e+00	0.000000e+00	5.000000e+00	
1488	5.000026e-03	5.000000e+00	0.000000e+00	5.000000e+00	
1489	5.000027e-03	5.000000e+00	0.000000e+00	5.000000e+00	
1490	5.000027e-03	5.000000e+00	0.000000e+00	5.000000e+00	
1491	5.000028e-03	5.000000e+00	0.000000e+00	5.000000e+00	
1492	5.000028e-03	5.000000e+00	0.000000e+00	5.000000e+00	
1493	5.000028e-03	5.000000e+00	0.000000e+00	5.000000e+00	
1494	5.000028e-03	5.000000e+00	0.000000e+00	5.000000e+00	
1495	5.000028e-03	5.000000e+00	0.000000e+00	5.000000e+00	
1496	5.000028e-03	5.000000e+00	0.000000e+00	5.000000e+00	
1497	5.000028e-03	5.000000e+00	0.000000e+00	5.000000e+00	
1498	5.000028e-03	5.000000e+00	0.000000e+00	5.000000e+00	
1499	5.000028e-03	5.000000e+00	0.000000e+00	5.000000e+00	
1500	5.000028e-03	5.000000e+00	0.000000e+00	5.000000e+00	
1501	5.000029e-03	5.000000e+00	0.000000e+00	5.000000e+00	
1502	5.000029e-03	5.000000e+00	0.000000e+00	5.000000e+00	
1503	5.000030e-03	5.000000e+00	0.000000e+00	5.000000e+00	
1504	5.000032e-03	5.000000e+00	0.000000e+00	5.000000e+00	

Index   time            a2              a3              b0              
--------------------------------------------------------------------------------
1505	5.000036e-03	5.000000e+00	0.000000e+00	5.000000e+00	
1506	5.000045e-03	5.000000e+00	0.000000e+00	5.000000e+00	
1507	5.000061e-03	5.000000e+00	0.000000e+00	5.000000e+00	
1508	5.000094e-03	5.000000e+00	0.000000e+00	5.000000e+00	
1509	5.000159e-03	5.000000e+00	0.000000e+00	5.000000e+00	
1510	5.000290e-03	5.000000e+00	0.000000e+00	5.000000e+00	
1511	5.000552e-03	5.000000e+00	0.000000e+00	5.000000e+00	
1512	5.001077e-03	5.000000e+00	0.000000e+00	5.000000e+00	
1513	5.002125e-03	5.000000e+00	0.000000e+00	5.000000e+00	
1514	5.004223e-03	5.000000e+00	0.000000e+00	5.000000e+00	
1515	5.008417e-03	5.000000e+00	0.000000e+00	5.000000e+00	
1516	5.016805e-03	5.000000e+00	0.000000e+00	5.000000e+00	
1517	5.033583e-03	5.000000e+00	0.000000e+00	5.000000e+00	
1518	5.067137e-03	5.000000e+00	0.000000e+00	5.000000e+00	
1519	5.134246e-03	5.000000e+00	0.000000e+00	5.000000e+00	
1520	5.268464e-03	5.000000e+00	0.000000e+00	5.000000e+00	
1521	5.428464e-03	5.000000e+00	0.000000e+00	5.000000e+00	
1522	5.500010e-03	5.000000e+00	0.000000e+00	5.000000e+00	
1523	5.500011e-03	5.000000e+00	0.000000e+00	4.500000e+00	
1524	5.500013e-03	5.000000e+00	0.000000e+00	3.500000e+00	
1525	5.500017e-03	5.000000e+00	0.000000e+00	1.500000e+00	
1526	5.500019e-03	5.000000e+00	0.000000e+00	5.000000e-01	
1527	5.500019e-03	5.000000e+00	0.000000e+00	4.950000e-01	
1528	5.500019e-03	5.000000e+00	0.000000e+00	4.850000e-01	
1529	5.500019e-03	5.000000e+00	0.000000e+00	4.650000e-01	
1530	5.500019e-03	5.000000e+00	0.000000e+00	4.500000e-01	
1531	5.500019e-03	5.000000e+00	0.000000e+00	4.460000e-01	
1532	5.500019e-03	5.000000e+00	0.000000e+00	4.380000e-01	
1533	5.500019e-03	5.000000e+00	0.000000e+00	4.220000e-01	
1534	5.500019e-03	5.000000e+00	0.000000e+00	3.900000e-01	
1535	5.500019e-03	5.000000e+00	0.000000e+00	3.260000e-01	
1536	5.500020e-03	5.000000e+00	0.000000e+00	1.980000e-01	
1537	5.500020e-03	5.000000e+00	0.000000e+00	0.000000e+00	
1538	5.500020e-03	5.000000e+00	0.000000e+00	0.000000e+00	
1539	5.500020e-03	5.000000e+00	0.000000e+00	0.000000e+00	
1540	5.500020e-03	5.000000e+00	0.000000e+00	0.000000e+00	
1541	5.500021e-03	5.000000e+00	0.000000e+00	0.000000e+00	
1542	5.500021e-03	5.000000e+00	0.000000e+00	0.000000e+00	
1543	5.500021e-03	5.000000e+00	0.000000e+00	0.000000e+00	
1544	5.500021e-03	5.000000e+00	0.000000e+00	0.000000e+00	
1545	5.500021e-03	5.000000e+00	0.000000e+00	0.000000e+00	
1546	5.500021e-03	5.000000e+00	0.000000e+00	0.000000e+00	
1547	5.500021e-03	5.000000e+00	0.000000e+00	0.000000e+00	
1548	5.500021e-03	5.000000e+00	0.000000e+00	0.000000e+00	
1549	5.500021e-03	5.000000e+00	0.000000e+00	0.000000e+00	
1550	5.500021e-03	5.000000e+00	0.000000e+00	0.000000e+00	
1551	5.500021e-03	5.000000e+00	0.000000e+00	0.000000e+00	
1552	5.500022e-03	5.000000e+00	0.000000e+00	0.000000e+00	
1553	5.500022e-03	5.000000e+00	0.000000e+00	0.000000e+00	
1554	5.500023e-03	5.000000e+00	0.000000e+00	0.000000e+00	
1555	5.500023e-03	5.000000e+00	0.000000e+00	0.000000e+00	
1556	5.500023e-03	5.000000e+00	0.000000e+00	0.000000e+00	
1557	5.500023e-03	5.000000e+00	0.000000e+00	0.000000e+00	
1558	5.500023e-03	5.000000e+00	0.000000e+00	0.000000e+00	
1559	5.500023e-03	5.000000e+00	0.000000e+00	0.000000e+00	
1560	5.500023e-03	5.000000e+00	0.000000e+00	0.000000e+00	
1561	5.500023e-03	5.000000e+00	0.000000e+00	0.000000e+00	
1562	5.500023e-03	5.000000e+00	0.000000e+00	0.000000e+00	

Index   time            a2              a3              b0              
--------------------------------------------------------------------------------
1563	5.500023e-03	5.000000e+00	0.000000e+00	0.000000e+00	
1564	5.500024e-03	5.000000e+00	0.000000e+00	0.000000e+00	
1565	5.500024e-03	5.000000e+00	0.000000e+00	0.000000e+00	
1566	5.500024e-03	5.000000e+00	0.000000e+00	0.000000e+00	
1567	5.500024e-03	5.000000e+00	0.000000e+00	0.000000e+00	
1568	5.500024e-03	5.000000e+00	0.000000e+00	0.000000e+00	
1569	5.500025e-03	5.000000e+00	0.000000e+00	0.000000e+00	
1570	5.500025e-03	5.000000e+00	0.000000e+00	0.000000e+00	
1571	5.500025e-03	5.000000e+00	0.000000e+00	0.000000e+00	
1572	5.500025e-03	5.000000e+00	0.000000e+00	0.000000e+00	
1573	5.500025e-03	5.000000e+00	0.000000e+00	0.000000e+00	
1574	5.500025e-03	5.000000e+00	0.000000e+00	0.000000e+00	
1575	5.500025e-03	5.000000e+00	0.000000e+00	0.000000e+00	
1576	5.500025e-03	5.000000e+00	0.000000e+00	0.000000e+00	
1577	5.500025e-03	5.000000e+00	0.000000e+00	0.000000e+00	
1578	5.500025e-03	5.000000e+00	0.000000e+00	0.000000e+00	
1579	5.500025e-03	5.000000e+00	0.000000e+00	0.000000e+00	
1580	5.500025e-03	5.000000e+00	0.000000e+00	0.000000e+00	
1581	5.500025e-03	5.000000e+00	0.000000e+00	0.000000e+00	
1582	5.500026e-03	5.000000e+00	0.000000e+00	0.000000e+00	
1583	5.500026e-03	5.000000e+00	0.000000e+00	0.000000e+00	
1584	5.500026e-03	5.000000e+00	0.000000e+00	0.000000e+00	
1585	5.500026e-03	5.000000e+00	0.000000e+00	0.000000e+00	
1586	5.500026e-03	5.000000e+00	0.000000e+00	0.000000e+00	
1587	5.500027e-03	5.000000e+00	0.000000e+00	0.000000e+00	
1588	5.500027e-03	5.000000e+00	0.000000e+00	0.000000e+00	
1589	5.500029e-03	5.000000e+00	0.000000e+00	0.000000e+00	
1590	5.500032e-03	5.000000e+00	0.000000e+00	0.000000e+00	
1591	5.500039e-03	5.000000e+00	0.000000e+00	0.000000e+00	
1592	5.500052e-03	5.000000e+00	0.000000e+00	0.000000e+00	
1593	5.500078e-03	5.000000e+00	0.000000e+00	0.000000e+00	
1594	5.500131e-03	5.000000e+00	0.000000e+00	0.000000e+00	
1595	5.500236e-03	5.000000e+00	0.000000e+00	0.000000e+00	
1596	5.500445e-03	5.000000e+00	0.000000e+00	0.000000e+00	
1597	5.500865e-03	5.000000e+00	0.000000e+00	0.000000e+00	
1598	5.501704e-03	5.000000e+00	0.000000e+00	0.000000e+00	
1599	5.503381e-03	5.000000e+00	0.000000e+00	0.000000e+00	
1600	5.506737e-03	5.000000e+00	0.000000e+00	0.000000e+00	
1601	5.513448e-03	5.000000e+00	0.000000e+00	0.000000e+00	
1602	5.526869e-03	5.000000e+00	0.000000e+00	0.000000e+00	
1603	5.553713e-03	5.000000e+00	0.000000e+00	0.000000e+00	
1604	5.607400e-03	5.000000e+00	0.000000e+00	0.000000e+00	
1605	5.714774e-03	5.000000e+00	0.000000e+00	0.000000e+00	
1606	5.874774e-03	5.000000e+00	0.000000e+00	0.000000e+00	
1607	6.000000e-03	5.000000e+00	0.000000e+00	0.000000e+00	
1608	6.000001e-03	5.000000e+00	0.000000e+00	5.000000e-01	
1609	6.000003e-03	5.000000e+00	0.000000e+00	1.500000e+00	
1610	6.000005e-03	5.000000e+00	0.000000e+00	2.500000e+00	
1611	6.000005e-03	5.000000e+00	0.000000e+00	2.505000e+00	
1612	6.000005e-03	5.000000e+00	0.000000e+00	2.515000e+00	
1613	6.000005e-03	5.000000e+00	0.000000e+00	2.535000e+00	
1614	6.000005e-03	5.000000e+00	0.000000e+00	2.550000e+00	
1615	6.000005e-03	5.000000e+00	0.000000e+00	2.554000e+00	
1616	6.000005e-03	5.000000e+00	0.000000e+00	2.562000e+00	
1617	6.000005e-03	5.000000e+00	0.000000e+00	2.578000e+00	
1618	6.000005e-03	5.000000e+00	0.000000e+00	2.610000e+00	
1619	6.000005e-03	5.000000e+00	0.000000e+00	2.674000e+00	
1620	6.000006e-03	5.000000e+00	0.000000e+00	2.802000e+00	

Index   time            a2              a3              b0              
--------------------------------------------------------------------------------
1621	6.000006e-03	5.000000e+00	0.000000e+00	3.000000e+00	
1622	6.000006e-03	5.000000e+00	0.000000e+00	3.005000e+00	
1623	6.000006e-03	5.000000e+00	0.000000e+00	3.015000e+00	
1624	6.000006e-03	5.000000e+00	0.000000e+00	3.035000e+00	
1625	6.000006e-03	5.000000e+00	0.000000e+00	3.050000e+00	
1626	6.000006e-03	5.000000e+00	0.000000e+00	3.054000e+00	
1627	6.000006e-03	5.000000e+00	0.000000e+00	3.062000e+00	
1628	6.000006e-03	5.000000e+00	0.000000e+00	3.078000e+00	
1629	6.000006e-03	5.000000e+00	0.000000e+00	3.110000e+00	
1630	6.000006e-03	5.000000e+00	0.000000e+00	3.174000e+00	
1631	6.000007e-03	5.000000e+00	0.000000e+00	3.302000e+00	
1632	6.000007e-03	5.000000e+00	0.000000e+00	3.500000e+00	
1633	6.000007e-03	5.000000e+00	0.000000e+00	3.505000e+00	
1634	6.000007e-03	5.000000e+00	0.000000e+00	3.515000e+00	
1635	6.000007e-03	5.000000e+00	0.000000e+00	3.535000e+00	
1636	6.000007e-03	5.000000e+00	0.000000e+00	3.550000e+00	
1637	6.000007e-03	5.000000e+00	0.000000e+00	3.554000e+00	
1638	6.000007e-03	5.000000e+00	0.000000e+00	3.562000e+00	
1639	6.000007e-03	5.000000e+00	0.000000e+00	3.578000e+00	
1640	6.000007e-03	5.000000e+00	0.000000e+00	3.610000e+00	
1641	6.000007e-03	5.000000e+00	0.000000e+00	3.674000e+00	
1642	6.000008e-03	5.000000e+00	0.000000e+00	3.802000e+00	
1643	6.000008e-03	5.000000e+00	0.000000e+00	3.950000e+00	
1644	6.000008e-03	5.000000e+00	0.000000e+00	3.975600e+00	
1645	6.000008e-03	5.000000e+00	0.000000e+00	4.000000e+00	
1646	6.000008e-03	5.000000e+00	0.000000e+00	4.005120e+00	
1647	6.000008e-03	5.000000e+00	0.000000e+00	4.015360e+00	
1648	6.000008e-03	5.000000e+00	0.000000e+00	4.035840e+00	
1649	6.000008e-03	5.000000e+00	0.000000e+00	4.076800e+00	
1650	6.000008e-03	5.000000e+00	0.000000e+00	4.158720e+00	
1651	6.000009e-03	5.000000e+00	0.000000e+00	4.322560e+00	
1652	6.000009e-03	5.000000e+00	0.000000e+00	4.450000e+00	
1653	6.000009e-03	5.000000e+00	0.000000e+00	4.482768e+00	
1654	6.000009e-03	5.000000e+00	0.000000e+00	4.500000e+00	
1655	6.000009e-03	5.000000e+00	0.000000e+00	4.505000e+00	
1656	6.000009e-03	5.000000e+00	0.000000e+00	4.515000e+00	
1657	6.000009e-03	5.000000e+00	0.000000e+00	4.535000e+00	
1658	6.000009e-03	5.000000e+00	0.000000e+00	4.550000e+00	
1659	6.000009e-03	5.000000e+00	0.000000e+00	4.554000e+00	
1660	6.000009e-03	5.000000e+00	0.000000e+00	4.562000e+00	
1661	6.000009e-03	5.000000e+00	0.000000e+00	4.578000e+00	
1662	6.000009e-03	5.000000e+00	0.000000e+00	4.610000e+00	
1663	6.000009e-03	5.000000e+00	0.000000e+00	4.674000e+00	
1664	6.000010e-03	5.000000e+00	0.000000e+00	4.802000e+00	
1665	6.000010e-03	5.000000e+00	0.000000e+00	5.000000e+00	
1666	6.000010e-03	4.974400e+00	0.000000e+00	5.000000e+00	
1667	6.000010e-03	4.923200e+00	0.000000e+00	5.000000e+00	
1668	6.000010e-03	4.820800e+00	0.000000e+00	5.000000e+00	
1669	6.000011e-03	4.616000e+00	0.000000e+00	5.000000e+00	
1670	6.000011e-03	4.500000e+00	0.000000e+00	5.000000e+00	
1671	6.000011e-03	4.495000e+00	0.000000e+00	5.000000e+00	
1672	6.000011e-03	4.485000e+00	0.000000e+00	5.000000e+00	
1673	6.000011e-03	4.465000e+00	0.000000e+00	5.000000e+00	
1674	6.000011e-03	4.450000e+00	0.000000e+00	5.000000e+00	
1675	6.000011e-03	4.446000e+00	0.000000e+00	5.000000e+00	
1676	6.000011e-03	4.438000e+00	0.000000e+00	5.000000e+00	
1677	6.000011e-03	4.422000e+00	0.000000e+00	5.000000e+00	
1678	6.000011e-03	4.390000e+00	0.000000e+00	5.000000e+00	

Index   time            a2              a3              b0              
--------------------------------------------------------------------------------
1679	6.000011e-03	4.326000e+00	0.000000e+00	5.000000e+00	
1680	6.000012e-03	4.198000e+00	0.000000e+00	5.000000e+00	
1681	6.000012e-03	3.942000e+00	0.000000e+00	5.000000e+00	
1682	6.000013e-03	3.500000e+00	0.000000e+00	5.000000e+00	
1683	6.000013e-03	3.495000e+00	0.000000e+00	5.000000e+00	
1684	6.000013e-03	3.485000e+00	0.000000e+00	5.000000e+00	
1685	6.000013e-03	3.465000e+00	0.000000e+00	5.000000e+00	
1686	6.000013e-03	3.450000e+00	0.000000e+00	5.000000e+00	
1687	6.000013e-03	3.446000e+00	0.000000e+00	5.000000e+00	
1688	6.000013e-03	3.438000e+00	0.000000e+00	5.000000e+00	
1689	6.000013e-03	3.422000e+00	0.000000e+00	5.000000e+00	
1690	6.000013e-03	3.390000e+00	0.000000e+00	5.000000e+00	
1691	6.000013e-03	3.326000e+00	0.000000e+00	5.000000e+00	
1692	6.000014e-03	3.198000e+00	0.000000e+00	5.000000e+00	
1693	6.000014e-03	2.942000e+00	0.000000e+00	5.000000e+00	
1694	6.000015e-03	2.500000e+00	0.000000e+00	5.000000e+00	
1695	6.000015e-03	2.495000e+00	0.000000e+00	5.000000e+00	
1696	6.000015e-03	2.485000e+00	0.000000e+00	5.000000e+00	
1697	6.000015e-03	2.465000e+00	0.000000e+00	5.000000e+00	
1698	6.000015e-03	2.450000e+00	0.000000e+00	5.000000e+00	
1699	6.000015e-03	2.446000e+00	0.000000e+00	5.000000e+00	
1700	6.000015e-03	2.438000e+00	0.000000e+00	5.000000e+00	
1701	6.000015e-03	2.422000e+00	0.000000e+00	5.000000e+00	
1702	6.000015e-03	2.390000e+00	0.000000e+00	5.000000e+00	
1703	6.000015e-03	2.326000e+00	0.000000e+00	5.000000e+00	
1704	6.000016e-03	2.198000e+00	0.000000e+00	5.000000e+00	
1705	6.000016e-03	1.942000e+00	0.000000e+00	5.000000e+00	
1706	6.000017e-03	1.500000e+00	0.000000e+00	5.000000e+00	
1707	6.000017e-03	1.495000e+00	0.000000e+00	5.000000e+00	
1708	6.000017e-03	1.485000e+00	0.000000e+00	5.000000e+00	
1709	6.000017e-03	1.465000e+00	0.000000e+00	5.000000e+00	
1710	6.000017e-03	1.450000e+00	0.000000e+00	5.000000e+00	
1711	6.000017e-03	1.446000e+00	0.000000e+00	5.000000e+00	
1712	6.000017e-03	1.438000e+00	0.000000e+00	5.000000e+00	
1713	6.000017e-03	1.422000e+00	0.000000e+00	5.000000e+00	
1714	6.000017e-03	1.390000e+00	0.000000e+00	5.000000e+00	
1715	6.000017e-03	1.326000e+00	0.000000e+00	5.000000e+00	
1716	6.000018e-03	1.198000e+00	0.000000e+00	5.000000e+00	
1717	6.000018e-03	9.420000e-01	0.000000e+00	5.000000e+00	
1718	6.000019e-03	4.420000e-01	0.000000e+00	5.000000e+00	
1719	6.000019e-03	4.370000e-01	0.000000e+00	5.000000e+00	
1720	6.000019e-03	4.270000e-01	0.000000e+00	5.000000e+00	
1721	6.000019e-03	4.070000e-01	0.000000e+00	5.000000e+00	
1722	6.000019e-03	3.920000e-01	0.000000e+00	5.000000e+00	
1723	6.000019e-03	3.880000e-01	0.000000e+00	5.000000e+00	
1724	6.000019e-03	3.800000e-01	0.000000e+00	5.000000e+00	
1725	6.000019e-03	3.640000e-01	0.000000e+00	5.000000e+00	
1726	6.000019e-03	3.320000e-01	0.000000e+00	5.000000e+00	
1727	6.000019e-03	2.680000e-01	0.000000e+00	5.000000e+00	
1728	6.000020e-03	1.400000e-01	0.000000e+00	5.000000e+00	
1729	6.000020e-03	0.000000e+00	0.000000e+00	5.000000e+00	
1730	6.000020e-03	0.000000e+00	0.000000e+00	5.000000e+00	
1731	6.000020e-03	0.000000e+00	0.000000e+00	5.000000e+00	
1732	6.000020e-03	0.000000e+00	0.000000e+00	5.000000e+00	
1733	6.000021e-03	0.000000e+00	0.000000e+00	5.000000e+00	
1734	6.000021e-03	0.000000e+00	0.000000e+00	5.000000e+00	
1735	6.000021e-03	0.000000e+00	0.000000e+00	5.000000e+00	
1736	6.000021e-03	0.000000e+00	0.000000e+00	5.000000e+00	

Index   time            a2              a3              b0              
--------------------------------------------------------------------------------
1737	6.000021e-03	0.000000e+00	0.000000e+00	5.000000e+00	
1738	6.000021e-03	0.000000e+00	0.000000e+00	5.000000e+00	
1739	6.000021e-03	0.000000e+00	0.000000e+00	5.000000e+00	
1740	6.000021e-03	0.000000e+00	0.000000e+00	5.000000e+00	
1741	6.000021e-03	0.000000e+00	0.000000e+00	5.000000e+00	
1742	6.000021e-03	0.000000e+00	0.000000e+00	5.000000e+00	
1743	6.000021e-03	0.000000e+00	0.000000e+00	5.000000e+00	
1744	6.000022e-03	0.000000e+00	0.000000e+00	5.000000e+00	
1745	6.000022e-03	0.000000e+00	0.000000e+00	5.000000e+00	
1746	6.000022e-03	0.000000e+00	0.000000e+00	5.000000e+00	
1747	6.000022e-03	0.000000e+00	0.000000e+00	5.000000e+00	
1748	6.000022e-03	0.000000e+00	0.000000e+00	5.000000e+00	
1749	6.000022e-03	0.000000e+00	0.000000e+00	5.000000e+00	
1750	6.000022e-03	0.000000e+00	0.000000e+00	5.000000e+00	
1751	6.000022e-03	0.000000e+00	0.000000e+00	5.000000e+00	
1752	6.000022e-03	0.000000e+00	0.000000e+00	5.000000e+00	
1753	6.000022e-03	0.000000e+00	0.000000e+00	5.000000e+00	
1754	6.000022e-03	0.000000e+00	0.000000e+00	5.000000e+00	
1755	6.000023e-03	0.000000e+00	0.000000e+00	5.000000e+00	
1756	6.000023e-03	0.000000e+00	0.000000e+00	5.000000e+00	
1757	6.000024e-03	0.000000e+00	0.000000e+00	5.000000e+00	
1758	6.000024e-03	0.000000e+00	0.000000e+00	5.000000e+00	
1759	6.000024e-03	0.000000e+00	0.000000e+00	5.000000e+00	
1760	6.000024e-03	0.000000e+00	0.000000e+00	5.000000e+00	
1761	6.000024e-03	0.000000e+00	0.000000e+00	5.000000e+00	
1762	6.000024e-03	0.000000e+00	0.000000e+00	5.000000e+00	
1763	6.000024e-03	0.000000e+00	0.000000e+00	5.000000e+00	
1764	6.000024e-03	0.000000e+00	0.000000e+00	5.000000e+00	
1765	6.000024e-03	0.000000e+00	0.000000e+00	5.000000e+00	
1766	6.000024e-03	0.000000e+00	0.000000e+00	5.000000e+00	
1767	6.000025e-03	0.000000e+00	0.000000e+00	5.000000e+00	
1768	6.000025e-03	0.000000e+00	0.000000e+00	5.000000e+00	
1769	6.000026e-03	0.000000e+00	0.000000e+00	5.000000e+00	
1770	6.000026e-03	0.000000e+00	0.000000e+00	5.000000e+00	
1771	6.000026e-03	0.000000e+00	0.000000e+00	5.000000e+00	
1772	6.000026e-03	0.000000e+00	0.000000e+00	5.000000e+00	
1773	6.000026e-03	0.000000e+00	0.000000e+00	5.000000e+00	
1774	6.000026e-03	0.000000e+00	0.000000e+00	5.000000e+00	
1775	6.000026e-03	0.000000e+00	0.000000e+00	5.000000e+00	
1776	6.000026e-03	0.000000e+00	0.000000e+00	5.000000e+00	
1777	6.000026e-03	0.000000e+00	0.000000e+00	5.000000e+00	
1778	6.000026e-03	0.000000e+00	0.000000e+00	5.000000e+00	
1779	6.000027e-03	0.000000e+00	0.000000e+00	5.000000e+00	
1780	6.000027e-03	0.000000e+00	0.000000e+00	5.000000e+00	
1781	6.000028e-03	0.000000e+00	0.000000e+00	5.000000e+00	
1782	6.000030e-03	0.000000e+00	0.000000e+00	5.000000e+00	
1783	6.000034e-03	0.000000e+00	0.000000e+00	5.000000e+00	
1784	6.000043e-03	0.000000e+00	0.000000e+00	5.000000e+00	
1785	6.000059e-03	0.000000e+00	0.000000e+00	5.000000e+00	
1786	6.000092e-03	0.000000e+00	0.000000e+00	5.000000e+00	
1787	6.000157e-03	0.000000e+00	0.000000e+00	5.000000e+00	
1788	6.000288e-03	0.000000e+00	0.000000e+00	5.000000e+00	
1789	6.000550e-03	0.000000e+00	0.000000e+00	5.000000e+00	
1790	6.001075e-03	0.000000e+00	0.000000e+00	5.000000e+00	
1791	6.002123e-03	0.000000e+00	0.000000e+00	5.000000e+00	
1792	6.004221e-03	0.000000e+00	0.000000e+00	5.000000e+00	
1793	6.008415e-03	0.000000e+00	0.000000e+00	5.000000e+00	
1794	6.016803e-03	0.000000e+00	0.000000e+00	5.000000e+00	

Index   time            a2              a3              b0              
--------------------------------------------------------------------------------
1795	6.033581e-03	0.000000e+00	0.000000e+00	5.000000e+00	
1796	6.067135e-03	0.000000e+00	0.000000e+00	5.000000e+00	
1797	6.134244e-03	0.000000e+00	0.000000e+00	5.000000e+00	
1798	6.268462e-03	0.000000e+00	0.000000e+00	5.000000e+00	
1799	6.428462e-03	0.000000e+00	0.000000e+00	5.000000e+00	
1800	6.500010e-03	0.000000e+00	0.000000e+00	5.000000e+00	
1801	6.500011e-03	0.000000e+00	0.000000e+00	4.500000e+00	
1802	6.500013e-03	0.000000e+00	0.000000e+00	3.500000e+00	
1803	6.500017e-03	0.000000e+00	0.000000e+00	1.500000e+00	
1804	6.500019e-03	0.000000e+00	0.000000e+00	5.000000e-01	
1805	6.500019e-03	0.000000e+00	0.000000e+00	4.950000e-01	
1806	6.500019e-03	0.000000e+00	0.000000e+00	4.850000e-01	
1807	6.500019e-03	0.000000e+00	0.000000e+00	4.650000e-01	
1808	6.500019e-03	0.000000e+00	0.000000e+00	4.500000e-01	
1809	6.500019e-03	0.000000e+00	0.000000e+00	4.460000e-01	
1810	6.500019e-03	0.000000e+00	0.000000e+00	4.380000e-01	
1811	6.500019e-03	0.000000e+00	0.000000e+00	4.220000e-01	
1812	6.500019e-03	0.000000e+00	0.000000e+00	3.900000e-01	
1813	6.500019e-03	0.000000e+00	0.000000e+00	3.260000e-01	
1814	6.500020e-03	0.000000e+00	0.000000e+00	1.980000e-01	
1815	6.500020e-03	0.000000e+00	0.000000e+00	0.000000e+00	
1816	6.500020e-03	0.000000e+00	0.000000e+00	0.000000e+00	
1817	6.500020e-03	0.000000e+00	0.000000e+00	0.000000e+00	
1818	6.500020e-03	0.000000e+00	0.000000e+00	0.000000e+00	
1819	6.500021e-03	0.000000e+00	0.000000e+00	0.000000e+00	
1820	6.500021e-03	0.000000e+00	0.000000e+00	0.000000e+00	
1821	6.500021e-03	0.000000e+00	0.000000e+00	0.000000e+00	
1822	6.500021e-03	0.000000e+00	0.000000e+00	0.000000e+00	
1823	6.500021e-03	0.000000e+00	0.000000e+00	0.000000e+00	
1824	6.500021e-03	0.000000e+00	0.000000e+00	0.000000e+00	
1825	6.500021e-03	0.000000e+00	0.000000e+00	0.000000e+00	
1826	6.500021e-03	0.000000e+00	0.000000e+00	0.000000e+00	
1827	6.500021e-03	0.000000e+00	0.000000e+00	0.000000e+00	
1828	6.500021e-03	0.000000e+00	0.000000e+00	0.000000e+00	
1829	6.500021e-03	0.000000e+00	0.000000e+00	0.000000e+00	
1830	6.500022e-03	0.000000e+00	0.000000e+00	0.000000e+00	
1831	6.500022e-03	0.000000e+00	0.000000e+00	0.000000e+00	
1832	6.500023e-03	0.000000e+00	0.000000e+00	0.000000e+00	
1833	6.500023e-03	0.000000e+00	0.000000e+00	0.000000e+00	
1834	6.500023e-03	0.000000e+00	0.000000e+00	0.000000e+00	
1835	6.500023e-03	0.000000e+00	0.000000e+00	0.000000e+00	
1836	6.500023e-03	0.000000e+00	0.000000e+00	0.000000e+00	
1837	6.500023e-03	0.000000e+00	0.000000e+00	0.000000e+00	
1838	6.500023e-03	0.000000e+00	0.000000e+00	0.000000e+00	
1839	6.500023e-03	0.000000e+00	0.000000e+00	0.000000e+00	
1840	6.500023e-03	0.000000e+00	0.000000e+00	0.000000e+00	
1841	6.500023e-03	0.000000e+00	0.000000e+00	0.000000e+00	
1842	6.500024e-03	0.000000e+00	0.000000e+00	0.000000e+00	
1843	6.500024e-03	0.000000e+00	0.000000e+00	0.000000e+00	
1844	6.500024e-03	0.000000e+00	0.000000e+00	0.000000e+00	
1845	6.500024e-03	0.000000e+00	0.000000e+00	0.000000e+00	
1846	6.500024e-03	0.000000e+00	0.000000e+00	0.000000e+00	
1847	6.500025e-03	0.000000e+00	0.000000e+00	0.000000e+00	
1848	6.500025e-03	0.000000e+00	0.000000e+00	0.000000e+00	
1849	6.500025e-03	0.000000e+00	0.000000e+00	0.000000e+00	
1850	6.500025e-03	0.000000e+00	0.000000e+00	0.000000e+00	
1851	6.500025e-03	0.000000e+00	0.000000e+00	0.000000e+00	
1852	6.500025e-03	0.000000e+00	0.000000e+00	0.000000e+00	

Index   time            a2              a3              b0              
--------------------------------------------------------------------------------
1853	6.500025e-03	0.000000e+00	0.000000e+00	0.000000e+00	
1854	6.500025e-03	0.000000e+00	0.000000e+00	0.000000e+00	
1855	6.500025e-03	0.000000e+00	0.000000e+00	0.000000e+00	
1856	6.500025e-03	0.000000e+00	0.000000e+00	0.000000e+00	
1857	6.500025e-03	0.000000e+00	0.000000e+00	0.000000e+00	
1858	6.500025e-03	0.000000e+00	0.000000e+00	0.000000e+00	
1859	6.500025e-03	0.000000e+00	0.000000e+00	0.000000e+00	
1860	6.500026e-03	0.000000e+00	0.000000e+00	0.000000e+00	
1861	6.500026e-03	0.000000e+00	0.000000e+00	0.000000e+00	
1862	6.500027e-03	0.000000e+00	0.000000e+00	0.000000e+00	
1863	6.500029e-03	0.000000e+00	0.000000e+00	0.000000e+00	
1864	6.500033e-03	0.000000e+00	0.000000e+00	0.000000e+00	
1865	6.500041e-03	0.000000e+00	0.000000e+00	0.000000e+00	
1866	6.500058e-03	0.000000e+00	0.000000e+00	0.000000e+00	
1867	6.500091e-03	0.000000e+00	0.000000e+00	0.000000e+00	
1868	6.500156e-03	0.000000e+00	0.000000e+00	0.000000e+00	
1869	6.500287e-03	0.000000e+00	0.000000e+00	0.000000e+00	
1870	6.500549e-03	0.000000e+00	0.000000e+00	0.000000e+00	
1871	6.501074e-03	0.000000e+00	0.000000e+00	0.000000e+00	
1872	6.502122e-03	0.000000e+00	0.000000e+00	0.000000e+00	
1873	6.504219e-03	0.000000e+00	0.000000e+00	0.000000e+00	
1874	6.508414e-03	0.000000e+00	0.000000e+00	0.000000e+00	
1875	6.516802e-03	0.000000e+00	0.000000e+00	0.000000e+00	
1876	6.533580e-03	0.000000e+00	0.000000e+00	0.000000e+00	
1877	6.567134e-03	0.000000e+00	0.000000e+00	0.000000e+00	
1878	6.634243e-03	0.000000e+00	0.000000e+00	0.000000e+00	
1879	6.768461e-03	0.000000e+00	0.000000e+00	0.000000e+00	
1880	6.928461e-03	0.000000e+00	0.000000e+00	0.000000e+00	
1881	7.000000e-03	0.000000e+00	0.000000e+00	0.000000e+00	
1882	7.000001e-03	0.000000e+00	0.000000e+00	5.000000e-01	
1883	7.000003e-03	0.000000e+00	0.000000e+00	1.500000e+00	
1884	7.000005e-03	0.000000e+00	0.000000e+00	2.500000e+00	
1885	7.000005e-03	0.000000e+00	0.000000e+00	2.505000e+00	
1886	7.000005e-03	0.000000e+00	0.000000e+00	2.515000e+00	
1887	7.000005e-03	0.000000e+00	0.000000e+00	2.535000e+00	
1888	7.000005e-03	0.000000e+00	0.000000e+00	2.550000e+00	
1889	7.000005e-03	0.000000e+00	0.000000e+00	2.554000e+00	
1890	7.000005e-03	0.000000e+00	0.000000e+00	2.562000e+00	
1891	7.000005e-03	0.000000e+00	0.000000e+00	2.578000e+00	
1892	7.000005e-03	0.000000e+00	0.000000e+00	2.610000e+00	
1893	7.000005e-03	0.000000e+00	0.000000e+00	2.674000e+00	
1894	7.000006e-03	0.000000e+00	0.000000e+00	2.802000e+00	
1895	7.000006e-03	0.000000e+00	0.000000e+00	3.058000e+00	
1896	7.000007e-03	0.000000e+00	0.000000e+00	3.500000e+00	
1897	7.000007e-03	0.000000e+00	0.000000e+00	3.505000e+00	
1898	7.000007e-03	0.000000e+00	0.000000e+00	3.515000e+00	
1899	7.000007e-03	0.000000e+00	0.000000e+00	3.535000e+00	
1900	7.000007e-03	0.000000e+00	0.000000e+00	3.550000e+00	
1901	7.000007e-03	0.000000e+00	0.000000e+00	3.554000e+00	
1902	7.000007e-03	0.000000e+00	0.000000e+00	3.562000e+00	
1903	7.000007e-03	0.000000e+00	0.000000e+00	3.578000e+00	
1904	7.000007e-03	0.000000e+00	0.000000e+00	3.610000e+00	
1905	7.000007e-03	0.000000e+00	0.000000e+00	3.674000e+00	
1906	7.000008e-03	0.000000e+00	0.000000e+00	3.802000e+00	
1907	7.000008e-03	0.000000e+00	0.000000e+00	3.950000e+00	
1908	7.000008e-03	0.000000e+00	0.000000e+00	3.975600e+00	
1909	7.000008e-03	0.000000e+00	0.000000e+00	4.026800e+00	
1910	7.000008e-03	0.000000e+00	0.000000e+00	4.129200e+00	

Index   time            a2              a3              b0              
--------------------------------------------------------------------------------
1911	7.000009e-03	0.000000e+00	0.000000e+00	4.334000e+00	
1912	7.000009e-03	0.000000e+00	0.000000e+00	4.500000e+00	
1913	7.000009e-03	0.000000e+00	0.000000e+00	4.505000e+00	
1914	7.000009e-03	0.000000e+00	0.000000e+00	4.515000e+00	
1915	7.000009e-03	0.000000e+00	0.000000e+00	4.535000e+00	
1916	7.000009e-03	0.000000e+00	0.000000e+00	4.550000e+00	
1917	7.000009e-03	0.000000e+00	0.000000e+00	4.554000e+00	
1918	7.000009e-03	0.000000e+00	0.000000e+00	4.562000e+00	
1919	7.000009e-03	0.000000e+00	0.000000e+00	4.578000e+00	
1920	7.000009e-03	0.000000e+00	0.000000e+00	4.610000e+00	
1921	7.000009e-03	0.000000e+00	0.000000e+00	4.674000e+00	
1922	7.000010e-03	0.000000e+00	0.000000e+00	4.802000e+00	
1923	7.000010e-03	0.000000e+00	0.000000e+00	5.000000e+00	
1924	7.000010e-03	0.000000e+00	0.000000e+00	5.000000e+00	
1925	7.000010e-03	0.000000e+00	0.000000e+00	5.000000e+00	
1926	7.000010e-03	0.000000e+00	0.000000e+00	5.000000e+00	
1927	7.000011e-03	0.000000e+00	0.000000e+00	5.000000e+00	
1928	7.000011e-03	0.000000e+00	0.000000e+00	5.000000e+00	
1929	7.000011e-03	0.000000e+00	0.000000e+00	5.000000e+00	
1930	7.000011e-03	0.000000e+00	0.000000e+00	5.000000e+00	
1931	7.000011e-03	0.000000e+00	0.000000e+00	5.000000e+00	
1932	7.000011e-03	0.000000e+00	0.000000e+00	5.000000e+00	
1933	7.000011e-03	0.000000e+00	0.000000e+00	5.000000e+00	
1934	7.000011e-03	0.000000e+00	0.000000e+00	5.000000e+00	
1935	7.000011e-03	0.000000e+00	0.000000e+00	5.000000e+00	
1936	7.000011e-03	0.000000e+00	0.000000e+00	5.000000e+00	
1937	7.000011e-03	0.000000e+00	0.000000e+00	5.000000e+00	
1938	7.000012e-03	0.000000e+00	0.000000e+00	5.000000e+00	
1939	7.000012e-03	0.000000e+00	0.000000e+00	5.000000e+00	
1940	7.000013e-03	0.000000e+00	0.000000e+00	5.000000e+00	
1941	7.000013e-03	0.000000e+00	0.000000e+00	5.000000e+00	
1942	7.000013e-03	0.000000e+00	0.000000e+00	5.000000e+00	
1943	7.000013e-03	0.000000e+00	0.000000e+00	5.000000e+00	
1944	7.000013e-03	0.000000e+00	0.000000e+00	5.000000e+00	
1945	7.000013e-03	0.000000e+00	0.000000e+00	5.000000e+00	
1946	7.000013e-03	0.000000e+00	0.000000e+00	5.000000e+00	
1947	7.000013e-03	0.000000e+00	0.000000e+00	5.000000e+00	
1948	7.000013e-03	0.000000e+00	0.000000e+00	5.000000e+00	
1949	7.000013e-03	0.000000e+00	0.000000e+00	5.000000e+00	
1950	7.000014e-03	0.000000e+00	0.000000e+00	5.000000e+00	
1951	7.000014e-03	0.000000e+00	0.000000e+00	5.000000e+00	
1952	7.000015e-03	0.000000e+00	0.000000e+00	5.000000e+00	
1953	7.000015e-03	0.000000e+00	0.000000e+00	5.000000e+00	
1954	7.000015e-03	0.000000e+00	0.000000e+00	5.000000e+00	
1955	7.000015e-03	0.000000e+00	0.000000e+00	5.000000e+00	
1956	7.000015e-03	0.000000e+00	0.000000e+00	5.000000e+00	
1957	7.000015e-03	0.000000e+00	0.000000e+00	5.000000e+00	
1958	7.000015e-03	0.000000e+00	0.000000e+00	5.000000e+00	
1959	7.000015e-03	0.000000e+00	0.000000e+00	5.000000e+00	
1960	7.000015e-03	0.000000e+00	0.000000e+00	5.000000e+00	
1961	7.000015e-03	0.000000e+00	0.000000e+00	5.000000e+00	
1962	7.000016e-03	0.000000e+00	0.000000e+00	5.000000e+00	
1963	7.000016e-03	0.000000e+00	0.000000e+00	5.000000e+00	
1964	7.000017e-03	0.000000e+00	0.000000e+00	5.000000e+00	
1965	7.000017e-03	0.000000e+00	0.000000e+00	5.000000e+00	
1966	7.000017e-03	0.000000e+00	0.000000e+00	5.000000e+00	
1967	7.000017e-03	0.000000e+00	0.000000e+00	5.000000e+00	
1968	7.000017e-03	0.000000e+00	0.000000e+00	5.000000e+00	

Index   time            a2              a3              b0              
--------------------------------------------------------------------------------
1969	7.000017e-03	0.000000e+00	0.000000e+00	5.000000e+00	
1970	7.000017e-03	0.000000e+00	0.000000e+00	5.000000e+00	
1971	7.000017e-03	0.000000e+00	0.000000e+00	5.000000e+00	
1972	7.000017e-03	0.000000e+00	0.000000e+00	5.000000e+00	
1973	7.000017e-03	0.000000e+00	0.000000e+00	5.000000e+00	
1974	7.000018e-03	0.000000e+00	0.000000e+00	5.000000e+00	
1975	7.000018e-03	0.000000e+00	0.000000e+00	5.000000e+00	
1976	7.000019e-03	0.000000e+00	0.000000e+00	5.000000e+00	
1977	7.000019e-03	0.000000e+00	0.000000e+00	5.000000e+00	
1978	7.000019e-03	0.000000e+00	0.000000e+00	5.000000e+00	
1979	7.000019e-03	0.000000e+00	0.000000e+00	5.000000e+00	
1980	7.000019e-03	0.000000e+00	0.000000e+00	5.000000e+00	
1981	7.000019e-03	0.000000e+00	0.000000e+00	5.000000e+00	
1982	7.000019e-03	0.000000e+00	0.000000e+00	5.000000e+00	
1983	7.000019e-03	0.000000e+00	0.000000e+00	5.000000e+00	
1984	7.000019e-03	0.000000e+00	0.000000e+00	5.000000e+00	
1985	7.000019e-03	0.000000e+00	0.000000e+00	5.000000e+00	
1986	7.000020e-03	0.000000e+00	0.000000e+00	5.000000e+00	
1987	7.000020e-03	0.000000e+00	0.000000e+00	5.000000e+00	
1988	7.000020e-03	0.000000e+00	0.000000e+00	5.000000e+00	
1989	7.000020e-03	0.000000e+00	0.000000e+00	5.000000e+00	
1990	7.000020e-03	0.000000e+00	0.000000e+00	5.000000e+00	
1991	7.000021e-03	0.000000e+00	0.000000e+00	5.000000e+00	
1992	7.000021e-03	0.000000e+00	0.000000e+00	5.000000e+00	
1993	7.000021e-03	0.000000e+00	0.000000e+00	5.000000e+00	
1994	7.000021e-03	0.000000e+00	0.000000e+00	5.000000e+00	
1995	7.000021e-03	0.000000e+00	0.000000e+00	5.000000e+00	
1996	7.000021e-03	0.000000e+00	0.000000e+00	5.000000e+00	
1997	7.000021e-03	0.000000e+00	0.000000e+00	5.000000e+00	
1998	7.000021e-03	0.000000e+00	0.000000e+00	5.000000e+00	
1999	7.000021e-03	0.000000e+00	0.000000e+00	5.000000e+00	
2000	7.000021e-03	0.000000e+00	0.000000e+00	5.000000e+00	
2001	7.000021e-03	0.000000e+00	0.000000e+00	5.000000e+00	
2002	7.000022e-03	0.000000e+00	0.000000e+00	5.000000e+00	
2003	7.000022e-03	0.000000e+00	0.000000e+00	5.000000e+00	
2004	7.000022e-03	0.000000e+00	0.000000e+00	5.000000e+00	
2005	7.000022e-03	0.000000e+00	0.000000e+00	5.000000e+00	
2006	7.000022e-03	0.000000e+00	0.000000e+00	5.000000e+00	
2007	7.000022e-03	0.000000e+00	0.000000e+00	5.000000e+00	
2008	7.000022e-03	0.000000e+00	0.000000e+00	5.000000e+00	
2009	7.000022e-03	0.000000e+00	0.000000e+00	5.000000e+00	
2010	7.000022e-03	0.000000e+00	0.000000e+00	5.000000e+00	
2011	7.000022e-03	0.000000e+00	0.000000e+00	5.000000e+00	
2012	7.000022e-03	0.000000e+00	0.000000e+00	5.000000e+00	
2013	7.000023e-03	0.000000e+00	0.000000e+00	5.000000e+00	
2014	7.000023e-03	0.000000e+00	0.000000e+00	5.000000e+00	
2015	7.000023e-03	0.000000e+00	0.000000e+00	5.000000e+00	
2016	7.000023e-03	0.000000e+00	0.000000e+00	5.000000e+00	
2017	7.000023e-03	0.000000e+00	0.000000e+00	5.000000e+00	
2018	7.000023e-03	0.000000e+00	0.000000e+00	5.000000e+00	
2019	7.000023e-03	0.000000e+00	0.000000e+00	5.000000e+00	
2020	7.000023e-03	0.000000e+00	0.000000e+00	5.000000e+00	
2021	7.000023e-03	0.000000e+00	0.000000e+00	5.000000e+00	
2022	7.000023e-03	0.000000e+00	0.000000e+00	5.000000e+00	
2023	7.000023e-03	0.000000e+00	0.000000e+00	5.000000e+00	
2024	7.000024e-03	0.000000e+00	0.000000e+00	5.000000e+00	
2025	7.000024e-03	0.000000e+00	0.000000e+00	5.000000e+00	
2026	7.000024e-03	0.000000e+00	0.000000e+00	5.000000e+00	

Index   time            a2              a3              b0              
--------------------------------------------------------------------------------
2027	7.000024e-03	0.000000e+00	0.000000e+00	5.000000e+00	
2028	7.000024e-03	0.000000e+00	0.000000e+00	5.000000e+00	
2029	7.000024e-03	0.000000e+00	0.000000e+00	5.000000e+00	
2030	7.000024e-03	0.000000e+00	0.000000e+00	5.000000e+00	
2031	7.000024e-03	0.000000e+00	0.000000e+00	5.000000e+00	
2032	7.000024e-03	0.000000e+00	0.000000e+00	5.000000e+00	
2033	7.000024e-03	0.000000e+00	0.000000e+00	5.000000e+00	
2034	7.000024e-03	0.000000e+00	0.000000e+00	5.000000e+00	
2035	7.000025e-03	0.000000e+00	0.000000e+00	5.000000e+00	
2036	7.000025e-03	0.000000e+00	0.000000e+00	5.000000e+00	
2037	7.000026e-03	0.000000e+00	0.000000e+00	5.000000e+00	
2038	7.000026e-03	0.000000e+00	0.000000e+00	5.000000e+00	
2039	7.000026e-03	0.000000e+00	0.000000e+00	5.000000e+00	
2040	7.000026e-03	0.000000e+00	0.000000e+00	5.000000e+00	
2041	7.000026e-03	0.000000e+00	0.000000e+00	5.000000e+00	
2042	7.000026e-03	0.000000e+00	0.000000e+00	5.000000e+00	
2043	7.000026e-03	0.000000e+00	0.000000e+00	5.000000e+00	
2044	7.000026e-03	0.000000e+00	0.000000e+00	5.000000e+00	
2045	7.000026e-03	0.000000e+00	0.000000e+00	5.000000e+00	
2046	7.000026e-03	0.000000e+00	0.000000e+00	5.000000e+00	
2047	7.000027e-03	0.000000e+00	0.000000e+00	5.000000e+00	
2048	7.000027e-03	0.000000e+00	0.000000e+00	5.000000e+00	
2049	7.000028e-03	0.000000e+00	0.000000e+00	5.000000e+00	
2050	7.000028e-03	0.000000e+00	0.000000e+00	5.000000e+00	
2051	7.000028e-03	0.000000e+00	0.000000e+00	5.000000e+00	
2052	7.000028e-03	0.000000e+00	0.000000e+00	5.000000e+00	
2053	7.000028e-03	0.000000e+00	0.000000e+00	5.000000e+00	
2054	7.000028e-03	0.000000e+00	0.000000e+00	5.000000e+00	
2055	7.000028e-03	0.000000e+00	0.000000e+00	5.000000e+00	
2056	7.000028e-03	0.000000e+00	0.000000e+00	5.000000e+00	
2057	7.000028e-03	0.000000e+00	0.000000e+00	5.000000e+00	
2058	7.000028e-03	0.000000e+00	0.000000e+00	5.000000e+00	
2059	7.000029e-03	0.000000e+00	0.000000e+00	5.000000e+00	
2060	7.000029e-03	0.000000e+00	0.000000e+00	5.000000e+00	
2061	7.000030e-03	0.000000e+00	0.000000e+00	5.000000e+00	
2062	7.000032e-03	0.000000e+00	0.000000e+00	5.000000e+00	
2063	7.000036e-03	0.000000e+00	0.000000e+00	5.000000e+00	
2064	7.000045e-03	0.000000e+00	0.000000e+00	5.000000e+00	
2065	7.000061e-03	0.000000e+00	0.000000e+00	5.000000e+00	
2066	7.000094e-03	0.000000e+00	0.000000e+00	5.000000e+00	
2067	7.000159e-03	0.000000e+00	0.000000e+00	5.000000e+00	
2068	7.000290e-03	0.000000e+00	0.000000e+00	5.000000e+00	
2069	7.000552e-03	0.000000e+00	0.000000e+00	5.000000e+00	
2070	7.001077e-03	0.000000e+00	0.000000e+00	5.000000e+00	
2071	7.002125e-03	0.000000e+00	0.000000e+00	5.000000e+00	
2072	7.004223e-03	0.000000e+00	0.000000e+00	5.000000e+00	
2073	7.008417e-03	0.000000e+00	0.000000e+00	5.000000e+00	
2074	7.016805e-03	0.000000e+00	0.000000e+00	5.000000e+00	
2075	7.033583e-03	0.000000e+00	0.000000e+00	5.000000e+00	
2076	7.067137e-03	0.000000e+00	0.000000e+00	5.000000e+00	
2077	7.134246e-03	0.000000e+00	0.000000e+00	5.000000e+00	
2078	7.268464e-03	0.000000e+00	0.000000e+00	5.000000e+00	
2079	7.428464e-03	0.000000e+00	0.000000e+00	5.000000e+00	
2080	7.500010e-03	0.000000e+00	0.000000e+00	5.000000e+00	
2081	7.500011e-03	0.000000e+00	0.000000e+00	4.500000e+00	
2082	7.500013e-03	0.000000e+00	0.000000e+00	3.500000e+00	
2083	7.500017e-03	0.000000e+00	0.000000e+00	1.500000e+00	
2084	7.500019e-03	0.000000e+00	0.000000e+00	5.000000e-01	

Index   time            a2              a3              b0              
--------------------------------------------------------------------------------
2085	7.500019e-03	0.000000e+00	0.000000e+00	4.950000e-01	
2086	7.500019e-03	0.000000e+00	0.000000e+00	4.850000e-01	
2087	7.500019e-03	0.000000e+00	0.000000e+00	4.650000e-01	
2088	7.500019e-03	0.000000e+00	0.000000e+00	4.500000e-01	
2089	7.500019e-03	0.000000e+00	0.000000e+00	4.460000e-01	
2090	7.500019e-03	0.000000e+00	0.000000e+00	4.380000e-01	
2091	7.500019e-03	0.000000e+00	0.000000e+00	4.220000e-01	
2092	7.500019e-03	0.000000e+00	0.000000e+00	3.900000e-01	
2093	7.500019e-03	0.000000e+00	0.000000e+00	3.260000e-01	
2094	7.500020e-03	0.000000e+00	0.000000e+00	1.980000e-01	
2095	7.500020e-03	0.000000e+00	0.000000e+00	0.000000e+00	
2096	7.500020e-03	0.000000e+00	0.000000e+00	0.000000e+00	
2097	7.500020e-03	0.000000e+00	0.000000e+00	0.000000e+00	
2098	7.500020e-03	0.000000e+00	0.000000e+00	0.000000e+00	
2099	7.500021e-03	0.000000e+00	0.000000e+00	0.000000e+00	
2100	7.500021e-03	0.000000e+00	0.000000e+00	0.000000e+00	
2101	7.500021e-03	0.000000e+00	0.000000e+00	0.000000e+00	
2102	7.500021e-03	0.000000e+00	0.000000e+00	0.000000e+00	
2103	7.500021e-03	0.000000e+00	0.000000e+00	0.000000e+00	
2104	7.500021e-03	0.000000e+00	0.000000e+00	0.000000e+00	
2105	7.500021e-03	0.000000e+00	0.000000e+00	0.000000e+00	
2106	7.500021e-03	0.000000e+00	0.000000e+00	0.000000e+00	
2107	7.500021e-03	0.000000e+00	0.000000e+00	0.000000e+00	
2108	7.500021e-03	0.000000e+00	0.000000e+00	0.000000e+00	
2109	7.500021e-03	0.000000e+00	0.000000e+00	0.000000e+00	
2110	7.500022e-03	0.000000e+00	0.000000e+00	0.000000e+00	
2111	7.500022e-03	0.000000e+00	0.000000e+00	0.000000e+00	
2112	7.500023e-03	0.000000e+00	0.000000e+00	0.000000e+00	
2113	7.500023e-03	0.000000e+00	0.000000e+00	0.000000e+00	
2114	7.500023e-03	0.000000e+00	0.000000e+00	0.000000e+00	
2115	7.500023e-03	0.000000e+00	0.000000e+00	0.000000e+00	
2116	7.500023e-03	0.000000e+00	0.000000e+00	0.000000e+00	
2117	7.500023e-03	0.000000e+00	0.000000e+00	0.000000e+00	
2118	7.500023e-03	0.000000e+00	0.000000e+00	0.000000e+00	
2119	7.500023e-03	0.000000e+00	0.000000e+00	0.000000e+00	
2120	7.500023e-03	0.000000e+00	0.000000e+00	0.000000e+00	
2121	7.500023e-03	0.000000e+00	0.000000e+00	0.000000e+00	
2122	7.500024e-03	0.000000e+00	0.000000e+00	0.000000e+00	
2123	7.500024e-03	0.000000e+00	0.000000e+00	0.000000e+00	
2124	7.500025e-03	0.000000e+00	0.000000e+00	0.000000e+00	
2125	7.500025e-03	0.000000e+00	0.000000e+00	0.000000e+00	
2126	7.500025e-03	0.000000e+00	0.000000e+00	0.000000e+00	
2127	7.500025e-03	0.000000e+00	0.000000e+00	0.000000e+00	
2128	7.500025e-03	0.000000e+00	0.000000e+00	0.000000e+00	
2129	7.500025e-03	0.000000e+00	0.000000e+00	0.000000e+00	
2130	7.500025e-03	0.000000e+00	0.000000e+00	0.000000e+00	
2131	7.500025e-03	0.000000e+00	0.000000e+00	0.000000e+00	
2132	7.500025e-03	0.000000e+00	0.000000e+00	0.000000e+00	
2133	7.500025e-03	0.000000e+00	0.000000e+00	0.000000e+00	
2134	7.500026e-03	0.000000e+00	0.000000e+00	0.000000e+00	
2135	7.500026e-03	0.000000e+00	0.000000e+00	0.000000e+00	
2136	7.500027e-03	0.000000e+00	0.000000e+00	0.000000e+00	
2137	7.500029e-03	0.000000e+00	0.000000e+00	0.000000e+00	
2138	7.500033e-03	0.000000e+00	0.000000e+00	0.000000e+00	
2139	7.500041e-03	0.000000e+00	0.000000e+00	0.000000e+00	
2140	7.500058e-03	0.000000e+00	0.000000e+00	0.000000e+00	
2141	7.500091e-03	0.000000e+00	0.000000e+00	0.000000e+00	
2142	7.500156e-03	0.000000e+00	0.000000e+00	0.000000e+00	

Index   time            a2              a3              b0              
--------------------------------------------------------------------------------
2143	7.500287e-03	0.000000e+00	0.000000e+00	0.000000e+00	
2144	7.500549e-03	0.000000e+00	0.000000e+00	0.000000e+00	
2145	7.501074e-03	0.000000e+00	0.000000e+00	0.000000e+00	
2146	7.502122e-03	0.000000e+00	0.000000e+00	0.000000e+00	
2147	7.504219e-03	0.000000e+00	0.000000e+00	0.000000e+00	
2148	7.508414e-03	0.000000e+00	0.000000e+00	0.000000e+00	
2149	7.516802e-03	0.000000e+00	0.000000e+00	0.000000e+00	
2150	7.533580e-03	0.000000e+00	0.000000e+00	0.000000e+00	
2151	7.567134e-03	0.000000e+00	0.000000e+00	0.000000e+00	
2152	7.634243e-03	0.000000e+00	0.000000e+00	0.000000e+00	
2153	7.768461e-03	0.000000e+00	0.000000e+00	0.000000e+00	
2154	7.928461e-03	0.000000e+00	0.000000e+00	0.000000e+00	
2155	8.000000e-03	0.000000e+00	0.000000e+00	0.000000e+00	

                                kicad schematic
                                Transient Analysis  Tue Sep 16 20:45:52  2025
--------------------------------------------------------------------------------
Index   time            b1              b2              b3              
--------------------------------------------------------------------------------
0	0.000000e+00	0.000000e+00	0.000000e+00	0.000000e+00	
1	1.000000e-10	5.000000e-02	5.000000e-02	5.000000e-02	
2	2.000000e-10	1.000000e-01	1.000000e-01	1.000000e-01	
3	4.000000e-10	2.000000e-01	2.000000e-01	2.000000e-01	
4	8.000000e-10	4.000000e-01	4.000000e-01	4.000000e-01	
5	1.600000e-09	8.000000e-01	8.000000e-01	8.000000e-01	
6	3.200000e-09	1.600000e+00	1.600000e+00	1.600000e+00	
7	5.200000e-09	2.600000e+00	2.600000e+00	2.600000e+00	
8	5.210000e-09	2.605000e+00	2.605000e+00	2.605000e+00	
9	5.230000e-09	2.615000e+00	2.615000e+00	2.615000e+00	
10	5.270000e-09	2.635000e+00	2.635000e+00	2.635000e+00	
11	5.300000e-09	2.650000e+00	2.650000e+00	2.650000e+00	
12	5.308000e-09	2.654000e+00	2.654000e+00	2.654000e+00	
13	5.324000e-09	2.662000e+00	2.662000e+00	2.662000e+00	
14	5.356000e-09	2.678000e+00	2.678000e+00	2.678000e+00	
15	5.420000e-09	2.710000e+00	2.710000e+00	2.710000e+00	
16	5.548000e-09	2.774000e+00	2.774000e+00	2.774000e+00	
17	5.804000e-09	2.902000e+00	2.902000e+00	2.902000e+00	
18	6.200000e-09	3.100000e+00	3.100000e+00	3.100000e+00	
19	6.210000e-09	3.105000e+00	3.105000e+00	3.105000e+00	
20	6.230000e-09	3.115000e+00	3.115000e+00	3.115000e+00	
21	6.270000e-09	3.135000e+00	3.135000e+00	3.135000e+00	
22	6.300000e-09	3.150000e+00	3.150000e+00	3.150000e+00	
23	6.308000e-09	3.154000e+00	3.154000e+00	3.154000e+00	
24	6.324000e-09	3.162000e+00	3.162000e+00	3.162000e+00	
25	6.356000e-09	3.178000e+00	3.178000e+00	3.178000e+00	
26	6.420000e-09	3.210000e+00	3.210000e+00	3.210000e+00	
27	6.548000e-09	3.274000e+00	3.274000e+00	3.274000e+00	
28	6.804000e-09	3.402000e+00	3.402000e+00	3.402000e+00	
29	7.316000e-09	3.658000e+00	3.658000e+00	3.658000e+00	
30	8.200000e-09	4.100000e+00	4.100000e+00	4.100000e+00	
31	8.210000e-09	4.105000e+00	4.105000e+00	4.105000e+00	
32	8.230000e-09	4.115000e+00	4.115000e+00	4.115000e+00	
33	8.270000e-09	4.135000e+00	4.135000e+00	4.135000e+00	
34	8.300000e-09	4.150000e+00	4.150000e+00	4.150000e+00	
35	8.308000e-09	4.154000e+00	4.154000e+00	4.154000e+00	
36	8.324000e-09	4.162000e+00	4.162000e+00	4.162000e+00	
37	8.356000e-09	4.178000e+00	4.178000e+00	4.178000e+00	
38	8.420000e-09	4.210000e+00	4.210000e+00	4.210000e+00	
39	8.548000e-09	4.274000e+00	4.274000e+00	4.274000e+00	
40	8.804000e-09	4.402000e+00	4.402000e+00	4.402000e+00	
41	9.200000e-09	4.600000e+00	4.600000e+00	4.600000e+00	
42	9.210000e-09	4.605000e+00	4.605000e+00	4.605000e+00	
43	9.230000e-09	4.615000e+00	4.615000e+00	4.615000e+00	
44	9.270000e-09	4.635000e+00	4.635000e+00	4.635000e+00	
45	9.300000e-09	4.650000e+00	4.650000e+00	4.650000e+00	
46	9.308000e-09	4.654000e+00	4.654000e+00	4.654000e+00	
47	9.324000e-09	4.662000e+00	4.662000e+00	4.662000e+00	
48	9.356000e-09	4.678000e+00	4.678000e+00	4.678000e+00	
49	9.420000e-09	4.710000e+00	4.710000e+00	4.710000e+00	
50	9.548000e-09	4.774000e+00	4.774000e+00	4.774000e+00	
51	9.804000e-09	4.902000e+00	4.902000e+00	4.902000e+00	
52	1.000000e-08	5.000000e+00	5.000000e+00	5.000000e+00	
53	1.005120e-08	5.000000e+00	5.000000e+00	5.000000e+00	
54	1.015360e-08	5.000000e+00	5.000000e+00	5.000000e+00	

Index   time            b1              b2              b3              
--------------------------------------------------------------------------------
55	1.035840e-08	5.000000e+00	5.000000e+00	5.000000e+00	
56	1.076800e-08	5.000000e+00	5.000000e+00	5.000000e+00	
57	1.120000e-08	5.000000e+00	5.000000e+00	5.000000e+00	
58	1.121000e-08	5.000000e+00	5.000000e+00	5.000000e+00	
59	1.123000e-08	5.000000e+00	5.000000e+00	5.000000e+00	
60	1.127000e-08	5.000000e+00	5.000000e+00	5.000000e+00	
61	1.130000e-08	5.000000e+00	5.000000e+00	5.000000e+00	
62	1.130800e-08	5.000000e+00	5.000000e+00	5.000000e+00	
63	1.132400e-08	5.000000e+00	5.000000e+00	5.000000e+00	
64	1.135600e-08	5.000000e+00	5.000000e+00	5.000000e+00	
65	1.142000e-08	5.000000e+00	5.000000e+00	5.000000e+00	
66	1.154800e-08	5.000000e+00	5.000000e+00	5.000000e+00	
67	1.180400e-08	5.000000e+00	5.000000e+00	5.000000e+00	
68	1.231600e-08	5.000000e+00	5.000000e+00	5.000000e+00	
69	1.320000e-08	5.000000e+00	5.000000e+00	5.000000e+00	
70	1.321000e-08	5.000000e+00	5.000000e+00	5.000000e+00	
71	1.323000e-08	5.000000e+00	5.000000e+00	5.000000e+00	
72	1.327000e-08	5.000000e+00	5.000000e+00	5.000000e+00	
73	1.330000e-08	5.000000e+00	5.000000e+00	5.000000e+00	
74	1.330800e-08	5.000000e+00	5.000000e+00	5.000000e+00	
75	1.332400e-08	5.000000e+00	5.000000e+00	5.000000e+00	
76	1.335600e-08	5.000000e+00	5.000000e+00	5.000000e+00	
77	1.342000e-08	5.000000e+00	5.000000e+00	5.000000e+00	
78	1.354800e-08	5.000000e+00	5.000000e+00	5.000000e+00	
79	1.380400e-08	5.000000e+00	5.000000e+00	5.000000e+00	
80	1.431600e-08	5.000000e+00	5.000000e+00	5.000000e+00	
81	1.520000e-08	5.000000e+00	5.000000e+00	5.000000e+00	
82	1.521000e-08	5.000000e+00	5.000000e+00	5.000000e+00	
83	1.523000e-08	5.000000e+00	5.000000e+00	5.000000e+00	
84	1.527000e-08	5.000000e+00	5.000000e+00	5.000000e+00	
85	1.530000e-08	5.000000e+00	5.000000e+00	5.000000e+00	
86	1.530800e-08	5.000000e+00	5.000000e+00	5.000000e+00	
87	1.532400e-08	5.000000e+00	5.000000e+00	5.000000e+00	
88	1.535600e-08	5.000000e+00	5.000000e+00	5.000000e+00	
89	1.542000e-08	5.000000e+00	5.000000e+00	5.000000e+00	
90	1.554800e-08	5.000000e+00	5.000000e+00	5.000000e+00	
91	1.580400e-08	5.000000e+00	5.000000e+00	5.000000e+00	
92	1.631600e-08	5.000000e+00	5.000000e+00	5.000000e+00	
93	1.720000e-08	5.000000e+00	5.000000e+00	5.000000e+00	
94	1.721000e-08	5.000000e+00	5.000000e+00	5.000000e+00	
95	1.723000e-08	5.000000e+00	5.000000e+00	5.000000e+00	
96	1.727000e-08	5.000000e+00	5.000000e+00	5.000000e+00	
97	1.730000e-08	5.000000e+00	5.000000e+00	5.000000e+00	
98	1.730800e-08	5.000000e+00	5.000000e+00	5.000000e+00	
99	1.732400e-08	5.000000e+00	5.000000e+00	5.000000e+00	
100	1.735600e-08	5.000000e+00	5.000000e+00	5.000000e+00	
101	1.742000e-08	5.000000e+00	5.000000e+00	5.000000e+00	
102	1.754800e-08	5.000000e+00	5.000000e+00	5.000000e+00	
103	1.780400e-08	5.000000e+00	5.000000e+00	5.000000e+00	
104	1.831600e-08	5.000000e+00	5.000000e+00	5.000000e+00	
105	1.934000e-08	5.000000e+00	5.000000e+00	5.000000e+00	
106	2.138800e-08	5.000000e+00	5.000000e+00	5.000000e+00	
107	2.548400e-08	5.000000e+00	5.000000e+00	5.000000e+00	
108	3.367600e-08	5.000000e+00	5.000000e+00	5.000000e+00	
109	5.006000e-08	5.000000e+00	5.000000e+00	5.000000e+00	
110	8.282800e-08	5.000000e+00	5.000000e+00	5.000000e+00	
111	1.483640e-07	5.000000e+00	5.000000e+00	5.000000e+00	
112	2.794360e-07	5.000000e+00	5.000000e+00	5.000000e+00	

Index   time            b1              b2              b3              
--------------------------------------------------------------------------------
113	5.415800e-07	5.000000e+00	5.000000e+00	5.000000e+00	
114	1.065868e-06	5.000000e+00	5.000000e+00	5.000000e+00	
115	2.114444e-06	5.000000e+00	5.000000e+00	5.000000e+00	
116	4.211596e-06	5.000000e+00	5.000000e+00	5.000000e+00	
117	8.405900e-06	5.000000e+00	5.000000e+00	5.000000e+00	
118	1.679451e-05	5.000000e+00	5.000000e+00	5.000000e+00	
119	3.357172e-05	5.000000e+00	5.000000e+00	5.000000e+00	
120	6.712616e-05	5.000000e+00	5.000000e+00	5.000000e+00	
121	1.342350e-04	5.000000e+00	5.000000e+00	5.000000e+00	
122	2.684527e-04	5.000000e+00	5.000000e+00	5.000000e+00	
123	4.284527e-04	5.000000e+00	5.000000e+00	5.000000e+00	
124	5.000100e-04	5.000000e+00	5.000000e+00	5.000000e+00	
125	5.000110e-04	5.000000e+00	5.000000e+00	5.000000e+00	
126	5.000130e-04	5.000000e+00	5.000000e+00	5.000000e+00	
127	5.000170e-04	5.000000e+00	5.000000e+00	5.000000e+00	
128	5.000190e-04	5.000000e+00	5.000000e+00	5.000000e+00	
129	5.000190e-04	5.000000e+00	5.000000e+00	5.000000e+00	
130	5.000190e-04	5.000000e+00	5.000000e+00	5.000000e+00	
131	5.000191e-04	5.000000e+00	5.000000e+00	5.000000e+00	
132	5.000191e-04	5.000000e+00	5.000000e+00	5.000000e+00	
133	5.000191e-04	5.000000e+00	5.000000e+00	5.000000e+00	
134	5.000191e-04	5.000000e+00	5.000000e+00	5.000000e+00	
135	5.000192e-04	5.000000e+00	5.000000e+00	5.000000e+00	
136	5.000192e-04	5.000000e+00	5.000000e+00	5.000000e+00	
137	5.000193e-04	5.000000e+00	5.000000e+00	5.000000e+00	
138	5.000196e-04	5.000000e+00	5.000000e+00	5.000000e+00	
139	5.000200e-04	5.000000e+00	5.000000e+00	5.000000e+00	
140	5.000201e-04	5.000000e+00	5.000000e+00	5.000000e+00	
141	5.000202e-04	5.000000e+00	5.000000e+00	5.000000e+00	
142	5.000204e-04	5.000000e+00	5.000000e+00	5.000000e+00	
143	5.000208e-04	5.000000e+00	5.000000e+00	5.000000e+00	
144	5.000210e-04	5.000000e+00	5.000000e+00	5.000000e+00	
145	5.000210e-04	5.000000e+00	5.000000e+00	5.000000e+00	
146	5.000210e-04	5.000000e+00	5.000000e+00	5.000000e+00	
147	5.000211e-04	5.000000e+00	5.000000e+00	5.000000e+00	
148	5.000211e-04	5.000000e+00	5.000000e+00	5.000000e+00	
149	5.000211e-04	5.000000e+00	5.000000e+00	5.000000e+00	
150	5.000211e-04	5.000000e+00	5.000000e+00	5.000000e+00	
151	5.000212e-04	5.000000e+00	5.000000e+00	5.000000e+00	
152	5.000212e-04	5.000000e+00	5.000000e+00	5.000000e+00	
153	5.000213e-04	5.000000e+00	5.000000e+00	5.000000e+00	
154	5.000216e-04	5.000000e+00	5.000000e+00	5.000000e+00	
155	5.000221e-04	5.000000e+00	5.000000e+00	5.000000e+00	
156	5.000230e-04	5.000000e+00	5.000000e+00	5.000000e+00	
157	5.000230e-04	5.000000e+00	5.000000e+00	5.000000e+00	
158	5.000230e-04	5.000000e+00	5.000000e+00	5.000000e+00	
159	5.000231e-04	5.000000e+00	5.000000e+00	5.000000e+00	
160	5.000231e-04	5.000000e+00	5.000000e+00	5.000000e+00	
161	5.000231e-04	5.000000e+00	5.000000e+00	5.000000e+00	
162	5.000231e-04	5.000000e+00	5.000000e+00	5.000000e+00	
163	5.000232e-04	5.000000e+00	5.000000e+00	5.000000e+00	
164	5.000232e-04	5.000000e+00	5.000000e+00	5.000000e+00	
165	5.000233e-04	5.000000e+00	5.000000e+00	5.000000e+00	
166	5.000236e-04	5.000000e+00	5.000000e+00	5.000000e+00	
167	5.000240e-04	5.000000e+00	5.000000e+00	5.000000e+00	
168	5.000240e-04	5.000000e+00	5.000000e+00	5.000000e+00	
169	5.000240e-04	5.000000e+00	5.000000e+00	5.000000e+00	
170	5.000241e-04	5.000000e+00	5.000000e+00	5.000000e+00	

Index   time            b1              b2              b3              
--------------------------------------------------------------------------------
171	5.000241e-04	5.000000e+00	5.000000e+00	5.000000e+00	
172	5.000241e-04	5.000000e+00	5.000000e+00	5.000000e+00	
173	5.000241e-04	5.000000e+00	5.000000e+00	5.000000e+00	
174	5.000242e-04	5.000000e+00	5.000000e+00	5.000000e+00	
175	5.000242e-04	5.000000e+00	5.000000e+00	5.000000e+00	
176	5.000243e-04	5.000000e+00	5.000000e+00	5.000000e+00	
177	5.000246e-04	5.000000e+00	5.000000e+00	5.000000e+00	
178	5.000249e-04	5.000000e+00	5.000000e+00	5.000000e+00	
179	5.000250e-04	5.000000e+00	5.000000e+00	5.000000e+00	
180	5.000251e-04	5.000000e+00	5.000000e+00	5.000000e+00	
181	5.000253e-04	5.000000e+00	5.000000e+00	5.000000e+00	
182	5.000257e-04	5.000000e+00	5.000000e+00	5.000000e+00	
183	5.000265e-04	5.000000e+00	5.000000e+00	5.000000e+00	
184	5.000281e-04	5.000000e+00	5.000000e+00	5.000000e+00	
185	5.000314e-04	5.000000e+00	5.000000e+00	5.000000e+00	
186	5.000380e-04	5.000000e+00	5.000000e+00	5.000000e+00	
187	5.000511e-04	5.000000e+00	5.000000e+00	5.000000e+00	
188	5.000773e-04	5.000000e+00	5.000000e+00	5.000000e+00	
189	5.001297e-04	5.000000e+00	5.000000e+00	5.000000e+00	
190	5.002346e-04	5.000000e+00	5.000000e+00	5.000000e+00	
191	5.004443e-04	5.000000e+00	5.000000e+00	5.000000e+00	
192	5.008637e-04	5.000000e+00	5.000000e+00	5.000000e+00	
193	5.017026e-04	5.000000e+00	5.000000e+00	5.000000e+00	
194	5.033803e-04	5.000000e+00	5.000000e+00	5.000000e+00	
195	5.067357e-04	5.000000e+00	5.000000e+00	5.000000e+00	
196	5.134466e-04	5.000000e+00	5.000000e+00	5.000000e+00	
197	5.268684e-04	5.000000e+00	5.000000e+00	5.000000e+00	
198	5.537119e-04	5.000000e+00	5.000000e+00	5.000000e+00	
199	6.073990e-04	5.000000e+00	5.000000e+00	5.000000e+00	
200	7.147732e-04	5.000000e+00	5.000000e+00	5.000000e+00	
201	8.747732e-04	5.000000e+00	5.000000e+00	5.000000e+00	
202	1.000000e-03	5.000000e+00	5.000000e+00	5.000000e+00	
203	1.000001e-03	5.000000e+00	5.000000e+00	5.000000e+00	
204	1.000003e-03	5.000000e+00	5.000000e+00	5.000000e+00	
205	1.000005e-03	5.000000e+00	5.000000e+00	5.000000e+00	
206	1.000005e-03	5.000000e+00	5.000000e+00	5.000000e+00	
207	1.000005e-03	5.000000e+00	5.000000e+00	5.000000e+00	
208	1.000005e-03	5.000000e+00	5.000000e+00	5.000000e+00	
209	1.000005e-03	5.000000e+00	5.000000e+00	5.000000e+00	
210	1.000005e-03	5.000000e+00	5.000000e+00	5.000000e+00	
211	1.000005e-03	5.000000e+00	5.000000e+00	5.000000e+00	
212	1.000005e-03	5.000000e+00	5.000000e+00	5.000000e+00	
213	1.000005e-03	5.000000e+00	5.000000e+00	5.000000e+00	
214	1.000005e-03	5.000000e+00	5.000000e+00	5.000000e+00	
215	1.000006e-03	5.000000e+00	5.000000e+00	5.000000e+00	
216	1.000006e-03	5.000000e+00	5.000000e+00	5.000000e+00	
217	1.000007e-03	5.000000e+00	5.000000e+00	5.000000e+00	
218	1.000007e-03	5.000000e+00	5.000000e+00	5.000000e+00	
219	1.000007e-03	5.000000e+00	5.000000e+00	5.000000e+00	
220	1.000007e-03	5.000000e+00	5.000000e+00	5.000000e+00	
221	1.000007e-03	5.000000e+00	5.000000e+00	5.000000e+00	
222	1.000007e-03	5.000000e+00	5.000000e+00	5.000000e+00	
223	1.000007e-03	5.000000e+00	5.000000e+00	5.000000e+00	
224	1.000007e-03	5.000000e+00	5.000000e+00	5.000000e+00	
225	1.000007e-03	5.000000e+00	5.000000e+00	5.000000e+00	
226	1.000007e-03	5.000000e+00	5.000000e+00	5.000000e+00	
227	1.000008e-03	5.000000e+00	5.000000e+00	5.000000e+00	
228	1.000008e-03	5.000000e+00	5.000000e+00	5.000000e+00	

Index   time            b1              b2              b3              
--------------------------------------------------------------------------------
229	1.000008e-03	5.000000e+00	5.000000e+00	5.000000e+00	
230	1.000008e-03	5.000000e+00	5.000000e+00	5.000000e+00	
231	1.000008e-03	5.000000e+00	5.000000e+00	5.000000e+00	
232	1.000008e-03	5.000000e+00	5.000000e+00	5.000000e+00	
233	1.000008e-03	5.000000e+00	5.000000e+00	5.000000e+00	
234	1.000008e-03	5.000000e+00	5.000000e+00	5.000000e+00	
235	1.000008e-03	5.000000e+00	5.000000e+00	5.000000e+00	
236	1.000008e-03	5.000000e+00	5.000000e+00	5.000000e+00	
237	1.000008e-03	5.000000e+00	5.000000e+00	5.000000e+00	
238	1.000008e-03	5.000000e+00	5.000000e+00	5.000000e+00	
239	1.000008e-03	5.000000e+00	5.000000e+00	5.000000e+00	
240	1.000009e-03	5.000000e+00	5.000000e+00	5.000000e+00	
241	1.000009e-03	5.000000e+00	5.000000e+00	5.000000e+00	
242	1.000009e-03	5.000000e+00	5.000000e+00	5.000000e+00	
243	1.000009e-03	5.000000e+00	5.000000e+00	5.000000e+00	
244	1.000009e-03	5.000000e+00	5.000000e+00	5.000000e+00	
245	1.000009e-03	5.000000e+00	5.000000e+00	5.000000e+00	
246	1.000009e-03	5.000000e+00	5.000000e+00	5.000000e+00	
247	1.000009e-03	5.000000e+00	5.000000e+00	5.000000e+00	
248	1.000009e-03	5.000000e+00	5.000000e+00	5.000000e+00	
249	1.000009e-03	5.000000e+00	5.000000e+00	5.000000e+00	
250	1.000009e-03	5.000000e+00	5.000000e+00	5.000000e+00	
251	1.000010e-03	5.000000e+00	5.000000e+00	5.000000e+00	
252	1.000010e-03	5.000000e+00	5.000000e+00	5.000000e+00	
253	1.000010e-03	4.974400e+00	5.000000e+00	5.000000e+00	
254	1.000010e-03	4.923200e+00	5.000000e+00	5.000000e+00	
255	1.000010e-03	4.820800e+00	5.000000e+00	5.000000e+00	
256	1.000011e-03	4.616000e+00	5.000000e+00	5.000000e+00	
257	1.000011e-03	4.500000e+00	5.000000e+00	5.000000e+00	
258	1.000011e-03	4.495000e+00	5.000000e+00	5.000000e+00	
259	1.000011e-03	4.485000e+00	5.000000e+00	5.000000e+00	
260	1.000011e-03	4.465000e+00	5.000000e+00	5.000000e+00	
261	1.000011e-03	4.450000e+00	5.000000e+00	5.000000e+00	
262	1.000011e-03	4.446000e+00	5.000000e+00	5.000000e+00	
263	1.000011e-03	4.438000e+00	5.000000e+00	5.000000e+00	
264	1.000011e-03	4.422000e+00	5.000000e+00	5.000000e+00	
265	1.000011e-03	4.390000e+00	5.000000e+00	5.000000e+00	
266	1.000011e-03	4.326000e+00	5.000000e+00	5.000000e+00	
267	1.000012e-03	4.198000e+00	5.000000e+00	5.000000e+00	
268	1.000012e-03	3.942000e+00	5.000000e+00	5.000000e+00	
269	1.000013e-03	3.500000e+00	5.000000e+00	5.000000e+00	
270	1.000013e-03	3.495000e+00	5.000000e+00	5.000000e+00	
271	1.000013e-03	3.485000e+00	5.000000e+00	5.000000e+00	
272	1.000013e-03	3.465000e+00	5.000000e+00	5.000000e+00	
273	1.000013e-03	3.450000e+00	5.000000e+00	5.000000e+00	
274	1.000013e-03	3.446000e+00	5.000000e+00	5.000000e+00	
275	1.000013e-03	3.438000e+00	5.000000e+00	5.000000e+00	
276	1.000013e-03	3.422000e+00	5.000000e+00	5.000000e+00	
277	1.000013e-03	3.390000e+00	5.000000e+00	5.000000e+00	
278	1.000013e-03	3.326000e+00	5.000000e+00	5.000000e+00	
279	1.000014e-03	3.198000e+00	5.000000e+00	5.000000e+00	
280	1.000014e-03	2.942000e+00	5.000000e+00	5.000000e+00	
281	1.000015e-03	2.500000e+00	5.000000e+00	5.000000e+00	
282	1.000015e-03	2.495000e+00	5.000000e+00	5.000000e+00	
283	1.000015e-03	2.485000e+00	5.000000e+00	5.000000e+00	
284	1.000015e-03	2.465000e+00	5.000000e+00	5.000000e+00	
285	1.000015e-03	2.450000e+00	5.000000e+00	5.000000e+00	
286	1.000015e-03	2.446000e+00	5.000000e+00	5.000000e+00	

Index   time            b1              b2              b3              
--------------------------------------------------------------------------------
287	1.000015e-03	2.438000e+00	5.000000e+00	5.000000e+00	
288	1.000015e-03	2.422000e+00	5.000000e+00	5.000000e+00	
289	1.000015e-03	2.390000e+00	5.000000e+00	5.000000e+00	
290	1.000015e-03	2.326000e+00	5.000000e+00	5.000000e+00	
291	1.000016e-03	2.198000e+00	5.000000e+00	5.000000e+00	
292	1.000016e-03	1.942000e+00	5.000000e+00	5.000000e+00	
293	1.000017e-03	1.500000e+00	5.000000e+00	5.000000e+00	
294	1.000017e-03	1.495000e+00	5.000000e+00	5.000000e+00	
295	1.000017e-03	1.485000e+00	5.000000e+00	5.000000e+00	
296	1.000017e-03	1.465000e+00	5.000000e+00	5.000000e+00	
297	1.000017e-03	1.450000e+00	5.000000e+00	5.000000e+00	
298	1.000017e-03	1.446000e+00	5.000000e+00	5.000000e+00	
299	1.000017e-03	1.438000e+00	5.000000e+00	5.000000e+00	
300	1.000017e-03	1.422000e+00	5.000000e+00	5.000000e+00	
301	1.000017e-03	1.390000e+00	5.000000e+00	5.000000e+00	
302	1.000017e-03	1.326000e+00	5.000000e+00	5.000000e+00	
303	1.000018e-03	1.198000e+00	5.000000e+00	5.000000e+00	
304	1.000018e-03	9.420000e-01	5.000000e+00	5.000000e+00	
305	1.000019e-03	4.420000e-01	5.000000e+00	5.000000e+00	
306	1.000019e-03	4.370000e-01	5.000000e+00	5.000000e+00	
307	1.000019e-03	4.270000e-01	5.000000e+00	5.000000e+00	
308	1.000019e-03	4.070000e-01	5.000000e+00	5.000000e+00	
309	1.000019e-03	3.920000e-01	5.000000e+00	5.000000e+00	
310	1.000019e-03	3.880000e-01	5.000000e+00	5.000000e+00	
311	1.000019e-03	3.800000e-01	5.000000e+00	5.000000e+00	
312	1.000019e-03	3.640000e-01	5.000000e+00	5.000000e+00	
313	1.000019e-03	3.320000e-01	5.000000e+00	5.000000e+00	
314	1.000019e-03	2.680000e-01	5.000000e+00	5.000000e+00	
315	1.000020e-03	1.400000e-01	5.000000e+00	5.000000e+00	
316	1.000020e-03	0.000000e+00	5.000000e+00	5.000000e+00	
317	1.000020e-03	0.000000e+00	5.000000e+00	5.000000e+00	
318	1.000020e-03	0.000000e+00	5.000000e+00	5.000000e+00	
319	1.000020e-03	0.000000e+00	5.000000e+00	5.000000e+00	
320	1.000021e-03	0.000000e+00	5.000000e+00	5.000000e+00	
321	1.000021e-03	0.000000e+00	5.000000e+00	5.000000e+00	
322	1.000021e-03	0.000000e+00	5.000000e+00	5.000000e+00	
323	1.000021e-03	0.000000e+00	5.000000e+00	5.000000e+00	
324	1.000021e-03	0.000000e+00	5.000000e+00	5.000000e+00	
325	1.000021e-03	0.000000e+00	5.000000e+00	5.000000e+00	
326	1.000021e-03	0.000000e+00	5.000000e+00	5.000000e+00	
327	1.000021e-03	0.000000e+00	5.000000e+00	5.000000e+00	
328	1.000021e-03	0.000000e+00	5.000000e+00	5.000000e+00	
329	1.000021e-03	0.000000e+00	5.000000e+00	5.000000e+00	
330	1.000021e-03	0.000000e+00	5.000000e+00	5.000000e+00	
331	1.000022e-03	0.000000e+00	5.000000e+00	5.000000e+00	
332	1.000022e-03	0.000000e+00	5.000000e+00	5.000000e+00	
333	1.000022e-03	0.000000e+00	5.000000e+00	5.000000e+00	
334	1.000022e-03	0.000000e+00	5.000000e+00	5.000000e+00	
335	1.000022e-03	0.000000e+00	5.000000e+00	5.000000e+00	
336	1.000022e-03	0.000000e+00	5.000000e+00	5.000000e+00	
337	1.000022e-03	0.000000e+00	5.000000e+00	5.000000e+00	
338	1.000022e-03	0.000000e+00	5.000000e+00	5.000000e+00	
339	1.000022e-03	0.000000e+00	5.000000e+00	5.000000e+00	
340	1.000022e-03	0.000000e+00	5.000000e+00	5.000000e+00	
341	1.000022e-03	0.000000e+00	5.000000e+00	5.000000e+00	
342	1.000023e-03	0.000000e+00	5.000000e+00	5.000000e+00	
343	1.000023e-03	0.000000e+00	5.000000e+00	5.000000e+00	
344	1.000023e-03	0.000000e+00	5.000000e+00	5.000000e+00	

Index   time            b1              b2              b3              
--------------------------------------------------------------------------------
345	1.000023e-03	0.000000e+00	5.000000e+00	5.000000e+00	
346	1.000023e-03	0.000000e+00	5.000000e+00	5.000000e+00	
347	1.000023e-03	0.000000e+00	5.000000e+00	5.000000e+00	
348	1.000023e-03	0.000000e+00	5.000000e+00	5.000000e+00	
349	1.000023e-03	0.000000e+00	5.000000e+00	5.000000e+00	
350	1.000023e-03	0.000000e+00	5.000000e+00	5.000000e+00	
351	1.000023e-03	0.000000e+00	5.000000e+00	5.000000e+00	
352	1.000023e-03	0.000000e+00	5.000000e+00	5.000000e+00	
353	1.000024e-03	0.000000e+00	5.000000e+00	5.000000e+00	
354	1.000024e-03	0.000000e+00	5.000000e+00	5.000000e+00	
355	1.000024e-03	0.000000e+00	5.000000e+00	5.000000e+00	
356	1.000024e-03	0.000000e+00	5.000000e+00	5.000000e+00	
357	1.000024e-03	0.000000e+00	5.000000e+00	5.000000e+00	
358	1.000024e-03	0.000000e+00	5.000000e+00	5.000000e+00	
359	1.000024e-03	0.000000e+00	5.000000e+00	5.000000e+00	
360	1.000024e-03	0.000000e+00	5.000000e+00	5.000000e+00	
361	1.000024e-03	0.000000e+00	5.000000e+00	5.000000e+00	
362	1.000024e-03	0.000000e+00	5.000000e+00	5.000000e+00	
363	1.000024e-03	0.000000e+00	5.000000e+00	5.000000e+00	
364	1.000025e-03	0.000000e+00	5.000000e+00	5.000000e+00	
365	1.000025e-03	0.000000e+00	5.000000e+00	5.000000e+00	
366	1.000026e-03	0.000000e+00	5.000000e+00	5.000000e+00	
367	1.000026e-03	0.000000e+00	5.000000e+00	5.000000e+00	
368	1.000026e-03	0.000000e+00	5.000000e+00	5.000000e+00	
369	1.000026e-03	0.000000e+00	5.000000e+00	5.000000e+00	
370	1.000026e-03	0.000000e+00	5.000000e+00	5.000000e+00	
371	1.000026e-03	0.000000e+00	5.000000e+00	5.000000e+00	
372	1.000026e-03	0.000000e+00	5.000000e+00	5.000000e+00	
373	1.000026e-03	0.000000e+00	5.000000e+00	5.000000e+00	
374	1.000026e-03	0.000000e+00	5.000000e+00	5.000000e+00	
375	1.000026e-03	0.000000e+00	5.000000e+00	5.000000e+00	
376	1.000027e-03	0.000000e+00	5.000000e+00	5.000000e+00	
377	1.000027e-03	0.000000e+00	5.000000e+00	5.000000e+00	
378	1.000028e-03	0.000000e+00	5.000000e+00	5.000000e+00	
379	1.000028e-03	0.000000e+00	5.000000e+00	5.000000e+00	
380	1.000028e-03	0.000000e+00	5.000000e+00	5.000000e+00	
381	1.000028e-03	0.000000e+00	5.000000e+00	5.000000e+00	
382	1.000028e-03	0.000000e+00	5.000000e+00	5.000000e+00	
383	1.000028e-03	0.000000e+00	5.000000e+00	5.000000e+00	
384	1.000028e-03	0.000000e+00	5.000000e+00	5.000000e+00	
385	1.000028e-03	0.000000e+00	5.000000e+00	5.000000e+00	
386	1.000028e-03	0.000000e+00	5.000000e+00	5.000000e+00	
387	1.000028e-03	0.000000e+00	5.000000e+00	5.000000e+00	
388	1.000029e-03	0.000000e+00	5.000000e+00	5.000000e+00	
389	1.000029e-03	0.000000e+00	5.000000e+00	5.000000e+00	
390	1.000030e-03	0.000000e+00	5.000000e+00	5.000000e+00	
391	1.000032e-03	0.000000e+00	5.000000e+00	5.000000e+00	
392	1.000036e-03	0.000000e+00	5.000000e+00	5.000000e+00	
393	1.000045e-03	0.000000e+00	5.000000e+00	5.000000e+00	
394	1.000061e-03	0.000000e+00	5.000000e+00	5.000000e+00	
395	1.000094e-03	0.000000e+00	5.000000e+00	5.000000e+00	
396	1.000159e-03	0.000000e+00	5.000000e+00	5.000000e+00	
397	1.000290e-03	0.000000e+00	5.000000e+00	5.000000e+00	
398	1.000552e-03	0.000000e+00	5.000000e+00	5.000000e+00	
399	1.001077e-03	0.000000e+00	5.000000e+00	5.000000e+00	
400	1.002125e-03	0.000000e+00	5.000000e+00	5.000000e+00	
401	1.004223e-03	0.000000e+00	5.000000e+00	5.000000e+00	
402	1.008417e-03	0.000000e+00	5.000000e+00	5.000000e+00	

Index   time            b1              b2              b3              
--------------------------------------------------------------------------------
403	1.016805e-03	0.000000e+00	5.000000e+00	5.000000e+00	
404	1.033583e-03	0.000000e+00	5.000000e+00	5.000000e+00	
405	1.067137e-03	0.000000e+00	5.000000e+00	5.000000e+00	
406	1.134246e-03	0.000000e+00	5.000000e+00	5.000000e+00	
407	1.268464e-03	0.000000e+00	5.000000e+00	5.000000e+00	
408	1.428464e-03	0.000000e+00	5.000000e+00	5.000000e+00	
409	1.500010e-03	0.000000e+00	5.000000e+00	5.000000e+00	
410	1.500011e-03	0.000000e+00	5.000000e+00	5.000000e+00	
411	1.500013e-03	0.000000e+00	5.000000e+00	5.000000e+00	
412	1.500017e-03	0.000000e+00	5.000000e+00	5.000000e+00	
413	1.500019e-03	0.000000e+00	5.000000e+00	5.000000e+00	
414	1.500019e-03	0.000000e+00	5.000000e+00	5.000000e+00	
415	1.500019e-03	0.000000e+00	5.000000e+00	5.000000e+00	
416	1.500019e-03	0.000000e+00	5.000000e+00	5.000000e+00	
417	1.500019e-03	0.000000e+00	5.000000e+00	5.000000e+00	
418	1.500019e-03	0.000000e+00	5.000000e+00	5.000000e+00	
419	1.500019e-03	0.000000e+00	5.000000e+00	5.000000e+00	
420	1.500019e-03	0.000000e+00	5.000000e+00	5.000000e+00	
421	1.500019e-03	0.000000e+00	5.000000e+00	5.000000e+00	
422	1.500019e-03	0.000000e+00	5.000000e+00	5.000000e+00	
423	1.500020e-03	0.000000e+00	5.000000e+00	5.000000e+00	
424	1.500020e-03	0.000000e+00	5.000000e+00	5.000000e+00	
425	1.500020e-03	0.000000e+00	5.000000e+00	5.000000e+00	
426	1.500020e-03	0.000000e+00	5.000000e+00	5.000000e+00	
427	1.500020e-03	0.000000e+00	5.000000e+00	5.000000e+00	
428	1.500021e-03	0.000000e+00	5.000000e+00	5.000000e+00	
429	1.500021e-03	0.000000e+00	5.000000e+00	5.000000e+00	
430	1.500021e-03	0.000000e+00	5.000000e+00	5.000000e+00	
431	1.500021e-03	0.000000e+00	5.000000e+00	5.000000e+00	
432	1.500021e-03	0.000000e+00	5.000000e+00	5.000000e+00	
433	1.500021e-03	0.000000e+00	5.000000e+00	5.000000e+00	
434	1.500021e-03	0.000000e+00	5.000000e+00	5.000000e+00	
435	1.500021e-03	0.000000e+00	5.000000e+00	5.000000e+00	
436	1.500021e-03	0.000000e+00	5.000000e+00	5.000000e+00	
437	1.500021e-03	0.000000e+00	5.000000e+00	5.000000e+00	
438	1.500021e-03	0.000000e+00	5.000000e+00	5.000000e+00	
439	1.500022e-03	0.000000e+00	5.000000e+00	5.000000e+00	
440	1.500022e-03	0.000000e+00	5.000000e+00	5.000000e+00	
441	1.500023e-03	0.000000e+00	5.000000e+00	5.000000e+00	
442	1.500023e-03	0.000000e+00	5.000000e+00	5.000000e+00	
443	1.500023e-03	0.000000e+00	5.000000e+00	5.000000e+00	
444	1.500023e-03	0.000000e+00	5.000000e+00	5.000000e+00	
445	1.500023e-03	0.000000e+00	5.000000e+00	5.000000e+00	
446	1.500023e-03	0.000000e+00	5.000000e+00	5.000000e+00	
447	1.500023e-03	0.000000e+00	5.000000e+00	5.000000e+00	
448	1.500023e-03	0.000000e+00	5.000000e+00	5.000000e+00	
449	1.500023e-03	0.000000e+00	5.000000e+00	5.000000e+00	
450	1.500023e-03	0.000000e+00	5.000000e+00	5.000000e+00	
451	1.500024e-03	0.000000e+00	5.000000e+00	5.000000e+00	
452	1.500024e-03	0.000000e+00	5.000000e+00	5.000000e+00	
453	1.500024e-03	0.000000e+00	5.000000e+00	5.000000e+00	
454	1.500024e-03	0.000000e+00	5.000000e+00	5.000000e+00	
455	1.500024e-03	0.000000e+00	5.000000e+00	5.000000e+00	
456	1.500024e-03	0.000000e+00	5.000000e+00	5.000000e+00	
457	1.500024e-03	0.000000e+00	5.000000e+00	5.000000e+00	
458	1.500024e-03	0.000000e+00	5.000000e+00	5.000000e+00	
459	1.500024e-03	0.000000e+00	5.000000e+00	5.000000e+00	
460	1.500024e-03	0.000000e+00	5.000000e+00	5.000000e+00	

Index   time            b1              b2              b3              
--------------------------------------------------------------------------------
461	1.500024e-03	0.000000e+00	5.000000e+00	5.000000e+00	
462	1.500025e-03	0.000000e+00	5.000000e+00	5.000000e+00	
463	1.500025e-03	0.000000e+00	5.000000e+00	5.000000e+00	
464	1.500025e-03	0.000000e+00	5.000000e+00	5.000000e+00	
465	1.500025e-03	0.000000e+00	5.000000e+00	5.000000e+00	
466	1.500025e-03	0.000000e+00	5.000000e+00	5.000000e+00	
467	1.500025e-03	0.000000e+00	5.000000e+00	5.000000e+00	
468	1.500025e-03	0.000000e+00	5.000000e+00	5.000000e+00	
469	1.500025e-03	0.000000e+00	5.000000e+00	5.000000e+00	
470	1.500025e-03	0.000000e+00	5.000000e+00	5.000000e+00	
471	1.500025e-03	0.000000e+00	5.000000e+00	5.000000e+00	
472	1.500025e-03	0.000000e+00	5.000000e+00	5.000000e+00	
473	1.500025e-03	0.000000e+00	5.000000e+00	5.000000e+00	
474	1.500025e-03	0.000000e+00	5.000000e+00	5.000000e+00	
475	1.500026e-03	0.000000e+00	5.000000e+00	5.000000e+00	
476	1.500026e-03	0.000000e+00	5.000000e+00	5.000000e+00	
477	1.500027e-03	0.000000e+00	5.000000e+00	5.000000e+00	
478	1.500029e-03	0.000000e+00	5.000000e+00	5.000000e+00	
479	1.500033e-03	0.000000e+00	5.000000e+00	5.000000e+00	
480	1.500041e-03	0.000000e+00	5.000000e+00	5.000000e+00	
481	1.500058e-03	0.000000e+00	5.000000e+00	5.000000e+00	
482	1.500091e-03	0.000000e+00	5.000000e+00	5.000000e+00	
483	1.500156e-03	0.000000e+00	5.000000e+00	5.000000e+00	
484	1.500287e-03	0.000000e+00	5.000000e+00	5.000000e+00	
485	1.500549e-03	0.000000e+00	5.000000e+00	5.000000e+00	
486	1.501074e-03	0.000000e+00	5.000000e+00	5.000000e+00	
487	1.502122e-03	0.000000e+00	5.000000e+00	5.000000e+00	
488	1.504219e-03	0.000000e+00	5.000000e+00	5.000000e+00	
489	1.508414e-03	0.000000e+00	5.000000e+00	5.000000e+00	
490	1.516802e-03	0.000000e+00	5.000000e+00	5.000000e+00	
491	1.533580e-03	0.000000e+00	5.000000e+00	5.000000e+00	
492	1.567134e-03	0.000000e+00	5.000000e+00	5.000000e+00	
493	1.634243e-03	0.000000e+00	5.000000e+00	5.000000e+00	
494	1.768461e-03	0.000000e+00	5.000000e+00	5.000000e+00	
495	1.928461e-03	0.000000e+00	5.000000e+00	5.000000e+00	
496	2.000000e-03	0.000000e+00	5.000000e+00	5.000000e+00	
497	2.000001e-03	5.000000e-01	5.000000e+00	5.000000e+00	
498	2.000003e-03	1.500000e+00	5.000000e+00	5.000000e+00	
499	2.000005e-03	2.500000e+00	5.000000e+00	5.000000e+00	
500	2.000005e-03	2.505000e+00	5.000000e+00	5.000000e+00	
501	2.000005e-03	2.515000e+00	5.000000e+00	5.000000e+00	
502	2.000005e-03	2.535000e+00	5.000000e+00	5.000000e+00	
503	2.000005e-03	2.550000e+00	5.000000e+00	5.000000e+00	
504	2.000005e-03	2.554000e+00	5.000000e+00	5.000000e+00	
505	2.000005e-03	2.562000e+00	5.000000e+00	5.000000e+00	
506	2.000005e-03	2.578000e+00	5.000000e+00	5.000000e+00	
507	2.000005e-03	2.610000e+00	5.000000e+00	5.000000e+00	
508	2.000005e-03	2.674000e+00	5.000000e+00	5.000000e+00	
509	2.000006e-03	2.802000e+00	5.000000e+00	5.000000e+00	
510	2.000006e-03	3.000000e+00	5.000000e+00	5.000000e+00	
511	2.000006e-03	3.005000e+00	5.000000e+00	5.000000e+00	
512	2.000006e-03	3.015000e+00	5.000000e+00	5.000000e+00	
513	2.000006e-03	3.035000e+00	5.000000e+00	5.000000e+00	
514	2.000006e-03	3.050000e+00	5.000000e+00	5.000000e+00	
515	2.000006e-03	3.054000e+00	5.000000e+00	5.000000e+00	
516	2.000006e-03	3.062000e+00	5.000000e+00	5.000000e+00	
517	2.000006e-03	3.078000e+00	5.000000e+00	5.000000e+00	
518	2.000006e-03	3.110000e+00	5.000000e+00	5.000000e+00	

Index   time            b1              b2              b3              
--------------------------------------------------------------------------------
519	2.000006e-03	3.174000e+00	5.000000e+00	5.000000e+00	
520	2.000007e-03	3.302000e+00	5.000000e+00	5.000000e+00	
521	2.000007e-03	3.500000e+00	5.000000e+00	5.000000e+00	
522	2.000007e-03	3.505000e+00	5.000000e+00	5.000000e+00	
523	2.000007e-03	3.515000e+00	5.000000e+00	5.000000e+00	
524	2.000007e-03	3.535000e+00	5.000000e+00	5.000000e+00	
525	2.000007e-03	3.550000e+00	5.000000e+00	5.000000e+00	
526	2.000007e-03	3.554000e+00	5.000000e+00	5.000000e+00	
527	2.000007e-03	3.562000e+00	5.000000e+00	5.000000e+00	
528	2.000007e-03	3.578000e+00	5.000000e+00	5.000000e+00	
529	2.000007e-03	3.610000e+00	5.000000e+00	5.000000e+00	
530	2.000007e-03	3.674000e+00	5.000000e+00	5.000000e+00	
531	2.000008e-03	3.802000e+00	5.000000e+00	5.000000e+00	
532	2.000008e-03	3.950000e+00	5.000000e+00	5.000000e+00	
533	2.000008e-03	3.975600e+00	5.000000e+00	5.000000e+00	
534	2.000008e-03	4.000000e+00	5.000000e+00	5.000000e+00	
535	2.000008e-03	4.005000e+00	5.000000e+00	5.000000e+00	
536	2.000008e-03	4.015000e+00	5.000000e+00	5.000000e+00	
537	2.000008e-03	4.035000e+00	5.000000e+00	5.000000e+00	
538	2.000008e-03	4.050000e+00	5.000000e+00	5.000000e+00	
539	2.000008e-03	4.054000e+00	5.000000e+00	5.000000e+00	
540	2.000008e-03	4.062000e+00	5.000000e+00	5.000000e+00	
541	2.000008e-03	4.078000e+00	5.000000e+00	5.000000e+00	
542	2.000008e-03	4.110000e+00	5.000000e+00	5.000000e+00	
543	2.000008e-03	4.174000e+00	5.000000e+00	5.000000e+00	
544	2.000009e-03	4.302000e+00	5.000000e+00	5.000000e+00	
545	2.000009e-03	4.500000e+00	5.000000e+00	5.000000e+00	
546	2.000009e-03	4.505000e+00	5.000000e+00	5.000000e+00	
547	2.000009e-03	4.515000e+00	5.000000e+00	5.000000e+00	
548	2.000009e-03	4.535000e+00	5.000000e+00	5.000000e+00	
549	2.000009e-03	4.550000e+00	5.000000e+00	5.000000e+00	
550	2.000009e-03	4.554000e+00	5.000000e+00	5.000000e+00	
551	2.000009e-03	4.562000e+00	5.000000e+00	5.000000e+00	
552	2.000009e-03	4.578000e+00	5.000000e+00	5.000000e+00	
553	2.000009e-03	4.610000e+00	5.000000e+00	5.000000e+00	
554	2.000009e-03	4.674000e+00	5.000000e+00	5.000000e+00	
555	2.000010e-03	4.802000e+00	5.000000e+00	5.000000e+00	
556	2.000010e-03	5.000000e+00	5.000000e+00	5.000000e+00	
557	2.000010e-03	5.000000e+00	4.974400e+00	5.000000e+00	
558	2.000010e-03	5.000000e+00	4.923200e+00	5.000000e+00	
559	2.000010e-03	5.000000e+00	4.820800e+00	5.000000e+00	
560	2.000011e-03	5.000000e+00	4.616000e+00	5.000000e+00	
561	2.000011e-03	5.000000e+00	4.500000e+00	5.000000e+00	
562	2.000011e-03	5.000000e+00	4.495000e+00	5.000000e+00	
563	2.000011e-03	5.000000e+00	4.485000e+00	5.000000e+00	
564	2.000011e-03	5.000000e+00	4.465000e+00	5.000000e+00	
565	2.000011e-03	5.000000e+00	4.450000e+00	5.000000e+00	
566	2.000011e-03	5.000000e+00	4.446000e+00	5.000000e+00	
567	2.000011e-03	5.000000e+00	4.438000e+00	5.000000e+00	
568	2.000011e-03	5.000000e+00	4.422000e+00	5.000000e+00	
569	2.000011e-03	5.000000e+00	4.390000e+00	5.000000e+00	
570	2.000011e-03	5.000000e+00	4.326000e+00	5.000000e+00	
571	2.000012e-03	5.000000e+00	4.198000e+00	5.000000e+00	
572	2.000012e-03	5.000000e+00	3.942000e+00	5.000000e+00	
573	2.000013e-03	5.000000e+00	3.500000e+00	5.000000e+00	
574	2.000013e-03	5.000000e+00	3.495000e+00	5.000000e+00	
575	2.000013e-03	5.000000e+00	3.485000e+00	5.000000e+00	
576	2.000013e-03	5.000000e+00	3.465000e+00	5.000000e+00	

Index   time            b1              b2              b3              
--------------------------------------------------------------------------------
577	2.000013e-03	5.000000e+00	3.450000e+00	5.000000e+00	
578	2.000013e-03	5.000000e+00	3.446000e+00	5.000000e+00	
579	2.000013e-03	5.000000e+00	3.438000e+00	5.000000e+00	
580	2.000013e-03	5.000000e+00	3.422000e+00	5.000000e+00	
581	2.000013e-03	5.000000e+00	3.390000e+00	5.000000e+00	
582	2.000013e-03	5.000000e+00	3.326000e+00	5.000000e+00	
583	2.000014e-03	5.000000e+00	3.198000e+00	5.000000e+00	
584	2.000014e-03	5.000000e+00	2.942000e+00	5.000000e+00	
585	2.000015e-03	5.000000e+00	2.500000e+00	5.000000e+00	
586	2.000015e-03	5.000000e+00	2.495000e+00	5.000000e+00	
587	2.000015e-03	5.000000e+00	2.485000e+00	5.000000e+00	
588	2.000015e-03	5.000000e+00	2.465000e+00	5.000000e+00	
589	2.000015e-03	5.000000e+00	2.450000e+00	5.000000e+00	
590	2.000015e-03	5.000000e+00	2.446000e+00	5.000000e+00	
591	2.000015e-03	5.000000e+00	2.438000e+00	5.000000e+00	
592	2.000015e-03	5.000000e+00	2.422000e+00	5.000000e+00	
593	2.000015e-03	5.000000e+00	2.390000e+00	5.000000e+00	
594	2.000015e-03	5.000000e+00	2.326000e+00	5.000000e+00	
595	2.000016e-03	5.000000e+00	2.198000e+00	5.000000e+00	
596	2.000016e-03	5.000000e+00	1.942000e+00	5.000000e+00	
597	2.000017e-03	5.000000e+00	1.500000e+00	5.000000e+00	
598	2.000017e-03	5.000000e+00	1.495000e+00	5.000000e+00	
599	2.000017e-03	5.000000e+00	1.485000e+00	5.000000e+00	
600	2.000017e-03	5.000000e+00	1.465000e+00	5.000000e+00	
601	2.000017e-03	5.000000e+00	1.450000e+00	5.000000e+00	
602	2.000017e-03	5.000000e+00	1.446000e+00	5.000000e+00	
603	2.000017e-03	5.000000e+00	1.438000e+00	5.000000e+00	
604	2.000017e-03	5.000000e+00	1.422000e+00	5.000000e+00	
605	2.000017e-03	5.000000e+00	1.390000e+00	5.000000e+00	
606	2.000017e-03	5.000000e+00	1.326000e+00	5.000000e+00	
607	2.000018e-03	5.000000e+00	1.198000e+00	5.000000e+00	
608	2.000018e-03	5.000000e+00	9.420000e-01	5.000000e+00	
609	2.000019e-03	5.000000e+00	4.420000e-01	5.000000e+00	
610	2.000019e-03	5.000000e+00	4.370000e-01	5.000000e+00	
611	2.000019e-03	5.000000e+00	4.270000e-01	5.000000e+00	
612	2.000019e-03	5.000000e+00	4.070000e-01	5.000000e+00	
613	2.000019e-03	5.000000e+00	3.920000e-01	5.000000e+00	
614	2.000019e-03	5.000000e+00	3.880000e-01	5.000000e+00	
615	2.000019e-03	5.000000e+00	3.800000e-01	5.000000e+00	
616	2.000019e-03	5.000000e+00	3.640000e-01	5.000000e+00	
617	2.000019e-03	5.000000e+00	3.320000e-01	5.000000e+00	
618	2.000019e-03	5.000000e+00	2.680000e-01	5.000000e+00	
619	2.000020e-03	5.000000e+00	1.400000e-01	5.000000e+00	
620	2.000020e-03	5.000000e+00	0.000000e+00	5.000000e+00	
621	2.000020e-03	5.000000e+00	0.000000e+00	5.000000e+00	
622	2.000020e-03	5.000000e+00	0.000000e+00	5.000000e+00	
623	2.000020e-03	5.000000e+00	0.000000e+00	5.000000e+00	
624	2.000021e-03	5.000000e+00	0.000000e+00	5.000000e+00	
625	2.000021e-03	5.000000e+00	0.000000e+00	5.000000e+00	
626	2.000021e-03	5.000000e+00	0.000000e+00	5.000000e+00	
627	2.000021e-03	5.000000e+00	0.000000e+00	5.000000e+00	
628	2.000021e-03	5.000000e+00	0.000000e+00	5.000000e+00	
629	2.000021e-03	5.000000e+00	0.000000e+00	5.000000e+00	
630	2.000021e-03	5.000000e+00	0.000000e+00	5.000000e+00	
631	2.000021e-03	5.000000e+00	0.000000e+00	5.000000e+00	
632	2.000021e-03	5.000000e+00	0.000000e+00	5.000000e+00	
633	2.000021e-03	5.000000e+00	0.000000e+00	5.000000e+00	
634	2.000021e-03	5.000000e+00	0.000000e+00	5.000000e+00	

Index   time            b1              b2              b3              
--------------------------------------------------------------------------------
635	2.000022e-03	5.000000e+00	0.000000e+00	5.000000e+00	
636	2.000022e-03	5.000000e+00	0.000000e+00	5.000000e+00	
637	2.000022e-03	5.000000e+00	0.000000e+00	5.000000e+00	
638	2.000022e-03	5.000000e+00	0.000000e+00	5.000000e+00	
639	2.000022e-03	5.000000e+00	0.000000e+00	5.000000e+00	
640	2.000022e-03	5.000000e+00	0.000000e+00	5.000000e+00	
641	2.000022e-03	5.000000e+00	0.000000e+00	5.000000e+00	
642	2.000022e-03	5.000000e+00	0.000000e+00	5.000000e+00	
643	2.000022e-03	5.000000e+00	0.000000e+00	5.000000e+00	
644	2.000022e-03	5.000000e+00	0.000000e+00	5.000000e+00	
645	2.000022e-03	5.000000e+00	0.000000e+00	5.000000e+00	
646	2.000023e-03	5.000000e+00	0.000000e+00	5.000000e+00	
647	2.000023e-03	5.000000e+00	0.000000e+00	5.000000e+00	
648	2.000024e-03	5.000000e+00	0.000000e+00	5.000000e+00	
649	2.000024e-03	5.000000e+00	0.000000e+00	5.000000e+00	
650	2.000024e-03	5.000000e+00	0.000000e+00	5.000000e+00	
651	2.000024e-03	5.000000e+00	0.000000e+00	5.000000e+00	
652	2.000024e-03	5.000000e+00	0.000000e+00	5.000000e+00	
653	2.000024e-03	5.000000e+00	0.000000e+00	5.000000e+00	
654	2.000024e-03	5.000000e+00	0.000000e+00	5.000000e+00	
655	2.000024e-03	5.000000e+00	0.000000e+00	5.000000e+00	
656	2.000024e-03	5.000000e+00	0.000000e+00	5.000000e+00	
657	2.000024e-03	5.000000e+00	0.000000e+00	5.000000e+00	
658	2.000025e-03	5.000000e+00	0.000000e+00	5.000000e+00	
659	2.000025e-03	5.000000e+00	0.000000e+00	5.000000e+00	
660	2.000026e-03	5.000000e+00	0.000000e+00	5.000000e+00	
661	2.000026e-03	5.000000e+00	0.000000e+00	5.000000e+00	
662	2.000026e-03	5.000000e+00	0.000000e+00	5.000000e+00	
663	2.000026e-03	5.000000e+00	0.000000e+00	5.000000e+00	
664	2.000026e-03	5.000000e+00	0.000000e+00	5.000000e+00	
665	2.000026e-03	5.000000e+00	0.000000e+00	5.000000e+00	
666	2.000026e-03	5.000000e+00	0.000000e+00	5.000000e+00	
667	2.000026e-03	5.000000e+00	0.000000e+00	5.000000e+00	
668	2.000026e-03	5.000000e+00	0.000000e+00	5.000000e+00	
669	2.000026e-03	5.000000e+00	0.000000e+00	5.000000e+00	
670	2.000027e-03	5.000000e+00	0.000000e+00	5.000000e+00	
671	2.000027e-03	5.000000e+00	0.000000e+00	5.000000e+00	
672	2.000028e-03	5.000000e+00	0.000000e+00	5.000000e+00	
673	2.000030e-03	5.000000e+00	0.000000e+00	5.000000e+00	
674	2.000034e-03	5.000000e+00	0.000000e+00	5.000000e+00	
675	2.000043e-03	5.000000e+00	0.000000e+00	5.000000e+00	
676	2.000059e-03	5.000000e+00	0.000000e+00	5.000000e+00	
677	2.000092e-03	5.000000e+00	0.000000e+00	5.000000e+00	
678	2.000157e-03	5.000000e+00	0.000000e+00	5.000000e+00	
679	2.000288e-03	5.000000e+00	0.000000e+00	5.000000e+00	
680	2.000550e-03	5.000000e+00	0.000000e+00	5.000000e+00	
681	2.001075e-03	5.000000e+00	0.000000e+00	5.000000e+00	
682	2.002123e-03	5.000000e+00	0.000000e+00	5.000000e+00	
683	2.004221e-03	5.000000e+00	0.000000e+00	5.000000e+00	
684	2.008415e-03	5.000000e+00	0.000000e+00	5.000000e+00	
685	2.016803e-03	5.000000e+00	0.000000e+00	5.000000e+00	
686	2.033581e-03	5.000000e+00	0.000000e+00	5.000000e+00	
687	2.067135e-03	5.000000e+00	0.000000e+00	5.000000e+00	
688	2.134244e-03	5.000000e+00	0.000000e+00	5.000000e+00	
689	2.268462e-03	5.000000e+00	0.000000e+00	5.000000e+00	
690	2.428462e-03	5.000000e+00	0.000000e+00	5.000000e+00	
691	2.500010e-03	5.000000e+00	0.000000e+00	5.000000e+00	
692	2.500011e-03	5.000000e+00	0.000000e+00	5.000000e+00	

Index   time            b1              b2              b3              
--------------------------------------------------------------------------------
693	2.500013e-03	5.000000e+00	0.000000e+00	5.000000e+00	
694	2.500017e-03	5.000000e+00	0.000000e+00	5.000000e+00	
695	2.500019e-03	5.000000e+00	0.000000e+00	5.000000e+00	
696	2.500019e-03	5.000000e+00	0.000000e+00	5.000000e+00	
697	2.500019e-03	5.000000e+00	0.000000e+00	5.000000e+00	
698	2.500019e-03	5.000000e+00	0.000000e+00	5.000000e+00	
699	2.500019e-03	5.000000e+00	0.000000e+00	5.000000e+00	
700	2.500019e-03	5.000000e+00	0.000000e+00	5.000000e+00	
701	2.500019e-03	5.000000e+00	0.000000e+00	5.000000e+00	
702	2.500019e-03	5.000000e+00	0.000000e+00	5.000000e+00	
703	2.500019e-03	5.000000e+00	0.000000e+00	5.000000e+00	
704	2.500019e-03	5.000000e+00	0.000000e+00	5.000000e+00	
705	2.500020e-03	5.000000e+00	0.000000e+00	5.000000e+00	
706	2.500020e-03	5.000000e+00	0.000000e+00	5.000000e+00	
707	2.500020e-03	5.000000e+00	0.000000e+00	5.000000e+00	
708	2.500020e-03	5.000000e+00	0.000000e+00	5.000000e+00	
709	2.500020e-03	5.000000e+00	0.000000e+00	5.000000e+00	
710	2.500021e-03	5.000000e+00	0.000000e+00	5.000000e+00	
711	2.500021e-03	5.000000e+00	0.000000e+00	5.000000e+00	
712	2.500021e-03	5.000000e+00	0.000000e+00	5.000000e+00	
713	2.500021e-03	5.000000e+00	0.000000e+00	5.000000e+00	
714	2.500021e-03	5.000000e+00	0.000000e+00	5.000000e+00	
715	2.500021e-03	5.000000e+00	0.000000e+00	5.000000e+00	
716	2.500021e-03	5.000000e+00	0.000000e+00	5.000000e+00	
717	2.500021e-03	5.000000e+00	0.000000e+00	5.000000e+00	
718	2.500021e-03	5.000000e+00	0.000000e+00	5.000000e+00	
719	2.500021e-03	5.000000e+00	0.000000e+00	5.000000e+00	
720	2.500021e-03	5.000000e+00	0.000000e+00	5.000000e+00	
721	2.500022e-03	5.000000e+00	0.000000e+00	5.000000e+00	
722	2.500022e-03	5.000000e+00	0.000000e+00	5.000000e+00	
723	2.500023e-03	5.000000e+00	0.000000e+00	5.000000e+00	
724	2.500023e-03	5.000000e+00	0.000000e+00	5.000000e+00	
725	2.500023e-03	5.000000e+00	0.000000e+00	5.000000e+00	
726	2.500023e-03	5.000000e+00	0.000000e+00	5.000000e+00	
727	2.500023e-03	5.000000e+00	0.000000e+00	5.000000e+00	
728	2.500023e-03	5.000000e+00	0.000000e+00	5.000000e+00	
729	2.500023e-03	5.000000e+00	0.000000e+00	5.000000e+00	
730	2.500023e-03	5.000000e+00	0.000000e+00	5.000000e+00	
731	2.500023e-03	5.000000e+00	0.000000e+00	5.000000e+00	
732	2.500023e-03	5.000000e+00	0.000000e+00	5.000000e+00	
733	2.500024e-03	5.000000e+00	0.000000e+00	5.000000e+00	
734	2.500024e-03	5.000000e+00	0.000000e+00	5.000000e+00	
735	2.500024e-03	5.000000e+00	0.000000e+00	5.000000e+00	
736	2.500024e-03	5.000000e+00	0.000000e+00	5.000000e+00	
737	2.500024e-03	5.000000e+00	0.000000e+00	5.000000e+00	
738	2.500025e-03	5.000000e+00	0.000000e+00	5.000000e+00	
739	2.500025e-03	5.000000e+00	0.000000e+00	5.000000e+00	
740	2.500025e-03	5.000000e+00	0.000000e+00	5.000000e+00	
741	2.500025e-03	5.000000e+00	0.000000e+00	5.000000e+00	
742	2.500025e-03	5.000000e+00	0.000000e+00	5.000000e+00	
743	2.500025e-03	5.000000e+00	0.000000e+00	5.000000e+00	
744	2.500025e-03	5.000000e+00	0.000000e+00	5.000000e+00	
745	2.500025e-03	5.000000e+00	0.000000e+00	5.000000e+00	
746	2.500025e-03	5.000000e+00	0.000000e+00	5.000000e+00	
747	2.500025e-03	5.000000e+00	0.000000e+00	5.000000e+00	
748	2.500025e-03	5.000000e+00	0.000000e+00	5.000000e+00	
749	2.500025e-03	5.000000e+00	0.000000e+00	5.000000e+00	
750	2.500025e-03	5.000000e+00	0.000000e+00	5.000000e+00	

Index   time            b1              b2              b3              
--------------------------------------------------------------------------------
751	2.500026e-03	5.000000e+00	0.000000e+00	5.000000e+00	
752	2.500026e-03	5.000000e+00	0.000000e+00	5.000000e+00	
753	2.500026e-03	5.000000e+00	0.000000e+00	5.000000e+00	
754	2.500026e-03	5.000000e+00	0.000000e+00	5.000000e+00	
755	2.500026e-03	5.000000e+00	0.000000e+00	5.000000e+00	
756	2.500027e-03	5.000000e+00	0.000000e+00	5.000000e+00	
757	2.500027e-03	5.000000e+00	0.000000e+00	5.000000e+00	
758	2.500029e-03	5.000000e+00	0.000000e+00	5.000000e+00	
759	2.500032e-03	5.000000e+00	0.000000e+00	5.000000e+00	
760	2.500039e-03	5.000000e+00	0.000000e+00	5.000000e+00	
761	2.500052e-03	5.000000e+00	0.000000e+00	5.000000e+00	
762	2.500078e-03	5.000000e+00	0.000000e+00	5.000000e+00	
763	2.500131e-03	5.000000e+00	0.000000e+00	5.000000e+00	
764	2.500236e-03	5.000000e+00	0.000000e+00	5.000000e+00	
765	2.500445e-03	5.000000e+00	0.000000e+00	5.000000e+00	
766	2.500865e-03	5.000000e+00	0.000000e+00	5.000000e+00	
767	2.501704e-03	5.000000e+00	0.000000e+00	5.000000e+00	
768	2.503381e-03	5.000000e+00	0.000000e+00	5.000000e+00	
769	2.506737e-03	5.000000e+00	0.000000e+00	5.000000e+00	
770	2.513448e-03	5.000000e+00	0.000000e+00	5.000000e+00	
771	2.526869e-03	5.000000e+00	0.000000e+00	5.000000e+00	
772	2.553713e-03	5.000000e+00	0.000000e+00	5.000000e+00	
773	2.607400e-03	5.000000e+00	0.000000e+00	5.000000e+00	
774	2.714774e-03	5.000000e+00	0.000000e+00	5.000000e+00	
775	2.874774e-03	5.000000e+00	0.000000e+00	5.000000e+00	
776	3.000000e-03	5.000000e+00	0.000000e+00	5.000000e+00	
777	3.000001e-03	5.000000e+00	0.000000e+00	5.000000e+00	
778	3.000003e-03	5.000000e+00	0.000000e+00	5.000000e+00	
779	3.000005e-03	5.000000e+00	0.000000e+00	5.000000e+00	
780	3.000005e-03	5.000000e+00	0.000000e+00	5.000000e+00	
781	3.000005e-03	5.000000e+00	0.000000e+00	5.000000e+00	
782	3.000005e-03	5.000000e+00	0.000000e+00	5.000000e+00	
783	3.000005e-03	5.000000e+00	0.000000e+00	5.000000e+00	
784	3.000005e-03	5.000000e+00	0.000000e+00	5.000000e+00	
785	3.000005e-03	5.000000e+00	0.000000e+00	5.000000e+00	
786	3.000005e-03	5.000000e+00	0.000000e+00	5.000000e+00	
787	3.000005e-03	5.000000e+00	0.000000e+00	5.000000e+00	
788	3.000005e-03	5.000000e+00	0.000000e+00	5.000000e+00	
789	3.000006e-03	5.000000e+00	0.000000e+00	5.000000e+00	
790	3.000006e-03	5.000000e+00	0.000000e+00	5.000000e+00	
791	3.000007e-03	5.000000e+00	0.000000e+00	5.000000e+00	
792	3.000007e-03	5.000000e+00	0.000000e+00	5.000000e+00	
793	3.000007e-03	5.000000e+00	0.000000e+00	5.000000e+00	
794	3.000007e-03	5.000000e+00	0.000000e+00	5.000000e+00	
795	3.000007e-03	5.000000e+00	0.000000e+00	5.000000e+00	
796	3.000007e-03	5.000000e+00	0.000000e+00	5.000000e+00	
797	3.000007e-03	5.000000e+00	0.000000e+00	5.000000e+00	
798	3.000007e-03	5.000000e+00	0.000000e+00	5.000000e+00	
799	3.000007e-03	5.000000e+00	0.000000e+00	5.000000e+00	
800	3.000007e-03	5.000000e+00	0.000000e+00	5.000000e+00	
801	3.000008e-03	5.000000e+00	0.000000e+00	5.000000e+00	
802	3.000008e-03	5.000000e+00	0.000000e+00	5.000000e+00	
803	3.000008e-03	5.000000e+00	0.000000e+00	5.000000e+00	
804	3.000008e-03	5.000000e+00	0.000000e+00	5.000000e+00	
805	3.000008e-03	5.000000e+00	0.000000e+00	5.000000e+00	
806	3.000008e-03	5.000000e+00	0.000000e+00	5.000000e+00	
807	3.000008e-03	5.000000e+00	0.000000e+00	5.000000e+00	
808	3.000008e-03	5.000000e+00	0.000000e+00	5.000000e+00	

Index   time            b1              b2              b3              
--------------------------------------------------------------------------------
809	3.000008e-03	5.000000e+00	0.000000e+00	5.000000e+00	
810	3.000009e-03	5.000000e+00	0.000000e+00	5.000000e+00	
811	3.000009e-03	5.000000e+00	0.000000e+00	5.000000e+00	
812	3.000009e-03	5.000000e+00	0.000000e+00	5.000000e+00	
813	3.000009e-03	5.000000e+00	0.000000e+00	5.000000e+00	
814	3.000009e-03	5.000000e+00	0.000000e+00	5.000000e+00	
815	3.000009e-03	5.000000e+00	0.000000e+00	5.000000e+00	
816	3.000009e-03	5.000000e+00	0.000000e+00	5.000000e+00	
817	3.000009e-03	5.000000e+00	0.000000e+00	5.000000e+00	
818	3.000009e-03	5.000000e+00	0.000000e+00	5.000000e+00	
819	3.000009e-03	5.000000e+00	0.000000e+00	5.000000e+00	
820	3.000009e-03	5.000000e+00	0.000000e+00	5.000000e+00	
821	3.000009e-03	5.000000e+00	0.000000e+00	5.000000e+00	
822	3.000009e-03	5.000000e+00	0.000000e+00	5.000000e+00	
823	3.000010e-03	5.000000e+00	0.000000e+00	5.000000e+00	
824	3.000010e-03	5.000000e+00	0.000000e+00	5.000000e+00	
825	3.000010e-03	4.974400e+00	0.000000e+00	5.000000e+00	
826	3.000010e-03	4.923200e+00	0.000000e+00	5.000000e+00	
827	3.000010e-03	4.820800e+00	0.000000e+00	5.000000e+00	
828	3.000011e-03	4.616000e+00	0.000000e+00	5.000000e+00	
829	3.000011e-03	4.500000e+00	0.000000e+00	5.000000e+00	
830	3.000011e-03	4.495000e+00	0.000000e+00	5.000000e+00	
831	3.000011e-03	4.485000e+00	0.000000e+00	5.000000e+00	
832	3.000011e-03	4.465000e+00	0.000000e+00	5.000000e+00	
833	3.000011e-03	4.450000e+00	0.000000e+00	5.000000e+00	
834	3.000011e-03	4.446000e+00	0.000000e+00	5.000000e+00	
835	3.000011e-03	4.438000e+00	0.000000e+00	5.000000e+00	
836	3.000011e-03	4.422000e+00	0.000000e+00	5.000000e+00	
837	3.000011e-03	4.390000e+00	0.000000e+00	5.000000e+00	
838	3.000011e-03	4.326000e+00	0.000000e+00	5.000000e+00	
839	3.000012e-03	4.198000e+00	0.000000e+00	5.000000e+00	
840	3.000012e-03	3.942000e+00	0.000000e+00	5.000000e+00	
841	3.000013e-03	3.500000e+00	0.000000e+00	5.000000e+00	
842	3.000013e-03	3.495000e+00	0.000000e+00	5.000000e+00	
843	3.000013e-03	3.485000e+00	0.000000e+00	5.000000e+00	
844	3.000013e-03	3.465000e+00	0.000000e+00	5.000000e+00	
845	3.000013e-03	3.450000e+00	0.000000e+00	5.000000e+00	
846	3.000013e-03	3.446000e+00	0.000000e+00	5.000000e+00	
847	3.000013e-03	3.438000e+00	0.000000e+00	5.000000e+00	
848	3.000013e-03	3.422000e+00	0.000000e+00	5.000000e+00	
849	3.000013e-03	3.390000e+00	0.000000e+00	5.000000e+00	
850	3.000013e-03	3.326000e+00	0.000000e+00	5.000000e+00	
851	3.000014e-03	3.198000e+00	0.000000e+00	5.000000e+00	
852	3.000014e-03	2.942000e+00	0.000000e+00	5.000000e+00	
853	3.000015e-03	2.500000e+00	0.000000e+00	5.000000e+00	
854	3.000015e-03	2.495000e+00	0.000000e+00	5.000000e+00	
855	3.000015e-03	2.485000e+00	0.000000e+00	5.000000e+00	
856	3.000015e-03	2.465000e+00	0.000000e+00	5.000000e+00	
857	3.000015e-03	2.450000e+00	0.000000e+00	5.000000e+00	
858	3.000015e-03	2.446000e+00	0.000000e+00	5.000000e+00	
859	3.000015e-03	2.438000e+00	0.000000e+00	5.000000e+00	
860	3.000015e-03	2.422000e+00	0.000000e+00	5.000000e+00	
861	3.000015e-03	2.390000e+00	0.000000e+00	5.000000e+00	
862	3.000015e-03	2.326000e+00	0.000000e+00	5.000000e+00	
863	3.000016e-03	2.198000e+00	0.000000e+00	5.000000e+00	
864	3.000016e-03	1.942000e+00	0.000000e+00	5.000000e+00	
865	3.000017e-03	1.500000e+00	0.000000e+00	5.000000e+00	
866	3.000017e-03	1.495000e+00	0.000000e+00	5.000000e+00	

Index   time            b1              b2              b3              
--------------------------------------------------------------------------------
867	3.000017e-03	1.485000e+00	0.000000e+00	5.000000e+00	
868	3.000017e-03	1.465000e+00	0.000000e+00	5.000000e+00	
869	3.000017e-03	1.450000e+00	0.000000e+00	5.000000e+00	
870	3.000017e-03	1.446000e+00	0.000000e+00	5.000000e+00	
871	3.000017e-03	1.438000e+00	0.000000e+00	5.000000e+00	
872	3.000017e-03	1.422000e+00	0.000000e+00	5.000000e+00	
873	3.000017e-03	1.390000e+00	0.000000e+00	5.000000e+00	
874	3.000017e-03	1.326000e+00	0.000000e+00	5.000000e+00	
875	3.000018e-03	1.198000e+00	0.000000e+00	5.000000e+00	
876	3.000018e-03	9.420000e-01	0.000000e+00	5.000000e+00	
877	3.000019e-03	4.420000e-01	0.000000e+00	5.000000e+00	
878	3.000019e-03	4.370000e-01	0.000000e+00	5.000000e+00	
879	3.000019e-03	4.270000e-01	0.000000e+00	5.000000e+00	
880	3.000019e-03	4.070000e-01	0.000000e+00	5.000000e+00	
881	3.000019e-03	3.920000e-01	0.000000e+00	5.000000e+00	
882	3.000019e-03	3.880000e-01	0.000000e+00	5.000000e+00	
883	3.000019e-03	3.800000e-01	0.000000e+00	5.000000e+00	
884	3.000019e-03	3.640000e-01	0.000000e+00	5.000000e+00	
885	3.000019e-03	3.320000e-01	0.000000e+00	5.000000e+00	
886	3.000019e-03	2.680000e-01	0.000000e+00	5.000000e+00	
887	3.000020e-03	1.400000e-01	0.000000e+00	5.000000e+00	
888	3.000020e-03	0.000000e+00	0.000000e+00	5.000000e+00	
889	3.000020e-03	0.000000e+00	0.000000e+00	5.000000e+00	
890	3.000020e-03	0.000000e+00	0.000000e+00	5.000000e+00	
891	3.000020e-03	0.000000e+00	0.000000e+00	5.000000e+00	
892	3.000021e-03	0.000000e+00	0.000000e+00	5.000000e+00	
893	3.000021e-03	0.000000e+00	0.000000e+00	5.000000e+00	
894	3.000021e-03	0.000000e+00	0.000000e+00	5.000000e+00	
895	3.000021e-03	0.000000e+00	0.000000e+00	5.000000e+00	
896	3.000021e-03	0.000000e+00	0.000000e+00	5.000000e+00	
897	3.000021e-03	0.000000e+00	0.000000e+00	5.000000e+00	
898	3.000021e-03	0.000000e+00	0.000000e+00	5.000000e+00	
899	3.000021e-03	0.000000e+00	0.000000e+00	5.000000e+00	
900	3.000021e-03	0.000000e+00	0.000000e+00	5.000000e+00	
901	3.000021e-03	0.000000e+00	0.000000e+00	5.000000e+00	
902	3.000021e-03	0.000000e+00	0.000000e+00	5.000000e+00	
903	3.000022e-03	0.000000e+00	0.000000e+00	5.000000e+00	
904	3.000022e-03	0.000000e+00	0.000000e+00	5.000000e+00	
905	3.000022e-03	0.000000e+00	0.000000e+00	5.000000e+00	
906	3.000022e-03	0.000000e+00	0.000000e+00	5.000000e+00	
907	3.000022e-03	0.000000e+00	0.000000e+00	5.000000e+00	
908	3.000022e-03	0.000000e+00	0.000000e+00	5.000000e+00	
909	3.000022e-03	0.000000e+00	0.000000e+00	5.000000e+00	
910	3.000022e-03	0.000000e+00	0.000000e+00	5.000000e+00	
911	3.000022e-03	0.000000e+00	0.000000e+00	5.000000e+00	
912	3.000022e-03	0.000000e+00	0.000000e+00	5.000000e+00	
913	3.000022e-03	0.000000e+00	0.000000e+00	5.000000e+00	
914	3.000023e-03	0.000000e+00	0.000000e+00	5.000000e+00	
915	3.000023e-03	0.000000e+00	0.000000e+00	5.000000e+00	
916	3.000023e-03	0.000000e+00	0.000000e+00	5.000000e+00	
917	3.000023e-03	0.000000e+00	0.000000e+00	5.000000e+00	
918	3.000023e-03	0.000000e+00	0.000000e+00	5.000000e+00	
919	3.000023e-03	0.000000e+00	0.000000e+00	5.000000e+00	
920	3.000023e-03	0.000000e+00	0.000000e+00	5.000000e+00	
921	3.000023e-03	0.000000e+00	0.000000e+00	5.000000e+00	
922	3.000023e-03	0.000000e+00	0.000000e+00	5.000000e+00	
923	3.000023e-03	0.000000e+00	0.000000e+00	5.000000e+00	
924	3.000023e-03	0.000000e+00	0.000000e+00	5.000000e+00	

Index   time            b1              b2              b3              
--------------------------------------------------------------------------------
925	3.000024e-03	0.000000e+00	0.000000e+00	5.000000e+00	
926	3.000024e-03	0.000000e+00	0.000000e+00	5.000000e+00	
927	3.000024e-03	0.000000e+00	0.000000e+00	5.000000e+00	
928	3.000024e-03	0.000000e+00	0.000000e+00	5.000000e+00	
929	3.000024e-03	0.000000e+00	0.000000e+00	5.000000e+00	
930	3.000024e-03	0.000000e+00	0.000000e+00	5.000000e+00	
931	3.000024e-03	0.000000e+00	0.000000e+00	5.000000e+00	
932	3.000024e-03	0.000000e+00	0.000000e+00	5.000000e+00	
933	3.000024e-03	0.000000e+00	0.000000e+00	5.000000e+00	
934	3.000024e-03	0.000000e+00	0.000000e+00	5.000000e+00	
935	3.000024e-03	0.000000e+00	0.000000e+00	5.000000e+00	
936	3.000025e-03	0.000000e+00	0.000000e+00	5.000000e+00	
937	3.000025e-03	0.000000e+00	0.000000e+00	5.000000e+00	
938	3.000026e-03	0.000000e+00	0.000000e+00	5.000000e+00	
939	3.000026e-03	0.000000e+00	0.000000e+00	5.000000e+00	
940	3.000026e-03	0.000000e+00	0.000000e+00	5.000000e+00	
941	3.000026e-03	0.000000e+00	0.000000e+00	5.000000e+00	
942	3.000026e-03	0.000000e+00	0.000000e+00	5.000000e+00	
943	3.000026e-03	0.000000e+00	0.000000e+00	5.000000e+00	
944	3.000026e-03	0.000000e+00	0.000000e+00	5.000000e+00	
945	3.000026e-03	0.000000e+00	0.000000e+00	5.000000e+00	
946	3.000026e-03	0.000000e+00	0.000000e+00	5.000000e+00	
947	3.000026e-03	0.000000e+00	0.000000e+00	5.000000e+00	
948	3.000027e-03	0.000000e+00	0.000000e+00	5.000000e+00	
949	3.000027e-03	0.000000e+00	0.000000e+00	5.000000e+00	
950	3.000028e-03	0.000000e+00	0.000000e+00	5.000000e+00	
951	3.000028e-03	0.000000e+00	0.000000e+00	5.000000e+00	
952	3.000028e-03	0.000000e+00	0.000000e+00	5.000000e+00	
953	3.000028e-03	0.000000e+00	0.000000e+00	5.000000e+00	
954	3.000028e-03	0.000000e+00	0.000000e+00	5.000000e+00	
955	3.000028e-03	0.000000e+00	0.000000e+00	5.000000e+00	
956	3.000028e-03	0.000000e+00	0.000000e+00	5.000000e+00	
957	3.000028e-03	0.000000e+00	0.000000e+00	5.000000e+00	
958	3.000028e-03	0.000000e+00	0.000000e+00	5.000000e+00	
959	3.000028e-03	0.000000e+00	0.000000e+00	5.000000e+00	
960	3.000029e-03	0.000000e+00	0.000000e+00	5.000000e+00	
961	3.000029e-03	0.000000e+00	0.000000e+00	5.000000e+00	
962	3.000030e-03	0.000000e+00	0.000000e+00	5.000000e+00	
963	3.000032e-03	0.000000e+00	0.000000e+00	5.000000e+00	
964	3.000036e-03	0.000000e+00	0.000000e+00	5.000000e+00	
965	3.000045e-03	0.000000e+00	0.000000e+00	5.000000e+00	
966	3.000061e-03	0.000000e+00	0.000000e+00	5.000000e+00	
967	3.000094e-03	0.000000e+00	0.000000e+00	5.000000e+00	
968	3.000159e-03	0.000000e+00	0.000000e+00	5.000000e+00	
969	3.000290e-03	0.000000e+00	0.000000e+00	5.000000e+00	
970	3.000552e-03	0.000000e+00	0.000000e+00	5.000000e+00	
971	3.001077e-03	0.000000e+00	0.000000e+00	5.000000e+00	
972	3.002125e-03	0.000000e+00	0.000000e+00	5.000000e+00	
973	3.004223e-03	0.000000e+00	0.000000e+00	5.000000e+00	
974	3.008417e-03	0.000000e+00	0.000000e+00	5.000000e+00	
975	3.016805e-03	0.000000e+00	0.000000e+00	5.000000e+00	
976	3.033583e-03	0.000000e+00	0.000000e+00	5.000000e+00	
977	3.067137e-03	0.000000e+00	0.000000e+00	5.000000e+00	
978	3.134246e-03	0.000000e+00	0.000000e+00	5.000000e+00	
979	3.268464e-03	0.000000e+00	0.000000e+00	5.000000e+00	
980	3.428464e-03	0.000000e+00	0.000000e+00	5.000000e+00	
981	3.500010e-03	0.000000e+00	0.000000e+00	5.000000e+00	
982	3.500011e-03	0.000000e+00	0.000000e+00	5.000000e+00	

Index   time            b1              b2              b3              
--------------------------------------------------------------------------------
983	3.500013e-03	0.000000e+00	0.000000e+00	5.000000e+00	
984	3.500017e-03	0.000000e+00	0.000000e+00	5.000000e+00	
985	3.500019e-03	0.000000e+00	0.000000e+00	5.000000e+00	
986	3.500019e-03	0.000000e+00	0.000000e+00	5.000000e+00	
987	3.500019e-03	0.000000e+00	0.000000e+00	5.000000e+00	
988	3.500019e-03	0.000000e+00	0.000000e+00	5.000000e+00	
989	3.500019e-03	0.000000e+00	0.000000e+00	5.000000e+00	
990	3.500019e-03	0.000000e+00	0.000000e+00	5.000000e+00	
991	3.500019e-03	0.000000e+00	0.000000e+00	5.000000e+00	
992	3.500019e-03	0.000000e+00	0.000000e+00	5.000000e+00	
993	3.500019e-03	0.000000e+00	0.000000e+00	5.000000e+00	
994	3.500019e-03	0.000000e+00	0.000000e+00	5.000000e+00	
995	3.500020e-03	0.000000e+00	0.000000e+00	5.000000e+00	
996	3.500020e-03	0.000000e+00	0.000000e+00	5.000000e+00	
997	3.500020e-03	0.000000e+00	0.000000e+00	5.000000e+00	
998	3.500020e-03	0.000000e+00	0.000000e+00	5.000000e+00	
999	3.500020e-03	0.000000e+00	0.000000e+00	5.000000e+00	
1000	3.500021e-03	0.000000e+00	0.000000e+00	5.000000e+00	
1001	3.500021e-03	0.000000e+00	0.000000e+00	5.000000e+00	
1002	3.500021e-03	0.000000e+00	0.000000e+00	5.000000e+00	
1003	3.500021e-03	0.000000e+00	0.000000e+00	5.000000e+00	
1004	3.500021e-03	0.000000e+00	0.000000e+00	5.000000e+00	
1005	3.500021e-03	0.000000e+00	0.000000e+00	5.000000e+00	
1006	3.500021e-03	0.000000e+00	0.000000e+00	5.000000e+00	
1007	3.500021e-03	0.000000e+00	0.000000e+00	5.000000e+00	
1008	3.500021e-03	0.000000e+00	0.000000e+00	5.000000e+00	
1009	3.500021e-03	0.000000e+00	0.000000e+00	5.000000e+00	
1010	3.500021e-03	0.000000e+00	0.000000e+00	5.000000e+00	
1011	3.500022e-03	0.000000e+00	0.000000e+00	5.000000e+00	
1012	3.500022e-03	0.000000e+00	0.000000e+00	5.000000e+00	
1013	3.500023e-03	0.000000e+00	0.000000e+00	5.000000e+00	
1014	3.500023e-03	0.000000e+00	0.000000e+00	5.000000e+00	
1015	3.500023e-03	0.000000e+00	0.000000e+00	5.000000e+00	
1016	3.500023e-03	0.000000e+00	0.000000e+00	5.000000e+00	
1017	3.500023e-03	0.000000e+00	0.000000e+00	5.000000e+00	
1018	3.500023e-03	0.000000e+00	0.000000e+00	5.000000e+00	
1019	3.500023e-03	0.000000e+00	0.000000e+00	5.000000e+00	
1020	3.500023e-03	0.000000e+00	0.000000e+00	5.000000e+00	
1021	3.500023e-03	0.000000e+00	0.000000e+00	5.000000e+00	
1022	3.500023e-03	0.000000e+00	0.000000e+00	5.000000e+00	
1023	3.500024e-03	0.000000e+00	0.000000e+00	5.000000e+00	
1024	3.500024e-03	0.000000e+00	0.000000e+00	5.000000e+00	
1025	3.500025e-03	0.000000e+00	0.000000e+00	5.000000e+00	
1026	3.500025e-03	0.000000e+00	0.000000e+00	5.000000e+00	
1027	3.500025e-03	0.000000e+00	0.000000e+00	5.000000e+00	
1028	3.500025e-03	0.000000e+00	0.000000e+00	5.000000e+00	
1029	3.500025e-03	0.000000e+00	0.000000e+00	5.000000e+00	
1030	3.500025e-03	0.000000e+00	0.000000e+00	5.000000e+00	
1031	3.500025e-03	0.000000e+00	0.000000e+00	5.000000e+00	
1032	3.500025e-03	0.000000e+00	0.000000e+00	5.000000e+00	
1033	3.500025e-03	0.000000e+00	0.000000e+00	5.000000e+00	
1034	3.500025e-03	0.000000e+00	0.000000e+00	5.000000e+00	
1035	3.500026e-03	0.000000e+00	0.000000e+00	5.000000e+00	
1036	3.500026e-03	0.000000e+00	0.000000e+00	5.000000e+00	
1037	3.500026e-03	0.000000e+00	0.000000e+00	5.000000e+00	
1038	3.500026e-03	0.000000e+00	0.000000e+00	5.000000e+00	
1039	3.500026e-03	0.000000e+00	0.000000e+00	5.000000e+00	
1040	3.500027e-03	0.000000e+00	0.000000e+00	5.000000e+00	

Index   time            b1              b2              b3              
--------------------------------------------------------------------------------
1041	3.500027e-03	0.000000e+00	0.000000e+00	5.000000e+00	
1042	3.500029e-03	0.000000e+00	0.000000e+00	5.000000e+00	
1043	3.500032e-03	0.000000e+00	0.000000e+00	5.000000e+00	
1044	3.500039e-03	0.000000e+00	0.000000e+00	5.000000e+00	
1045	3.500052e-03	0.000000e+00	0.000000e+00	5.000000e+00	
1046	3.500078e-03	0.000000e+00	0.000000e+00	5.000000e+00	
1047	3.500131e-03	0.000000e+00	0.000000e+00	5.000000e+00	
1048	3.500236e-03	0.000000e+00	0.000000e+00	5.000000e+00	
1049	3.500445e-03	0.000000e+00	0.000000e+00	5.000000e+00	
1050	3.500865e-03	0.000000e+00	0.000000e+00	5.000000e+00	
1051	3.501704e-03	0.000000e+00	0.000000e+00	5.000000e+00	
1052	3.503381e-03	0.000000e+00	0.000000e+00	5.000000e+00	
1053	3.506737e-03	0.000000e+00	0.000000e+00	5.000000e+00	
1054	3.513448e-03	0.000000e+00	0.000000e+00	5.000000e+00	
1055	3.526869e-03	0.000000e+00	0.000000e+00	5.000000e+00	
1056	3.553713e-03	0.000000e+00	0.000000e+00	5.000000e+00	
1057	3.607400e-03	0.000000e+00	0.000000e+00	5.000000e+00	
1058	3.714774e-03	0.000000e+00	0.000000e+00	5.000000e+00	
1059	3.874774e-03	0.000000e+00	0.000000e+00	5.000000e+00	
1060	4.000000e-03	0.000000e+00	0.000000e+00	5.000000e+00	
1061	4.000001e-03	5.000000e-01	5.000000e-01	5.000000e+00	
1062	4.000003e-03	1.500000e+00	1.500000e+00	5.000000e+00	
1063	4.000005e-03	2.500000e+00	2.500000e+00	5.000000e+00	
1064	4.000005e-03	2.505000e+00	2.505000e+00	5.000000e+00	
1065	4.000005e-03	2.515000e+00	2.515000e+00	5.000000e+00	
1066	4.000005e-03	2.535000e+00	2.535000e+00	5.000000e+00	
1067	4.000005e-03	2.550000e+00	2.550000e+00	5.000000e+00	
1068	4.000005e-03	2.554000e+00	2.554000e+00	5.000000e+00	
1069	4.000005e-03	2.562000e+00	2.562000e+00	5.000000e+00	
1070	4.000005e-03	2.578000e+00	2.578000e+00	5.000000e+00	
1071	4.000005e-03	2.610000e+00	2.610000e+00	5.000000e+00	
1072	4.000005e-03	2.674000e+00	2.674000e+00	5.000000e+00	
1073	4.000006e-03	2.802000e+00	2.802000e+00	5.000000e+00	
1074	4.000006e-03	3.000000e+00	3.000000e+00	5.000000e+00	
1075	4.000006e-03	3.005000e+00	3.005000e+00	5.000000e+00	
1076	4.000006e-03	3.015000e+00	3.015000e+00	5.000000e+00	
1077	4.000006e-03	3.035000e+00	3.035000e+00	5.000000e+00	
1078	4.000006e-03	3.050000e+00	3.050000e+00	5.000000e+00	
1079	4.000006e-03	3.054000e+00	3.054000e+00	5.000000e+00	
1080	4.000006e-03	3.062000e+00	3.062000e+00	5.000000e+00	
1081	4.000006e-03	3.078000e+00	3.078000e+00	5.000000e+00	
1082	4.000006e-03	3.110000e+00	3.110000e+00	5.000000e+00	
1083	4.000006e-03	3.174000e+00	3.174000e+00	5.000000e+00	
1084	4.000007e-03	3.302000e+00	3.302000e+00	5.000000e+00	
1085	4.000007e-03	3.500000e+00	3.500000e+00	5.000000e+00	
1086	4.000007e-03	3.505000e+00	3.505000e+00	5.000000e+00	
1087	4.000007e-03	3.515000e+00	3.515000e+00	5.000000e+00	
1088	4.000007e-03	3.535000e+00	3.535000e+00	5.000000e+00	
1089	4.000007e-03	3.550000e+00	3.550000e+00	5.000000e+00	
1090	4.000007e-03	3.554000e+00	3.554000e+00	5.000000e+00	
1091	4.000007e-03	3.562000e+00	3.562000e+00	5.000000e+00	
1092	4.000007e-03	3.578000e+00	3.578000e+00	5.000000e+00	
1093	4.000007e-03	3.610000e+00	3.610000e+00	5.000000e+00	
1094	4.000007e-03	3.674000e+00	3.674000e+00	5.000000e+00	
1095	4.000008e-03	3.802000e+00	3.802000e+00	5.000000e+00	
1096	4.000008e-03	4.000000e+00	4.000000e+00	5.000000e+00	
1097	4.000008e-03	4.025600e+00	4.025600e+00	5.000000e+00	
1098	4.000008e-03	4.076800e+00	4.076800e+00	5.000000e+00	

Index   time            b1              b2              b3              
--------------------------------------------------------------------------------
1099	4.000008e-03	4.179200e+00	4.179200e+00	5.000000e+00	
1100	4.000009e-03	4.384000e+00	4.384000e+00	5.000000e+00	
1101	4.000009e-03	4.450000e+00	4.450000e+00	5.000000e+00	
1102	4.000009e-03	4.490960e+00	4.490960e+00	5.000000e+00	
1103	4.000009e-03	4.500000e+00	4.500000e+00	5.000000e+00	
1104	4.000009e-03	4.505000e+00	4.505000e+00	5.000000e+00	
1105	4.000009e-03	4.515000e+00	4.515000e+00	5.000000e+00	
1106	4.000009e-03	4.535000e+00	4.535000e+00	5.000000e+00	
1107	4.000009e-03	4.550000e+00	4.550000e+00	5.000000e+00	
1108	4.000009e-03	4.554000e+00	4.554000e+00	5.000000e+00	
1109	4.000009e-03	4.562000e+00	4.562000e+00	5.000000e+00	
1110	4.000009e-03	4.578000e+00	4.578000e+00	5.000000e+00	
1111	4.000009e-03	4.610000e+00	4.610000e+00	5.000000e+00	
1112	4.000009e-03	4.674000e+00	4.674000e+00	5.000000e+00	
1113	4.000010e-03	4.802000e+00	4.802000e+00	5.000000e+00	
1114	4.000010e-03	5.000000e+00	5.000000e+00	5.000000e+00	
1115	4.000010e-03	5.000000e+00	5.000000e+00	4.974400e+00	
1116	4.000010e-03	5.000000e+00	5.000000e+00	4.923200e+00	
1117	4.000010e-03	5.000000e+00	5.000000e+00	4.820800e+00	
1118	4.000011e-03	5.000000e+00	5.000000e+00	4.616000e+00	
1119	4.000011e-03	5.000000e+00	5.000000e+00	4.500000e+00	
1120	4.000011e-03	5.000000e+00	5.000000e+00	4.495000e+00	
1121	4.000011e-03	5.000000e+00	5.000000e+00	4.485000e+00	
1122	4.000011e-03	5.000000e+00	5.000000e+00	4.465000e+00	
1123	4.000011e-03	5.000000e+00	5.000000e+00	4.450000e+00	
1124	4.000011e-03	5.000000e+00	5.000000e+00	4.446000e+00	
1125	4.000011e-03	5.000000e+00	5.000000e+00	4.438000e+00	
1126	4.000011e-03	5.000000e+00	5.000000e+00	4.422000e+00	
1127	4.000011e-03	5.000000e+00	5.000000e+00	4.390000e+00	
1128	4.000011e-03	5.000000e+00	5.000000e+00	4.326000e+00	
1129	4.000012e-03	5.000000e+00	5.000000e+00	4.198000e+00	
1130	4.000012e-03	5.000000e+00	5.000000e+00	3.942000e+00	
1131	4.000013e-03	5.000000e+00	5.000000e+00	3.500000e+00	
1132	4.000013e-03	5.000000e+00	5.000000e+00	3.495000e+00	
1133	4.000013e-03	5.000000e+00	5.000000e+00	3.485000e+00	
1134	4.000013e-03	5.000000e+00	5.000000e+00	3.465000e+00	
1135	4.000013e-03	5.000000e+00	5.000000e+00	3.450000e+00	
1136	4.000013e-03	5.000000e+00	5.000000e+00	3.446000e+00	
1137	4.000013e-03	5.000000e+00	5.000000e+00	3.438000e+00	
1138	4.000013e-03	5.000000e+00	5.000000e+00	3.422000e+00	
1139	4.000013e-03	5.000000e+00	5.000000e+00	3.390000e+00	
1140	4.000013e-03	5.000000e+00	5.000000e+00	3.326000e+00	
1141	4.000014e-03	5.000000e+00	5.000000e+00	3.198000e+00	
1142	4.000014e-03	5.000000e+00	5.000000e+00	2.942000e+00	
1143	4.000015e-03	5.000000e+00	5.000000e+00	2.500000e+00	
1144	4.000015e-03	5.000000e+00	5.000000e+00	2.495000e+00	
1145	4.000015e-03	5.000000e+00	5.000000e+00	2.485000e+00	
1146	4.000015e-03	5.000000e+00	5.000000e+00	2.465000e+00	
1147	4.000015e-03	5.000000e+00	5.000000e+00	2.450000e+00	
1148	4.000015e-03	5.000000e+00	5.000000e+00	2.446000e+00	
1149	4.000015e-03	5.000000e+00	5.000000e+00	2.438000e+00	
1150	4.000015e-03	5.000000e+00	5.000000e+00	2.422000e+00	
1151	4.000015e-03	5.000000e+00	5.000000e+00	2.390000e+00	
1152	4.000015e-03	5.000000e+00	5.000000e+00	2.326000e+00	
1153	4.000016e-03	5.000000e+00	5.000000e+00	2.198000e+00	
1154	4.000016e-03	5.000000e+00	5.000000e+00	1.942000e+00	
1155	4.000017e-03	5.000000e+00	5.000000e+00	1.500000e+00	
1156	4.000017e-03	5.000000e+00	5.000000e+00	1.495000e+00	

Index   time            b1              b2              b3              
--------------------------------------------------------------------------------
1157	4.000017e-03	5.000000e+00	5.000000e+00	1.485000e+00	
1158	4.000017e-03	5.000000e+00	5.000000e+00	1.465000e+00	
1159	4.000017e-03	5.000000e+00	5.000000e+00	1.450000e+00	
1160	4.000017e-03	5.000000e+00	5.000000e+00	1.446000e+00	
1161	4.000017e-03	5.000000e+00	5.000000e+00	1.438000e+00	
1162	4.000017e-03	5.000000e+00	5.000000e+00	1.422000e+00	
1163	4.000017e-03	5.000000e+00	5.000000e+00	1.390000e+00	
1164	4.000017e-03	5.000000e+00	5.000000e+00	1.326000e+00	
1165	4.000018e-03	5.000000e+00	5.000000e+00	1.198000e+00	
1166	4.000018e-03	5.000000e+00	5.000000e+00	9.420000e-01	
1167	4.000019e-03	5.000000e+00	5.000000e+00	4.420000e-01	
1168	4.000019e-03	5.000000e+00	5.000000e+00	4.370000e-01	
1169	4.000019e-03	5.000000e+00	5.000000e+00	4.270000e-01	
1170	4.000019e-03	5.000000e+00	5.000000e+00	4.070000e-01	
1171	4.000019e-03	5.000000e+00	5.000000e+00	3.920000e-01	
1172	4.000019e-03	5.000000e+00	5.000000e+00	3.880000e-01	
1173	4.000019e-03	5.000000e+00	5.000000e+00	3.800000e-01	
1174	4.000019e-03	5.000000e+00	5.000000e+00	3.640000e-01	
1175	4.000019e-03	5.000000e+00	5.000000e+00	3.320000e-01	
1176	4.000019e-03	5.000000e+00	5.000000e+00	2.680000e-01	
1177	4.000020e-03	5.000000e+00	5.000000e+00	1.400000e-01	
1178	4.000020e-03	5.000000e+00	5.000000e+00	0.000000e+00	
1179	4.000020e-03	5.000000e+00	5.000000e+00	0.000000e+00	
1180	4.000020e-03	5.000000e+00	5.000000e+00	0.000000e+00	
1181	4.000020e-03	5.000000e+00	5.000000e+00	0.000000e+00	
1182	4.000021e-03	5.000000e+00	5.000000e+00	0.000000e+00	
1183	4.000021e-03	5.000000e+00	5.000000e+00	0.000000e+00	
1184	4.000021e-03	5.000000e+00	5.000000e+00	0.000000e+00	
1185	4.000021e-03	5.000000e+00	5.000000e+00	0.000000e+00	
1186	4.000021e-03	5.000000e+00	5.000000e+00	0.000000e+00	
1187	4.000021e-03	5.000000e+00	5.000000e+00	0.000000e+00	
1188	4.000021e-03	5.000000e+00	5.000000e+00	0.000000e+00	
1189	4.000021e-03	5.000000e+00	5.000000e+00	0.000000e+00	
1190	4.000021e-03	5.000000e+00	5.000000e+00	0.000000e+00	
1191	4.000021e-03	5.000000e+00	5.000000e+00	0.000000e+00	
1192	4.000021e-03	5.000000e+00	5.000000e+00	0.000000e+00	
1193	4.000022e-03	5.000000e+00	5.000000e+00	0.000000e+00	
1194	4.000022e-03	5.000000e+00	5.000000e+00	0.000000e+00	
1195	4.000022e-03	5.000000e+00	5.000000e+00	0.000000e+00	
1196	4.000022e-03	5.000000e+00	5.000000e+00	0.000000e+00	
1197	4.000022e-03	5.000000e+00	5.000000e+00	0.000000e+00	
1198	4.000022e-03	5.000000e+00	5.000000e+00	0.000000e+00	
1199	4.000022e-03	5.000000e+00	5.000000e+00	0.000000e+00	
1200	4.000022e-03	5.000000e+00	5.000000e+00	0.000000e+00	
1201	4.000022e-03	5.000000e+00	5.000000e+00	0.000000e+00	
1202	4.000022e-03	5.000000e+00	5.000000e+00	0.000000e+00	
1203	4.000022e-03	5.000000e+00	5.000000e+00	0.000000e+00	
1204	4.000023e-03	5.000000e+00	5.000000e+00	0.000000e+00	
1205	4.000023e-03	5.000000e+00	5.000000e+00	0.000000e+00	
1206	4.000024e-03	5.000000e+00	5.000000e+00	0.000000e+00	
1207	4.000024e-03	5.000000e+00	5.000000e+00	0.000000e+00	
1208	4.000024e-03	5.000000e+00	5.000000e+00	0.000000e+00	
1209	4.000024e-03	5.000000e+00	5.000000e+00	0.000000e+00	
1210	4.000024e-03	5.000000e+00	5.000000e+00	0.000000e+00	
1211	4.000024e-03	5.000000e+00	5.000000e+00	0.000000e+00	
1212	4.000024e-03	5.000000e+00	5.000000e+00	0.000000e+00	
1213	4.000024e-03	5.000000e+00	5.000000e+00	0.000000e+00	
1214	4.000024e-03	5.000000e+00	5.000000e+00	0.000000e+00	

Index   time            b1              b2              b3              
--------------------------------------------------------------------------------
1215	4.000024e-03	5.000000e+00	5.000000e+00	0.000000e+00	
1216	4.000025e-03	5.000000e+00	5.000000e+00	0.000000e+00	
1217	4.000025e-03	5.000000e+00	5.000000e+00	0.000000e+00	
1218	4.000026e-03	5.000000e+00	5.000000e+00	0.000000e+00	
1219	4.000028e-03	5.000000e+00	5.000000e+00	0.000000e+00	
1220	4.000032e-03	5.000000e+00	5.000000e+00	0.000000e+00	
1221	4.000041e-03	5.000000e+00	5.000000e+00	0.000000e+00	
1222	4.000057e-03	5.000000e+00	5.000000e+00	0.000000e+00	
1223	4.000090e-03	5.000000e+00	5.000000e+00	0.000000e+00	
1224	4.000155e-03	5.000000e+00	5.000000e+00	0.000000e+00	
1225	4.000286e-03	5.000000e+00	5.000000e+00	0.000000e+00	
1226	4.000548e-03	5.000000e+00	5.000000e+00	0.000000e+00	
1227	4.001073e-03	5.000000e+00	5.000000e+00	0.000000e+00	
1228	4.002121e-03	5.000000e+00	5.000000e+00	0.000000e+00	
1229	4.004219e-03	5.000000e+00	5.000000e+00	0.000000e+00	
1230	4.008413e-03	5.000000e+00	5.000000e+00	0.000000e+00	
1231	4.016801e-03	5.000000e+00	5.000000e+00	0.000000e+00	
1232	4.033579e-03	5.000000e+00	5.000000e+00	0.000000e+00	
1233	4.067133e-03	5.000000e+00	5.000000e+00	0.000000e+00	
1234	4.134242e-03	5.000000e+00	5.000000e+00	0.000000e+00	
1235	4.268460e-03	5.000000e+00	5.000000e+00	0.000000e+00	
1236	4.428460e-03	5.000000e+00	5.000000e+00	0.000000e+00	
1237	4.500010e-03	5.000000e+00	5.000000e+00	0.000000e+00	
1238	4.500011e-03	5.000000e+00	5.000000e+00	0.000000e+00	
1239	4.500013e-03	5.000000e+00	5.000000e+00	0.000000e+00	
1240	4.500017e-03	5.000000e+00	5.000000e+00	0.000000e+00	
1241	4.500019e-03	5.000000e+00	5.000000e+00	0.000000e+00	
1242	4.500019e-03	5.000000e+00	5.000000e+00	0.000000e+00	
1243	4.500019e-03	5.000000e+00	5.000000e+00	0.000000e+00	
1244	4.500019e-03	5.000000e+00	5.000000e+00	0.000000e+00	
1245	4.500019e-03	5.000000e+00	5.000000e+00	0.000000e+00	
1246	4.500019e-03	5.000000e+00	5.000000e+00	0.000000e+00	
1247	4.500019e-03	5.000000e+00	5.000000e+00	0.000000e+00	
1248	4.500019e-03	5.000000e+00	5.000000e+00	0.000000e+00	
1249	4.500019e-03	5.000000e+00	5.000000e+00	0.000000e+00	
1250	4.500019e-03	5.000000e+00	5.000000e+00	0.000000e+00	
1251	4.500020e-03	5.000000e+00	5.000000e+00	0.000000e+00	
1252	4.500020e-03	5.000000e+00	5.000000e+00	0.000000e+00	
1253	4.500020e-03	5.000000e+00	5.000000e+00	0.000000e+00	
1254	4.500020e-03	5.000000e+00	5.000000e+00	0.000000e+00	
1255	4.500020e-03	5.000000e+00	5.000000e+00	0.000000e+00	
1256	4.500021e-03	5.000000e+00	5.000000e+00	0.000000e+00	
1257	4.500021e-03	5.000000e+00	5.000000e+00	0.000000e+00	
1258	4.500021e-03	5.000000e+00	5.000000e+00	0.000000e+00	
1259	4.500021e-03	5.000000e+00	5.000000e+00	0.000000e+00	
1260	4.500021e-03	5.000000e+00	5.000000e+00	0.000000e+00	
1261	4.500021e-03	5.000000e+00	5.000000e+00	0.000000e+00	
1262	4.500021e-03	5.000000e+00	5.000000e+00	0.000000e+00	
1263	4.500021e-03	5.000000e+00	5.000000e+00	0.000000e+00	
1264	4.500021e-03	5.000000e+00	5.000000e+00	0.000000e+00	
1265	4.500021e-03	5.000000e+00	5.000000e+00	0.000000e+00	
1266	4.500021e-03	5.000000e+00	5.000000e+00	0.000000e+00	
1267	4.500022e-03	5.000000e+00	5.000000e+00	0.000000e+00	
1268	4.500022e-03	5.000000e+00	5.000000e+00	0.000000e+00	
1269	4.500023e-03	5.000000e+00	5.000000e+00	0.000000e+00	
1270	4.500023e-03	5.000000e+00	5.000000e+00	0.000000e+00	
1271	4.500023e-03	5.000000e+00	5.000000e+00	0.000000e+00	
1272	4.500023e-03	5.000000e+00	5.000000e+00	0.000000e+00	

Index   time            b1              b2              b3              
--------------------------------------------------------------------------------
1273	4.500023e-03	5.000000e+00	5.000000e+00	0.000000e+00	
1274	4.500023e-03	5.000000e+00	5.000000e+00	0.000000e+00	
1275	4.500023e-03	5.000000e+00	5.000000e+00	0.000000e+00	
1276	4.500023e-03	5.000000e+00	5.000000e+00	0.000000e+00	
1277	4.500023e-03	5.000000e+00	5.000000e+00	0.000000e+00	
1278	4.500023e-03	5.000000e+00	5.000000e+00	0.000000e+00	
1279	4.500024e-03	5.000000e+00	5.000000e+00	0.000000e+00	
1280	4.500024e-03	5.000000e+00	5.000000e+00	0.000000e+00	
1281	4.500024e-03	5.000000e+00	5.000000e+00	0.000000e+00	
1282	4.500024e-03	5.000000e+00	5.000000e+00	0.000000e+00	
1283	4.500024e-03	5.000000e+00	5.000000e+00	0.000000e+00	
1284	4.500025e-03	5.000000e+00	5.000000e+00	0.000000e+00	
1285	4.500025e-03	5.000000e+00	5.000000e+00	0.000000e+00	
1286	4.500025e-03	5.000000e+00	5.000000e+00	0.000000e+00	
1287	4.500025e-03	5.000000e+00	5.000000e+00	0.000000e+00	
1288	4.500025e-03	5.000000e+00	5.000000e+00	0.000000e+00	
1289	4.500025e-03	5.000000e+00	5.000000e+00	0.000000e+00	
1290	4.500025e-03	5.000000e+00	5.000000e+00	0.000000e+00	
1291	4.500025e-03	5.000000e+00	5.000000e+00	0.000000e+00	
1292	4.500026e-03	5.000000e+00	5.000000e+00	0.000000e+00	
1293	4.500026e-03	5.000000e+00	5.000000e+00	0.000000e+00	
1294	4.500026e-03	5.000000e+00	5.000000e+00	0.000000e+00	
1295	4.500026e-03	5.000000e+00	5.000000e+00	0.000000e+00	
1296	4.500026e-03	5.000000e+00	5.000000e+00	0.000000e+00	
1297	4.500027e-03	5.000000e+00	5.000000e+00	0.000000e+00	
1298	4.500028e-03	5.000000e+00	5.000000e+00	0.000000e+00	
1299	4.500029e-03	5.000000e+00	5.000000e+00	0.000000e+00	
1300	4.500033e-03	5.000000e+00	5.000000e+00	0.000000e+00	
1301	4.500039e-03	5.000000e+00	5.000000e+00	0.000000e+00	
1302	4.500053e-03	5.000000e+00	5.000000e+00	0.000000e+00	
1303	4.500080e-03	5.000000e+00	5.000000e+00	0.000000e+00	
1304	4.500133e-03	5.000000e+00	5.000000e+00	0.000000e+00	
1305	4.500241e-03	5.000000e+00	5.000000e+00	0.000000e+00	
1306	4.500455e-03	5.000000e+00	5.000000e+00	0.000000e+00	
1307	4.500885e-03	5.000000e+00	5.000000e+00	0.000000e+00	
1308	4.501744e-03	5.000000e+00	5.000000e+00	0.000000e+00	
1309	4.503462e-03	5.000000e+00	5.000000e+00	0.000000e+00	
1310	4.506898e-03	5.000000e+00	5.000000e+00	0.000000e+00	
1311	4.513770e-03	5.000000e+00	5.000000e+00	0.000000e+00	
1312	4.527514e-03	5.000000e+00	5.000000e+00	0.000000e+00	
1313	4.555001e-03	5.000000e+00	5.000000e+00	0.000000e+00	
1314	4.609977e-03	5.000000e+00	5.000000e+00	0.000000e+00	
1315	4.719928e-03	5.000000e+00	5.000000e+00	0.000000e+00	
1316	4.879928e-03	5.000000e+00	5.000000e+00	0.000000e+00	
1317	5.000000e-03	5.000000e+00	5.000000e+00	0.000000e+00	
1318	5.000001e-03	5.000000e+00	5.000000e+00	0.000000e+00	
1319	5.000003e-03	5.000000e+00	5.000000e+00	0.000000e+00	
1320	5.000005e-03	5.000000e+00	5.000000e+00	0.000000e+00	
1321	5.000005e-03	5.000000e+00	5.000000e+00	0.000000e+00	
1322	5.000005e-03	5.000000e+00	5.000000e+00	0.000000e+00	
1323	5.000005e-03	5.000000e+00	5.000000e+00	0.000000e+00	
1324	5.000005e-03	5.000000e+00	5.000000e+00	0.000000e+00	
1325	5.000005e-03	5.000000e+00	5.000000e+00	0.000000e+00	
1326	5.000005e-03	5.000000e+00	5.000000e+00	0.000000e+00	
1327	5.000005e-03	5.000000e+00	5.000000e+00	0.000000e+00	
1328	5.000005e-03	5.000000e+00	5.000000e+00	0.000000e+00	
1329	5.000005e-03	5.000000e+00	5.000000e+00	0.000000e+00	
1330	5.000006e-03	5.000000e+00	5.000000e+00	0.000000e+00	

Index   time            b1              b2              b3              
--------------------------------------------------------------------------------
1331	5.000006e-03	5.000000e+00	5.000000e+00	0.000000e+00	
1332	5.000007e-03	5.000000e+00	5.000000e+00	0.000000e+00	
1333	5.000007e-03	5.000000e+00	5.000000e+00	0.000000e+00	
1334	5.000007e-03	5.000000e+00	5.000000e+00	0.000000e+00	
1335	5.000007e-03	5.000000e+00	5.000000e+00	0.000000e+00	
1336	5.000007e-03	5.000000e+00	5.000000e+00	0.000000e+00	
1337	5.000007e-03	5.000000e+00	5.000000e+00	0.000000e+00	
1338	5.000007e-03	5.000000e+00	5.000000e+00	0.000000e+00	
1339	5.000007e-03	5.000000e+00	5.000000e+00	0.000000e+00	
1340	5.000007e-03	5.000000e+00	5.000000e+00	0.000000e+00	
1341	5.000007e-03	5.000000e+00	5.000000e+00	0.000000e+00	
1342	5.000008e-03	5.000000e+00	5.000000e+00	0.000000e+00	
1343	5.000008e-03	5.000000e+00	5.000000e+00	0.000000e+00	
1344	5.000008e-03	5.000000e+00	5.000000e+00	0.000000e+00	
1345	5.000008e-03	5.000000e+00	5.000000e+00	0.000000e+00	
1346	5.000008e-03	5.000000e+00	5.000000e+00	0.000000e+00	
1347	5.000008e-03	5.000000e+00	5.000000e+00	0.000000e+00	
1348	5.000008e-03	5.000000e+00	5.000000e+00	0.000000e+00	
1349	5.000008e-03	5.000000e+00	5.000000e+00	0.000000e+00	
1350	5.000008e-03	5.000000e+00	5.000000e+00	0.000000e+00	
1351	5.000009e-03	5.000000e+00	5.000000e+00	0.000000e+00	
1352	5.000009e-03	5.000000e+00	5.000000e+00	0.000000e+00	
1353	5.000009e-03	5.000000e+00	5.000000e+00	0.000000e+00	
1354	5.000009e-03	5.000000e+00	5.000000e+00	0.000000e+00	
1355	5.000009e-03	5.000000e+00	5.000000e+00	0.000000e+00	
1356	5.000009e-03	5.000000e+00	5.000000e+00	0.000000e+00	
1357	5.000009e-03	5.000000e+00	5.000000e+00	0.000000e+00	
1358	5.000009e-03	5.000000e+00	5.000000e+00	0.000000e+00	
1359	5.000009e-03	5.000000e+00	5.000000e+00	0.000000e+00	
1360	5.000009e-03	5.000000e+00	5.000000e+00	0.000000e+00	
1361	5.000009e-03	5.000000e+00	5.000000e+00	0.000000e+00	
1362	5.000009e-03	5.000000e+00	5.000000e+00	0.000000e+00	
1363	5.000009e-03	5.000000e+00	5.000000e+00	0.000000e+00	
1364	5.000010e-03	5.000000e+00	5.000000e+00	0.000000e+00	
1365	5.000010e-03	5.000000e+00	5.000000e+00	0.000000e+00	
1366	5.000010e-03	4.974400e+00	5.000000e+00	0.000000e+00	
1367	5.000010e-03	4.923200e+00	5.000000e+00	0.000000e+00	
1368	5.000010e-03	4.820800e+00	5.000000e+00	0.000000e+00	
1369	5.000011e-03	4.616000e+00	5.000000e+00	0.000000e+00	
1370	5.000011e-03	4.500000e+00	5.000000e+00	0.000000e+00	
1371	5.000011e-03	4.495000e+00	5.000000e+00	0.000000e+00	
1372	5.000011e-03	4.485000e+00	5.000000e+00	0.000000e+00	
1373	5.000011e-03	4.465000e+00	5.000000e+00	0.000000e+00	
1374	5.000011e-03	4.450000e+00	5.000000e+00	0.000000e+00	
1375	5.000011e-03	4.446000e+00	5.000000e+00	0.000000e+00	
1376	5.000011e-03	4.438000e+00	5.000000e+00	0.000000e+00	
1377	5.000011e-03	4.422000e+00	5.000000e+00	0.000000e+00	
1378	5.000011e-03	4.390000e+00	5.000000e+00	0.000000e+00	
1379	5.000011e-03	4.326000e+00	5.000000e+00	0.000000e+00	
1380	5.000012e-03	4.198000e+00	5.000000e+00	0.000000e+00	
1381	5.000012e-03	3.942000e+00	5.000000e+00	0.000000e+00	
1382	5.000013e-03	3.500000e+00	5.000000e+00	0.000000e+00	
1383	5.000013e-03	3.495000e+00	5.000000e+00	0.000000e+00	
1384	5.000013e-03	3.485000e+00	5.000000e+00	0.000000e+00	
1385	5.000013e-03	3.465000e+00	5.000000e+00	0.000000e+00	
1386	5.000013e-03	3.450000e+00	5.000000e+00	0.000000e+00	
1387	5.000013e-03	3.446000e+00	5.000000e+00	0.000000e+00	
1388	5.000013e-03	3.438000e+00	5.000000e+00	0.000000e+00	

Index   time            b1              b2              b3              
--------------------------------------------------------------------------------
1389	5.000013e-03	3.422000e+00	5.000000e+00	0.000000e+00	
1390	5.000013e-03	3.390000e+00	5.000000e+00	0.000000e+00	
1391	5.000013e-03	3.326000e+00	5.000000e+00	0.000000e+00	
1392	5.000014e-03	3.198000e+00	5.000000e+00	0.000000e+00	
1393	5.000014e-03	2.942000e+00	5.000000e+00	0.000000e+00	
1394	5.000015e-03	2.500000e+00	5.000000e+00	0.000000e+00	
1395	5.000015e-03	2.495000e+00	5.000000e+00	0.000000e+00	
1396	5.000015e-03	2.485000e+00	5.000000e+00	0.000000e+00	
1397	5.000015e-03	2.465000e+00	5.000000e+00	0.000000e+00	
1398	5.000015e-03	2.450000e+00	5.000000e+00	0.000000e+00	
1399	5.000015e-03	2.446000e+00	5.000000e+00	0.000000e+00	
1400	5.000015e-03	2.438000e+00	5.000000e+00	0.000000e+00	
1401	5.000015e-03	2.422000e+00	5.000000e+00	0.000000e+00	
1402	5.000015e-03	2.390000e+00	5.000000e+00	0.000000e+00	
1403	5.000015e-03	2.326000e+00	5.000000e+00	0.000000e+00	
1404	5.000016e-03	2.198000e+00	5.000000e+00	0.000000e+00	
1405	5.000016e-03	1.942000e+00	5.000000e+00	0.000000e+00	
1406	5.000017e-03	1.500000e+00	5.000000e+00	0.000000e+00	
1407	5.000017e-03	1.495000e+00	5.000000e+00	0.000000e+00	
1408	5.000017e-03	1.485000e+00	5.000000e+00	0.000000e+00	
1409	5.000017e-03	1.465000e+00	5.000000e+00	0.000000e+00	
1410	5.000017e-03	1.450000e+00	5.000000e+00	0.000000e+00	
1411	5.000017e-03	1.446000e+00	5.000000e+00	0.000000e+00	
1412	5.000017e-03	1.438000e+00	5.000000e+00	0.000000e+00	
1413	5.000017e-03	1.422000e+00	5.000000e+00	0.000000e+00	
1414	5.000017e-03	1.390000e+00	5.000000e+00	0.000000e+00	
1415	5.000017e-03	1.326000e+00	5.000000e+00	0.000000e+00	
1416	5.000018e-03	1.198000e+00	5.000000e+00	0.000000e+00	
1417	5.000018e-03	9.420000e-01	5.000000e+00	0.000000e+00	
1418	5.000019e-03	4.420000e-01	5.000000e+00	0.000000e+00	
1419	5.000019e-03	4.370000e-01	5.000000e+00	0.000000e+00	
1420	5.000019e-03	4.270000e-01	5.000000e+00	0.000000e+00	
1421	5.000019e-03	4.070000e-01	5.000000e+00	0.000000e+00	
1422	5.000019e-03	3.920000e-01	5.000000e+00	0.000000e+00	
1423	5.000019e-03	3.880000e-01	5.000000e+00	0.000000e+00	
1424	5.000019e-03	3.800000e-01	5.000000e+00	0.000000e+00	
1425	5.000019e-03	3.640000e-01	5.000000e+00	0.000000e+00	
1426	5.000019e-03	3.320000e-01	5.000000e+00	0.000000e+00	
1427	5.000019e-03	2.680000e-01	5.000000e+00	0.000000e+00	
1428	5.000020e-03	1.400000e-01	5.000000e+00	0.000000e+00	
1429	5.000020e-03	1.381188e-10	5.000000e+00	0.000000e+00	
1430	5.000020e-03	0.000000e+00	5.000000e+00	0.000000e+00	
1431	5.000020e-03	0.000000e+00	5.000000e+00	0.000000e+00	
1432	5.000020e-03	0.000000e+00	5.000000e+00	0.000000e+00	
1433	5.000021e-03	0.000000e+00	5.000000e+00	0.000000e+00	
1434	5.000021e-03	0.000000e+00	5.000000e+00	0.000000e+00	
1435	5.000021e-03	0.000000e+00	5.000000e+00	0.000000e+00	
1436	5.000021e-03	0.000000e+00	5.000000e+00	0.000000e+00	
1437	5.000021e-03	0.000000e+00	5.000000e+00	0.000000e+00	
1438	5.000021e-03	0.000000e+00	5.000000e+00	0.000000e+00	
1439	5.000021e-03	0.000000e+00	5.000000e+00	0.000000e+00	
1440	5.000021e-03	0.000000e+00	5.000000e+00	0.000000e+00	
1441	5.000021e-03	0.000000e+00	5.000000e+00	0.000000e+00	
1442	5.000021e-03	0.000000e+00	5.000000e+00	0.000000e+00	
1443	5.000021e-03	0.000000e+00	5.000000e+00	0.000000e+00	
1444	5.000022e-03	0.000000e+00	5.000000e+00	0.000000e+00	
1445	5.000022e-03	0.000000e+00	5.000000e+00	0.000000e+00	
1446	5.000022e-03	0.000000e+00	5.000000e+00	0.000000e+00	

Index   time            b1              b2              b3              
--------------------------------------------------------------------------------
1447	5.000022e-03	0.000000e+00	5.000000e+00	0.000000e+00	
1448	5.000022e-03	0.000000e+00	5.000000e+00	0.000000e+00	
1449	5.000022e-03	0.000000e+00	5.000000e+00	0.000000e+00	
1450	5.000022e-03	0.000000e+00	5.000000e+00	0.000000e+00	
1451	5.000022e-03	0.000000e+00	5.000000e+00	0.000000e+00	
1452	5.000022e-03	0.000000e+00	5.000000e+00	0.000000e+00	
1453	5.000022e-03	0.000000e+00	5.000000e+00	0.000000e+00	
1454	5.000022e-03	0.000000e+00	5.000000e+00	0.000000e+00	
1455	5.000023e-03	0.000000e+00	5.000000e+00	0.000000e+00	
1456	5.000023e-03	0.000000e+00	5.000000e+00	0.000000e+00	
1457	5.000023e-03	0.000000e+00	5.000000e+00	0.000000e+00	
1458	5.000023e-03	0.000000e+00	5.000000e+00	0.000000e+00	
1459	5.000023e-03	0.000000e+00	5.000000e+00	0.000000e+00	
1460	5.000023e-03	0.000000e+00	5.000000e+00	0.000000e+00	
1461	5.000023e-03	0.000000e+00	5.000000e+00	0.000000e+00	
1462	5.000023e-03	0.000000e+00	5.000000e+00	0.000000e+00	
1463	5.000023e-03	0.000000e+00	5.000000e+00	0.000000e+00	
1464	5.000023e-03	0.000000e+00	5.000000e+00	0.000000e+00	
1465	5.000023e-03	0.000000e+00	5.000000e+00	0.000000e+00	
1466	5.000024e-03	0.000000e+00	5.000000e+00	0.000000e+00	
1467	5.000024e-03	0.000000e+00	5.000000e+00	0.000000e+00	
1468	5.000024e-03	0.000000e+00	5.000000e+00	0.000000e+00	
1469	5.000024e-03	0.000000e+00	5.000000e+00	0.000000e+00	
1470	5.000024e-03	0.000000e+00	5.000000e+00	0.000000e+00	
1471	5.000024e-03	0.000000e+00	5.000000e+00	0.000000e+00	
1472	5.000024e-03	0.000000e+00	5.000000e+00	0.000000e+00	
1473	5.000024e-03	0.000000e+00	5.000000e+00	0.000000e+00	
1474	5.000024e-03	0.000000e+00	5.000000e+00	0.000000e+00	
1475	5.000024e-03	0.000000e+00	5.000000e+00	0.000000e+00	
1476	5.000024e-03	0.000000e+00	5.000000e+00	0.000000e+00	
1477	5.000025e-03	0.000000e+00	5.000000e+00	0.000000e+00	
1478	5.000025e-03	0.000000e+00	5.000000e+00	0.000000e+00	
1479	5.000026e-03	0.000000e+00	5.000000e+00	0.000000e+00	
1480	5.000026e-03	0.000000e+00	5.000000e+00	0.000000e+00	
1481	5.000026e-03	0.000000e+00	5.000000e+00	0.000000e+00	
1482	5.000026e-03	0.000000e+00	5.000000e+00	0.000000e+00	
1483	5.000026e-03	0.000000e+00	5.000000e+00	0.000000e+00	
1484	5.000026e-03	0.000000e+00	5.000000e+00	0.000000e+00	
1485	5.000026e-03	0.000000e+00	5.000000e+00	0.000000e+00	
1486	5.000026e-03	0.000000e+00	5.000000e+00	0.000000e+00	
1487	5.000026e-03	0.000000e+00	5.000000e+00	0.000000e+00	
1488	5.000026e-03	0.000000e+00	5.000000e+00	0.000000e+00	
1489	5.000027e-03	0.000000e+00	5.000000e+00	0.000000e+00	
1490	5.000027e-03	0.000000e+00	5.000000e+00	0.000000e+00	
1491	5.000028e-03	0.000000e+00	5.000000e+00	0.000000e+00	
1492	5.000028e-03	0.000000e+00	5.000000e+00	0.000000e+00	
1493	5.000028e-03	0.000000e+00	5.000000e+00	0.000000e+00	
1494	5.000028e-03	0.000000e+00	5.000000e+00	0.000000e+00	
1495	5.000028e-03	0.000000e+00	5.000000e+00	0.000000e+00	
1496	5.000028e-03	0.000000e+00	5.000000e+00	0.000000e+00	
1497	5.000028e-03	0.000000e+00	5.000000e+00	0.000000e+00	
1498	5.000028e-03	0.000000e+00	5.000000e+00	0.000000e+00	
1499	5.000028e-03	0.000000e+00	5.000000e+00	0.000000e+00	
1500	5.000028e-03	0.000000e+00	5.000000e+00	0.000000e+00	
1501	5.000029e-03	0.000000e+00	5.000000e+00	0.000000e+00	
1502	5.000029e-03	0.000000e+00	5.000000e+00	0.000000e+00	
1503	5.000030e-03	0.000000e+00	5.000000e+00	0.000000e+00	
1504	5.000032e-03	0.000000e+00	5.000000e+00	0.000000e+00	

Index   time            b1              b2              b3              
--------------------------------------------------------------------------------
1505	5.000036e-03	0.000000e+00	5.000000e+00	0.000000e+00	
1506	5.000045e-03	0.000000e+00	5.000000e+00	0.000000e+00	
1507	5.000061e-03	0.000000e+00	5.000000e+00	0.000000e+00	
1508	5.000094e-03	0.000000e+00	5.000000e+00	0.000000e+00	
1509	5.000159e-03	0.000000e+00	5.000000e+00	0.000000e+00	
1510	5.000290e-03	0.000000e+00	5.000000e+00	0.000000e+00	
1511	5.000552e-03	0.000000e+00	5.000000e+00	0.000000e+00	
1512	5.001077e-03	0.000000e+00	5.000000e+00	0.000000e+00	
1513	5.002125e-03	0.000000e+00	5.000000e+00	0.000000e+00	
1514	5.004223e-03	0.000000e+00	5.000000e+00	0.000000e+00	
1515	5.008417e-03	0.000000e+00	5.000000e+00	0.000000e+00	
1516	5.016805e-03	0.000000e+00	5.000000e+00	0.000000e+00	
1517	5.033583e-03	0.000000e+00	5.000000e+00	0.000000e+00	
1518	5.067137e-03	0.000000e+00	5.000000e+00	0.000000e+00	
1519	5.134246e-03	0.000000e+00	5.000000e+00	0.000000e+00	
1520	5.268464e-03	0.000000e+00	5.000000e+00	0.000000e+00	
1521	5.428464e-03	0.000000e+00	5.000000e+00	0.000000e+00	
1522	5.500010e-03	0.000000e+00	5.000000e+00	0.000000e+00	
1523	5.500011e-03	0.000000e+00	5.000000e+00	0.000000e+00	
1524	5.500013e-03	0.000000e+00	5.000000e+00	0.000000e+00	
1525	5.500017e-03	0.000000e+00	5.000000e+00	0.000000e+00	
1526	5.500019e-03	0.000000e+00	5.000000e+00	0.000000e+00	
1527	5.500019e-03	0.000000e+00	5.000000e+00	0.000000e+00	
1528	5.500019e-03	0.000000e+00	5.000000e+00	0.000000e+00	
1529	5.500019e-03	0.000000e+00	5.000000e+00	0.000000e+00	
1530	5.500019e-03	0.000000e+00	5.000000e+00	0.000000e+00	
1531	5.500019e-03	0.000000e+00	5.000000e+00	0.000000e+00	
1532	5.500019e-03	0.000000e+00	5.000000e+00	0.000000e+00	
1533	5.500019e-03	0.000000e+00	5.000000e+00	0.000000e+00	
1534	5.500019e-03	0.000000e+00	5.000000e+00	0.000000e+00	
1535	5.500019e-03	0.000000e+00	5.000000e+00	0.000000e+00	
1536	5.500020e-03	0.000000e+00	5.000000e+00	0.000000e+00	
1537	5.500020e-03	0.000000e+00	5.000000e+00	0.000000e+00	
1538	5.500020e-03	0.000000e+00	5.000000e+00	0.000000e+00	
1539	5.500020e-03	0.000000e+00	5.000000e+00	0.000000e+00	
1540	5.500020e-03	0.000000e+00	5.000000e+00	0.000000e+00	
1541	5.500021e-03	0.000000e+00	5.000000e+00	0.000000e+00	
1542	5.500021e-03	0.000000e+00	5.000000e+00	0.000000e+00	
1543	5.500021e-03	0.000000e+00	5.000000e+00	0.000000e+00	
1544	5.500021e-03	0.000000e+00	5.000000e+00	0.000000e+00	
1545	5.500021e-03	0.000000e+00	5.000000e+00	0.000000e+00	
1546	5.500021e-03	0.000000e+00	5.000000e+00	0.000000e+00	
1547	5.500021e-03	0.000000e+00	5.000000e+00	0.000000e+00	
1548	5.500021e-03	0.000000e+00	5.000000e+00	0.000000e+00	
1549	5.500021e-03	0.000000e+00	5.000000e+00	0.000000e+00	
1550	5.500021e-03	0.000000e+00	5.000000e+00	0.000000e+00	
1551	5.500021e-03	0.000000e+00	5.000000e+00	0.000000e+00	
1552	5.500022e-03	0.000000e+00	5.000000e+00	0.000000e+00	
1553	5.500022e-03	0.000000e+00	5.000000e+00	0.000000e+00	
1554	5.500023e-03	0.000000e+00	5.000000e+00	0.000000e+00	
1555	5.500023e-03	0.000000e+00	5.000000e+00	0.000000e+00	
1556	5.500023e-03	0.000000e+00	5.000000e+00	0.000000e+00	
1557	5.500023e-03	0.000000e+00	5.000000e+00	0.000000e+00	
1558	5.500023e-03	0.000000e+00	5.000000e+00	0.000000e+00	
1559	5.500023e-03	0.000000e+00	5.000000e+00	0.000000e+00	
1560	5.500023e-03	0.000000e+00	5.000000e+00	0.000000e+00	
1561	5.500023e-03	0.000000e+00	5.000000e+00	0.000000e+00	
1562	5.500023e-03	0.000000e+00	5.000000e+00	0.000000e+00	

Index   time            b1              b2              b3              
--------------------------------------------------------------------------------
1563	5.500023e-03	0.000000e+00	5.000000e+00	0.000000e+00	
1564	5.500024e-03	0.000000e+00	5.000000e+00	0.000000e+00	
1565	5.500024e-03	0.000000e+00	5.000000e+00	0.000000e+00	
1566	5.500024e-03	0.000000e+00	5.000000e+00	0.000000e+00	
1567	5.500024e-03	0.000000e+00	5.000000e+00	0.000000e+00	
1568	5.500024e-03	0.000000e+00	5.000000e+00	0.000000e+00	
1569	5.500025e-03	0.000000e+00	5.000000e+00	0.000000e+00	
1570	5.500025e-03	0.000000e+00	5.000000e+00	0.000000e+00	
1571	5.500025e-03	0.000000e+00	5.000000e+00	0.000000e+00	
1572	5.500025e-03	0.000000e+00	5.000000e+00	0.000000e+00	
1573	5.500025e-03	0.000000e+00	5.000000e+00	0.000000e+00	
1574	5.500025e-03	0.000000e+00	5.000000e+00	0.000000e+00	
1575	5.500025e-03	0.000000e+00	5.000000e+00	0.000000e+00	
1576	5.500025e-03	0.000000e+00	5.000000e+00	0.000000e+00	
1577	5.500025e-03	0.000000e+00	5.000000e+00	0.000000e+00	
1578	5.500025e-03	0.000000e+00	5.000000e+00	0.000000e+00	
1579	5.500025e-03	0.000000e+00	5.000000e+00	0.000000e+00	
1580	5.500025e-03	0.000000e+00	5.000000e+00	0.000000e+00	
1581	5.500025e-03	0.000000e+00	5.000000e+00	0.000000e+00	
1582	5.500026e-03	0.000000e+00	5.000000e+00	0.000000e+00	
1583	5.500026e-03	0.000000e+00	5.000000e+00	0.000000e+00	
1584	5.500026e-03	0.000000e+00	5.000000e+00	0.000000e+00	
1585	5.500026e-03	0.000000e+00	5.000000e+00	0.000000e+00	
1586	5.500026e-03	0.000000e+00	5.000000e+00	0.000000e+00	
1587	5.500027e-03	0.000000e+00	5.000000e+00	0.000000e+00	
1588	5.500027e-03	0.000000e+00	5.000000e+00	0.000000e+00	
1589	5.500029e-03	0.000000e+00	5.000000e+00	0.000000e+00	
1590	5.500032e-03	0.000000e+00	5.000000e+00	0.000000e+00	
1591	5.500039e-03	0.000000e+00	5.000000e+00	0.000000e+00	
1592	5.500052e-03	0.000000e+00	5.000000e+00	0.000000e+00	
1593	5.500078e-03	0.000000e+00	5.000000e+00	0.000000e+00	
1594	5.500131e-03	0.000000e+00	5.000000e+00	0.000000e+00	
1595	5.500236e-03	0.000000e+00	5.000000e+00	0.000000e+00	
1596	5.500445e-03	0.000000e+00	5.000000e+00	0.000000e+00	
1597	5.500865e-03	0.000000e+00	5.000000e+00	0.000000e+00	
1598	5.501704e-03	0.000000e+00	5.000000e+00	0.000000e+00	
1599	5.503381e-03	0.000000e+00	5.000000e+00	0.000000e+00	
1600	5.506737e-03	0.000000e+00	5.000000e+00	0.000000e+00	
1601	5.513448e-03	0.000000e+00	5.000000e+00	0.000000e+00	
1602	5.526869e-03	0.000000e+00	5.000000e+00	0.000000e+00	
1603	5.553713e-03	0.000000e+00	5.000000e+00	0.000000e+00	
1604	5.607400e-03	0.000000e+00	5.000000e+00	0.000000e+00	
1605	5.714774e-03	0.000000e+00	5.000000e+00	0.000000e+00	
1606	5.874774e-03	0.000000e+00	5.000000e+00	0.000000e+00	
1607	6.000000e-03	0.000000e+00	5.000000e+00	0.000000e+00	
1608	6.000001e-03	5.000000e-01	5.000000e+00	0.000000e+00	
1609	6.000003e-03	1.500000e+00	5.000000e+00	0.000000e+00	
1610	6.000005e-03	2.500000e+00	5.000000e+00	0.000000e+00	
1611	6.000005e-03	2.505000e+00	5.000000e+00	0.000000e+00	
1612	6.000005e-03	2.515000e+00	5.000000e+00	0.000000e+00	
1613	6.000005e-03	2.535000e+00	5.000000e+00	0.000000e+00	
1614	6.000005e-03	2.550000e+00	5.000000e+00	0.000000e+00	
1615	6.000005e-03	2.554000e+00	5.000000e+00	0.000000e+00	
1616	6.000005e-03	2.562000e+00	5.000000e+00	0.000000e+00	
1617	6.000005e-03	2.578000e+00	5.000000e+00	0.000000e+00	
1618	6.000005e-03	2.610000e+00	5.000000e+00	0.000000e+00	
1619	6.000005e-03	2.674000e+00	5.000000e+00	0.000000e+00	
1620	6.000006e-03	2.802000e+00	5.000000e+00	0.000000e+00	

Index   time            b1              b2              b3              
--------------------------------------------------------------------------------
1621	6.000006e-03	3.000000e+00	5.000000e+00	0.000000e+00	
1622	6.000006e-03	3.005000e+00	5.000000e+00	0.000000e+00	
1623	6.000006e-03	3.015000e+00	5.000000e+00	0.000000e+00	
1624	6.000006e-03	3.035000e+00	5.000000e+00	0.000000e+00	
1625	6.000006e-03	3.050000e+00	5.000000e+00	0.000000e+00	
1626	6.000006e-03	3.054000e+00	5.000000e+00	0.000000e+00	
1627	6.000006e-03	3.062000e+00	5.000000e+00	0.000000e+00	
1628	6.000006e-03	3.078000e+00	5.000000e+00	0.000000e+00	
1629	6.000006e-03	3.110000e+00	5.000000e+00	0.000000e+00	
1630	6.000006e-03	3.174000e+00	5.000000e+00	0.000000e+00	
1631	6.000007e-03	3.302000e+00	5.000000e+00	0.000000e+00	
1632	6.000007e-03	3.500000e+00	5.000000e+00	0.000000e+00	
1633	6.000007e-03	3.505000e+00	5.000000e+00	0.000000e+00	
1634	6.000007e-03	3.515000e+00	5.000000e+00	0.000000e+00	
1635	6.000007e-03	3.535000e+00	5.000000e+00	0.000000e+00	
1636	6.000007e-03	3.550000e+00	5.000000e+00	0.000000e+00	
1637	6.000007e-03	3.554000e+00	5.000000e+00	0.000000e+00	
1638	6.000007e-03	3.562000e+00	5.000000e+00	0.000000e+00	
1639	6.000007e-03	3.578000e+00	5.000000e+00	0.000000e+00	
1640	6.000007e-03	3.610000e+00	5.000000e+00	0.000000e+00	
1641	6.000007e-03	3.674000e+00	5.000000e+00	0.000000e+00	
1642	6.000008e-03	3.802000e+00	5.000000e+00	0.000000e+00	
1643	6.000008e-03	3.950000e+00	5.000000e+00	0.000000e+00	
1644	6.000008e-03	3.975600e+00	5.000000e+00	0.000000e+00	
1645	6.000008e-03	4.000000e+00	5.000000e+00	0.000000e+00	
1646	6.000008e-03	4.005120e+00	5.000000e+00	0.000000e+00	
1647	6.000008e-03	4.015360e+00	5.000000e+00	0.000000e+00	
1648	6.000008e-03	4.035840e+00	5.000000e+00	0.000000e+00	
1649	6.000008e-03	4.076800e+00	5.000000e+00	0.000000e+00	
1650	6.000008e-03	4.158720e+00	5.000000e+00	0.000000e+00	
1651	6.000009e-03	4.322560e+00	5.000000e+00	0.000000e+00	
1652	6.000009e-03	4.450000e+00	5.000000e+00	0.000000e+00	
1653	6.000009e-03	4.482768e+00	5.000000e+00	0.000000e+00	
1654	6.000009e-03	4.500000e+00	5.000000e+00	0.000000e+00	
1655	6.000009e-03	4.505000e+00	5.000000e+00	0.000000e+00	
1656	6.000009e-03	4.515000e+00	5.000000e+00	0.000000e+00	
1657	6.000009e-03	4.535000e+00	5.000000e+00	0.000000e+00	
1658	6.000009e-03	4.550000e+00	5.000000e+00	0.000000e+00	
1659	6.000009e-03	4.554000e+00	5.000000e+00	0.000000e+00	
1660	6.000009e-03	4.562000e+00	5.000000e+00	0.000000e+00	
1661	6.000009e-03	4.578000e+00	5.000000e+00	0.000000e+00	
1662	6.000009e-03	4.610000e+00	5.000000e+00	0.000000e+00	
1663	6.000009e-03	4.674000e+00	5.000000e+00	0.000000e+00	
1664	6.000010e-03	4.802000e+00	5.000000e+00	0.000000e+00	
1665	6.000010e-03	5.000000e+00	5.000000e+00	0.000000e+00	
1666	6.000010e-03	5.000000e+00	4.974400e+00	0.000000e+00	
1667	6.000010e-03	5.000000e+00	4.923200e+00	0.000000e+00	
1668	6.000010e-03	5.000000e+00	4.820800e+00	0.000000e+00	
1669	6.000011e-03	5.000000e+00	4.616000e+00	0.000000e+00	
1670	6.000011e-03	5.000000e+00	4.500000e+00	0.000000e+00	
1671	6.000011e-03	5.000000e+00	4.495000e+00	0.000000e+00	
1672	6.000011e-03	5.000000e+00	4.485000e+00	0.000000e+00	
1673	6.000011e-03	5.000000e+00	4.465000e+00	0.000000e+00	
1674	6.000011e-03	5.000000e+00	4.450000e+00	0.000000e+00	
1675	6.000011e-03	5.000000e+00	4.446000e+00	0.000000e+00	
1676	6.000011e-03	5.000000e+00	4.438000e+00	0.000000e+00	
1677	6.000011e-03	5.000000e+00	4.422000e+00	0.000000e+00	
1678	6.000011e-03	5.000000e+00	4.390000e+00	0.000000e+00	

Index   time            b1              b2              b3              
--------------------------------------------------------------------------------
1679	6.000011e-03	5.000000e+00	4.326000e+00	0.000000e+00	
1680	6.000012e-03	5.000000e+00	4.198000e+00	0.000000e+00	
1681	6.000012e-03	5.000000e+00	3.942000e+00	0.000000e+00	
1682	6.000013e-03	5.000000e+00	3.500000e+00	0.000000e+00	
1683	6.000013e-03	5.000000e+00	3.495000e+00	0.000000e+00	
1684	6.000013e-03	5.000000e+00	3.485000e+00	0.000000e+00	
1685	6.000013e-03	5.000000e+00	3.465000e+00	0.000000e+00	
1686	6.000013e-03	5.000000e+00	3.450000e+00	0.000000e+00	
1687	6.000013e-03	5.000000e+00	3.446000e+00	0.000000e+00	
1688	6.000013e-03	5.000000e+00	3.438000e+00	0.000000e+00	
1689	6.000013e-03	5.000000e+00	3.422000e+00	0.000000e+00	
1690	6.000013e-03	5.000000e+00	3.390000e+00	0.000000e+00	
1691	6.000013e-03	5.000000e+00	3.326000e+00	0.000000e+00	
1692	6.000014e-03	5.000000e+00	3.198000e+00	0.000000e+00	
1693	6.000014e-03	5.000000e+00	2.942000e+00	0.000000e+00	
1694	6.000015e-03	5.000000e+00	2.500000e+00	0.000000e+00	
1695	6.000015e-03	5.000000e+00	2.495000e+00	0.000000e+00	
1696	6.000015e-03	5.000000e+00	2.485000e+00	0.000000e+00	
1697	6.000015e-03	5.000000e+00	2.465000e+00	0.000000e+00	
1698	6.000015e-03	5.000000e+00	2.450000e+00	0.000000e+00	
1699	6.000015e-03	5.000000e+00	2.446000e+00	0.000000e+00	
1700	6.000015e-03	5.000000e+00	2.438000e+00	0.000000e+00	
1701	6.000015e-03	5.000000e+00	2.422000e+00	0.000000e+00	
1702	6.000015e-03	5.000000e+00	2.390000e+00	0.000000e+00	
1703	6.000015e-03	5.000000e+00	2.326000e+00	0.000000e+00	
1704	6.000016e-03	5.000000e+00	2.198000e+00	0.000000e+00	
1705	6.000016e-03	5.000000e+00	1.942000e+00	0.000000e+00	
1706	6.000017e-03	5.000000e+00	1.500000e+00	0.000000e+00	
1707	6.000017e-03	5.000000e+00	1.495000e+00	0.000000e+00	
1708	6.000017e-03	5.000000e+00	1.485000e+00	0.000000e+00	
1709	6.000017e-03	5.000000e+00	1.465000e+00	0.000000e+00	
1710	6.000017e-03	5.000000e+00	1.450000e+00	0.000000e+00	
1711	6.000017e-03	5.000000e+00	1.446000e+00	0.000000e+00	
1712	6.000017e-03	5.000000e+00	1.438000e+00	0.000000e+00	
1713	6.000017e-03	5.000000e+00	1.422000e+00	0.000000e+00	
1714	6.000017e-03	5.000000e+00	1.390000e+00	0.000000e+00	
1715	6.000017e-03	5.000000e+00	1.326000e+00	0.000000e+00	
1716	6.000018e-03	5.000000e+00	1.198000e+00	0.000000e+00	
1717	6.000018e-03	5.000000e+00	9.420000e-01	0.000000e+00	
1718	6.000019e-03	5.000000e+00	4.420000e-01	0.000000e+00	
1719	6.000019e-03	5.000000e+00	4.370000e-01	0.000000e+00	
1720	6.000019e-03	5.000000e+00	4.270000e-01	0.000000e+00	
1721	6.000019e-03	5.000000e+00	4.070000e-01	0.000000e+00	
1722	6.000019e-03	5.000000e+00	3.920000e-01	0.000000e+00	
1723	6.000019e-03	5.000000e+00	3.880000e-01	0.000000e+00	
1724	6.000019e-03	5.000000e+00	3.800000e-01	0.000000e+00	
1725	6.000019e-03	5.000000e+00	3.640000e-01	0.000000e+00	
1726	6.000019e-03	5.000000e+00	3.320000e-01	0.000000e+00	
1727	6.000019e-03	5.000000e+00	2.680000e-01	0.000000e+00	
1728	6.000020e-03	5.000000e+00	1.400000e-01	0.000000e+00	
1729	6.000020e-03	5.000000e+00	0.000000e+00	0.000000e+00	
1730	6.000020e-03	5.000000e+00	0.000000e+00	0.000000e+00	
1731	6.000020e-03	5.000000e+00	0.000000e+00	0.000000e+00	
1732	6.000020e-03	5.000000e+00	0.000000e+00	0.000000e+00	
1733	6.000021e-03	5.000000e+00	0.000000e+00	0.000000e+00	
1734	6.000021e-03	5.000000e+00	0.000000e+00	0.000000e+00	
1735	6.000021e-03	5.000000e+00	0.000000e+00	0.000000e+00	
1736	6.000021e-03	5.000000e+00	0.000000e+00	0.000000e+00	

Index   time            b1              b2              b3              
--------------------------------------------------------------------------------
1737	6.000021e-03	5.000000e+00	0.000000e+00	0.000000e+00	
1738	6.000021e-03	5.000000e+00	0.000000e+00	0.000000e+00	
1739	6.000021e-03	5.000000e+00	0.000000e+00	0.000000e+00	
1740	6.000021e-03	5.000000e+00	0.000000e+00	0.000000e+00	
1741	6.000021e-03	5.000000e+00	0.000000e+00	0.000000e+00	
1742	6.000021e-03	5.000000e+00	0.000000e+00	0.000000e+00	
1743	6.000021e-03	5.000000e+00	0.000000e+00	0.000000e+00	
1744	6.000022e-03	5.000000e+00	0.000000e+00	0.000000e+00	
1745	6.000022e-03	5.000000e+00	0.000000e+00	0.000000e+00	
1746	6.000022e-03	5.000000e+00	0.000000e+00	0.000000e+00	
1747	6.000022e-03	5.000000e+00	0.000000e+00	0.000000e+00	
1748	6.000022e-03	5.000000e+00	0.000000e+00	0.000000e+00	
1749	6.000022e-03	5.000000e+00	0.000000e+00	0.000000e+00	
1750	6.000022e-03	5.000000e+00	0.000000e+00	0.000000e+00	
1751	6.000022e-03	5.000000e+00	0.000000e+00	0.000000e+00	
1752	6.000022e-03	5.000000e+00	0.000000e+00	0.000000e+00	
1753	6.000022e-03	5.000000e+00	0.000000e+00	0.000000e+00	
1754	6.000022e-03	5.000000e+00	0.000000e+00	0.000000e+00	
1755	6.000023e-03	5.000000e+00	0.000000e+00	0.000000e+00	
1756	6.000023e-03	5.000000e+00	0.000000e+00	0.000000e+00	
1757	6.000024e-03	5.000000e+00	0.000000e+00	0.000000e+00	
1758	6.000024e-03	5.000000e+00	0.000000e+00	0.000000e+00	
1759	6.000024e-03	5.000000e+00	0.000000e+00	0.000000e+00	
1760	6.000024e-03	5.000000e+00	0.000000e+00	0.000000e+00	
1761	6.000024e-03	5.000000e+00	0.000000e+00	0.000000e+00	
1762	6.000024e-03	5.000000e+00	0.000000e+00	0.000000e+00	
1763	6.000024e-03	5.000000e+00	0.000000e+00	0.000000e+00	
1764	6.000024e-03	5.000000e+00	0.000000e+00	0.000000e+00	
1765	6.000024e-03	5.000000e+00	0.000000e+00	0.000000e+00	
1766	6.000024e-03	5.000000e+00	0.000000e+00	0.000000e+00	
1767	6.000025e-03	5.000000e+00	0.000000e+00	0.000000e+00	
1768	6.000025e-03	5.000000e+00	0.000000e+00	0.000000e+00	
1769	6.000026e-03	5.000000e+00	0.000000e+00	0.000000e+00	
1770	6.000026e-03	5.000000e+00	0.000000e+00	0.000000e+00	
1771	6.000026e-03	5.000000e+00	0.000000e+00	0.000000e+00	
1772	6.000026e-03	5.000000e+00	0.000000e+00	0.000000e+00	
1773	6.000026e-03	5.000000e+00	0.000000e+00	0.000000e+00	
1774	6.000026e-03	5.000000e+00	0.000000e+00	0.000000e+00	
1775	6.000026e-03	5.000000e+00	0.000000e+00	0.000000e+00	
1776	6.000026e-03	5.000000e+00	0.000000e+00	0.000000e+00	
1777	6.000026e-03	5.000000e+00	0.000000e+00	0.000000e+00	
1778	6.000026e-03	5.000000e+00	0.000000e+00	0.000000e+00	
1779	6.000027e-03	5.000000e+00	0.000000e+00	0.000000e+00	
1780	6.000027e-03	5.000000e+00	0.000000e+00	0.000000e+00	
1781	6.000028e-03	5.000000e+00	0.000000e+00	0.000000e+00	
1782	6.000030e-03	5.000000e+00	0.000000e+00	0.000000e+00	
1783	6.000034e-03	5.000000e+00	0.000000e+00	0.000000e+00	
1784	6.000043e-03	5.000000e+00	0.000000e+00	0.000000e+00	
1785	6.000059e-03	5.000000e+00	0.000000e+00	0.000000e+00	
1786	6.000092e-03	5.000000e+00	0.000000e+00	0.000000e+00	
1787	6.000157e-03	5.000000e+00	0.000000e+00	0.000000e+00	
1788	6.000288e-03	5.000000e+00	0.000000e+00	0.000000e+00	
1789	6.000550e-03	5.000000e+00	0.000000e+00	0.000000e+00	
1790	6.001075e-03	5.000000e+00	0.000000e+00	0.000000e+00	
1791	6.002123e-03	5.000000e+00	0.000000e+00	0.000000e+00	
1792	6.004221e-03	5.000000e+00	0.000000e+00	0.000000e+00	
1793	6.008415e-03	5.000000e+00	0.000000e+00	0.000000e+00	
1794	6.016803e-03	5.000000e+00	0.000000e+00	0.000000e+00	

Index   time            b1              b2              b3              
--------------------------------------------------------------------------------
1795	6.033581e-03	5.000000e+00	0.000000e+00	0.000000e+00	
1796	6.067135e-03	5.000000e+00	0.000000e+00	0.000000e+00	
1797	6.134244e-03	5.000000e+00	0.000000e+00	0.000000e+00	
1798	6.268462e-03	5.000000e+00	0.000000e+00	0.000000e+00	
1799	6.428462e-03	5.000000e+00	0.000000e+00	0.000000e+00	
1800	6.500010e-03	5.000000e+00	0.000000e+00	0.000000e+00	
1801	6.500011e-03	5.000000e+00	0.000000e+00	0.000000e+00	
1802	6.500013e-03	5.000000e+00	0.000000e+00	0.000000e+00	
1803	6.500017e-03	5.000000e+00	0.000000e+00	0.000000e+00	
1804	6.500019e-03	5.000000e+00	0.000000e+00	0.000000e+00	
1805	6.500019e-03	5.000000e+00	0.000000e+00	0.000000e+00	
1806	6.500019e-03	5.000000e+00	0.000000e+00	0.000000e+00	
1807	6.500019e-03	5.000000e+00	0.000000e+00	0.000000e+00	
1808	6.500019e-03	5.000000e+00	0.000000e+00	0.000000e+00	
1809	6.500019e-03	5.000000e+00	0.000000e+00	0.000000e+00	
1810	6.500019e-03	5.000000e+00	0.000000e+00	0.000000e+00	
1811	6.500019e-03	5.000000e+00	0.000000e+00	0.000000e+00	
1812	6.500019e-03	5.000000e+00	0.000000e+00	0.000000e+00	
1813	6.500019e-03	5.000000e+00	0.000000e+00	0.000000e+00	
1814	6.500020e-03	5.000000e+00	0.000000e+00	0.000000e+00	
1815	6.500020e-03	5.000000e+00	0.000000e+00	0.000000e+00	
1816	6.500020e-03	5.000000e+00	0.000000e+00	0.000000e+00	
1817	6.500020e-03	5.000000e+00	0.000000e+00	0.000000e+00	
1818	6.500020e-03	5.000000e+00	0.000000e+00	0.000000e+00	
1819	6.500021e-03	5.000000e+00	0.000000e+00	0.000000e+00	
1820	6.500021e-03	5.000000e+00	0.000000e+00	0.000000e+00	
1821	6.500021e-03	5.000000e+00	0.000000e+00	0.000000e+00	
1822	6.500021e-03	5.000000e+00	0.000000e+00	0.000000e+00	
1823	6.500021e-03	5.000000e+00	0.000000e+00	0.000000e+00	
1824	6.500021e-03	5.000000e+00	0.000000e+00	0.000000e+00	
1825	6.500021e-03	5.000000e+00	0.000000e+00	0.000000e+00	
1826	6.500021e-03	5.000000e+00	0.000000e+00	0.000000e+00	
1827	6.500021e-03	5.000000e+00	0.000000e+00	0.000000e+00	
1828	6.500021e-03	5.000000e+00	0.000000e+00	0.000000e+00	
1829	6.500021e-03	5.000000e+00	0.000000e+00	0.000000e+00	
1830	6.500022e-03	5.000000e+00	0.000000e+00	0.000000e+00	
1831	6.500022e-03	5.000000e+00	0.000000e+00	0.000000e+00	
1832	6.500023e-03	5.000000e+00	0.000000e+00	0.000000e+00	
1833	6.500023e-03	5.000000e+00	0.000000e+00	0.000000e+00	
1834	6.500023e-03	5.000000e+00	0.000000e+00	0.000000e+00	
1835	6.500023e-03	5.000000e+00	0.000000e+00	0.000000e+00	
1836	6.500023e-03	5.000000e+00	0.000000e+00	0.000000e+00	
1837	6.500023e-03	5.000000e+00	0.000000e+00	0.000000e+00	
1838	6.500023e-03	5.000000e+00	0.000000e+00	0.000000e+00	
1839	6.500023e-03	5.000000e+00	0.000000e+00	0.000000e+00	
1840	6.500023e-03	5.000000e+00	0.000000e+00	0.000000e+00	
1841	6.500023e-03	5.000000e+00	0.000000e+00	0.000000e+00	
1842	6.500024e-03	5.000000e+00	0.000000e+00	0.000000e+00	
1843	6.500024e-03	5.000000e+00	0.000000e+00	0.000000e+00	
1844	6.500024e-03	5.000000e+00	0.000000e+00	0.000000e+00	
1845	6.500024e-03	5.000000e+00	0.000000e+00	0.000000e+00	
1846	6.500024e-03	5.000000e+00	0.000000e+00	0.000000e+00	
1847	6.500025e-03	5.000000e+00	0.000000e+00	0.000000e+00	
1848	6.500025e-03	5.000000e+00	0.000000e+00	0.000000e+00	
1849	6.500025e-03	5.000000e+00	0.000000e+00	0.000000e+00	
1850	6.500025e-03	5.000000e+00	0.000000e+00	0.000000e+00	
1851	6.500025e-03	5.000000e+00	0.000000e+00	0.000000e+00	
1852	6.500025e-03	5.000000e+00	0.000000e+00	0.000000e+00	

Index   time            b1              b2              b3              
--------------------------------------------------------------------------------
1853	6.500025e-03	5.000000e+00	0.000000e+00	0.000000e+00	
1854	6.500025e-03	5.000000e+00	0.000000e+00	0.000000e+00	
1855	6.500025e-03	5.000000e+00	0.000000e+00	0.000000e+00	
1856	6.500025e-03	5.000000e+00	0.000000e+00	0.000000e+00	
1857	6.500025e-03	5.000000e+00	0.000000e+00	0.000000e+00	
1858	6.500025e-03	5.000000e+00	0.000000e+00	0.000000e+00	
1859	6.500025e-03	5.000000e+00	0.000000e+00	0.000000e+00	
1860	6.500026e-03	5.000000e+00	0.000000e+00	0.000000e+00	
1861	6.500026e-03	5.000000e+00	0.000000e+00	0.000000e+00	
1862	6.500027e-03	5.000000e+00	0.000000e+00	0.000000e+00	
1863	6.500029e-03	5.000000e+00	0.000000e+00	0.000000e+00	
1864	6.500033e-03	5.000000e+00	0.000000e+00	0.000000e+00	
1865	6.500041e-03	5.000000e+00	0.000000e+00	0.000000e+00	
1866	6.500058e-03	5.000000e+00	0.000000e+00	0.000000e+00	
1867	6.500091e-03	5.000000e+00	0.000000e+00	0.000000e+00	
1868	6.500156e-03	5.000000e+00	0.000000e+00	0.000000e+00	
1869	6.500287e-03	5.000000e+00	0.000000e+00	0.000000e+00	
1870	6.500549e-03	5.000000e+00	0.000000e+00	0.000000e+00	
1871	6.501074e-03	5.000000e+00	0.000000e+00	0.000000e+00	
1872	6.502122e-03	5.000000e+00	0.000000e+00	0.000000e+00	
1873	6.504219e-03	5.000000e+00	0.000000e+00	0.000000e+00	
1874	6.508414e-03	5.000000e+00	0.000000e+00	0.000000e+00	
1875	6.516802e-03	5.000000e+00	0.000000e+00	0.000000e+00	
1876	6.533580e-03	5.000000e+00	0.000000e+00	0.000000e+00	
1877	6.567134e-03	5.000000e+00	0.000000e+00	0.000000e+00	
1878	6.634243e-03	5.000000e+00	0.000000e+00	0.000000e+00	
1879	6.768461e-03	5.000000e+00	0.000000e+00	0.000000e+00	
1880	6.928461e-03	5.000000e+00	0.000000e+00	0.000000e+00	
1881	7.000000e-03	5.000000e+00	0.000000e+00	0.000000e+00	
1882	7.000001e-03	5.000000e+00	0.000000e+00	0.000000e+00	
1883	7.000003e-03	5.000000e+00	0.000000e+00	0.000000e+00	
1884	7.000005e-03	5.000000e+00	0.000000e+00	0.000000e+00	
1885	7.000005e-03	5.000000e+00	0.000000e+00	0.000000e+00	
1886	7.000005e-03	5.000000e+00	0.000000e+00	0.000000e+00	
1887	7.000005e-03	5.000000e+00	0.000000e+00	0.000000e+00	
1888	7.000005e-03	5.000000e+00	0.000000e+00	0.000000e+00	
1889	7.000005e-03	5.000000e+00	0.000000e+00	0.000000e+00	
1890	7.000005e-03	5.000000e+00	0.000000e+00	0.000000e+00	
1891	7.000005e-03	5.000000e+00	0.000000e+00	0.000000e+00	
1892	7.000005e-03	5.000000e+00	0.000000e+00	0.000000e+00	
1893	7.000005e-03	5.000000e+00	0.000000e+00	0.000000e+00	
1894	7.000006e-03	5.000000e+00	0.000000e+00	0.000000e+00	
1895	7.000006e-03	5.000000e+00	0.000000e+00	0.000000e+00	
1896	7.000007e-03	5.000000e+00	0.000000e+00	0.000000e+00	
1897	7.000007e-03	5.000000e+00	0.000000e+00	0.000000e+00	
1898	7.000007e-03	5.000000e+00	0.000000e+00	0.000000e+00	
1899	7.000007e-03	5.000000e+00	0.000000e+00	0.000000e+00	
1900	7.000007e-03	5.000000e+00	0.000000e+00	0.000000e+00	
1901	7.000007e-03	5.000000e+00	0.000000e+00	0.000000e+00	
1902	7.000007e-03	5.000000e+00	0.000000e+00	0.000000e+00	
1903	7.000007e-03	5.000000e+00	0.000000e+00	0.000000e+00	
1904	7.000007e-03	5.000000e+00	0.000000e+00	0.000000e+00	
1905	7.000007e-03	5.000000e+00	0.000000e+00	0.000000e+00	
1906	7.000008e-03	5.000000e+00	0.000000e+00	0.000000e+00	
1907	7.000008e-03	5.000000e+00	0.000000e+00	0.000000e+00	
1908	7.000008e-03	5.000000e+00	0.000000e+00	0.000000e+00	
1909	7.000008e-03	5.000000e+00	0.000000e+00	0.000000e+00	
1910	7.000008e-03	5.000000e+00	0.000000e+00	0.000000e+00	

Index   time            b1              b2              b3              
--------------------------------------------------------------------------------
1911	7.000009e-03	5.000000e+00	0.000000e+00	0.000000e+00	
1912	7.000009e-03	5.000000e+00	0.000000e+00	0.000000e+00	
1913	7.000009e-03	5.000000e+00	0.000000e+00	0.000000e+00	
1914	7.000009e-03	5.000000e+00	0.000000e+00	0.000000e+00	
1915	7.000009e-03	5.000000e+00	0.000000e+00	0.000000e+00	
1916	7.000009e-03	5.000000e+00	0.000000e+00	0.000000e+00	
1917	7.000009e-03	5.000000e+00	0.000000e+00	0.000000e+00	
1918	7.000009e-03	5.000000e+00	0.000000e+00	0.000000e+00	
1919	7.000009e-03	5.000000e+00	0.000000e+00	0.000000e+00	
1920	7.000009e-03	5.000000e+00	0.000000e+00	0.000000e+00	
1921	7.000009e-03	5.000000e+00	0.000000e+00	0.000000e+00	
1922	7.000010e-03	5.000000e+00	0.000000e+00	0.000000e+00	
1923	7.000010e-03	5.000000e+00	0.000000e+00	0.000000e+00	
1924	7.000010e-03	4.974400e+00	0.000000e+00	0.000000e+00	
1925	7.000010e-03	4.923200e+00	0.000000e+00	0.000000e+00	
1926	7.000010e-03	4.820800e+00	0.000000e+00	0.000000e+00	
1927	7.000011e-03	4.616000e+00	0.000000e+00	0.000000e+00	
1928	7.000011e-03	4.500000e+00	0.000000e+00	0.000000e+00	
1929	7.000011e-03	4.495000e+00	0.000000e+00	0.000000e+00	
1930	7.000011e-03	4.485000e+00	0.000000e+00	0.000000e+00	
1931	7.000011e-03	4.465000e+00	0.000000e+00	0.000000e+00	
1932	7.000011e-03	4.450000e+00	0.000000e+00	0.000000e+00	
1933	7.000011e-03	4.446000e+00	0.000000e+00	0.000000e+00	
1934	7.000011e-03	4.438000e+00	0.000000e+00	0.000000e+00	
1935	7.000011e-03	4.422000e+00	0.000000e+00	0.000000e+00	
1936	7.000011e-03	4.390000e+00	0.000000e+00	0.000000e+00	
1937	7.000011e-03	4.326000e+00	0.000000e+00	0.000000e+00	
1938	7.000012e-03	4.198000e+00	0.000000e+00	0.000000e+00	
1939	7.000012e-03	3.942000e+00	0.000000e+00	0.000000e+00	
1940	7.000013e-03	3.500000e+00	0.000000e+00	0.000000e+00	
1941	7.000013e-03	3.495000e+00	0.000000e+00	0.000000e+00	
1942	7.000013e-03	3.485000e+00	0.000000e+00	0.000000e+00	
1943	7.000013e-03	3.465000e+00	0.000000e+00	0.000000e+00	
1944	7.000013e-03	3.450000e+00	0.000000e+00	0.000000e+00	
1945	7.000013e-03	3.446000e+00	0.000000e+00	0.000000e+00	
1946	7.000013e-03	3.438000e+00	0.000000e+00	0.000000e+00	
1947	7.000013e-03	3.422000e+00	0.000000e+00	0.000000e+00	
1948	7.000013e-03	3.390000e+00	0.000000e+00	0.000000e+00	
1949	7.000013e-03	3.326000e+00	0.000000e+00	0.000000e+00	
1950	7.000014e-03	3.198000e+00	0.000000e+00	0.000000e+00	
1951	7.000014e-03	2.942000e+00	0.000000e+00	0.000000e+00	
1952	7.000015e-03	2.500000e+00	0.000000e+00	0.000000e+00	
1953	7.000015e-03	2.495000e+00	0.000000e+00	0.000000e+00	
1954	7.000015e-03	2.485000e+00	0.000000e+00	0.000000e+00	
1955	7.000015e-03	2.465000e+00	0.000000e+00	0.000000e+00	
1956	7.000015e-03	2.450000e+00	0.000000e+00	0.000000e+00	
1957	7.000015e-03	2.446000e+00	0.000000e+00	0.000000e+00	
1958	7.000015e-03	2.438000e+00	0.000000e+00	0.000000e+00	
1959	7.000015e-03	2.422000e+00	0.000000e+00	0.000000e+00	
1960	7.000015e-03	2.390000e+00	0.000000e+00	0.000000e+00	
1961	7.000015e-03	2.326000e+00	0.000000e+00	0.000000e+00	
1962	7.000016e-03	2.198000e+00	0.000000e+00	0.000000e+00	
1963	7.000016e-03	1.942000e+00	0.000000e+00	0.000000e+00	
1964	7.000017e-03	1.500000e+00	0.000000e+00	0.000000e+00	
1965	7.000017e-03	1.495000e+00	0.000000e+00	0.000000e+00	
1966	7.000017e-03	1.485000e+00	0.000000e+00	0.000000e+00	
1967	7.000017e-03	1.465000e+00	0.000000e+00	0.000000e+00	
1968	7.000017e-03	1.450000e+00	0.000000e+00	0.000000e+00	

Index   time            b1              b2              b3              
--------------------------------------------------------------------------------
1969	7.000017e-03	1.446000e+00	0.000000e+00	0.000000e+00	
1970	7.000017e-03	1.438000e+00	0.000000e+00	0.000000e+00	
1971	7.000017e-03	1.422000e+00	0.000000e+00	0.000000e+00	
1972	7.000017e-03	1.390000e+00	0.000000e+00	0.000000e+00	
1973	7.000017e-03	1.326000e+00	0.000000e+00	0.000000e+00	
1974	7.000018e-03	1.198000e+00	0.000000e+00	0.000000e+00	
1975	7.000018e-03	9.420000e-01	0.000000e+00	0.000000e+00	
1976	7.000019e-03	4.420000e-01	0.000000e+00	0.000000e+00	
1977	7.000019e-03	4.370000e-01	0.000000e+00	0.000000e+00	
1978	7.000019e-03	4.270000e-01	0.000000e+00	0.000000e+00	
1979	7.000019e-03	4.070000e-01	0.000000e+00	0.000000e+00	
1980	7.000019e-03	3.920000e-01	0.000000e+00	0.000000e+00	
1981	7.000019e-03	3.880000e-01	0.000000e+00	0.000000e+00	
1982	7.000019e-03	3.800000e-01	0.000000e+00	0.000000e+00	
1983	7.000019e-03	3.640000e-01	0.000000e+00	0.000000e+00	
1984	7.000019e-03	3.320000e-01	0.000000e+00	0.000000e+00	
1985	7.000019e-03	2.680000e-01	0.000000e+00	0.000000e+00	
1986	7.000020e-03	1.400000e-01	0.000000e+00	0.000000e+00	
1987	7.000020e-03	1.381188e-10	0.000000e+00	0.000000e+00	
1988	7.000020e-03	0.000000e+00	0.000000e+00	0.000000e+00	
1989	7.000020e-03	0.000000e+00	0.000000e+00	0.000000e+00	
1990	7.000020e-03	0.000000e+00	0.000000e+00	0.000000e+00	
1991	7.000021e-03	0.000000e+00	0.000000e+00	0.000000e+00	
1992	7.000021e-03	0.000000e+00	0.000000e+00	0.000000e+00	
1993	7.000021e-03	0.000000e+00	0.000000e+00	0.000000e+00	
1994	7.000021e-03	0.000000e+00	0.000000e+00	0.000000e+00	
1995	7.000021e-03	0.000000e+00	0.000000e+00	0.000000e+00	
1996	7.000021e-03	0.000000e+00	0.000000e+00	0.000000e+00	
1997	7.000021e-03	0.000000e+00	0.000000e+00	0.000000e+00	
1998	7.000021e-03	0.000000e+00	0.000000e+00	0.000000e+00	
1999	7.000021e-03	0.000000e+00	0.000000e+00	0.000000e+00	
2000	7.000021e-03	0.000000e+00	0.000000e+00	0.000000e+00	
2001	7.000021e-03	0.000000e+00	0.000000e+00	0.000000e+00	
2002	7.000022e-03	0.000000e+00	0.000000e+00	0.000000e+00	
2003	7.000022e-03	0.000000e+00	0.000000e+00	0.000000e+00	
2004	7.000022e-03	0.000000e+00	0.000000e+00	0.000000e+00	
2005	7.000022e-03	0.000000e+00	0.000000e+00	0.000000e+00	
2006	7.000022e-03	0.000000e+00	0.000000e+00	0.000000e+00	
2007	7.000022e-03	0.000000e+00	0.000000e+00	0.000000e+00	
2008	7.000022e-03	0.000000e+00	0.000000e+00	0.000000e+00	
2009	7.000022e-03	0.000000e+00	0.000000e+00	0.000000e+00	
2010	7.000022e-03	0.000000e+00	0.000000e+00	0.000000e+00	
2011	7.000022e-03	0.000000e+00	0.000000e+00	0.000000e+00	
2012	7.000022e-03	0.000000e+00	0.000000e+00	0.000000e+00	
2013	7.000023e-03	0.000000e+00	0.000000e+00	0.000000e+00	
2014	7.000023e-03	0.000000e+00	0.000000e+00	0.000000e+00	
2015	7.000023e-03	0.000000e+00	0.000000e+00	0.000000e+00	
2016	7.000023e-03	0.000000e+00	0.000000e+00	0.000000e+00	
2017	7.000023e-03	0.000000e+00	0.000000e+00	0.000000e+00	
2018	7.000023e-03	0.000000e+00	0.000000e+00	0.000000e+00	
2019	7.000023e-03	0.000000e+00	0.000000e+00	0.000000e+00	
2020	7.000023e-03	0.000000e+00	0.000000e+00	0.000000e+00	
2021	7.000023e-03	0.000000e+00	0.000000e+00	0.000000e+00	
2022	7.000023e-03	0.000000e+00	0.000000e+00	0.000000e+00	
2023	7.000023e-03	0.000000e+00	0.000000e+00	0.000000e+00	
2024	7.000024e-03	0.000000e+00	0.000000e+00	0.000000e+00	
2025	7.000024e-03	0.000000e+00	0.000000e+00	0.000000e+00	
2026	7.000024e-03	0.000000e+00	0.000000e+00	0.000000e+00	

Index   time            b1              b2              b3              
--------------------------------------------------------------------------------
2027	7.000024e-03	0.000000e+00	0.000000e+00	0.000000e+00	
2028	7.000024e-03	0.000000e+00	0.000000e+00	0.000000e+00	
2029	7.000024e-03	0.000000e+00	0.000000e+00	0.000000e+00	
2030	7.000024e-03	0.000000e+00	0.000000e+00	0.000000e+00	
2031	7.000024e-03	0.000000e+00	0.000000e+00	0.000000e+00	
2032	7.000024e-03	0.000000e+00	0.000000e+00	0.000000e+00	
2033	7.000024e-03	0.000000e+00	0.000000e+00	0.000000e+00	
2034	7.000024e-03	0.000000e+00	0.000000e+00	0.000000e+00	
2035	7.000025e-03	0.000000e+00	0.000000e+00	0.000000e+00	
2036	7.000025e-03	0.000000e+00	0.000000e+00	0.000000e+00	
2037	7.000026e-03	0.000000e+00	0.000000e+00	0.000000e+00	
2038	7.000026e-03	0.000000e+00	0.000000e+00	0.000000e+00	
2039	7.000026e-03	0.000000e+00	0.000000e+00	0.000000e+00	
2040	7.000026e-03	0.000000e+00	0.000000e+00	0.000000e+00	
2041	7.000026e-03	0.000000e+00	0.000000e+00	0.000000e+00	
2042	7.000026e-03	0.000000e+00	0.000000e+00	0.000000e+00	
2043	7.000026e-03	0.000000e+00	0.000000e+00	0.000000e+00	
2044	7.000026e-03	0.000000e+00	0.000000e+00	0.000000e+00	
2045	7.000026e-03	0.000000e+00	0.000000e+00	0.000000e+00	
2046	7.000026e-03	0.000000e+00	0.000000e+00	0.000000e+00	
2047	7.000027e-03	0.000000e+00	0.000000e+00	0.000000e+00	
2048	7.000027e-03	0.000000e+00	0.000000e+00	0.000000e+00	
2049	7.000028e-03	0.000000e+00	0.000000e+00	0.000000e+00	
2050	7.000028e-03	0.000000e+00	0.000000e+00	0.000000e+00	
2051	7.000028e-03	0.000000e+00	0.000000e+00	0.000000e+00	
2052	7.000028e-03	0.000000e+00	0.000000e+00	0.000000e+00	
2053	7.000028e-03	0.000000e+00	0.000000e+00	0.000000e+00	
2054	7.000028e-03	0.000000e+00	0.000000e+00	0.000000e+00	
2055	7.000028e-03	0.000000e+00	0.000000e+00	0.000000e+00	
2056	7.000028e-03	0.000000e+00	0.000000e+00	0.000000e+00	
2057	7.000028e-03	0.000000e+00	0.000000e+00	0.000000e+00	
2058	7.000028e-03	0.000000e+00	0.000000e+00	0.000000e+00	
2059	7.000029e-03	0.000000e+00	0.000000e+00	0.000000e+00	
2060	7.000029e-03	0.000000e+00	0.000000e+00	0.000000e+00	
2061	7.000030e-03	0.000000e+00	0.000000e+00	0.000000e+00	
2062	7.000032e-03	0.000000e+00	0.000000e+00	0.000000e+00	
2063	7.000036e-03	0.000000e+00	0.000000e+00	0.000000e+00	
2064	7.000045e-03	0.000000e+00	0.000000e+00	0.000000e+00	
2065	7.000061e-03	0.000000e+00	0.000000e+00	0.000000e+00	
2066	7.000094e-03	0.000000e+00	0.000000e+00	0.000000e+00	
2067	7.000159e-03	0.000000e+00	0.000000e+00	0.000000e+00	
2068	7.000290e-03	0.000000e+00	0.000000e+00	0.000000e+00	
2069	7.000552e-03	0.000000e+00	0.000000e+00	0.000000e+00	
2070	7.001077e-03	0.000000e+00	0.000000e+00	0.000000e+00	
2071	7.002125e-03	0.000000e+00	0.000000e+00	0.000000e+00	
2072	7.004223e-03	0.000000e+00	0.000000e+00	0.000000e+00	
2073	7.008417e-03	0.000000e+00	0.000000e+00	0.000000e+00	
2074	7.016805e-03	0.000000e+00	0.000000e+00	0.000000e+00	
2075	7.033583e-03	0.000000e+00	0.000000e+00	0.000000e+00	
2076	7.067137e-03	0.000000e+00	0.000000e+00	0.000000e+00	
2077	7.134246e-03	0.000000e+00	0.000000e+00	0.000000e+00	
2078	7.268464e-03	0.000000e+00	0.000000e+00	0.000000e+00	
2079	7.428464e-03	0.000000e+00	0.000000e+00	0.000000e+00	
2080	7.500010e-03	0.000000e+00	0.000000e+00	0.000000e+00	
2081	7.500011e-03	0.000000e+00	0.000000e+00	0.000000e+00	
2082	7.500013e-03	0.000000e+00	0.000000e+00	0.000000e+00	
2083	7.500017e-03	0.000000e+00	0.000000e+00	0.000000e+00	
2084	7.500019e-03	0.000000e+00	0.000000e+00	0.000000e+00	

Index   time            b1              b2              b3              
--------------------------------------------------------------------------------
2085	7.500019e-03	0.000000e+00	0.000000e+00	0.000000e+00	
2086	7.500019e-03	0.000000e+00	0.000000e+00	0.000000e+00	
2087	7.500019e-03	0.000000e+00	0.000000e+00	0.000000e+00	
2088	7.500019e-03	0.000000e+00	0.000000e+00	0.000000e+00	
2089	7.500019e-03	0.000000e+00	0.000000e+00	0.000000e+00	
2090	7.500019e-03	0.000000e+00	0.000000e+00	0.000000e+00	
2091	7.500019e-03	0.000000e+00	0.000000e+00	0.000000e+00	
2092	7.500019e-03	0.000000e+00	0.000000e+00	0.000000e+00	
2093	7.500019e-03	0.000000e+00	0.000000e+00	0.000000e+00	
2094	7.500020e-03	0.000000e+00	0.000000e+00	0.000000e+00	
2095	7.500020e-03	0.000000e+00	0.000000e+00	0.000000e+00	
2096	7.500020e-03	0.000000e+00	0.000000e+00	0.000000e+00	
2097	7.500020e-03	0.000000e+00	0.000000e+00	0.000000e+00	
2098	7.500020e-03	0.000000e+00	0.000000e+00	0.000000e+00	
2099	7.500021e-03	0.000000e+00	0.000000e+00	0.000000e+00	
2100	7.500021e-03	0.000000e+00	0.000000e+00	0.000000e+00	
2101	7.500021e-03	0.000000e+00	0.000000e+00	0.000000e+00	
2102	7.500021e-03	0.000000e+00	0.000000e+00	0.000000e+00	
2103	7.500021e-03	0.000000e+00	0.000000e+00	0.000000e+00	
2104	7.500021e-03	0.000000e+00	0.000000e+00	0.000000e+00	
2105	7.500021e-03	0.000000e+00	0.000000e+00	0.000000e+00	
2106	7.500021e-03	0.000000e+00	0.000000e+00	0.000000e+00	
2107	7.500021e-03	0.000000e+00	0.000000e+00	0.000000e+00	
2108	7.500021e-03	0.000000e+00	0.000000e+00	0.000000e+00	
2109	7.500021e-03	0.000000e+00	0.000000e+00	0.000000e+00	
2110	7.500022e-03	0.000000e+00	0.000000e+00	0.000000e+00	
2111	7.500022e-03	0.000000e+00	0.000000e+00	0.000000e+00	
2112	7.500023e-03	0.000000e+00	0.000000e+00	0.000000e+00	
2113	7.500023e-03	0.000000e+00	0.000000e+00	0.000000e+00	
2114	7.500023e-03	0.000000e+00	0.000000e+00	0.000000e+00	
2115	7.500023e-03	0.000000e+00	0.000000e+00	0.000000e+00	
2116	7.500023e-03	0.000000e+00	0.000000e+00	0.000000e+00	
2117	7.500023e-03	0.000000e+00	0.000000e+00	0.000000e+00	
2118	7.500023e-03	0.000000e+00	0.000000e+00	0.000000e+00	
2119	7.500023e-03	0.000000e+00	0.000000e+00	0.000000e+00	
2120	7.500023e-03	0.000000e+00	0.000000e+00	0.000000e+00	
2121	7.500023e-03	0.000000e+00	0.000000e+00	0.000000e+00	
2122	7.500024e-03	0.000000e+00	0.000000e+00	0.000000e+00	
2123	7.500024e-03	0.000000e+00	0.000000e+00	0.000000e+00	
2124	7.500025e-03	0.000000e+00	0.000000e+00	0.000000e+00	
2125	7.500025e-03	0.000000e+00	0.000000e+00	0.000000e+00	
2126	7.500025e-03	0.000000e+00	0.000000e+00	0.000000e+00	
2127	7.500025e-03	0.000000e+00	0.000000e+00	0.000000e+00	
2128	7.500025e-03	0.000000e+00	0.000000e+00	0.000000e+00	
2129	7.500025e-03	0.000000e+00	0.000000e+00	0.000000e+00	
2130	7.500025e-03	0.000000e+00	0.000000e+00	0.000000e+00	
2131	7.500025e-03	0.000000e+00	0.000000e+00	0.000000e+00	
2132	7.500025e-03	0.000000e+00	0.000000e+00	0.000000e+00	
2133	7.500025e-03	0.000000e+00	0.000000e+00	0.000000e+00	
2134	7.500026e-03	0.000000e+00	0.000000e+00	0.000000e+00	
2135	7.500026e-03	0.000000e+00	0.000000e+00	0.000000e+00	
2136	7.500027e-03	0.000000e+00	0.000000e+00	0.000000e+00	
2137	7.500029e-03	0.000000e+00	0.000000e+00	0.000000e+00	
2138	7.500033e-03	0.000000e+00	0.000000e+00	0.000000e+00	
2139	7.500041e-03	0.000000e+00	0.000000e+00	0.000000e+00	
2140	7.500058e-03	0.000000e+00	0.000000e+00	0.000000e+00	
2141	7.500091e-03	0.000000e+00	0.000000e+00	0.000000e+00	
2142	7.500156e-03	0.000000e+00	0.000000e+00	0.000000e+00	

Index   time            b1              b2              b3              
--------------------------------------------------------------------------------
2143	7.500287e-03	0.000000e+00	0.000000e+00	0.000000e+00	
2144	7.500549e-03	0.000000e+00	0.000000e+00	0.000000e+00	
2145	7.501074e-03	0.000000e+00	0.000000e+00	0.000000e+00	
2146	7.502122e-03	0.000000e+00	0.000000e+00	0.000000e+00	
2147	7.504219e-03	0.000000e+00	0.000000e+00	0.000000e+00	
2148	7.508414e-03	0.000000e+00	0.000000e+00	0.000000e+00	
2149	7.516802e-03	0.000000e+00	0.000000e+00	0.000000e+00	
2150	7.533580e-03	0.000000e+00	0.000000e+00	0.000000e+00	
2151	7.567134e-03	0.000000e+00	0.000000e+00	0.000000e+00	
2152	7.634243e-03	0.000000e+00	0.000000e+00	0.000000e+00	
2153	7.768461e-03	0.000000e+00	0.000000e+00	0.000000e+00	
2154	7.928461e-03	0.000000e+00	0.000000e+00	0.000000e+00	
2155	8.000000e-03	0.000000e+00	0.000000e+00	0.000000e+00	

                                kicad schematic
                                Transient Analysis  Tue Sep 16 20:45:52  2025
--------------------------------------------------------------------------------
Index   time            overflow        s0              s1              
--------------------------------------------------------------------------------
0	0.000000e+00	0.000000e+00	0.000000e+00	0.000000e+00	
1	1.000000e-10	0.000000e+00	0.000000e+00	0.000000e+00	
2	2.000000e-10	0.000000e+00	0.000000e+00	0.000000e+00	
3	4.000000e-10	0.000000e+00	0.000000e+00	0.000000e+00	
4	8.000000e-10	0.000000e+00	0.000000e+00	0.000000e+00	
5	1.600000e-09	0.000000e+00	0.000000e+00	0.000000e+00	
6	3.200000e-09	0.000000e+00	0.000000e+00	0.000000e+00	
7	5.200000e-09	0.000000e+00	0.000000e+00	0.000000e+00	
8	5.210000e-09	0.000000e+00	5.000000e-02	0.000000e+00	
9	5.230000e-09	0.000000e+00	1.500000e-01	0.000000e+00	
10	5.270000e-09	0.000000e+00	3.500000e-01	0.000000e+00	
11	5.300000e-09	0.000000e+00	5.000000e-01	0.000000e+00	
12	5.308000e-09	0.000000e+00	5.000000e-01	0.000000e+00	
13	5.324000e-09	0.000000e+00	5.000000e-01	0.000000e+00	
14	5.356000e-09	0.000000e+00	5.000000e-01	0.000000e+00	
15	5.420000e-09	0.000000e+00	5.000000e-01	0.000000e+00	
16	5.548000e-09	0.000000e+00	5.000000e-01	0.000000e+00	
17	5.804000e-09	0.000000e+00	5.000000e-01	0.000000e+00	
18	6.200000e-09	0.000000e+00	5.000000e-01	0.000000e+00	
19	6.210000e-09	0.000000e+00	5.000000e-01	5.000000e-02	
20	6.230000e-09	0.000000e+00	5.000000e-01	1.500000e-01	
21	6.270000e-09	0.000000e+00	5.000000e-01	3.500000e-01	
22	6.300000e-09	0.000000e+00	5.000000e-01	5.000000e-01	
23	6.308000e-09	0.000000e+00	5.000000e-01	5.000000e-01	
24	6.324000e-09	0.000000e+00	5.000000e-01	5.000000e-01	
25	6.356000e-09	0.000000e+00	5.000000e-01	5.000000e-01	
26	6.420000e-09	0.000000e+00	5.000000e-01	5.000000e-01	
27	6.548000e-09	0.000000e+00	5.000000e-01	5.000000e-01	
28	6.804000e-09	0.000000e+00	5.000000e-01	5.000000e-01	
29	7.316000e-09	0.000000e+00	5.000000e-01	5.000000e-01	
30	8.200000e-09	0.000000e+00	5.000000e-01	5.000000e-01	
31	8.210000e-09	5.000000e-02	5.000000e-01	5.000000e-01	
32	8.230000e-09	1.500000e-01	5.000000e-01	5.000000e-01	
33	8.270000e-09	3.500000e-01	5.000000e-01	5.000000e-01	
34	8.300000e-09	5.000000e-01	5.000000e-01	5.000000e-01	
35	8.308000e-09	5.000000e-01	5.000000e-01	5.000000e-01	
36	8.324000e-09	5.000000e-01	5.000000e-01	5.000000e-01	
37	8.356000e-09	5.000000e-01	5.000000e-01	5.000000e-01	
38	8.420000e-09	5.000000e-01	5.000000e-01	5.000000e-01	
39	8.548000e-09	5.000000e-01	5.000000e-01	5.000000e-01	
40	8.804000e-09	5.000000e-01	5.000000e-01	5.000000e-01	
41	9.200000e-09	5.000000e-01	5.000000e-01	5.000000e-01	
42	9.210000e-09	5.000000e-01	4.500000e-01	5.000000e-01	
43	9.230000e-09	5.000000e-01	3.500000e-01	5.000000e-01	
44	9.270000e-09	5.000000e-01	1.500000e-01	5.000000e-01	
45	9.300000e-09	5.000000e-01	0.000000e+00	5.000000e-01	
46	9.308000e-09	5.000000e-01	0.000000e+00	5.000000e-01	
47	9.324000e-09	5.000000e-01	0.000000e+00	5.000000e-01	
48	9.356000e-09	5.000000e-01	0.000000e+00	5.000000e-01	
49	9.420000e-09	5.000000e-01	0.000000e+00	5.000000e-01	
50	9.548000e-09	5.000000e-01	0.000000e+00	5.000000e-01	
51	9.804000e-09	5.000000e-01	0.000000e+00	5.000000e-01	
52	1.000000e-08	5.000000e-01	0.000000e+00	5.000000e-01	
53	1.005120e-08	5.000000e-01	0.000000e+00	5.000000e-01	
54	1.015360e-08	5.000000e-01	0.000000e+00	5.000000e-01	

Index   time            overflow        s0              s1              
--------------------------------------------------------------------------------
55	1.035840e-08	5.000000e-01	0.000000e+00	5.000000e-01	
56	1.076800e-08	5.000000e-01	0.000000e+00	5.000000e-01	
57	1.120000e-08	5.000000e-01	0.000000e+00	5.000000e-01	
58	1.121000e-08	5.000000e-01	0.000000e+00	4.500000e-01	
59	1.123000e-08	5.000000e-01	0.000000e+00	3.500000e-01	
60	1.127000e-08	5.000000e-01	0.000000e+00	1.500000e-01	
61	1.130000e-08	5.000000e-01	0.000000e+00	0.000000e+00	
62	1.130800e-08	5.000000e-01	0.000000e+00	0.000000e+00	
63	1.132400e-08	5.000000e-01	0.000000e+00	0.000000e+00	
64	1.135600e-08	5.000000e-01	0.000000e+00	0.000000e+00	
65	1.142000e-08	5.000000e-01	0.000000e+00	0.000000e+00	
66	1.154800e-08	5.000000e-01	0.000000e+00	0.000000e+00	
67	1.180400e-08	5.000000e-01	0.000000e+00	0.000000e+00	
68	1.231600e-08	5.000000e-01	0.000000e+00	0.000000e+00	
69	1.320000e-08	5.000000e-01	0.000000e+00	0.000000e+00	
70	1.321000e-08	5.000000e-01	0.000000e+00	0.000000e+00	
71	1.323000e-08	5.000000e-01	0.000000e+00	0.000000e+00	
72	1.327000e-08	5.000000e-01	0.000000e+00	0.000000e+00	
73	1.330000e-08	5.000000e-01	0.000000e+00	0.000000e+00	
74	1.330800e-08	5.000000e-01	0.000000e+00	0.000000e+00	
75	1.332400e-08	5.000000e-01	0.000000e+00	0.000000e+00	
76	1.335600e-08	5.000000e-01	0.000000e+00	0.000000e+00	
77	1.342000e-08	5.000000e-01	0.000000e+00	0.000000e+00	
78	1.354800e-08	5.000000e-01	0.000000e+00	0.000000e+00	
79	1.380400e-08	5.000000e-01	0.000000e+00	0.000000e+00	
80	1.431600e-08	5.000000e-01	0.000000e+00	0.000000e+00	
81	1.520000e-08	5.000000e-01	0.000000e+00	0.000000e+00	
82	1.521000e-08	5.000000e-01	0.000000e+00	0.000000e+00	
83	1.523000e-08	5.000000e-01	0.000000e+00	0.000000e+00	
84	1.527000e-08	5.000000e-01	0.000000e+00	0.000000e+00	
85	1.530000e-08	5.000000e-01	0.000000e+00	0.000000e+00	
86	1.530800e-08	5.000000e-01	0.000000e+00	0.000000e+00	
87	1.532400e-08	5.000000e-01	0.000000e+00	0.000000e+00	
88	1.535600e-08	5.000000e-01	0.000000e+00	0.000000e+00	
89	1.542000e-08	5.000000e-01	0.000000e+00	0.000000e+00	
90	1.554800e-08	5.000000e-01	0.000000e+00	0.000000e+00	
91	1.580400e-08	5.000000e-01	0.000000e+00	0.000000e+00	
92	1.631600e-08	5.000000e-01	0.000000e+00	0.000000e+00	
93	1.720000e-08	5.000000e-01	0.000000e+00	0.000000e+00	
94	1.721000e-08	4.500000e-01	0.000000e+00	0.000000e+00	
95	1.723000e-08	3.500000e-01	0.000000e+00	0.000000e+00	
96	1.727000e-08	1.500000e-01	0.000000e+00	0.000000e+00	
97	1.730000e-08	0.000000e+00	0.000000e+00	0.000000e+00	
98	1.730800e-08	0.000000e+00	0.000000e+00	0.000000e+00	
99	1.732400e-08	0.000000e+00	0.000000e+00	0.000000e+00	
100	1.735600e-08	0.000000e+00	0.000000e+00	0.000000e+00	
101	1.742000e-08	0.000000e+00	0.000000e+00	0.000000e+00	
102	1.754800e-08	0.000000e+00	0.000000e+00	0.000000e+00	
103	1.780400e-08	0.000000e+00	0.000000e+00	0.000000e+00	
104	1.831600e-08	0.000000e+00	0.000000e+00	0.000000e+00	
105	1.934000e-08	0.000000e+00	0.000000e+00	0.000000e+00	
106	2.138800e-08	0.000000e+00	0.000000e+00	0.000000e+00	
107	2.548400e-08	0.000000e+00	0.000000e+00	0.000000e+00	
108	3.367600e-08	0.000000e+00	0.000000e+00	0.000000e+00	
109	5.006000e-08	0.000000e+00	0.000000e+00	0.000000e+00	
110	8.282800e-08	0.000000e+00	0.000000e+00	0.000000e+00	
111	1.483640e-07	0.000000e+00	0.000000e+00	0.000000e+00	
112	2.794360e-07	0.000000e+00	0.000000e+00	0.000000e+00	

Index   time            overflow        s0              s1              
--------------------------------------------------------------------------------
113	5.415800e-07	0.000000e+00	0.000000e+00	0.000000e+00	
114	1.065868e-06	0.000000e+00	0.000000e+00	0.000000e+00	
115	2.114444e-06	0.000000e+00	0.000000e+00	0.000000e+00	
116	4.211596e-06	0.000000e+00	0.000000e+00	0.000000e+00	
117	8.405900e-06	0.000000e+00	0.000000e+00	0.000000e+00	
118	1.679451e-05	0.000000e+00	0.000000e+00	0.000000e+00	
119	3.357172e-05	0.000000e+00	0.000000e+00	0.000000e+00	
120	6.712616e-05	0.000000e+00	0.000000e+00	0.000000e+00	
121	1.342350e-04	0.000000e+00	0.000000e+00	0.000000e+00	
122	2.684527e-04	0.000000e+00	0.000000e+00	0.000000e+00	
123	4.284527e-04	0.000000e+00	0.000000e+00	0.000000e+00	
124	5.000100e-04	0.000000e+00	0.000000e+00	0.000000e+00	
125	5.000110e-04	0.000000e+00	0.000000e+00	0.000000e+00	
126	5.000130e-04	0.000000e+00	0.000000e+00	0.000000e+00	
127	5.000170e-04	0.000000e+00	0.000000e+00	0.000000e+00	
128	5.000190e-04	0.000000e+00	0.000000e+00	0.000000e+00	
129	5.000190e-04	0.000000e+00	5.000000e-02	0.000000e+00	
130	5.000190e-04	0.000000e+00	1.500000e-01	0.000000e+00	
131	5.000191e-04	0.000000e+00	3.500000e-01	0.000000e+00	
132	5.000191e-04	0.000000e+00	5.000000e-01	0.000000e+00	
133	5.000191e-04	0.000000e+00	5.000000e-01	0.000000e+00	
134	5.000191e-04	0.000000e+00	5.000000e-01	0.000000e+00	
135	5.000192e-04	0.000000e+00	5.000000e-01	0.000000e+00	
136	5.000192e-04	0.000000e+00	5.000000e-01	0.000000e+00	
137	5.000193e-04	0.000000e+00	5.000000e-01	0.000000e+00	
138	5.000196e-04	0.000000e+00	5.000000e-01	0.000000e+00	
139	5.000200e-04	0.000000e+00	5.000000e-01	0.000000e+00	
140	5.000201e-04	0.000000e+00	5.000000e-01	0.000000e+00	
141	5.000202e-04	0.000000e+00	5.000000e-01	0.000000e+00	
142	5.000204e-04	0.000000e+00	5.000000e-01	0.000000e+00	
143	5.000208e-04	0.000000e+00	5.000000e-01	0.000000e+00	
144	5.000210e-04	0.000000e+00	5.000000e-01	0.000000e+00	
145	5.000210e-04	0.000000e+00	5.000000e-01	5.000000e-02	
146	5.000210e-04	0.000000e+00	5.000000e-01	1.500000e-01	
147	5.000211e-04	0.000000e+00	5.000000e-01	3.500000e-01	
148	5.000211e-04	0.000000e+00	5.000000e-01	5.000000e-01	
149	5.000211e-04	0.000000e+00	5.000000e-01	5.000000e-01	
150	5.000211e-04	0.000000e+00	5.000000e-01	5.000000e-01	
151	5.000212e-04	0.000000e+00	5.000000e-01	5.000000e-01	
152	5.000212e-04	0.000000e+00	5.000000e-01	5.000000e-01	
153	5.000213e-04	0.000000e+00	5.000000e-01	5.000000e-01	
154	5.000216e-04	0.000000e+00	5.000000e-01	5.000000e-01	
155	5.000221e-04	0.000000e+00	5.000000e-01	5.000000e-01	
156	5.000230e-04	0.000000e+00	5.000000e-01	5.000000e-01	
157	5.000230e-04	5.000000e-02	4.500000e-01	4.500000e-01	
158	5.000230e-04	1.500000e-01	3.500000e-01	3.500000e-01	
159	5.000231e-04	3.500000e-01	1.500000e-01	1.500000e-01	
160	5.000231e-04	5.000000e-01	0.000000e+00	0.000000e+00	
161	5.000231e-04	5.000000e-01	0.000000e+00	0.000000e+00	
162	5.000231e-04	5.000000e-01	0.000000e+00	0.000000e+00	
163	5.000232e-04	5.000000e-01	0.000000e+00	0.000000e+00	
164	5.000232e-04	5.000000e-01	0.000000e+00	0.000000e+00	
165	5.000233e-04	5.000000e-01	0.000000e+00	0.000000e+00	
166	5.000236e-04	5.000000e-01	0.000000e+00	0.000000e+00	
167	5.000240e-04	5.000000e-01	0.000000e+00	0.000000e+00	
168	5.000240e-04	4.500000e-01	0.000000e+00	0.000000e+00	
169	5.000240e-04	3.500000e-01	0.000000e+00	0.000000e+00	
170	5.000241e-04	1.500000e-01	0.000000e+00	0.000000e+00	

Index   time            overflow        s0              s1              
--------------------------------------------------------------------------------
171	5.000241e-04	0.000000e+00	0.000000e+00	0.000000e+00	
172	5.000241e-04	0.000000e+00	0.000000e+00	0.000000e+00	
173	5.000241e-04	0.000000e+00	0.000000e+00	0.000000e+00	
174	5.000242e-04	0.000000e+00	0.000000e+00	0.000000e+00	
175	5.000242e-04	0.000000e+00	0.000000e+00	0.000000e+00	
176	5.000243e-04	0.000000e+00	0.000000e+00	0.000000e+00	
177	5.000246e-04	0.000000e+00	0.000000e+00	0.000000e+00	
178	5.000249e-04	0.000000e+00	0.000000e+00	0.000000e+00	
179	5.000250e-04	0.000000e+00	0.000000e+00	0.000000e+00	
180	5.000251e-04	0.000000e+00	0.000000e+00	0.000000e+00	
181	5.000253e-04	0.000000e+00	0.000000e+00	0.000000e+00	
182	5.000257e-04	0.000000e+00	0.000000e+00	0.000000e+00	
183	5.000265e-04	0.000000e+00	0.000000e+00	0.000000e+00	
184	5.000281e-04	0.000000e+00	0.000000e+00	0.000000e+00	
185	5.000314e-04	0.000000e+00	0.000000e+00	0.000000e+00	
186	5.000380e-04	0.000000e+00	0.000000e+00	0.000000e+00	
187	5.000511e-04	0.000000e+00	0.000000e+00	0.000000e+00	
188	5.000773e-04	0.000000e+00	0.000000e+00	0.000000e+00	
189	5.001297e-04	0.000000e+00	0.000000e+00	0.000000e+00	
190	5.002346e-04	0.000000e+00	0.000000e+00	0.000000e+00	
191	5.004443e-04	0.000000e+00	0.000000e+00	0.000000e+00	
192	5.008637e-04	0.000000e+00	0.000000e+00	0.000000e+00	
193	5.017026e-04	0.000000e+00	0.000000e+00	0.000000e+00	
194	5.033803e-04	0.000000e+00	0.000000e+00	0.000000e+00	
195	5.067357e-04	0.000000e+00	0.000000e+00	0.000000e+00	
196	5.134466e-04	0.000000e+00	0.000000e+00	0.000000e+00	
197	5.268684e-04	0.000000e+00	0.000000e+00	0.000000e+00	
198	5.537119e-04	0.000000e+00	0.000000e+00	0.000000e+00	
199	6.073990e-04	0.000000e+00	0.000000e+00	0.000000e+00	
200	7.147732e-04	0.000000e+00	0.000000e+00	0.000000e+00	
201	8.747732e-04	0.000000e+00	0.000000e+00	0.000000e+00	
202	1.000000e-03	0.000000e+00	0.000000e+00	0.000000e+00	
203	1.000001e-03	0.000000e+00	0.000000e+00	0.000000e+00	
204	1.000003e-03	0.000000e+00	0.000000e+00	0.000000e+00	
205	1.000005e-03	0.000000e+00	0.000000e+00	0.000000e+00	
206	1.000005e-03	0.000000e+00	5.000000e-02	0.000000e+00	
207	1.000005e-03	0.000000e+00	1.500000e-01	0.000000e+00	
208	1.000005e-03	0.000000e+00	3.500000e-01	0.000000e+00	
209	1.000005e-03	0.000000e+00	5.000000e-01	0.000000e+00	
210	1.000005e-03	0.000000e+00	5.000000e-01	0.000000e+00	
211	1.000005e-03	0.000000e+00	5.000000e-01	0.000000e+00	
212	1.000005e-03	0.000000e+00	5.000000e-01	0.000000e+00	
213	1.000005e-03	0.000000e+00	5.000000e-01	0.000000e+00	
214	1.000005e-03	0.000000e+00	5.000000e-01	0.000000e+00	
215	1.000006e-03	0.000000e+00	5.000000e-01	0.000000e+00	
216	1.000006e-03	0.000000e+00	5.000000e-01	0.000000e+00	
217	1.000007e-03	0.000000e+00	5.000000e-01	0.000000e+00	
218	1.000007e-03	0.000000e+00	5.000000e-01	5.000000e-02	
219	1.000007e-03	0.000000e+00	5.000000e-01	1.500000e-01	
220	1.000007e-03	0.000000e+00	5.000000e-01	3.500000e-01	
221	1.000007e-03	0.000000e+00	5.000000e-01	5.000000e-01	
222	1.000007e-03	0.000000e+00	5.000000e-01	5.000000e-01	
223	1.000007e-03	0.000000e+00	5.000000e-01	5.000000e-01	
224	1.000007e-03	0.000000e+00	5.000000e-01	5.000000e-01	
225	1.000007e-03	0.000000e+00	5.000000e-01	5.000000e-01	
226	1.000007e-03	0.000000e+00	5.000000e-01	5.000000e-01	
227	1.000008e-03	0.000000e+00	5.000000e-01	5.000000e-01	
228	1.000008e-03	0.000000e+00	5.000000e-01	5.000000e-01	

Index   time            overflow        s0              s1              
--------------------------------------------------------------------------------
229	1.000008e-03	0.000000e+00	5.000000e-01	5.000000e-01	
230	1.000008e-03	0.000000e+00	5.000000e-01	5.000000e-01	
231	1.000008e-03	5.000000e-02	5.000000e-01	5.000000e-01	
232	1.000008e-03	1.500000e-01	5.000000e-01	5.000000e-01	
233	1.000008e-03	3.500000e-01	5.000000e-01	5.000000e-01	
234	1.000008e-03	5.000000e-01	5.000000e-01	5.000000e-01	
235	1.000008e-03	5.000000e-01	5.000000e-01	5.000000e-01	
236	1.000008e-03	5.000000e-01	5.000000e-01	5.000000e-01	
237	1.000008e-03	5.000000e-01	5.000000e-01	5.000000e-01	
238	1.000008e-03	5.000000e-01	5.000000e-01	5.000000e-01	
239	1.000008e-03	5.000000e-01	5.000000e-01	5.000000e-01	
240	1.000009e-03	5.000000e-01	5.000000e-01	5.000000e-01	
241	1.000009e-03	5.000000e-01	5.000000e-01	5.000000e-01	
242	1.000009e-03	5.000000e-01	4.500000e-01	5.000000e-01	
243	1.000009e-03	5.000000e-01	3.500000e-01	5.000000e-01	
244	1.000009e-03	5.000000e-01	1.500000e-01	5.000000e-01	
245	1.000009e-03	5.000000e-01	0.000000e+00	5.000000e-01	
246	1.000009e-03	5.000000e-01	0.000000e+00	5.000000e-01	
247	1.000009e-03	5.000000e-01	0.000000e+00	5.000000e-01	
248	1.000009e-03	5.000000e-01	0.000000e+00	5.000000e-01	
249	1.000009e-03	5.000000e-01	0.000000e+00	5.000000e-01	
250	1.000009e-03	5.000000e-01	0.000000e+00	5.000000e-01	
251	1.000010e-03	5.000000e-01	0.000000e+00	5.000000e-01	
252	1.000010e-03	5.000000e-01	0.000000e+00	5.000000e-01	
253	1.000010e-03	5.000000e-01	0.000000e+00	5.000000e-01	
254	1.000010e-03	5.000000e-01	0.000000e+00	5.000000e-01	
255	1.000010e-03	5.000000e-01	0.000000e+00	5.000000e-01	
256	1.000011e-03	5.000000e-01	0.000000e+00	5.000000e-01	
257	1.000011e-03	5.000000e-01	0.000000e+00	5.000000e-01	
258	1.000011e-03	5.000000e-01	0.000000e+00	4.500000e-01	
259	1.000011e-03	5.000000e-01	0.000000e+00	3.500000e-01	
260	1.000011e-03	5.000000e-01	0.000000e+00	1.500000e-01	
261	1.000011e-03	5.000000e-01	0.000000e+00	0.000000e+00	
262	1.000011e-03	5.000000e-01	0.000000e+00	0.000000e+00	
263	1.000011e-03	5.000000e-01	0.000000e+00	0.000000e+00	
264	1.000011e-03	5.000000e-01	0.000000e+00	0.000000e+00	
265	1.000011e-03	5.000000e-01	0.000000e+00	0.000000e+00	
266	1.000011e-03	5.000000e-01	0.000000e+00	0.000000e+00	
267	1.000012e-03	5.000000e-01	0.000000e+00	0.000000e+00	
268	1.000012e-03	5.000000e-01	0.000000e+00	0.000000e+00	
269	1.000013e-03	5.000000e-01	0.000000e+00	0.000000e+00	
270	1.000013e-03	5.000000e-01	0.000000e+00	0.000000e+00	
271	1.000013e-03	5.000000e-01	0.000000e+00	0.000000e+00	
272	1.000013e-03	5.000000e-01	0.000000e+00	0.000000e+00	
273	1.000013e-03	5.000000e-01	0.000000e+00	0.000000e+00	
274	1.000013e-03	5.000000e-01	0.000000e+00	0.000000e+00	
275	1.000013e-03	5.000000e-01	0.000000e+00	0.000000e+00	
276	1.000013e-03	5.000000e-01	0.000000e+00	0.000000e+00	
277	1.000013e-03	5.000000e-01	0.000000e+00	0.000000e+00	
278	1.000013e-03	5.000000e-01	0.000000e+00	0.000000e+00	
279	1.000014e-03	5.000000e-01	0.000000e+00	0.000000e+00	
280	1.000014e-03	5.000000e-01	0.000000e+00	0.000000e+00	
281	1.000015e-03	5.000000e-01	0.000000e+00	0.000000e+00	
282	1.000015e-03	5.000000e-01	0.000000e+00	0.000000e+00	
283	1.000015e-03	5.000000e-01	0.000000e+00	0.000000e+00	
284	1.000015e-03	5.000000e-01	0.000000e+00	0.000000e+00	
285	1.000015e-03	5.000000e-01	0.000000e+00	0.000000e+00	
286	1.000015e-03	5.000000e-01	0.000000e+00	0.000000e+00	

Index   time            overflow        s0              s1              
--------------------------------------------------------------------------------
287	1.000015e-03	5.000000e-01	0.000000e+00	0.000000e+00	
288	1.000015e-03	5.000000e-01	0.000000e+00	0.000000e+00	
289	1.000015e-03	5.000000e-01	0.000000e+00	0.000000e+00	
290	1.000015e-03	5.000000e-01	0.000000e+00	0.000000e+00	
291	1.000016e-03	5.000000e-01	0.000000e+00	0.000000e+00	
292	1.000016e-03	5.000000e-01	0.000000e+00	0.000000e+00	
293	1.000017e-03	5.000000e-01	0.000000e+00	0.000000e+00	
294	1.000017e-03	4.500000e-01	0.000000e+00	0.000000e+00	
295	1.000017e-03	3.500000e-01	0.000000e+00	0.000000e+00	
296	1.000017e-03	1.500000e-01	0.000000e+00	0.000000e+00	
297	1.000017e-03	0.000000e+00	0.000000e+00	0.000000e+00	
298	1.000017e-03	0.000000e+00	0.000000e+00	0.000000e+00	
299	1.000017e-03	0.000000e+00	0.000000e+00	0.000000e+00	
300	1.000017e-03	0.000000e+00	0.000000e+00	0.000000e+00	
301	1.000017e-03	0.000000e+00	0.000000e+00	0.000000e+00	
302	1.000017e-03	0.000000e+00	0.000000e+00	0.000000e+00	
303	1.000018e-03	0.000000e+00	0.000000e+00	0.000000e+00	
304	1.000018e-03	0.000000e+00	0.000000e+00	0.000000e+00	
305	1.000019e-03	0.000000e+00	0.000000e+00	0.000000e+00	
306	1.000019e-03	0.000000e+00	0.000000e+00	5.000000e-02	
307	1.000019e-03	0.000000e+00	0.000000e+00	1.500000e-01	
308	1.000019e-03	0.000000e+00	0.000000e+00	3.500000e-01	
309	1.000019e-03	0.000000e+00	0.000000e+00	5.000000e-01	
310	1.000019e-03	0.000000e+00	0.000000e+00	5.000000e-01	
311	1.000019e-03	0.000000e+00	0.000000e+00	5.000000e-01	
312	1.000019e-03	0.000000e+00	0.000000e+00	5.000000e-01	
313	1.000019e-03	0.000000e+00	0.000000e+00	5.000000e-01	
314	1.000019e-03	0.000000e+00	0.000000e+00	5.000000e-01	
315	1.000020e-03	0.000000e+00	0.000000e+00	5.000000e-01	
316	1.000020e-03	0.000000e+00	0.000000e+00	5.000000e-01	
317	1.000020e-03	0.000000e+00	0.000000e+00	5.000000e-01	
318	1.000020e-03	0.000000e+00	0.000000e+00	5.000000e-01	
319	1.000020e-03	0.000000e+00	0.000000e+00	5.000000e-01	
320	1.000021e-03	0.000000e+00	0.000000e+00	5.000000e-01	
321	1.000021e-03	0.000000e+00	0.000000e+00	5.000000e-01	
322	1.000021e-03	0.000000e+00	0.000000e+00	5.000000e-01	
323	1.000021e-03	0.000000e+00	0.000000e+00	5.000000e-01	
324	1.000021e-03	0.000000e+00	0.000000e+00	5.000000e-01	
325	1.000021e-03	0.000000e+00	0.000000e+00	5.000000e-01	
326	1.000021e-03	0.000000e+00	0.000000e+00	5.000000e-01	
327	1.000021e-03	0.000000e+00	0.000000e+00	5.000000e-01	
328	1.000021e-03	0.000000e+00	0.000000e+00	5.000000e-01	
329	1.000021e-03	0.000000e+00	0.000000e+00	5.000000e-01	
330	1.000021e-03	0.000000e+00	0.000000e+00	5.000000e-01	
331	1.000022e-03	0.000000e+00	0.000000e+00	5.000000e-01	
332	1.000022e-03	0.000000e+00	0.000000e+00	5.000000e-01	
333	1.000022e-03	0.000000e+00	0.000000e+00	4.500000e-01	
334	1.000022e-03	0.000000e+00	0.000000e+00	3.500000e-01	
335	1.000022e-03	0.000000e+00	0.000000e+00	1.500000e-01	
336	1.000022e-03	0.000000e+00	0.000000e+00	0.000000e+00	
337	1.000022e-03	0.000000e+00	0.000000e+00	0.000000e+00	
338	1.000022e-03	0.000000e+00	0.000000e+00	0.000000e+00	
339	1.000022e-03	0.000000e+00	0.000000e+00	0.000000e+00	
340	1.000022e-03	0.000000e+00	0.000000e+00	0.000000e+00	
341	1.000022e-03	0.000000e+00	0.000000e+00	0.000000e+00	
342	1.000023e-03	0.000000e+00	0.000000e+00	0.000000e+00	
343	1.000023e-03	0.000000e+00	0.000000e+00	0.000000e+00	
344	1.000023e-03	5.000000e-02	0.000000e+00	0.000000e+00	

Index   time            overflow        s0              s1              
--------------------------------------------------------------------------------
345	1.000023e-03	1.500000e-01	0.000000e+00	0.000000e+00	
346	1.000023e-03	3.500000e-01	0.000000e+00	0.000000e+00	
347	1.000023e-03	5.000000e-01	0.000000e+00	0.000000e+00	
348	1.000023e-03	5.000000e-01	0.000000e+00	0.000000e+00	
349	1.000023e-03	5.000000e-01	0.000000e+00	0.000000e+00	
350	1.000023e-03	5.000000e-01	0.000000e+00	0.000000e+00	
351	1.000023e-03	5.000000e-01	0.000000e+00	0.000000e+00	
352	1.000023e-03	5.000000e-01	0.000000e+00	0.000000e+00	
353	1.000024e-03	5.000000e-01	0.000000e+00	0.000000e+00	
354	1.000024e-03	5.000000e-01	0.000000e+00	0.000000e+00	
355	1.000024e-03	5.000000e-01	0.000000e+00	0.000000e+00	
356	1.000024e-03	5.000000e-01	0.000000e+00	0.000000e+00	
357	1.000024e-03	5.000000e-01	0.000000e+00	0.000000e+00	
358	1.000024e-03	5.000000e-01	0.000000e+00	0.000000e+00	
359	1.000024e-03	5.000000e-01	0.000000e+00	0.000000e+00	
360	1.000024e-03	5.000000e-01	0.000000e+00	0.000000e+00	
361	1.000024e-03	5.000000e-01	0.000000e+00	0.000000e+00	
362	1.000024e-03	5.000000e-01	0.000000e+00	0.000000e+00	
363	1.000024e-03	5.000000e-01	0.000000e+00	0.000000e+00	
364	1.000025e-03	5.000000e-01	0.000000e+00	0.000000e+00	
365	1.000025e-03	5.000000e-01	0.000000e+00	0.000000e+00	
366	1.000026e-03	5.000000e-01	0.000000e+00	0.000000e+00	
367	1.000026e-03	5.000000e-01	0.000000e+00	0.000000e+00	
368	1.000026e-03	5.000000e-01	0.000000e+00	0.000000e+00	
369	1.000026e-03	5.000000e-01	0.000000e+00	0.000000e+00	
370	1.000026e-03	5.000000e-01	0.000000e+00	0.000000e+00	
371	1.000026e-03	5.000000e-01	0.000000e+00	0.000000e+00	
372	1.000026e-03	5.000000e-01	0.000000e+00	0.000000e+00	
373	1.000026e-03	5.000000e-01	0.000000e+00	0.000000e+00	
374	1.000026e-03	5.000000e-01	0.000000e+00	0.000000e+00	
375	1.000026e-03	5.000000e-01	0.000000e+00	0.000000e+00	
376	1.000027e-03	5.000000e-01	0.000000e+00	0.000000e+00	
377	1.000027e-03	5.000000e-01	0.000000e+00	0.000000e+00	
378	1.000028e-03	5.000000e-01	0.000000e+00	0.000000e+00	
379	1.000028e-03	4.500000e-01	0.000000e+00	0.000000e+00	
380	1.000028e-03	3.500000e-01	0.000000e+00	0.000000e+00	
381	1.000028e-03	1.500000e-01	0.000000e+00	0.000000e+00	
382	1.000028e-03	0.000000e+00	0.000000e+00	0.000000e+00	
383	1.000028e-03	0.000000e+00	0.000000e+00	0.000000e+00	
384	1.000028e-03	0.000000e+00	0.000000e+00	0.000000e+00	
385	1.000028e-03	0.000000e+00	0.000000e+00	0.000000e+00	
386	1.000028e-03	0.000000e+00	0.000000e+00	0.000000e+00	
387	1.000028e-03	0.000000e+00	0.000000e+00	0.000000e+00	
388	1.000029e-03	0.000000e+00	0.000000e+00	0.000000e+00	
389	1.000029e-03	0.000000e+00	0.000000e+00	0.000000e+00	
390	1.000030e-03	0.000000e+00	0.000000e+00	0.000000e+00	
391	1.000032e-03	0.000000e+00	0.000000e+00	0.000000e+00	
392	1.000036e-03	0.000000e+00	0.000000e+00	0.000000e+00	
393	1.000045e-03	0.000000e+00	0.000000e+00	0.000000e+00	
394	1.000061e-03	0.000000e+00	0.000000e+00	0.000000e+00	
395	1.000094e-03	0.000000e+00	0.000000e+00	0.000000e+00	
396	1.000159e-03	0.000000e+00	0.000000e+00	0.000000e+00	
397	1.000290e-03	0.000000e+00	0.000000e+00	0.000000e+00	
398	1.000552e-03	0.000000e+00	0.000000e+00	0.000000e+00	
399	1.001077e-03	0.000000e+00	0.000000e+00	0.000000e+00	
400	1.002125e-03	0.000000e+00	0.000000e+00	0.000000e+00	
401	1.004223e-03	0.000000e+00	0.000000e+00	0.000000e+00	
402	1.008417e-03	0.000000e+00	0.000000e+00	0.000000e+00	

Index   time            overflow        s0              s1              
--------------------------------------------------------------------------------
403	1.016805e-03	0.000000e+00	0.000000e+00	0.000000e+00	
404	1.033583e-03	0.000000e+00	0.000000e+00	0.000000e+00	
405	1.067137e-03	0.000000e+00	0.000000e+00	0.000000e+00	
406	1.134246e-03	0.000000e+00	0.000000e+00	0.000000e+00	
407	1.268464e-03	0.000000e+00	0.000000e+00	0.000000e+00	
408	1.428464e-03	0.000000e+00	0.000000e+00	0.000000e+00	
409	1.500010e-03	0.000000e+00	0.000000e+00	0.000000e+00	
410	1.500011e-03	0.000000e+00	0.000000e+00	0.000000e+00	
411	1.500013e-03	0.000000e+00	0.000000e+00	0.000000e+00	
412	1.500017e-03	0.000000e+00	0.000000e+00	0.000000e+00	
413	1.500019e-03	0.000000e+00	0.000000e+00	0.000000e+00	
414	1.500019e-03	0.000000e+00	5.000000e-02	0.000000e+00	
415	1.500019e-03	0.000000e+00	1.500000e-01	0.000000e+00	
416	1.500019e-03	0.000000e+00	3.500000e-01	0.000000e+00	
417	1.500019e-03	0.000000e+00	5.000000e-01	0.000000e+00	
418	1.500019e-03	0.000000e+00	5.000000e-01	0.000000e+00	
419	1.500019e-03	0.000000e+00	5.000000e-01	0.000000e+00	
420	1.500019e-03	0.000000e+00	5.000000e-01	0.000000e+00	
421	1.500019e-03	0.000000e+00	5.000000e-01	0.000000e+00	
422	1.500019e-03	0.000000e+00	5.000000e-01	0.000000e+00	
423	1.500020e-03	0.000000e+00	5.000000e-01	0.000000e+00	
424	1.500020e-03	0.000000e+00	5.000000e-01	0.000000e+00	
425	1.500020e-03	0.000000e+00	5.000000e-01	0.000000e+00	
426	1.500020e-03	0.000000e+00	5.000000e-01	0.000000e+00	
427	1.500020e-03	0.000000e+00	5.000000e-01	0.000000e+00	
428	1.500021e-03	0.000000e+00	5.000000e-01	0.000000e+00	
429	1.500021e-03	0.000000e+00	5.000000e-01	0.000000e+00	
430	1.500021e-03	0.000000e+00	5.000000e-01	5.000000e-02	
431	1.500021e-03	0.000000e+00	5.000000e-01	1.500000e-01	
432	1.500021e-03	0.000000e+00	5.000000e-01	3.500000e-01	
433	1.500021e-03	0.000000e+00	5.000000e-01	5.000000e-01	
434	1.500021e-03	0.000000e+00	5.000000e-01	5.000000e-01	
435	1.500021e-03	0.000000e+00	5.000000e-01	5.000000e-01	
436	1.500021e-03	0.000000e+00	5.000000e-01	5.000000e-01	
437	1.500021e-03	0.000000e+00	5.000000e-01	5.000000e-01	
438	1.500021e-03	0.000000e+00	5.000000e-01	5.000000e-01	
439	1.500022e-03	0.000000e+00	5.000000e-01	5.000000e-01	
440	1.500022e-03	0.000000e+00	5.000000e-01	5.000000e-01	
441	1.500023e-03	0.000000e+00	5.000000e-01	5.000000e-01	
442	1.500023e-03	5.000000e-02	4.500000e-01	4.500000e-01	
443	1.500023e-03	1.500000e-01	3.500000e-01	3.500000e-01	
444	1.500023e-03	3.500000e-01	1.500000e-01	1.500000e-01	
445	1.500023e-03	5.000000e-01	0.000000e+00	0.000000e+00	
446	1.500023e-03	5.000000e-01	0.000000e+00	0.000000e+00	
447	1.500023e-03	5.000000e-01	0.000000e+00	0.000000e+00	
448	1.500023e-03	5.000000e-01	0.000000e+00	0.000000e+00	
449	1.500023e-03	5.000000e-01	0.000000e+00	0.000000e+00	
450	1.500023e-03	5.000000e-01	0.000000e+00	0.000000e+00	
451	1.500024e-03	5.000000e-01	0.000000e+00	0.000000e+00	
452	1.500024e-03	5.000000e-01	0.000000e+00	0.000000e+00	
453	1.500024e-03	4.500000e-01	0.000000e+00	0.000000e+00	
454	1.500024e-03	3.500000e-01	0.000000e+00	0.000000e+00	
455	1.500024e-03	1.500000e-01	0.000000e+00	0.000000e+00	
456	1.500024e-03	0.000000e+00	0.000000e+00	0.000000e+00	
457	1.500024e-03	0.000000e+00	0.000000e+00	0.000000e+00	
458	1.500024e-03	0.000000e+00	0.000000e+00	0.000000e+00	
459	1.500024e-03	0.000000e+00	0.000000e+00	0.000000e+00	
460	1.500024e-03	0.000000e+00	0.000000e+00	0.000000e+00	

Index   time            overflow        s0              s1              
--------------------------------------------------------------------------------
461	1.500024e-03	0.000000e+00	0.000000e+00	0.000000e+00	
462	1.500025e-03	0.000000e+00	0.000000e+00	0.000000e+00	
463	1.500025e-03	0.000000e+00	0.000000e+00	0.000000e+00	
464	1.500025e-03	0.000000e+00	0.000000e+00	0.000000e+00	
465	1.500025e-03	0.000000e+00	0.000000e+00	0.000000e+00	
466	1.500025e-03	0.000000e+00	0.000000e+00	0.000000e+00	
467	1.500025e-03	0.000000e+00	0.000000e+00	0.000000e+00	
468	1.500025e-03	0.000000e+00	0.000000e+00	0.000000e+00	
469	1.500025e-03	0.000000e+00	0.000000e+00	0.000000e+00	
470	1.500025e-03	0.000000e+00	0.000000e+00	0.000000e+00	
471	1.500025e-03	0.000000e+00	0.000000e+00	0.000000e+00	
472	1.500025e-03	0.000000e+00	0.000000e+00	0.000000e+00	
473	1.500025e-03	0.000000e+00	0.000000e+00	0.000000e+00	
474	1.500025e-03	0.000000e+00	0.000000e+00	0.000000e+00	
475	1.500026e-03	0.000000e+00	0.000000e+00	0.000000e+00	
476	1.500026e-03	0.000000e+00	0.000000e+00	0.000000e+00	
477	1.500027e-03	0.000000e+00	0.000000e+00	0.000000e+00	
478	1.500029e-03	0.000000e+00	0.000000e+00	0.000000e+00	
479	1.500033e-03	0.000000e+00	0.000000e+00	0.000000e+00	
480	1.500041e-03	0.000000e+00	0.000000e+00	0.000000e+00	
481	1.500058e-03	0.000000e+00	0.000000e+00	0.000000e+00	
482	1.500091e-03	0.000000e+00	0.000000e+00	0.000000e+00	
483	1.500156e-03	0.000000e+00	0.000000e+00	0.000000e+00	
484	1.500287e-03	0.000000e+00	0.000000e+00	0.000000e+00	
485	1.500549e-03	0.000000e+00	0.000000e+00	0.000000e+00	
486	1.501074e-03	0.000000e+00	0.000000e+00	0.000000e+00	
487	1.502122e-03	0.000000e+00	0.000000e+00	0.000000e+00	
488	1.504219e-03	0.000000e+00	0.000000e+00	0.000000e+00	
489	1.508414e-03	0.000000e+00	0.000000e+00	0.000000e+00	
490	1.516802e-03	0.000000e+00	0.000000e+00	0.000000e+00	
491	1.533580e-03	0.000000e+00	0.000000e+00	0.000000e+00	
492	1.567134e-03	0.000000e+00	0.000000e+00	0.000000e+00	
493	1.634243e-03	0.000000e+00	0.000000e+00	0.000000e+00	
494	1.768461e-03	0.000000e+00	0.000000e+00	0.000000e+00	
495	1.928461e-03	0.000000e+00	0.000000e+00	0.000000e+00	
496	2.000000e-03	0.000000e+00	0.000000e+00	0.000000e+00	
497	2.000001e-03	0.000000e+00	0.000000e+00	0.000000e+00	
498	2.000003e-03	0.000000e+00	0.000000e+00	0.000000e+00	
499	2.000005e-03	0.000000e+00	0.000000e+00	0.000000e+00	
500	2.000005e-03	0.000000e+00	5.000000e-02	0.000000e+00	
501	2.000005e-03	0.000000e+00	1.500000e-01	0.000000e+00	
502	2.000005e-03	0.000000e+00	3.500000e-01	0.000000e+00	
503	2.000005e-03	0.000000e+00	5.000000e-01	0.000000e+00	
504	2.000005e-03	0.000000e+00	5.000000e-01	0.000000e+00	
505	2.000005e-03	0.000000e+00	5.000000e-01	0.000000e+00	
506	2.000005e-03	0.000000e+00	5.000000e-01	0.000000e+00	
507	2.000005e-03	0.000000e+00	5.000000e-01	0.000000e+00	
508	2.000005e-03	0.000000e+00	5.000000e-01	0.000000e+00	
509	2.000006e-03	0.000000e+00	5.000000e-01	0.000000e+00	
510	2.000006e-03	0.000000e+00	5.000000e-01	0.000000e+00	
511	2.000006e-03	0.000000e+00	5.000000e-01	5.000000e-02	
512	2.000006e-03	0.000000e+00	5.000000e-01	1.500000e-01	
513	2.000006e-03	0.000000e+00	5.000000e-01	3.500000e-01	
514	2.000006e-03	0.000000e+00	5.000000e-01	5.000000e-01	
515	2.000006e-03	0.000000e+00	5.000000e-01	5.000000e-01	
516	2.000006e-03	0.000000e+00	5.000000e-01	5.000000e-01	
517	2.000006e-03	0.000000e+00	5.000000e-01	5.000000e-01	
518	2.000006e-03	0.000000e+00	5.000000e-01	5.000000e-01	

Index   time            overflow        s0              s1              
--------------------------------------------------------------------------------
519	2.000006e-03	0.000000e+00	5.000000e-01	5.000000e-01	
520	2.000007e-03	0.000000e+00	5.000000e-01	5.000000e-01	
521	2.000007e-03	0.000000e+00	5.000000e-01	5.000000e-01	
522	2.000007e-03	0.000000e+00	5.000000e-01	5.000000e-01	
523	2.000007e-03	0.000000e+00	5.000000e-01	5.000000e-01	
524	2.000007e-03	0.000000e+00	5.000000e-01	5.000000e-01	
525	2.000007e-03	0.000000e+00	5.000000e-01	5.000000e-01	
526	2.000007e-03	0.000000e+00	5.000000e-01	5.000000e-01	
527	2.000007e-03	0.000000e+00	5.000000e-01	5.000000e-01	
528	2.000007e-03	0.000000e+00	5.000000e-01	5.000000e-01	
529	2.000007e-03	0.000000e+00	5.000000e-01	5.000000e-01	
530	2.000007e-03	0.000000e+00	5.000000e-01	5.000000e-01	
531	2.000008e-03	0.000000e+00	5.000000e-01	5.000000e-01	
532	2.000008e-03	0.000000e+00	5.000000e-01	5.000000e-01	
533	2.000008e-03	0.000000e+00	5.000000e-01	5.000000e-01	
534	2.000008e-03	0.000000e+00	5.000000e-01	5.000000e-01	
535	2.000008e-03	5.000000e-02	5.000000e-01	5.000000e-01	
536	2.000008e-03	1.500000e-01	5.000000e-01	5.000000e-01	
537	2.000008e-03	3.500000e-01	5.000000e-01	5.000000e-01	
538	2.000008e-03	5.000000e-01	5.000000e-01	5.000000e-01	
539	2.000008e-03	5.000000e-01	5.000000e-01	5.000000e-01	
540	2.000008e-03	5.000000e-01	5.000000e-01	5.000000e-01	
541	2.000008e-03	5.000000e-01	5.000000e-01	5.000000e-01	
542	2.000008e-03	5.000000e-01	5.000000e-01	5.000000e-01	
543	2.000008e-03	5.000000e-01	5.000000e-01	5.000000e-01	
544	2.000009e-03	5.000000e-01	5.000000e-01	5.000000e-01	
545	2.000009e-03	5.000000e-01	5.000000e-01	5.000000e-01	
546	2.000009e-03	5.000000e-01	4.500000e-01	5.000000e-01	
547	2.000009e-03	5.000000e-01	3.500000e-01	5.000000e-01	
548	2.000009e-03	5.000000e-01	1.500000e-01	5.000000e-01	
549	2.000009e-03	5.000000e-01	0.000000e+00	5.000000e-01	
550	2.000009e-03	5.000000e-01	0.000000e+00	5.000000e-01	
551	2.000009e-03	5.000000e-01	0.000000e+00	5.000000e-01	
552	2.000009e-03	5.000000e-01	0.000000e+00	5.000000e-01	
553	2.000009e-03	5.000000e-01	0.000000e+00	5.000000e-01	
554	2.000009e-03	5.000000e-01	0.000000e+00	5.000000e-01	
555	2.000010e-03	5.000000e-01	0.000000e+00	5.000000e-01	
556	2.000010e-03	5.000000e-01	0.000000e+00	5.000000e-01	
557	2.000010e-03	5.000000e-01	0.000000e+00	5.000000e-01	
558	2.000010e-03	5.000000e-01	0.000000e+00	5.000000e-01	
559	2.000010e-03	5.000000e-01	0.000000e+00	5.000000e-01	
560	2.000011e-03	5.000000e-01	0.000000e+00	5.000000e-01	
561	2.000011e-03	5.000000e-01	0.000000e+00	5.000000e-01	
562	2.000011e-03	5.000000e-01	0.000000e+00	4.500000e-01	
563	2.000011e-03	5.000000e-01	0.000000e+00	3.500000e-01	
564	2.000011e-03	5.000000e-01	0.000000e+00	1.500000e-01	
565	2.000011e-03	5.000000e-01	0.000000e+00	0.000000e+00	
566	2.000011e-03	5.000000e-01	0.000000e+00	0.000000e+00	
567	2.000011e-03	5.000000e-01	0.000000e+00	0.000000e+00	
568	2.000011e-03	5.000000e-01	0.000000e+00	0.000000e+00	
569	2.000011e-03	5.000000e-01	0.000000e+00	0.000000e+00	
570	2.000011e-03	5.000000e-01	0.000000e+00	0.000000e+00	
571	2.000012e-03	5.000000e-01	0.000000e+00	0.000000e+00	
572	2.000012e-03	5.000000e-01	0.000000e+00	0.000000e+00	
573	2.000013e-03	5.000000e-01	0.000000e+00	0.000000e+00	
574	2.000013e-03	5.000000e-01	0.000000e+00	0.000000e+00	
575	2.000013e-03	5.000000e-01	0.000000e+00	0.000000e+00	
576	2.000013e-03	5.000000e-01	0.000000e+00	0.000000e+00	

Index   time            overflow        s0              s1              
--------------------------------------------------------------------------------
577	2.000013e-03	5.000000e-01	0.000000e+00	0.000000e+00	
578	2.000013e-03	5.000000e-01	0.000000e+00	0.000000e+00	
579	2.000013e-03	5.000000e-01	0.000000e+00	0.000000e+00	
580	2.000013e-03	5.000000e-01	0.000000e+00	0.000000e+00	
581	2.000013e-03	5.000000e-01	0.000000e+00	0.000000e+00	
582	2.000013e-03	5.000000e-01	0.000000e+00	0.000000e+00	
583	2.000014e-03	5.000000e-01	0.000000e+00	0.000000e+00	
584	2.000014e-03	5.000000e-01	0.000000e+00	0.000000e+00	
585	2.000015e-03	5.000000e-01	0.000000e+00	0.000000e+00	
586	2.000015e-03	5.000000e-01	0.000000e+00	0.000000e+00	
587	2.000015e-03	5.000000e-01	0.000000e+00	0.000000e+00	
588	2.000015e-03	5.000000e-01	0.000000e+00	0.000000e+00	
589	2.000015e-03	5.000000e-01	0.000000e+00	0.000000e+00	
590	2.000015e-03	5.000000e-01	0.000000e+00	0.000000e+00	
591	2.000015e-03	5.000000e-01	0.000000e+00	0.000000e+00	
592	2.000015e-03	5.000000e-01	0.000000e+00	0.000000e+00	
593	2.000015e-03	5.000000e-01	0.000000e+00	0.000000e+00	
594	2.000015e-03	5.000000e-01	0.000000e+00	0.000000e+00	
595	2.000016e-03	5.000000e-01	0.000000e+00	0.000000e+00	
596	2.000016e-03	5.000000e-01	0.000000e+00	0.000000e+00	
597	2.000017e-03	5.000000e-01	0.000000e+00	0.000000e+00	
598	2.000017e-03	4.500000e-01	0.000000e+00	0.000000e+00	
599	2.000017e-03	3.500000e-01	0.000000e+00	0.000000e+00	
600	2.000017e-03	1.500000e-01	0.000000e+00	0.000000e+00	
601	2.000017e-03	0.000000e+00	0.000000e+00	0.000000e+00	
602	2.000017e-03	0.000000e+00	0.000000e+00	0.000000e+00	
603	2.000017e-03	0.000000e+00	0.000000e+00	0.000000e+00	
604	2.000017e-03	0.000000e+00	0.000000e+00	0.000000e+00	
605	2.000017e-03	0.000000e+00	0.000000e+00	0.000000e+00	
606	2.000017e-03	0.000000e+00	0.000000e+00	0.000000e+00	
607	2.000018e-03	0.000000e+00	0.000000e+00	0.000000e+00	
608	2.000018e-03	0.000000e+00	0.000000e+00	0.000000e+00	
609	2.000019e-03	0.000000e+00	0.000000e+00	0.000000e+00	
610	2.000019e-03	0.000000e+00	0.000000e+00	0.000000e+00	
611	2.000019e-03	0.000000e+00	0.000000e+00	0.000000e+00	
612	2.000019e-03	0.000000e+00	0.000000e+00	0.000000e+00	
613	2.000019e-03	0.000000e+00	0.000000e+00	0.000000e+00	
614	2.000019e-03	0.000000e+00	0.000000e+00	0.000000e+00	
615	2.000019e-03	0.000000e+00	0.000000e+00	0.000000e+00	
616	2.000019e-03	0.000000e+00	0.000000e+00	0.000000e+00	
617	2.000019e-03	0.000000e+00	0.000000e+00	0.000000e+00	
618	2.000019e-03	0.000000e+00	0.000000e+00	0.000000e+00	
619	2.000020e-03	0.000000e+00	0.000000e+00	0.000000e+00	
620	2.000020e-03	0.000000e+00	0.000000e+00	0.000000e+00	
621	2.000020e-03	0.000000e+00	0.000000e+00	0.000000e+00	
622	2.000020e-03	0.000000e+00	0.000000e+00	0.000000e+00	
623	2.000020e-03	0.000000e+00	0.000000e+00	0.000000e+00	
624	2.000021e-03	0.000000e+00	0.000000e+00	0.000000e+00	
625	2.000021e-03	0.000000e+00	0.000000e+00	0.000000e+00	
626	2.000021e-03	5.000000e-02	0.000000e+00	0.000000e+00	
627	2.000021e-03	1.500000e-01	0.000000e+00	0.000000e+00	
628	2.000021e-03	3.500000e-01	0.000000e+00	0.000000e+00	
629	2.000021e-03	5.000000e-01	0.000000e+00	0.000000e+00	
630	2.000021e-03	5.000000e-01	0.000000e+00	0.000000e+00	
631	2.000021e-03	5.000000e-01	0.000000e+00	0.000000e+00	
632	2.000021e-03	5.000000e-01	0.000000e+00	0.000000e+00	
633	2.000021e-03	5.000000e-01	0.000000e+00	0.000000e+00	
634	2.000021e-03	5.000000e-01	0.000000e+00	0.000000e+00	

Index   time            overflow        s0              s1              
--------------------------------------------------------------------------------
635	2.000022e-03	5.000000e-01	0.000000e+00	0.000000e+00	
636	2.000022e-03	5.000000e-01	0.000000e+00	0.000000e+00	
637	2.000022e-03	5.000000e-01	0.000000e+00	0.000000e+00	
638	2.000022e-03	5.000000e-01	0.000000e+00	0.000000e+00	
639	2.000022e-03	5.000000e-01	0.000000e+00	0.000000e+00	
640	2.000022e-03	5.000000e-01	0.000000e+00	0.000000e+00	
641	2.000022e-03	5.000000e-01	0.000000e+00	0.000000e+00	
642	2.000022e-03	5.000000e-01	0.000000e+00	0.000000e+00	
643	2.000022e-03	5.000000e-01	0.000000e+00	0.000000e+00	
644	2.000022e-03	5.000000e-01	0.000000e+00	0.000000e+00	
645	2.000022e-03	5.000000e-01	0.000000e+00	0.000000e+00	
646	2.000023e-03	5.000000e-01	0.000000e+00	0.000000e+00	
647	2.000023e-03	5.000000e-01	0.000000e+00	0.000000e+00	
648	2.000024e-03	5.000000e-01	0.000000e+00	0.000000e+00	
649	2.000024e-03	5.000000e-01	0.000000e+00	0.000000e+00	
650	2.000024e-03	5.000000e-01	0.000000e+00	0.000000e+00	
651	2.000024e-03	5.000000e-01	0.000000e+00	0.000000e+00	
652	2.000024e-03	5.000000e-01	0.000000e+00	0.000000e+00	
653	2.000024e-03	5.000000e-01	0.000000e+00	0.000000e+00	
654	2.000024e-03	5.000000e-01	0.000000e+00	0.000000e+00	
655	2.000024e-03	5.000000e-01	0.000000e+00	0.000000e+00	
656	2.000024e-03	5.000000e-01	0.000000e+00	0.000000e+00	
657	2.000024e-03	5.000000e-01	0.000000e+00	0.000000e+00	
658	2.000025e-03	5.000000e-01	0.000000e+00	0.000000e+00	
659	2.000025e-03	5.000000e-01	0.000000e+00	0.000000e+00	
660	2.000026e-03	5.000000e-01	0.000000e+00	0.000000e+00	
661	2.000026e-03	4.500000e-01	0.000000e+00	0.000000e+00	
662	2.000026e-03	3.500000e-01	0.000000e+00	0.000000e+00	
663	2.000026e-03	1.500000e-01	0.000000e+00	0.000000e+00	
664	2.000026e-03	0.000000e+00	0.000000e+00	0.000000e+00	
665	2.000026e-03	0.000000e+00	0.000000e+00	0.000000e+00	
666	2.000026e-03	0.000000e+00	0.000000e+00	0.000000e+00	
667	2.000026e-03	0.000000e+00	0.000000e+00	0.000000e+00	
668	2.000026e-03	0.000000e+00	0.000000e+00	0.000000e+00	
669	2.000026e-03	0.000000e+00	0.000000e+00	0.000000e+00	
670	2.000027e-03	0.000000e+00	0.000000e+00	0.000000e+00	
671	2.000027e-03	0.000000e+00	0.000000e+00	0.000000e+00	
672	2.000028e-03	0.000000e+00	0.000000e+00	0.000000e+00	
673	2.000030e-03	0.000000e+00	0.000000e+00	0.000000e+00	
674	2.000034e-03	0.000000e+00	0.000000e+00	0.000000e+00	
675	2.000043e-03	0.000000e+00	0.000000e+00	0.000000e+00	
676	2.000059e-03	0.000000e+00	0.000000e+00	0.000000e+00	
677	2.000092e-03	0.000000e+00	0.000000e+00	0.000000e+00	
678	2.000157e-03	0.000000e+00	0.000000e+00	0.000000e+00	
679	2.000288e-03	0.000000e+00	0.000000e+00	0.000000e+00	
680	2.000550e-03	0.000000e+00	0.000000e+00	0.000000e+00	
681	2.001075e-03	0.000000e+00	0.000000e+00	0.000000e+00	
682	2.002123e-03	0.000000e+00	0.000000e+00	0.000000e+00	
683	2.004221e-03	0.000000e+00	0.000000e+00	0.000000e+00	
684	2.008415e-03	0.000000e+00	0.000000e+00	0.000000e+00	
685	2.016803e-03	0.000000e+00	0.000000e+00	0.000000e+00	
686	2.033581e-03	0.000000e+00	0.000000e+00	0.000000e+00	
687	2.067135e-03	0.000000e+00	0.000000e+00	0.000000e+00	
688	2.134244e-03	0.000000e+00	0.000000e+00	0.000000e+00	
689	2.268462e-03	0.000000e+00	0.000000e+00	0.000000e+00	
690	2.428462e-03	0.000000e+00	0.000000e+00	0.000000e+00	
691	2.500010e-03	0.000000e+00	0.000000e+00	0.000000e+00	
692	2.500011e-03	0.000000e+00	0.000000e+00	0.000000e+00	

Index   time            overflow        s0              s1              
--------------------------------------------------------------------------------
693	2.500013e-03	0.000000e+00	0.000000e+00	0.000000e+00	
694	2.500017e-03	0.000000e+00	0.000000e+00	0.000000e+00	
695	2.500019e-03	0.000000e+00	0.000000e+00	0.000000e+00	
696	2.500019e-03	0.000000e+00	5.000000e-02	0.000000e+00	
697	2.500019e-03	0.000000e+00	1.500000e-01	0.000000e+00	
698	2.500019e-03	0.000000e+00	3.500000e-01	0.000000e+00	
699	2.500019e-03	0.000000e+00	5.000000e-01	0.000000e+00	
700	2.500019e-03	0.000000e+00	5.000000e-01	0.000000e+00	
701	2.500019e-03	0.000000e+00	5.000000e-01	0.000000e+00	
702	2.500019e-03	0.000000e+00	5.000000e-01	0.000000e+00	
703	2.500019e-03	0.000000e+00	5.000000e-01	0.000000e+00	
704	2.500019e-03	0.000000e+00	5.000000e-01	0.000000e+00	
705	2.500020e-03	0.000000e+00	5.000000e-01	0.000000e+00	
706	2.500020e-03	0.000000e+00	5.000000e-01	0.000000e+00	
707	2.500020e-03	0.000000e+00	5.000000e-01	0.000000e+00	
708	2.500020e-03	0.000000e+00	5.000000e-01	0.000000e+00	
709	2.500020e-03	0.000000e+00	5.000000e-01	0.000000e+00	
710	2.500021e-03	0.000000e+00	5.000000e-01	0.000000e+00	
711	2.500021e-03	0.000000e+00	5.000000e-01	0.000000e+00	
712	2.500021e-03	0.000000e+00	5.000000e-01	5.000000e-02	
713	2.500021e-03	0.000000e+00	5.000000e-01	1.500000e-01	
714	2.500021e-03	0.000000e+00	5.000000e-01	3.500000e-01	
715	2.500021e-03	0.000000e+00	5.000000e-01	5.000000e-01	
716	2.500021e-03	0.000000e+00	5.000000e-01	5.000000e-01	
717	2.500021e-03	0.000000e+00	5.000000e-01	5.000000e-01	
718	2.500021e-03	0.000000e+00	5.000000e-01	5.000000e-01	
719	2.500021e-03	0.000000e+00	5.000000e-01	5.000000e-01	
720	2.500021e-03	0.000000e+00	5.000000e-01	5.000000e-01	
721	2.500022e-03	0.000000e+00	5.000000e-01	5.000000e-01	
722	2.500022e-03	0.000000e+00	5.000000e-01	5.000000e-01	
723	2.500023e-03	0.000000e+00	5.000000e-01	5.000000e-01	
724	2.500023e-03	5.000000e-02	4.500000e-01	4.500000e-01	
725	2.500023e-03	1.500000e-01	3.500000e-01	3.500000e-01	
726	2.500023e-03	3.500000e-01	1.500000e-01	1.500000e-01	
727	2.500023e-03	5.000000e-01	0.000000e+00	0.000000e+00	
728	2.500023e-03	5.000000e-01	0.000000e+00	0.000000e+00	
729	2.500023e-03	5.000000e-01	0.000000e+00	0.000000e+00	
730	2.500023e-03	5.000000e-01	0.000000e+00	0.000000e+00	
731	2.500023e-03	5.000000e-01	0.000000e+00	0.000000e+00	
732	2.500023e-03	5.000000e-01	0.000000e+00	0.000000e+00	
733	2.500024e-03	5.000000e-01	0.000000e+00	0.000000e+00	
734	2.500024e-03	5.000000e-01	0.000000e+00	0.000000e+00	
735	2.500024e-03	5.000000e-01	0.000000e+00	0.000000e+00	
736	2.500024e-03	5.000000e-01	0.000000e+00	0.000000e+00	
737	2.500024e-03	5.000000e-01	0.000000e+00	0.000000e+00	
738	2.500025e-03	5.000000e-01	0.000000e+00	0.000000e+00	
739	2.500025e-03	5.000000e-01	0.000000e+00	0.000000e+00	
740	2.500025e-03	5.000000e-01	0.000000e+00	0.000000e+00	
741	2.500025e-03	5.000000e-01	0.000000e+00	0.000000e+00	
742	2.500025e-03	5.500000e-01	0.000000e+00	0.000000e+00	
743	2.500025e-03	6.500000e-01	0.000000e+00	0.000000e+00	
744	2.500025e-03	8.500000e-01	0.000000e+00	0.000000e+00	
745	2.500025e-03	1.000000e+00	0.000000e+00	0.000000e+00	
746	2.500025e-03	1.040000e+00	0.000000e+00	0.000000e+00	
747	2.500025e-03	1.120000e+00	0.000000e+00	0.000000e+00	
748	2.500025e-03	1.280000e+00	0.000000e+00	0.000000e+00	
749	2.500025e-03	1.600000e+00	0.000000e+00	0.000000e+00	
750	2.500025e-03	2.240000e+00	0.000000e+00	0.000000e+00	

Index   time            overflow        s0              s1              
--------------------------------------------------------------------------------
751	2.500026e-03	3.520000e+00	0.000000e+00	0.000000e+00	
752	2.500026e-03	5.000000e+00	0.000000e+00	0.000000e+00	
753	2.500026e-03	5.000000e+00	0.000000e+00	0.000000e+00	
754	2.500026e-03	5.000000e+00	0.000000e+00	0.000000e+00	
755	2.500026e-03	5.000000e+00	0.000000e+00	0.000000e+00	
756	2.500027e-03	5.000000e+00	0.000000e+00	0.000000e+00	
757	2.500027e-03	5.000000e+00	0.000000e+00	0.000000e+00	
758	2.500029e-03	5.000000e+00	0.000000e+00	0.000000e+00	
759	2.500032e-03	5.000000e+00	0.000000e+00	0.000000e+00	
760	2.500039e-03	5.000000e+00	0.000000e+00	0.000000e+00	
761	2.500052e-03	5.000000e+00	0.000000e+00	0.000000e+00	
762	2.500078e-03	5.000000e+00	0.000000e+00	0.000000e+00	
763	2.500131e-03	5.000000e+00	0.000000e+00	0.000000e+00	
764	2.500236e-03	5.000000e+00	0.000000e+00	0.000000e+00	
765	2.500445e-03	5.000000e+00	0.000000e+00	0.000000e+00	
766	2.500865e-03	5.000000e+00	0.000000e+00	0.000000e+00	
767	2.501704e-03	5.000000e+00	0.000000e+00	0.000000e+00	
768	2.503381e-03	5.000000e+00	0.000000e+00	0.000000e+00	
769	2.506737e-03	5.000000e+00	0.000000e+00	0.000000e+00	
770	2.513448e-03	5.000000e+00	0.000000e+00	0.000000e+00	
771	2.526869e-03	5.000000e+00	0.000000e+00	0.000000e+00	
772	2.553713e-03	5.000000e+00	0.000000e+00	0.000000e+00	
773	2.607400e-03	5.000000e+00	0.000000e+00	0.000000e+00	
774	2.714774e-03	5.000000e+00	0.000000e+00	0.000000e+00	
775	2.874774e-03	5.000000e+00	0.000000e+00	0.000000e+00	
776	3.000000e-03	5.000000e+00	0.000000e+00	0.000000e+00	
777	3.000001e-03	5.000000e+00	0.000000e+00	0.000000e+00	
778	3.000003e-03	5.000000e+00	0.000000e+00	0.000000e+00	
779	3.000005e-03	5.000000e+00	0.000000e+00	0.000000e+00	
780	3.000005e-03	5.000000e+00	5.000000e-02	0.000000e+00	
781	3.000005e-03	5.000000e+00	1.500000e-01	0.000000e+00	
782	3.000005e-03	5.000000e+00	3.500000e-01	0.000000e+00	
783	3.000005e-03	5.000000e+00	5.000000e-01	0.000000e+00	
784	3.000005e-03	5.000000e+00	5.000000e-01	0.000000e+00	
785	3.000005e-03	5.000000e+00	5.000000e-01	0.000000e+00	
786	3.000005e-03	5.000000e+00	5.000000e-01	0.000000e+00	
787	3.000005e-03	5.000000e+00	5.000000e-01	0.000000e+00	
788	3.000005e-03	5.000000e+00	5.000000e-01	0.000000e+00	
789	3.000006e-03	5.000000e+00	5.000000e-01	0.000000e+00	
790	3.000006e-03	5.000000e+00	5.000000e-01	0.000000e+00	
791	3.000007e-03	5.000000e+00	5.000000e-01	0.000000e+00	
792	3.000007e-03	5.000000e+00	5.000000e-01	5.000000e-02	
793	3.000007e-03	5.000000e+00	5.000000e-01	1.500000e-01	
794	3.000007e-03	5.000000e+00	5.000000e-01	3.500000e-01	
795	3.000007e-03	5.000000e+00	5.000000e-01	5.000000e-01	
796	3.000007e-03	5.000000e+00	5.000000e-01	5.000000e-01	
797	3.000007e-03	5.000000e+00	5.000000e-01	5.000000e-01	
798	3.000007e-03	5.000000e+00	5.000000e-01	5.000000e-01	
799	3.000007e-03	5.000000e+00	5.000000e-01	5.000000e-01	
800	3.000007e-03	5.000000e+00	5.000000e-01	5.000000e-01	
801	3.000008e-03	5.000000e+00	5.000000e-01	5.000000e-01	
802	3.000008e-03	5.000000e+00	5.000000e-01	5.000000e-01	
803	3.000008e-03	5.000000e+00	5.000000e-01	5.000000e-01	
804	3.000008e-03	5.000000e+00	5.000000e-01	5.000000e-01	
805	3.000008e-03	4.948800e+00	5.000000e-01	5.000000e-01	
806	3.000008e-03	4.846400e+00	5.000000e-01	5.000000e-01	
807	3.000008e-03	4.641600e+00	5.000000e-01	5.000000e-01	
808	3.000008e-03	4.232000e+00	5.000000e-01	5.000000e-01	

Index   time            overflow        s0              s1              
--------------------------------------------------------------------------------
809	3.000008e-03	3.412800e+00	5.000000e-01	5.000000e-01	
810	3.000009e-03	1.774400e+00	5.000000e-01	5.000000e-01	
811	3.000009e-03	5.000000e-01	5.000000e-01	5.000000e-01	
812	3.000009e-03	5.000000e-01	5.000000e-01	5.000000e-01	
813	3.000009e-03	5.000000e-01	5.000000e-01	5.000000e-01	
814	3.000009e-03	5.000000e-01	4.500000e-01	5.000000e-01	
815	3.000009e-03	5.000000e-01	3.500000e-01	5.000000e-01	
816	3.000009e-03	5.000000e-01	1.500000e-01	5.000000e-01	
817	3.000009e-03	5.000000e-01	0.000000e+00	5.000000e-01	
818	3.000009e-03	5.000000e-01	0.000000e+00	5.000000e-01	
819	3.000009e-03	5.000000e-01	0.000000e+00	5.000000e-01	
820	3.000009e-03	5.000000e-01	0.000000e+00	5.000000e-01	
821	3.000009e-03	5.000000e-01	0.000000e+00	5.000000e-01	
822	3.000009e-03	5.000000e-01	0.000000e+00	5.000000e-01	
823	3.000010e-03	5.000000e-01	0.000000e+00	5.000000e-01	
824	3.000010e-03	5.000000e-01	0.000000e+00	5.000000e-01	
825	3.000010e-03	5.000000e-01	0.000000e+00	5.000000e-01	
826	3.000010e-03	5.000000e-01	0.000000e+00	5.000000e-01	
827	3.000010e-03	5.000000e-01	0.000000e+00	5.000000e-01	
828	3.000011e-03	5.000000e-01	0.000000e+00	5.000000e-01	
829	3.000011e-03	5.000000e-01	0.000000e+00	5.000000e-01	
830	3.000011e-03	5.000000e-01	0.000000e+00	4.500000e-01	
831	3.000011e-03	5.000000e-01	0.000000e+00	3.500000e-01	
832	3.000011e-03	5.000000e-01	0.000000e+00	1.500000e-01	
833	3.000011e-03	5.000000e-01	0.000000e+00	0.000000e+00	
834	3.000011e-03	5.000000e-01	0.000000e+00	0.000000e+00	
835	3.000011e-03	5.000000e-01	0.000000e+00	0.000000e+00	
836	3.000011e-03	5.000000e-01	0.000000e+00	0.000000e+00	
837	3.000011e-03	5.000000e-01	0.000000e+00	0.000000e+00	
838	3.000011e-03	5.000000e-01	0.000000e+00	0.000000e+00	
839	3.000012e-03	5.000000e-01	0.000000e+00	0.000000e+00	
840	3.000012e-03	5.000000e-01	0.000000e+00	0.000000e+00	
841	3.000013e-03	5.000000e-01	0.000000e+00	0.000000e+00	
842	3.000013e-03	5.000000e-01	0.000000e+00	0.000000e+00	
843	3.000013e-03	5.000000e-01	0.000000e+00	0.000000e+00	
844	3.000013e-03	5.000000e-01	0.000000e+00	0.000000e+00	
845	3.000013e-03	5.000000e-01	0.000000e+00	0.000000e+00	
846	3.000013e-03	5.000000e-01	0.000000e+00	0.000000e+00	
847	3.000013e-03	5.000000e-01	0.000000e+00	0.000000e+00	
848	3.000013e-03	5.000000e-01	0.000000e+00	0.000000e+00	
849	3.000013e-03	5.000000e-01	0.000000e+00	0.000000e+00	
850	3.000013e-03	5.000000e-01	0.000000e+00	0.000000e+00	
851	3.000014e-03	5.000000e-01	0.000000e+00	0.000000e+00	
852	3.000014e-03	5.000000e-01	0.000000e+00	0.000000e+00	
853	3.000015e-03	5.000000e-01	0.000000e+00	0.000000e+00	
854	3.000015e-03	5.000000e-01	0.000000e+00	0.000000e+00	
855	3.000015e-03	5.000000e-01	0.000000e+00	0.000000e+00	
856	3.000015e-03	5.000000e-01	0.000000e+00	0.000000e+00	
857	3.000015e-03	5.000000e-01	0.000000e+00	0.000000e+00	
858	3.000015e-03	5.000000e-01	0.000000e+00	0.000000e+00	
859	3.000015e-03	5.000000e-01	0.000000e+00	0.000000e+00	
860	3.000015e-03	5.000000e-01	0.000000e+00	0.000000e+00	
861	3.000015e-03	5.000000e-01	0.000000e+00	0.000000e+00	
862	3.000015e-03	5.000000e-01	0.000000e+00	0.000000e+00	
863	3.000016e-03	5.000000e-01	0.000000e+00	0.000000e+00	
864	3.000016e-03	5.000000e-01	0.000000e+00	0.000000e+00	
865	3.000017e-03	5.000000e-01	0.000000e+00	0.000000e+00	
866	3.000017e-03	4.500000e-01	0.000000e+00	0.000000e+00	

Index   time            overflow        s0              s1              
--------------------------------------------------------------------------------
867	3.000017e-03	3.500000e-01	0.000000e+00	0.000000e+00	
868	3.000017e-03	1.500000e-01	0.000000e+00	0.000000e+00	
869	3.000017e-03	0.000000e+00	0.000000e+00	0.000000e+00	
870	3.000017e-03	0.000000e+00	0.000000e+00	0.000000e+00	
871	3.000017e-03	0.000000e+00	0.000000e+00	0.000000e+00	
872	3.000017e-03	0.000000e+00	0.000000e+00	0.000000e+00	
873	3.000017e-03	0.000000e+00	0.000000e+00	0.000000e+00	
874	3.000017e-03	0.000000e+00	0.000000e+00	0.000000e+00	
875	3.000018e-03	0.000000e+00	0.000000e+00	0.000000e+00	
876	3.000018e-03	0.000000e+00	0.000000e+00	0.000000e+00	
877	3.000019e-03	0.000000e+00	0.000000e+00	0.000000e+00	
878	3.000019e-03	0.000000e+00	0.000000e+00	5.000000e-02	
879	3.000019e-03	0.000000e+00	0.000000e+00	1.500000e-01	
880	3.000019e-03	0.000000e+00	0.000000e+00	3.500000e-01	
881	3.000019e-03	0.000000e+00	0.000000e+00	5.000000e-01	
882	3.000019e-03	0.000000e+00	0.000000e+00	5.000000e-01	
883	3.000019e-03	0.000000e+00	0.000000e+00	5.000000e-01	
884	3.000019e-03	0.000000e+00	0.000000e+00	5.000000e-01	
885	3.000019e-03	0.000000e+00	0.000000e+00	5.000000e-01	
886	3.000019e-03	0.000000e+00	0.000000e+00	5.000000e-01	
887	3.000020e-03	0.000000e+00	0.000000e+00	5.000000e-01	
888	3.000020e-03	0.000000e+00	0.000000e+00	5.000000e-01	
889	3.000020e-03	0.000000e+00	0.000000e+00	5.000000e-01	
890	3.000020e-03	0.000000e+00	0.000000e+00	5.000000e-01	
891	3.000020e-03	0.000000e+00	0.000000e+00	5.000000e-01	
892	3.000021e-03	0.000000e+00	0.000000e+00	5.000000e-01	
893	3.000021e-03	0.000000e+00	0.000000e+00	5.000000e-01	
894	3.000021e-03	0.000000e+00	0.000000e+00	5.000000e-01	
895	3.000021e-03	0.000000e+00	0.000000e+00	5.000000e-01	
896	3.000021e-03	0.000000e+00	0.000000e+00	5.000000e-01	
897	3.000021e-03	0.000000e+00	0.000000e+00	5.000000e-01	
898	3.000021e-03	0.000000e+00	0.000000e+00	5.000000e-01	
899	3.000021e-03	0.000000e+00	0.000000e+00	5.000000e-01	
900	3.000021e-03	0.000000e+00	0.000000e+00	5.000000e-01	
901	3.000021e-03	0.000000e+00	0.000000e+00	5.000000e-01	
902	3.000021e-03	0.000000e+00	0.000000e+00	5.000000e-01	
903	3.000022e-03	0.000000e+00	0.000000e+00	5.000000e-01	
904	3.000022e-03	0.000000e+00	0.000000e+00	5.000000e-01	
905	3.000022e-03	0.000000e+00	0.000000e+00	4.500000e-01	
906	3.000022e-03	0.000000e+00	0.000000e+00	3.500000e-01	
907	3.000022e-03	0.000000e+00	0.000000e+00	1.500000e-01	
908	3.000022e-03	0.000000e+00	0.000000e+00	0.000000e+00	
909	3.000022e-03	0.000000e+00	0.000000e+00	0.000000e+00	
910	3.000022e-03	0.000000e+00	0.000000e+00	0.000000e+00	
911	3.000022e-03	0.000000e+00	0.000000e+00	0.000000e+00	
912	3.000022e-03	0.000000e+00	0.000000e+00	0.000000e+00	
913	3.000022e-03	0.000000e+00	0.000000e+00	0.000000e+00	
914	3.000023e-03	0.000000e+00	0.000000e+00	0.000000e+00	
915	3.000023e-03	0.000000e+00	0.000000e+00	0.000000e+00	
916	3.000023e-03	5.000000e-02	0.000000e+00	0.000000e+00	
917	3.000023e-03	1.500000e-01	0.000000e+00	0.000000e+00	
918	3.000023e-03	3.500000e-01	0.000000e+00	0.000000e+00	
919	3.000023e-03	5.000000e-01	0.000000e+00	0.000000e+00	
920	3.000023e-03	5.000000e-01	0.000000e+00	0.000000e+00	
921	3.000023e-03	5.000000e-01	0.000000e+00	0.000000e+00	
922	3.000023e-03	5.000000e-01	0.000000e+00	0.000000e+00	
923	3.000023e-03	5.000000e-01	0.000000e+00	0.000000e+00	
924	3.000023e-03	5.000000e-01	0.000000e+00	0.000000e+00	

Index   time            overflow        s0              s1              
--------------------------------------------------------------------------------
925	3.000024e-03	5.000000e-01	0.000000e+00	0.000000e+00	
926	3.000024e-03	5.000000e-01	0.000000e+00	0.000000e+00	
927	3.000024e-03	5.000000e-01	0.000000e+00	0.000000e+00	
928	3.000024e-03	5.000000e-01	0.000000e+00	0.000000e+00	
929	3.000024e-03	5.000000e-01	0.000000e+00	0.000000e+00	
930	3.000024e-03	5.000000e-01	0.000000e+00	0.000000e+00	
931	3.000024e-03	5.000000e-01	0.000000e+00	0.000000e+00	
932	3.000024e-03	5.000000e-01	0.000000e+00	0.000000e+00	
933	3.000024e-03	5.000000e-01	0.000000e+00	0.000000e+00	
934	3.000024e-03	5.000000e-01	0.000000e+00	0.000000e+00	
935	3.000024e-03	5.000000e-01	0.000000e+00	0.000000e+00	
936	3.000025e-03	5.000000e-01	0.000000e+00	0.000000e+00	
937	3.000025e-03	5.000000e-01	0.000000e+00	0.000000e+00	
938	3.000026e-03	5.000000e-01	0.000000e+00	0.000000e+00	
939	3.000026e-03	5.000000e-01	0.000000e+00	0.000000e+00	
940	3.000026e-03	5.000000e-01	0.000000e+00	0.000000e+00	
941	3.000026e-03	5.000000e-01	0.000000e+00	0.000000e+00	
942	3.000026e-03	5.000000e-01	0.000000e+00	0.000000e+00	
943	3.000026e-03	5.000000e-01	0.000000e+00	0.000000e+00	
944	3.000026e-03	5.000000e-01	0.000000e+00	0.000000e+00	
945	3.000026e-03	5.000000e-01	0.000000e+00	0.000000e+00	
946	3.000026e-03	5.000000e-01	0.000000e+00	0.000000e+00	
947	3.000026e-03	5.000000e-01	0.000000e+00	0.000000e+00	
948	3.000027e-03	5.000000e-01	0.000000e+00	0.000000e+00	
949	3.000027e-03	5.000000e-01	0.000000e+00	0.000000e+00	
950	3.000028e-03	5.000000e-01	0.000000e+00	0.000000e+00	
951	3.000028e-03	4.500000e-01	0.000000e+00	0.000000e+00	
952	3.000028e-03	3.500000e-01	0.000000e+00	0.000000e+00	
953	3.000028e-03	1.500000e-01	0.000000e+00	0.000000e+00	
954	3.000028e-03	0.000000e+00	0.000000e+00	0.000000e+00	
955	3.000028e-03	0.000000e+00	0.000000e+00	0.000000e+00	
956	3.000028e-03	0.000000e+00	0.000000e+00	0.000000e+00	
957	3.000028e-03	0.000000e+00	0.000000e+00	0.000000e+00	
958	3.000028e-03	0.000000e+00	0.000000e+00	0.000000e+00	
959	3.000028e-03	0.000000e+00	0.000000e+00	0.000000e+00	
960	3.000029e-03	0.000000e+00	0.000000e+00	0.000000e+00	
961	3.000029e-03	0.000000e+00	0.000000e+00	0.000000e+00	
962	3.000030e-03	0.000000e+00	0.000000e+00	0.000000e+00	
963	3.000032e-03	0.000000e+00	0.000000e+00	0.000000e+00	
964	3.000036e-03	0.000000e+00	0.000000e+00	0.000000e+00	
965	3.000045e-03	0.000000e+00	0.000000e+00	0.000000e+00	
966	3.000061e-03	0.000000e+00	0.000000e+00	0.000000e+00	
967	3.000094e-03	0.000000e+00	0.000000e+00	0.000000e+00	
968	3.000159e-03	0.000000e+00	0.000000e+00	0.000000e+00	
969	3.000290e-03	0.000000e+00	0.000000e+00	0.000000e+00	
970	3.000552e-03	0.000000e+00	0.000000e+00	0.000000e+00	
971	3.001077e-03	0.000000e+00	0.000000e+00	0.000000e+00	
972	3.002125e-03	0.000000e+00	0.000000e+00	0.000000e+00	
973	3.004223e-03	0.000000e+00	0.000000e+00	0.000000e+00	
974	3.008417e-03	0.000000e+00	0.000000e+00	0.000000e+00	
975	3.016805e-03	0.000000e+00	0.000000e+00	0.000000e+00	
976	3.033583e-03	0.000000e+00	0.000000e+00	0.000000e+00	
977	3.067137e-03	0.000000e+00	0.000000e+00	0.000000e+00	
978	3.134246e-03	0.000000e+00	0.000000e+00	0.000000e+00	
979	3.268464e-03	0.000000e+00	0.000000e+00	0.000000e+00	
980	3.428464e-03	0.000000e+00	0.000000e+00	0.000000e+00	
981	3.500010e-03	0.000000e+00	0.000000e+00	0.000000e+00	
982	3.500011e-03	0.000000e+00	0.000000e+00	0.000000e+00	

Index   time            overflow        s0              s1              
--------------------------------------------------------------------------------
983	3.500013e-03	0.000000e+00	0.000000e+00	0.000000e+00	
984	3.500017e-03	0.000000e+00	0.000000e+00	0.000000e+00	
985	3.500019e-03	0.000000e+00	0.000000e+00	0.000000e+00	
986	3.500019e-03	0.000000e+00	5.000000e-02	0.000000e+00	
987	3.500019e-03	0.000000e+00	1.500000e-01	0.000000e+00	
988	3.500019e-03	0.000000e+00	3.500000e-01	0.000000e+00	
989	3.500019e-03	0.000000e+00	5.000000e-01	0.000000e+00	
990	3.500019e-03	0.000000e+00	5.000000e-01	0.000000e+00	
991	3.500019e-03	0.000000e+00	5.000000e-01	0.000000e+00	
992	3.500019e-03	0.000000e+00	5.000000e-01	0.000000e+00	
993	3.500019e-03	0.000000e+00	5.000000e-01	0.000000e+00	
994	3.500019e-03	0.000000e+00	5.000000e-01	0.000000e+00	
995	3.500020e-03	0.000000e+00	5.000000e-01	0.000000e+00	
996	3.500020e-03	0.000000e+00	5.000000e-01	0.000000e+00	
997	3.500020e-03	0.000000e+00	5.000000e-01	0.000000e+00	
998	3.500020e-03	0.000000e+00	5.000000e-01	0.000000e+00	
999	3.500020e-03	0.000000e+00	5.000000e-01	0.000000e+00	
1000	3.500021e-03	0.000000e+00	5.000000e-01	0.000000e+00	
1001	3.500021e-03	0.000000e+00	5.000000e-01	0.000000e+00	
1002	3.500021e-03	0.000000e+00	5.000000e-01	5.000000e-02	
1003	3.500021e-03	0.000000e+00	5.000000e-01	1.500000e-01	
1004	3.500021e-03	0.000000e+00	5.000000e-01	3.500000e-01	
1005	3.500021e-03	0.000000e+00	5.000000e-01	5.000000e-01	
1006	3.500021e-03	0.000000e+00	5.000000e-01	5.000000e-01	
1007	3.500021e-03	0.000000e+00	5.000000e-01	5.000000e-01	
1008	3.500021e-03	0.000000e+00	5.000000e-01	5.000000e-01	
1009	3.500021e-03	0.000000e+00	5.000000e-01	5.000000e-01	
1010	3.500021e-03	0.000000e+00	5.000000e-01	5.000000e-01	
1011	3.500022e-03	0.000000e+00	5.000000e-01	5.000000e-01	
1012	3.500022e-03	0.000000e+00	5.000000e-01	5.000000e-01	
1013	3.500023e-03	0.000000e+00	5.000000e-01	5.000000e-01	
1014	3.500023e-03	5.000000e-02	4.500000e-01	4.500000e-01	
1015	3.500023e-03	1.500000e-01	3.500000e-01	3.500000e-01	
1016	3.500023e-03	3.500000e-01	1.500000e-01	1.500000e-01	
1017	3.500023e-03	5.000000e-01	0.000000e+00	0.000000e+00	
1018	3.500023e-03	5.000000e-01	0.000000e+00	0.000000e+00	
1019	3.500023e-03	5.000000e-01	0.000000e+00	0.000000e+00	
1020	3.500023e-03	5.000000e-01	0.000000e+00	0.000000e+00	
1021	3.500023e-03	5.000000e-01	0.000000e+00	0.000000e+00	
1022	3.500023e-03	5.000000e-01	0.000000e+00	0.000000e+00	
1023	3.500024e-03	5.000000e-01	0.000000e+00	0.000000e+00	
1024	3.500024e-03	5.000000e-01	0.000000e+00	0.000000e+00	
1025	3.500025e-03	5.000000e-01	0.000000e+00	0.000000e+00	
1026	3.500025e-03	5.500000e-01	0.000000e+00	0.000000e+00	
1027	3.500025e-03	6.500000e-01	0.000000e+00	0.000000e+00	
1028	3.500025e-03	8.500000e-01	0.000000e+00	0.000000e+00	
1029	3.500025e-03	1.000000e+00	0.000000e+00	0.000000e+00	
1030	3.500025e-03	1.040000e+00	0.000000e+00	0.000000e+00	
1031	3.500025e-03	1.120000e+00	0.000000e+00	0.000000e+00	
1032	3.500025e-03	1.280000e+00	0.000000e+00	0.000000e+00	
1033	3.500025e-03	1.600000e+00	0.000000e+00	0.000000e+00	
1034	3.500025e-03	2.240000e+00	0.000000e+00	0.000000e+00	
1035	3.500026e-03	3.520000e+00	0.000000e+00	0.000000e+00	
1036	3.500026e-03	5.000000e+00	0.000000e+00	0.000000e+00	
1037	3.500026e-03	5.000000e+00	0.000000e+00	0.000000e+00	
1038	3.500026e-03	5.000000e+00	0.000000e+00	0.000000e+00	
1039	3.500026e-03	5.000000e+00	0.000000e+00	0.000000e+00	
1040	3.500027e-03	5.000000e+00	0.000000e+00	0.000000e+00	

Index   time            overflow        s0              s1              
--------------------------------------------------------------------------------
1041	3.500027e-03	5.000000e+00	0.000000e+00	0.000000e+00	
1042	3.500029e-03	5.000000e+00	0.000000e+00	0.000000e+00	
1043	3.500032e-03	5.000000e+00	0.000000e+00	0.000000e+00	
1044	3.500039e-03	5.000000e+00	0.000000e+00	0.000000e+00	
1045	3.500052e-03	5.000000e+00	0.000000e+00	0.000000e+00	
1046	3.500078e-03	5.000000e+00	0.000000e+00	0.000000e+00	
1047	3.500131e-03	5.000000e+00	0.000000e+00	0.000000e+00	
1048	3.500236e-03	5.000000e+00	0.000000e+00	0.000000e+00	
1049	3.500445e-03	5.000000e+00	0.000000e+00	0.000000e+00	
1050	3.500865e-03	5.000000e+00	0.000000e+00	0.000000e+00	
1051	3.501704e-03	5.000000e+00	0.000000e+00	0.000000e+00	
1052	3.503381e-03	5.000000e+00	0.000000e+00	0.000000e+00	
1053	3.506737e-03	5.000000e+00	0.000000e+00	0.000000e+00	
1054	3.513448e-03	5.000000e+00	0.000000e+00	0.000000e+00	
1055	3.526869e-03	5.000000e+00	0.000000e+00	0.000000e+00	
1056	3.553713e-03	5.000000e+00	0.000000e+00	0.000000e+00	
1057	3.607400e-03	5.000000e+00	0.000000e+00	0.000000e+00	
1058	3.714774e-03	5.000000e+00	0.000000e+00	0.000000e+00	
1059	3.874774e-03	5.000000e+00	0.000000e+00	0.000000e+00	
1060	4.000000e-03	5.000000e+00	0.000000e+00	0.000000e+00	
1061	4.000001e-03	5.000000e+00	0.000000e+00	0.000000e+00	
1062	4.000003e-03	5.000000e+00	0.000000e+00	0.000000e+00	
1063	4.000005e-03	5.000000e+00	0.000000e+00	0.000000e+00	
1064	4.000005e-03	5.000000e+00	5.000000e-02	0.000000e+00	
1065	4.000005e-03	5.000000e+00	1.500000e-01	0.000000e+00	
1066	4.000005e-03	5.000000e+00	3.500000e-01	0.000000e+00	
1067	4.000005e-03	5.000000e+00	5.000000e-01	0.000000e+00	
1068	4.000005e-03	5.000000e+00	5.000000e-01	0.000000e+00	
1069	4.000005e-03	5.000000e+00	5.000000e-01	0.000000e+00	
1070	4.000005e-03	5.000000e+00	5.000000e-01	0.000000e+00	
1071	4.000005e-03	5.000000e+00	5.000000e-01	0.000000e+00	
1072	4.000005e-03	5.000000e+00	5.000000e-01	0.000000e+00	
1073	4.000006e-03	5.000000e+00	5.000000e-01	0.000000e+00	
1074	4.000006e-03	5.000000e+00	5.000000e-01	0.000000e+00	
1075	4.000006e-03	5.000000e+00	5.000000e-01	5.000000e-02	
1076	4.000006e-03	5.000000e+00	5.000000e-01	1.500000e-01	
1077	4.000006e-03	5.000000e+00	5.000000e-01	3.500000e-01	
1078	4.000006e-03	5.000000e+00	5.000000e-01	5.000000e-01	
1079	4.000006e-03	5.000000e+00	5.000000e-01	5.000000e-01	
1080	4.000006e-03	5.000000e+00	5.000000e-01	5.000000e-01	
1081	4.000006e-03	5.000000e+00	5.000000e-01	5.000000e-01	
1082	4.000006e-03	5.000000e+00	5.000000e-01	5.000000e-01	
1083	4.000006e-03	5.000000e+00	5.000000e-01	5.000000e-01	
1084	4.000007e-03	5.000000e+00	5.000000e-01	5.000000e-01	
1085	4.000007e-03	5.000000e+00	5.000000e-01	5.000000e-01	
1086	4.000007e-03	5.000000e+00	5.000000e-01	5.000000e-01	
1087	4.000007e-03	5.000000e+00	5.000000e-01	5.000000e-01	
1088	4.000007e-03	5.000000e+00	5.000000e-01	5.000000e-01	
1089	4.000007e-03	5.000000e+00	5.000000e-01	5.000000e-01	
1090	4.000007e-03	5.000000e+00	5.000000e-01	5.000000e-01	
1091	4.000007e-03	5.000000e+00	5.000000e-01	5.000000e-01	
1092	4.000007e-03	5.000000e+00	5.000000e-01	5.000000e-01	
1093	4.000007e-03	5.000000e+00	5.000000e-01	5.000000e-01	
1094	4.000007e-03	5.000000e+00	5.000000e-01	5.000000e-01	
1095	4.000008e-03	5.000000e+00	5.000000e-01	5.000000e-01	
1096	4.000008e-03	5.000000e+00	5.000000e-01	5.000000e-01	
1097	4.000008e-03	4.744000e+00	5.000000e-01	5.000000e-01	
1098	4.000008e-03	4.232000e+00	5.000000e-01	5.000000e-01	

Index   time            overflow        s0              s1              
--------------------------------------------------------------------------------
1099	4.000008e-03	3.208000e+00	5.000000e-01	5.000000e-01	
1100	4.000009e-03	1.160000e+00	5.000000e-01	5.000000e-01	
1101	4.000009e-03	5.000000e-01	5.000000e-01	5.000000e-01	
1102	4.000009e-03	5.000000e-01	5.000000e-01	5.000000e-01	
1103	4.000009e-03	5.000000e-01	5.000000e-01	5.000000e-01	
1104	4.000009e-03	5.000000e-01	4.500000e-01	5.000000e-01	
1105	4.000009e-03	5.000000e-01	3.500000e-01	5.000000e-01	
1106	4.000009e-03	5.000000e-01	1.500000e-01	5.000000e-01	
1107	4.000009e-03	5.000000e-01	1.997902e-09	5.000000e-01	
1108	4.000009e-03	5.000000e-01	0.000000e+00	5.000000e-01	
1109	4.000009e-03	5.000000e-01	0.000000e+00	5.000000e-01	
1110	4.000009e-03	5.000000e-01	0.000000e+00	5.000000e-01	
1111	4.000009e-03	5.000000e-01	0.000000e+00	5.000000e-01	
1112	4.000009e-03	5.000000e-01	0.000000e+00	5.000000e-01	
1113	4.000010e-03	5.000000e-01	0.000000e+00	5.000000e-01	
1114	4.000010e-03	5.000000e-01	0.000000e+00	5.000000e-01	
1115	4.000010e-03	5.000000e-01	0.000000e+00	5.000000e-01	
1116	4.000010e-03	5.000000e-01	0.000000e+00	5.000000e-01	
1117	4.000010e-03	5.000000e-01	0.000000e+00	5.000000e-01	
1118	4.000011e-03	5.000000e-01	0.000000e+00	5.000000e-01	
1119	4.000011e-03	5.000000e-01	0.000000e+00	5.000000e-01	
1120	4.000011e-03	5.000000e-01	0.000000e+00	4.500000e-01	
1121	4.000011e-03	5.000000e-01	0.000000e+00	3.500000e-01	
1122	4.000011e-03	5.000000e-01	0.000000e+00	1.500000e-01	
1123	4.000011e-03	5.000000e-01	0.000000e+00	1.997902e-09	
1124	4.000011e-03	5.000000e-01	0.000000e+00	0.000000e+00	
1125	4.000011e-03	5.000000e-01	0.000000e+00	0.000000e+00	
1126	4.000011e-03	5.000000e-01	0.000000e+00	0.000000e+00	
1127	4.000011e-03	5.000000e-01	0.000000e+00	0.000000e+00	
1128	4.000011e-03	5.000000e-01	0.000000e+00	0.000000e+00	
1129	4.000012e-03	5.000000e-01	0.000000e+00	0.000000e+00	
1130	4.000012e-03	5.000000e-01	0.000000e+00	0.000000e+00	
1131	4.000013e-03	5.000000e-01	0.000000e+00	0.000000e+00	
1132	4.000013e-03	5.000000e-01	0.000000e+00	0.000000e+00	
1133	4.000013e-03	5.000000e-01	0.000000e+00	0.000000e+00	
1134	4.000013e-03	5.000000e-01	0.000000e+00	0.000000e+00	
1135	4.000013e-03	5.000000e-01	0.000000e+00	0.000000e+00	
1136	4.000013e-03	5.000000e-01	0.000000e+00	0.000000e+00	
1137	4.000013e-03	5.000000e-01	0.000000e+00	0.000000e+00	
1138	4.000013e-03	5.000000e-01	0.000000e+00	0.000000e+00	
1139	4.000013e-03	5.000000e-01	0.000000e+00	0.000000e+00	
1140	4.000013e-03	5.000000e-01	0.000000e+00	0.000000e+00	
1141	4.000014e-03	5.000000e-01	0.000000e+00	0.000000e+00	
1142	4.000014e-03	5.000000e-01	0.000000e+00	0.000000e+00	
1143	4.000015e-03	5.000000e-01	0.000000e+00	0.000000e+00	
1144	4.000015e-03	5.000000e-01	0.000000e+00	0.000000e+00	
1145	4.000015e-03	5.000000e-01	0.000000e+00	0.000000e+00	
1146	4.000015e-03	5.000000e-01	0.000000e+00	0.000000e+00	
1147	4.000015e-03	5.000000e-01	0.000000e+00	0.000000e+00	
1148	4.000015e-03	5.000000e-01	0.000000e+00	0.000000e+00	
1149	4.000015e-03	5.000000e-01	0.000000e+00	0.000000e+00	
1150	4.000015e-03	5.000000e-01	0.000000e+00	0.000000e+00	
1151	4.000015e-03	5.000000e-01	0.000000e+00	0.000000e+00	
1152	4.000015e-03	5.000000e-01	0.000000e+00	0.000000e+00	
1153	4.000016e-03	5.000000e-01	0.000000e+00	0.000000e+00	
1154	4.000016e-03	5.000000e-01	0.000000e+00	0.000000e+00	
1155	4.000017e-03	5.000000e-01	0.000000e+00	0.000000e+00	
1156	4.000017e-03	4.500000e-01	0.000000e+00	0.000000e+00	

Index   time            overflow        s0              s1              
--------------------------------------------------------------------------------
1157	4.000017e-03	3.500000e-01	0.000000e+00	0.000000e+00	
1158	4.000017e-03	1.500000e-01	0.000000e+00	0.000000e+00	
1159	4.000017e-03	1.997902e-09	0.000000e+00	0.000000e+00	
1160	4.000017e-03	0.000000e+00	0.000000e+00	0.000000e+00	
1161	4.000017e-03	0.000000e+00	0.000000e+00	0.000000e+00	
1162	4.000017e-03	0.000000e+00	0.000000e+00	0.000000e+00	
1163	4.000017e-03	0.000000e+00	0.000000e+00	0.000000e+00	
1164	4.000017e-03	0.000000e+00	0.000000e+00	0.000000e+00	
1165	4.000018e-03	0.000000e+00	0.000000e+00	0.000000e+00	
1166	4.000018e-03	0.000000e+00	0.000000e+00	0.000000e+00	
1167	4.000019e-03	0.000000e+00	0.000000e+00	0.000000e+00	
1168	4.000019e-03	0.000000e+00	0.000000e+00	0.000000e+00	
1169	4.000019e-03	0.000000e+00	0.000000e+00	0.000000e+00	
1170	4.000019e-03	0.000000e+00	0.000000e+00	0.000000e+00	
1171	4.000019e-03	0.000000e+00	0.000000e+00	0.000000e+00	
1172	4.000019e-03	0.000000e+00	0.000000e+00	0.000000e+00	
1173	4.000019e-03	0.000000e+00	0.000000e+00	0.000000e+00	
1174	4.000019e-03	0.000000e+00	0.000000e+00	0.000000e+00	
1175	4.000019e-03	0.000000e+00	0.000000e+00	0.000000e+00	
1176	4.000019e-03	0.000000e+00	0.000000e+00	0.000000e+00	
1177	4.000020e-03	0.000000e+00	0.000000e+00	0.000000e+00	
1178	4.000020e-03	0.000000e+00	0.000000e+00	0.000000e+00	
1179	4.000020e-03	0.000000e+00	0.000000e+00	0.000000e+00	
1180	4.000020e-03	0.000000e+00	0.000000e+00	0.000000e+00	
1181	4.000020e-03	0.000000e+00	0.000000e+00	0.000000e+00	
1182	4.000021e-03	0.000000e+00	0.000000e+00	0.000000e+00	
1183	4.000021e-03	0.000000e+00	0.000000e+00	0.000000e+00	
1184	4.000021e-03	5.000000e-02	0.000000e+00	0.000000e+00	
1185	4.000021e-03	1.500000e-01	0.000000e+00	0.000000e+00	
1186	4.000021e-03	3.500000e-01	0.000000e+00	0.000000e+00	
1187	4.000021e-03	5.000000e-01	0.000000e+00	0.000000e+00	
1188	4.000021e-03	5.000000e-01	0.000000e+00	0.000000e+00	
1189	4.000021e-03	5.000000e-01	0.000000e+00	0.000000e+00	
1190	4.000021e-03	5.000000e-01	0.000000e+00	0.000000e+00	
1191	4.000021e-03	5.000000e-01	0.000000e+00	0.000000e+00	
1192	4.000021e-03	5.000000e-01	0.000000e+00	0.000000e+00	
1193	4.000022e-03	5.000000e-01	0.000000e+00	0.000000e+00	
1194	4.000022e-03	5.000000e-01	0.000000e+00	0.000000e+00	
1195	4.000022e-03	5.000000e-01	0.000000e+00	0.000000e+00	
1196	4.000022e-03	5.000000e-01	0.000000e+00	0.000000e+00	
1197	4.000022e-03	5.000000e-01	0.000000e+00	0.000000e+00	
1198	4.000022e-03	5.000000e-01	0.000000e+00	0.000000e+00	
1199	4.000022e-03	5.000000e-01	0.000000e+00	0.000000e+00	
1200	4.000022e-03	5.000000e-01	0.000000e+00	0.000000e+00	
1201	4.000022e-03	5.000000e-01	0.000000e+00	0.000000e+00	
1202	4.000022e-03	5.000000e-01	0.000000e+00	0.000000e+00	
1203	4.000022e-03	5.000000e-01	0.000000e+00	0.000000e+00	
1204	4.000023e-03	5.000000e-01	0.000000e+00	0.000000e+00	
1205	4.000023e-03	5.000000e-01	0.000000e+00	0.000000e+00	
1206	4.000024e-03	5.000000e-01	0.000000e+00	0.000000e+00	
1207	4.000024e-03	4.500000e-01	0.000000e+00	0.000000e+00	
1208	4.000024e-03	3.500000e-01	0.000000e+00	0.000000e+00	
1209	4.000024e-03	1.500000e-01	0.000000e+00	0.000000e+00	
1210	4.000024e-03	1.997902e-09	0.000000e+00	0.000000e+00	
1211	4.000024e-03	0.000000e+00	0.000000e+00	0.000000e+00	
1212	4.000024e-03	0.000000e+00	0.000000e+00	0.000000e+00	
1213	4.000024e-03	0.000000e+00	0.000000e+00	0.000000e+00	
1214	4.000024e-03	0.000000e+00	0.000000e+00	0.000000e+00	

Index   time            overflow        s0              s1              
--------------------------------------------------------------------------------
1215	4.000024e-03	0.000000e+00	0.000000e+00	0.000000e+00	
1216	4.000025e-03	0.000000e+00	0.000000e+00	0.000000e+00	
1217	4.000025e-03	0.000000e+00	0.000000e+00	0.000000e+00	
1218	4.000026e-03	0.000000e+00	0.000000e+00	0.000000e+00	
1219	4.000028e-03	0.000000e+00	0.000000e+00	0.000000e+00	
1220	4.000032e-03	0.000000e+00	0.000000e+00	0.000000e+00	
1221	4.000041e-03	0.000000e+00	0.000000e+00	0.000000e+00	
1222	4.000057e-03	0.000000e+00	0.000000e+00	0.000000e+00	
1223	4.000090e-03	0.000000e+00	0.000000e+00	0.000000e+00	
1224	4.000155e-03	0.000000e+00	0.000000e+00	0.000000e+00	
1225	4.000286e-03	0.000000e+00	0.000000e+00	0.000000e+00	
1226	4.000548e-03	0.000000e+00	0.000000e+00	0.000000e+00	
1227	4.001073e-03	0.000000e+00	0.000000e+00	0.000000e+00	
1228	4.002121e-03	0.000000e+00	0.000000e+00	0.000000e+00	
1229	4.004219e-03	0.000000e+00	0.000000e+00	0.000000e+00	
1230	4.008413e-03	0.000000e+00	0.000000e+00	0.000000e+00	
1231	4.016801e-03	0.000000e+00	0.000000e+00	0.000000e+00	
1232	4.033579e-03	0.000000e+00	0.000000e+00	0.000000e+00	
1233	4.067133e-03	0.000000e+00	0.000000e+00	0.000000e+00	
1234	4.134242e-03	0.000000e+00	0.000000e+00	0.000000e+00	
1235	4.268460e-03	0.000000e+00	0.000000e+00	0.000000e+00	
1236	4.428460e-03	0.000000e+00	0.000000e+00	0.000000e+00	
1237	4.500010e-03	0.000000e+00	0.000000e+00	0.000000e+00	
1238	4.500011e-03	0.000000e+00	0.000000e+00	0.000000e+00	
1239	4.500013e-03	0.000000e+00	0.000000e+00	0.000000e+00	
1240	4.500017e-03	0.000000e+00	0.000000e+00	0.000000e+00	
1241	4.500019e-03	0.000000e+00	0.000000e+00	0.000000e+00	
1242	4.500019e-03	0.000000e+00	5.000000e-02	0.000000e+00	
1243	4.500019e-03	0.000000e+00	1.500000e-01	0.000000e+00	
1244	4.500019e-03	0.000000e+00	3.500000e-01	0.000000e+00	
1245	4.500019e-03	0.000000e+00	5.000000e-01	0.000000e+00	
1246	4.500019e-03	0.000000e+00	5.000000e-01	0.000000e+00	
1247	4.500019e-03	0.000000e+00	5.000000e-01	0.000000e+00	
1248	4.500019e-03	0.000000e+00	5.000000e-01	0.000000e+00	
1249	4.500019e-03	0.000000e+00	5.000000e-01	0.000000e+00	
1250	4.500019e-03	0.000000e+00	5.000000e-01	0.000000e+00	
1251	4.500020e-03	0.000000e+00	5.000000e-01	0.000000e+00	
1252	4.500020e-03	0.000000e+00	5.000000e-01	0.000000e+00	
1253	4.500020e-03	0.000000e+00	5.000000e-01	0.000000e+00	
1254	4.500020e-03	0.000000e+00	5.000000e-01	0.000000e+00	
1255	4.500020e-03	0.000000e+00	5.000000e-01	0.000000e+00	
1256	4.500021e-03	0.000000e+00	5.000000e-01	0.000000e+00	
1257	4.500021e-03	0.000000e+00	5.000000e-01	0.000000e+00	
1258	4.500021e-03	0.000000e+00	5.000000e-01	5.000000e-02	
1259	4.500021e-03	0.000000e+00	5.000000e-01	1.500000e-01	
1260	4.500021e-03	0.000000e+00	5.000000e-01	3.500000e-01	
1261	4.500021e-03	0.000000e+00	5.000000e-01	5.000000e-01	
1262	4.500021e-03	0.000000e+00	5.000000e-01	5.000000e-01	
1263	4.500021e-03	0.000000e+00	5.000000e-01	5.000000e-01	
1264	4.500021e-03	0.000000e+00	5.000000e-01	5.000000e-01	
1265	4.500021e-03	0.000000e+00	5.000000e-01	5.000000e-01	
1266	4.500021e-03	0.000000e+00	5.000000e-01	5.000000e-01	
1267	4.500022e-03	0.000000e+00	5.000000e-01	5.000000e-01	
1268	4.500022e-03	0.000000e+00	5.000000e-01	5.000000e-01	
1269	4.500023e-03	0.000000e+00	5.000000e-01	5.000000e-01	
1270	4.500023e-03	5.000000e-02	4.500000e-01	4.500000e-01	
1271	4.500023e-03	1.500000e-01	3.500000e-01	3.500000e-01	
1272	4.500023e-03	3.500000e-01	1.500000e-01	1.500000e-01	

Index   time            overflow        s0              s1              
--------------------------------------------------------------------------------
1273	4.500023e-03	5.000000e-01	1.997902e-09	1.997902e-09	
1274	4.500023e-03	5.000000e-01	0.000000e+00	0.000000e+00	
1275	4.500023e-03	5.000000e-01	0.000000e+00	0.000000e+00	
1276	4.500023e-03	5.000000e-01	0.000000e+00	0.000000e+00	
1277	4.500023e-03	5.000000e-01	0.000000e+00	0.000000e+00	
1278	4.500023e-03	5.000000e-01	0.000000e+00	0.000000e+00	
1279	4.500024e-03	5.000000e-01	0.000000e+00	0.000000e+00	
1280	4.500024e-03	5.000000e-01	0.000000e+00	0.000000e+00	
1281	4.500024e-03	5.000000e-01	0.000000e+00	0.000000e+00	
1282	4.500024e-03	5.000000e-01	0.000000e+00	0.000000e+00	
1283	4.500024e-03	5.000000e-01	0.000000e+00	0.000000e+00	
1284	4.500025e-03	5.000000e-01	0.000000e+00	0.000000e+00	
1285	4.500025e-03	5.000000e-01	0.000000e+00	0.000000e+00	
1286	4.500025e-03	5.000000e-01	0.000000e+00	0.000000e+00	
1287	4.500025e-03	5.000000e-01	0.000000e+00	0.000000e+00	
1288	4.500025e-03	5.819200e-01	0.000000e+00	0.000000e+00	
1289	4.500025e-03	7.457600e-01	0.000000e+00	0.000000e+00	
1290	4.500025e-03	1.073440e+00	0.000000e+00	0.000000e+00	
1291	4.500025e-03	1.728800e+00	0.000000e+00	0.000000e+00	
1292	4.500026e-03	3.039520e+00	0.000000e+00	0.000000e+00	
1293	4.500026e-03	5.000000e+00	0.000000e+00	0.000000e+00	
1294	4.500026e-03	5.000000e+00	0.000000e+00	0.000000e+00	
1295	4.500026e-03	5.000000e+00	0.000000e+00	0.000000e+00	
1296	4.500026e-03	5.000000e+00	0.000000e+00	0.000000e+00	
1297	4.500027e-03	5.000000e+00	0.000000e+00	0.000000e+00	
1298	4.500028e-03	5.000000e+00	0.000000e+00	0.000000e+00	
1299	4.500029e-03	5.000000e+00	0.000000e+00	0.000000e+00	
1300	4.500033e-03	5.000000e+00	0.000000e+00	0.000000e+00	
1301	4.500039e-03	5.000000e+00	0.000000e+00	0.000000e+00	
1302	4.500053e-03	5.000000e+00	0.000000e+00	0.000000e+00	
1303	4.500080e-03	5.000000e+00	0.000000e+00	0.000000e+00	
1304	4.500133e-03	5.000000e+00	0.000000e+00	0.000000e+00	
1305	4.500241e-03	5.000000e+00	0.000000e+00	0.000000e+00	
1306	4.500455e-03	5.000000e+00	0.000000e+00	0.000000e+00	
1307	4.500885e-03	5.000000e+00	0.000000e+00	0.000000e+00	
1308	4.501744e-03	5.000000e+00	0.000000e+00	0.000000e+00	
1309	4.503462e-03	5.000000e+00	0.000000e+00	0.000000e+00	
1310	4.506898e-03	5.000000e+00	0.000000e+00	0.000000e+00	
1311	4.513770e-03	5.000000e+00	0.000000e+00	0.000000e+00	
1312	4.527514e-03	5.000000e+00	0.000000e+00	0.000000e+00	
1313	4.555001e-03	5.000000e+00	0.000000e+00	0.000000e+00	
1314	4.609977e-03	5.000000e+00	0.000000e+00	0.000000e+00	
1315	4.719928e-03	5.000000e+00	0.000000e+00	0.000000e+00	
1316	4.879928e-03	5.000000e+00	0.000000e+00	0.000000e+00	
1317	5.000000e-03	5.000000e+00	0.000000e+00	0.000000e+00	
1318	5.000001e-03	5.000000e+00	0.000000e+00	0.000000e+00	
1319	5.000003e-03	5.000000e+00	0.000000e+00	0.000000e+00	
1320	5.000005e-03	5.000000e+00	0.000000e+00	0.000000e+00	
1321	5.000005e-03	5.000000e+00	5.000000e-02	0.000000e+00	
1322	5.000005e-03	5.000000e+00	1.500000e-01	0.000000e+00	
1323	5.000005e-03	5.000000e+00	3.500000e-01	0.000000e+00	
1324	5.000005e-03	5.000000e+00	5.000000e-01	0.000000e+00	
1325	5.000005e-03	5.000000e+00	5.000000e-01	0.000000e+00	
1326	5.000005e-03	5.000000e+00	5.000000e-01	0.000000e+00	
1327	5.000005e-03	5.000000e+00	5.000000e-01	0.000000e+00	
1328	5.000005e-03	5.000000e+00	5.000000e-01	0.000000e+00	
1329	5.000005e-03	5.000000e+00	5.000000e-01	0.000000e+00	
1330	5.000006e-03	5.000000e+00	5.000000e-01	0.000000e+00	

Index   time            overflow        s0              s1              
--------------------------------------------------------------------------------
1331	5.000006e-03	5.000000e+00	5.000000e-01	0.000000e+00	
1332	5.000007e-03	5.000000e+00	5.000000e-01	0.000000e+00	
1333	5.000007e-03	5.000000e+00	5.000000e-01	5.000000e-02	
1334	5.000007e-03	5.000000e+00	5.000000e-01	1.500000e-01	
1335	5.000007e-03	5.000000e+00	5.000000e-01	3.500000e-01	
1336	5.000007e-03	5.000000e+00	5.000000e-01	5.000000e-01	
1337	5.000007e-03	5.000000e+00	5.000000e-01	5.000000e-01	
1338	5.000007e-03	5.000000e+00	5.000000e-01	5.000000e-01	
1339	5.000007e-03	5.000000e+00	5.000000e-01	5.000000e-01	
1340	5.000007e-03	5.000000e+00	5.000000e-01	5.000000e-01	
1341	5.000007e-03	5.000000e+00	5.000000e-01	5.000000e-01	
1342	5.000008e-03	5.000000e+00	5.000000e-01	5.000000e-01	
1343	5.000008e-03	5.000000e+00	5.000000e-01	5.000000e-01	
1344	5.000008e-03	5.000000e+00	5.000000e-01	5.000000e-01	
1345	5.000008e-03	5.000000e+00	5.000000e-01	5.000000e-01	
1346	5.000008e-03	4.948800e+00	5.000000e-01	5.000000e-01	
1347	5.000008e-03	4.846400e+00	5.000000e-01	5.000000e-01	
1348	5.000008e-03	4.641600e+00	5.000000e-01	5.000000e-01	
1349	5.000008e-03	4.232000e+00	5.000000e-01	5.000000e-01	
1350	5.000008e-03	3.412800e+00	5.000000e-01	5.000000e-01	
1351	5.000009e-03	1.774400e+00	5.000000e-01	5.000000e-01	
1352	5.000009e-03	5.000000e-01	5.000000e-01	5.000000e-01	
1353	5.000009e-03	5.000000e-01	5.000000e-01	5.000000e-01	
1354	5.000009e-03	5.000000e-01	5.000000e-01	5.000000e-01	
1355	5.000009e-03	5.000000e-01	4.500000e-01	5.000000e-01	
1356	5.000009e-03	5.000000e-01	3.500000e-01	5.000000e-01	
1357	5.000009e-03	5.000000e-01	1.500000e-01	5.000000e-01	
1358	5.000009e-03	5.000000e-01	1.997902e-09	5.000000e-01	
1359	5.000009e-03	5.000000e-01	0.000000e+00	5.000000e-01	
1360	5.000009e-03	5.000000e-01	0.000000e+00	5.000000e-01	
1361	5.000009e-03	5.000000e-01	0.000000e+00	5.000000e-01	
1362	5.000009e-03	5.000000e-01	0.000000e+00	5.000000e-01	
1363	5.000009e-03	5.000000e-01	0.000000e+00	5.000000e-01	
1364	5.000010e-03	5.000000e-01	0.000000e+00	5.000000e-01	
1365	5.000010e-03	5.000000e-01	0.000000e+00	5.000000e-01	
1366	5.000010e-03	5.000000e-01	0.000000e+00	5.000000e-01	
1367	5.000010e-03	5.000000e-01	0.000000e+00	5.000000e-01	
1368	5.000010e-03	5.000000e-01	0.000000e+00	5.000000e-01	
1369	5.000011e-03	5.000000e-01	0.000000e+00	5.000000e-01	
1370	5.000011e-03	5.000000e-01	0.000000e+00	5.000000e-01	
1371	5.000011e-03	5.000000e-01	0.000000e+00	4.500000e-01	
1372	5.000011e-03	5.000000e-01	0.000000e+00	3.500000e-01	
1373	5.000011e-03	5.000000e-01	0.000000e+00	1.500000e-01	
1374	5.000011e-03	5.000000e-01	0.000000e+00	1.997902e-09	
1375	5.000011e-03	5.000000e-01	0.000000e+00	0.000000e+00	
1376	5.000011e-03	5.000000e-01	0.000000e+00	0.000000e+00	
1377	5.000011e-03	5.000000e-01	0.000000e+00	0.000000e+00	
1378	5.000011e-03	5.000000e-01	0.000000e+00	0.000000e+00	
1379	5.000011e-03	5.000000e-01	0.000000e+00	0.000000e+00	
1380	5.000012e-03	5.000000e-01	0.000000e+00	0.000000e+00	
1381	5.000012e-03	5.000000e-01	0.000000e+00	0.000000e+00	
1382	5.000013e-03	5.000000e-01	0.000000e+00	0.000000e+00	
1383	5.000013e-03	5.000000e-01	0.000000e+00	0.000000e+00	
1384	5.000013e-03	5.000000e-01	0.000000e+00	0.000000e+00	
1385	5.000013e-03	5.000000e-01	0.000000e+00	0.000000e+00	
1386	5.000013e-03	5.000000e-01	0.000000e+00	0.000000e+00	
1387	5.000013e-03	5.000000e-01	0.000000e+00	0.000000e+00	
1388	5.000013e-03	5.000000e-01	0.000000e+00	0.000000e+00	

Index   time            overflow        s0              s1              
--------------------------------------------------------------------------------
1389	5.000013e-03	5.000000e-01	0.000000e+00	0.000000e+00	
1390	5.000013e-03	5.000000e-01	0.000000e+00	0.000000e+00	
1391	5.000013e-03	5.000000e-01	0.000000e+00	0.000000e+00	
1392	5.000014e-03	5.000000e-01	0.000000e+00	0.000000e+00	
1393	5.000014e-03	5.000000e-01	0.000000e+00	0.000000e+00	
1394	5.000015e-03	5.000000e-01	0.000000e+00	0.000000e+00	
1395	5.000015e-03	5.000000e-01	0.000000e+00	0.000000e+00	
1396	5.000015e-03	5.000000e-01	0.000000e+00	0.000000e+00	
1397	5.000015e-03	5.000000e-01	0.000000e+00	0.000000e+00	
1398	5.000015e-03	5.000000e-01	0.000000e+00	0.000000e+00	
1399	5.000015e-03	5.000000e-01	0.000000e+00	0.000000e+00	
1400	5.000015e-03	5.000000e-01	0.000000e+00	0.000000e+00	
1401	5.000015e-03	5.000000e-01	0.000000e+00	0.000000e+00	
1402	5.000015e-03	5.000000e-01	0.000000e+00	0.000000e+00	
1403	5.000015e-03	5.000000e-01	0.000000e+00	0.000000e+00	
1404	5.000016e-03	5.000000e-01	0.000000e+00	0.000000e+00	
1405	5.000016e-03	5.000000e-01	0.000000e+00	0.000000e+00	
1406	5.000017e-03	5.000000e-01	0.000000e+00	0.000000e+00	
1407	5.000017e-03	4.500000e-01	0.000000e+00	0.000000e+00	
1408	5.000017e-03	3.500000e-01	0.000000e+00	0.000000e+00	
1409	5.000017e-03	1.500000e-01	0.000000e+00	0.000000e+00	
1410	5.000017e-03	1.997902e-09	0.000000e+00	0.000000e+00	
1411	5.000017e-03	0.000000e+00	0.000000e+00	0.000000e+00	
1412	5.000017e-03	0.000000e+00	0.000000e+00	0.000000e+00	
1413	5.000017e-03	0.000000e+00	0.000000e+00	0.000000e+00	
1414	5.000017e-03	0.000000e+00	0.000000e+00	0.000000e+00	
1415	5.000017e-03	0.000000e+00	0.000000e+00	0.000000e+00	
1416	5.000018e-03	0.000000e+00	0.000000e+00	0.000000e+00	
1417	5.000018e-03	0.000000e+00	0.000000e+00	0.000000e+00	
1418	5.000019e-03	0.000000e+00	0.000000e+00	0.000000e+00	
1419	5.000019e-03	0.000000e+00	0.000000e+00	5.000000e-02	
1420	5.000019e-03	0.000000e+00	0.000000e+00	1.500000e-01	
1421	5.000019e-03	0.000000e+00	0.000000e+00	3.500000e-01	
1422	5.000019e-03	0.000000e+00	0.000000e+00	5.000000e-01	
1423	5.000019e-03	0.000000e+00	0.000000e+00	5.000000e-01	
1424	5.000019e-03	0.000000e+00	0.000000e+00	5.000000e-01	
1425	5.000019e-03	0.000000e+00	0.000000e+00	5.000000e-01	
1426	5.000019e-03	0.000000e+00	0.000000e+00	5.000000e-01	
1427	5.000019e-03	0.000000e+00	0.000000e+00	5.000000e-01	
1428	5.000020e-03	0.000000e+00	0.000000e+00	5.000000e-01	
1429	5.000020e-03	0.000000e+00	0.000000e+00	5.000000e-01	
1430	5.000020e-03	0.000000e+00	0.000000e+00	5.000000e-01	
1431	5.000020e-03	0.000000e+00	0.000000e+00	5.000000e-01	
1432	5.000020e-03	0.000000e+00	0.000000e+00	5.000000e-01	
1433	5.000021e-03	0.000000e+00	0.000000e+00	5.000000e-01	
1434	5.000021e-03	0.000000e+00	0.000000e+00	5.000000e-01	
1435	5.000021e-03	0.000000e+00	0.000000e+00	5.000000e-01	
1436	5.000021e-03	0.000000e+00	0.000000e+00	5.000000e-01	
1437	5.000021e-03	0.000000e+00	0.000000e+00	5.000000e-01	
1438	5.000021e-03	0.000000e+00	0.000000e+00	5.000000e-01	
1439	5.000021e-03	0.000000e+00	0.000000e+00	5.000000e-01	
1440	5.000021e-03	0.000000e+00	0.000000e+00	5.000000e-01	
1441	5.000021e-03	0.000000e+00	0.000000e+00	5.000000e-01	
1442	5.000021e-03	0.000000e+00	0.000000e+00	5.000000e-01	
1443	5.000021e-03	0.000000e+00	0.000000e+00	5.000000e-01	
1444	5.000022e-03	0.000000e+00	0.000000e+00	5.000000e-01	
1445	5.000022e-03	0.000000e+00	0.000000e+00	5.000000e-01	
1446	5.000022e-03	0.000000e+00	0.000000e+00	4.500000e-01	

Index   time            overflow        s0              s1              
--------------------------------------------------------------------------------
1447	5.000022e-03	0.000000e+00	0.000000e+00	3.500000e-01	
1448	5.000022e-03	0.000000e+00	0.000000e+00	1.500000e-01	
1449	5.000022e-03	0.000000e+00	0.000000e+00	1.997902e-09	
1450	5.000022e-03	0.000000e+00	0.000000e+00	0.000000e+00	
1451	5.000022e-03	0.000000e+00	0.000000e+00	0.000000e+00	
1452	5.000022e-03	0.000000e+00	0.000000e+00	0.000000e+00	
1453	5.000022e-03	0.000000e+00	0.000000e+00	0.000000e+00	
1454	5.000022e-03	0.000000e+00	0.000000e+00	0.000000e+00	
1455	5.000023e-03	0.000000e+00	0.000000e+00	0.000000e+00	
1456	5.000023e-03	0.000000e+00	0.000000e+00	0.000000e+00	
1457	5.000023e-03	5.000000e-02	0.000000e+00	0.000000e+00	
1458	5.000023e-03	1.500000e-01	0.000000e+00	0.000000e+00	
1459	5.000023e-03	3.500000e-01	0.000000e+00	0.000000e+00	
1460	5.000023e-03	5.000000e-01	0.000000e+00	0.000000e+00	
1461	5.000023e-03	5.000000e-01	0.000000e+00	0.000000e+00	
1462	5.000023e-03	5.000000e-01	0.000000e+00	0.000000e+00	
1463	5.000023e-03	5.000000e-01	0.000000e+00	0.000000e+00	
1464	5.000023e-03	5.000000e-01	0.000000e+00	0.000000e+00	
1465	5.000023e-03	5.000000e-01	0.000000e+00	0.000000e+00	
1466	5.000024e-03	5.000000e-01	0.000000e+00	0.000000e+00	
1467	5.000024e-03	5.000000e-01	0.000000e+00	0.000000e+00	
1468	5.000024e-03	5.000000e-01	0.000000e+00	0.000000e+00	
1469	5.000024e-03	5.000000e-01	0.000000e+00	0.000000e+00	
1470	5.000024e-03	5.000000e-01	0.000000e+00	0.000000e+00	
1471	5.000024e-03	5.000000e-01	0.000000e+00	0.000000e+00	
1472	5.000024e-03	5.000000e-01	0.000000e+00	0.000000e+00	
1473	5.000024e-03	5.000000e-01	0.000000e+00	0.000000e+00	
1474	5.000024e-03	5.000000e-01	0.000000e+00	0.000000e+00	
1475	5.000024e-03	5.000000e-01	0.000000e+00	0.000000e+00	
1476	5.000024e-03	5.000000e-01	0.000000e+00	0.000000e+00	
1477	5.000025e-03	5.000000e-01	0.000000e+00	0.000000e+00	
1478	5.000025e-03	5.000000e-01	0.000000e+00	0.000000e+00	
1479	5.000026e-03	5.000000e-01	0.000000e+00	0.000000e+00	
1480	5.000026e-03	5.000000e-01	0.000000e+00	0.000000e+00	
1481	5.000026e-03	5.000000e-01	0.000000e+00	0.000000e+00	
1482	5.000026e-03	5.000000e-01	0.000000e+00	0.000000e+00	
1483	5.000026e-03	5.000000e-01	0.000000e+00	0.000000e+00	
1484	5.000026e-03	5.000000e-01	0.000000e+00	0.000000e+00	
1485	5.000026e-03	5.000000e-01	0.000000e+00	0.000000e+00	
1486	5.000026e-03	5.000000e-01	0.000000e+00	0.000000e+00	
1487	5.000026e-03	5.000000e-01	0.000000e+00	0.000000e+00	
1488	5.000026e-03	5.000000e-01	0.000000e+00	0.000000e+00	
1489	5.000027e-03	5.000000e-01	0.000000e+00	0.000000e+00	
1490	5.000027e-03	5.000000e-01	0.000000e+00	0.000000e+00	
1491	5.000028e-03	5.000000e-01	0.000000e+00	0.000000e+00	
1492	5.000028e-03	4.500000e-01	0.000000e+00	0.000000e+00	
1493	5.000028e-03	3.500000e-01	0.000000e+00	0.000000e+00	
1494	5.000028e-03	1.500000e-01	0.000000e+00	0.000000e+00	
1495	5.000028e-03	1.997902e-09	0.000000e+00	0.000000e+00	
1496	5.000028e-03	0.000000e+00	0.000000e+00	0.000000e+00	
1497	5.000028e-03	0.000000e+00	0.000000e+00	0.000000e+00	
1498	5.000028e-03	0.000000e+00	0.000000e+00	0.000000e+00	
1499	5.000028e-03	0.000000e+00	0.000000e+00	0.000000e+00	
1500	5.000028e-03	0.000000e+00	0.000000e+00	0.000000e+00	
1501	5.000029e-03	0.000000e+00	0.000000e+00	0.000000e+00	
1502	5.000029e-03	0.000000e+00	0.000000e+00	0.000000e+00	
1503	5.000030e-03	0.000000e+00	0.000000e+00	0.000000e+00	
1504	5.000032e-03	0.000000e+00	0.000000e+00	0.000000e+00	

Index   time            overflow        s0              s1              
--------------------------------------------------------------------------------
1505	5.000036e-03	0.000000e+00	0.000000e+00	0.000000e+00	
1506	5.000045e-03	0.000000e+00	0.000000e+00	0.000000e+00	
1507	5.000061e-03	0.000000e+00	0.000000e+00	0.000000e+00	
1508	5.000094e-03	0.000000e+00	0.000000e+00	0.000000e+00	
1509	5.000159e-03	0.000000e+00	0.000000e+00	0.000000e+00	
1510	5.000290e-03	0.000000e+00	0.000000e+00	0.000000e+00	
1511	5.000552e-03	0.000000e+00	0.000000e+00	0.000000e+00	
1512	5.001077e-03	0.000000e+00	0.000000e+00	0.000000e+00	
1513	5.002125e-03	0.000000e+00	0.000000e+00	0.000000e+00	
1514	5.004223e-03	0.000000e+00	0.000000e+00	0.000000e+00	
1515	5.008417e-03	0.000000e+00	0.000000e+00	0.000000e+00	
1516	5.016805e-03	0.000000e+00	0.000000e+00	0.000000e+00	
1517	5.033583e-03	0.000000e+00	0.000000e+00	0.000000e+00	
1518	5.067137e-03	0.000000e+00	0.000000e+00	0.000000e+00	
1519	5.134246e-03	0.000000e+00	0.000000e+00	0.000000e+00	
1520	5.268464e-03	0.000000e+00	0.000000e+00	0.000000e+00	
1521	5.428464e-03	0.000000e+00	0.000000e+00	0.000000e+00	
1522	5.500010e-03	0.000000e+00	0.000000e+00	0.000000e+00	
1523	5.500011e-03	0.000000e+00	0.000000e+00	0.000000e+00	
1524	5.500013e-03	0.000000e+00	0.000000e+00	0.000000e+00	
1525	5.500017e-03	0.000000e+00	0.000000e+00	0.000000e+00	
1526	5.500019e-03	0.000000e+00	0.000000e+00	0.000000e+00	
1527	5.500019e-03	0.000000e+00	5.000000e-02	0.000000e+00	
1528	5.500019e-03	0.000000e+00	1.500000e-01	0.000000e+00	
1529	5.500019e-03	0.000000e+00	3.500000e-01	0.000000e+00	
1530	5.500019e-03	0.000000e+00	5.000000e-01	0.000000e+00	
1531	5.500019e-03	0.000000e+00	5.000000e-01	0.000000e+00	
1532	5.500019e-03	0.000000e+00	5.000000e-01	0.000000e+00	
1533	5.500019e-03	0.000000e+00	5.000000e-01	0.000000e+00	
1534	5.500019e-03	0.000000e+00	5.000000e-01	0.000000e+00	
1535	5.500019e-03	0.000000e+00	5.000000e-01	0.000000e+00	
1536	5.500020e-03	0.000000e+00	5.000000e-01	0.000000e+00	
1537	5.500020e-03	0.000000e+00	5.000000e-01	0.000000e+00	
1538	5.500020e-03	0.000000e+00	5.000000e-01	0.000000e+00	
1539	5.500020e-03	0.000000e+00	5.000000e-01	0.000000e+00	
1540	5.500020e-03	0.000000e+00	5.000000e-01	0.000000e+00	
1541	5.500021e-03	0.000000e+00	5.000000e-01	0.000000e+00	
1542	5.500021e-03	0.000000e+00	5.000000e-01	0.000000e+00	
1543	5.500021e-03	0.000000e+00	5.000000e-01	5.000000e-02	
1544	5.500021e-03	0.000000e+00	5.000000e-01	1.500000e-01	
1545	5.500021e-03	0.000000e+00	5.000000e-01	3.500000e-01	
1546	5.500021e-03	0.000000e+00	5.000000e-01	5.000000e-01	
1547	5.500021e-03	0.000000e+00	5.000000e-01	5.000000e-01	
1548	5.500021e-03	0.000000e+00	5.000000e-01	5.000000e-01	
1549	5.500021e-03	0.000000e+00	5.000000e-01	5.000000e-01	
1550	5.500021e-03	0.000000e+00	5.000000e-01	5.000000e-01	
1551	5.500021e-03	0.000000e+00	5.000000e-01	5.000000e-01	
1552	5.500022e-03	0.000000e+00	5.000000e-01	5.000000e-01	
1553	5.500022e-03	0.000000e+00	5.000000e-01	5.000000e-01	
1554	5.500023e-03	0.000000e+00	5.000000e-01	5.000000e-01	
1555	5.500023e-03	5.000000e-02	4.500000e-01	4.500000e-01	
1556	5.500023e-03	1.500000e-01	3.500000e-01	3.500000e-01	
1557	5.500023e-03	3.500000e-01	1.500000e-01	1.500000e-01	
1558	5.500023e-03	5.000000e-01	1.997902e-09	1.997902e-09	
1559	5.500023e-03	5.000000e-01	0.000000e+00	0.000000e+00	
1560	5.500023e-03	5.000000e-01	0.000000e+00	0.000000e+00	
1561	5.500023e-03	5.000000e-01	0.000000e+00	0.000000e+00	
1562	5.500023e-03	5.000000e-01	0.000000e+00	0.000000e+00	

Index   time            overflow        s0              s1              
--------------------------------------------------------------------------------
1563	5.500023e-03	5.000000e-01	0.000000e+00	0.000000e+00	
1564	5.500024e-03	5.000000e-01	0.000000e+00	0.000000e+00	
1565	5.500024e-03	5.000000e-01	0.000000e+00	0.000000e+00	
1566	5.500024e-03	5.000000e-01	0.000000e+00	0.000000e+00	
1567	5.500024e-03	5.000000e-01	0.000000e+00	0.000000e+00	
1568	5.500024e-03	5.000000e-01	0.000000e+00	0.000000e+00	
1569	5.500025e-03	5.000000e-01	0.000000e+00	0.000000e+00	
1570	5.500025e-03	5.000000e-01	0.000000e+00	0.000000e+00	
1571	5.500025e-03	5.000000e-01	0.000000e+00	0.000000e+00	
1572	5.500025e-03	5.000000e-01	0.000000e+00	0.000000e+00	
1573	5.500025e-03	5.500000e-01	0.000000e+00	0.000000e+00	
1574	5.500025e-03	6.500000e-01	0.000000e+00	0.000000e+00	
1575	5.500025e-03	8.500000e-01	0.000000e+00	0.000000e+00	
1576	5.500025e-03	1.000000e+00	0.000000e+00	0.000000e+00	
1577	5.500025e-03	1.040000e+00	0.000000e+00	0.000000e+00	
1578	5.500025e-03	1.120000e+00	0.000000e+00	0.000000e+00	
1579	5.500025e-03	1.280000e+00	0.000000e+00	0.000000e+00	
1580	5.500025e-03	1.600000e+00	0.000000e+00	0.000000e+00	
1581	5.500025e-03	2.240000e+00	0.000000e+00	0.000000e+00	
1582	5.500026e-03	3.520000e+00	0.000000e+00	0.000000e+00	
1583	5.500026e-03	5.000000e+00	0.000000e+00	0.000000e+00	
1584	5.500026e-03	5.000000e+00	0.000000e+00	0.000000e+00	
1585	5.500026e-03	5.000000e+00	0.000000e+00	0.000000e+00	
1586	5.500026e-03	5.000000e+00	0.000000e+00	0.000000e+00	
1587	5.500027e-03	5.000000e+00	0.000000e+00	0.000000e+00	
1588	5.500027e-03	5.000000e+00	0.000000e+00	0.000000e+00	
1589	5.500029e-03	5.000000e+00	0.000000e+00	0.000000e+00	
1590	5.500032e-03	5.000000e+00	0.000000e+00	0.000000e+00	
1591	5.500039e-03	5.000000e+00	0.000000e+00	0.000000e+00	
1592	5.500052e-03	5.000000e+00	0.000000e+00	0.000000e+00	
1593	5.500078e-03	5.000000e+00	0.000000e+00	0.000000e+00	
1594	5.500131e-03	5.000000e+00	0.000000e+00	0.000000e+00	
1595	5.500236e-03	5.000000e+00	0.000000e+00	0.000000e+00	
1596	5.500445e-03	5.000000e+00	0.000000e+00	0.000000e+00	
1597	5.500865e-03	5.000000e+00	0.000000e+00	0.000000e+00	
1598	5.501704e-03	5.000000e+00	0.000000e+00	0.000000e+00	
1599	5.503381e-03	5.000000e+00	0.000000e+00	0.000000e+00	
1600	5.506737e-03	5.000000e+00	0.000000e+00	0.000000e+00	
1601	5.513448e-03	5.000000e+00	0.000000e+00	0.000000e+00	
1602	5.526869e-03	5.000000e+00	0.000000e+00	0.000000e+00	
1603	5.553713e-03	5.000000e+00	0.000000e+00	0.000000e+00	
1604	5.607400e-03	5.000000e+00	0.000000e+00	0.000000e+00	
1605	5.714774e-03	5.000000e+00	0.000000e+00	0.000000e+00	
1606	5.874774e-03	5.000000e+00	0.000000e+00	0.000000e+00	
1607	6.000000e-03	5.000000e+00	0.000000e+00	0.000000e+00	
1608	6.000001e-03	5.000000e+00	0.000000e+00	0.000000e+00	
1609	6.000003e-03	5.000000e+00	0.000000e+00	0.000000e+00	
1610	6.000005e-03	5.000000e+00	0.000000e+00	0.000000e+00	
1611	6.000005e-03	5.000000e+00	5.000000e-02	0.000000e+00	
1612	6.000005e-03	5.000000e+00	1.500000e-01	0.000000e+00	
1613	6.000005e-03	5.000000e+00	3.500000e-01	0.000000e+00	
1614	6.000005e-03	5.000000e+00	5.000000e-01	0.000000e+00	
1615	6.000005e-03	5.000000e+00	5.000000e-01	0.000000e+00	
1616	6.000005e-03	5.000000e+00	5.000000e-01	0.000000e+00	
1617	6.000005e-03	5.000000e+00	5.000000e-01	0.000000e+00	
1618	6.000005e-03	5.000000e+00	5.000000e-01	0.000000e+00	
1619	6.000005e-03	5.000000e+00	5.000000e-01	0.000000e+00	
1620	6.000006e-03	5.000000e+00	5.000000e-01	0.000000e+00	

Index   time            overflow        s0              s1              
--------------------------------------------------------------------------------
1621	6.000006e-03	5.000000e+00	5.000000e-01	0.000000e+00	
1622	6.000006e-03	5.000000e+00	5.000000e-01	5.000000e-02	
1623	6.000006e-03	5.000000e+00	5.000000e-01	1.500000e-01	
1624	6.000006e-03	5.000000e+00	5.000000e-01	3.500000e-01	
1625	6.000006e-03	5.000000e+00	5.000000e-01	5.000000e-01	
1626	6.000006e-03	5.000000e+00	5.000000e-01	5.000000e-01	
1627	6.000006e-03	5.000000e+00	5.000000e-01	5.000000e-01	
1628	6.000006e-03	5.000000e+00	5.000000e-01	5.000000e-01	
1629	6.000006e-03	5.000000e+00	5.000000e-01	5.000000e-01	
1630	6.000006e-03	5.000000e+00	5.000000e-01	5.000000e-01	
1631	6.000007e-03	5.000000e+00	5.000000e-01	5.000000e-01	
1632	6.000007e-03	5.000000e+00	5.000000e-01	5.000000e-01	
1633	6.000007e-03	5.000000e+00	5.000000e-01	5.000000e-01	
1634	6.000007e-03	5.000000e+00	5.000000e-01	5.000000e-01	
1635	6.000007e-03	5.000000e+00	5.000000e-01	5.000000e-01	
1636	6.000007e-03	5.000000e+00	5.000000e-01	5.000000e-01	
1637	6.000007e-03	5.000000e+00	5.000000e-01	5.000000e-01	
1638	6.000007e-03	5.000000e+00	5.000000e-01	5.000000e-01	
1639	6.000007e-03	5.000000e+00	5.000000e-01	5.000000e-01	
1640	6.000007e-03	5.000000e+00	5.000000e-01	5.000000e-01	
1641	6.000007e-03	5.000000e+00	5.000000e-01	5.000000e-01	
1642	6.000008e-03	5.000000e+00	5.000000e-01	5.000000e-01	
1643	6.000008e-03	5.000000e+00	5.000000e-01	5.000000e-01	
1644	6.000008e-03	5.000000e+00	5.000000e-01	5.000000e-01	
1645	6.000008e-03	5.000000e+00	5.000000e-01	5.000000e-01	
1646	6.000008e-03	4.948800e+00	5.000000e-01	5.000000e-01	
1647	6.000008e-03	4.846400e+00	5.000000e-01	5.000000e-01	
1648	6.000008e-03	4.641600e+00	5.000000e-01	5.000000e-01	
1649	6.000008e-03	4.232000e+00	5.000000e-01	5.000000e-01	
1650	6.000008e-03	3.412800e+00	5.000000e-01	5.000000e-01	
1651	6.000009e-03	1.774400e+00	5.000000e-01	5.000000e-01	
1652	6.000009e-03	5.000000e-01	5.000000e-01	5.000000e-01	
1653	6.000009e-03	5.000000e-01	5.000000e-01	5.000000e-01	
1654	6.000009e-03	5.000000e-01	5.000000e-01	5.000000e-01	
1655	6.000009e-03	5.000000e-01	4.500000e-01	5.000000e-01	
1656	6.000009e-03	5.000000e-01	3.500000e-01	5.000000e-01	
1657	6.000009e-03	5.000000e-01	1.500000e-01	5.000000e-01	
1658	6.000009e-03	5.000000e-01	1.997902e-09	5.000000e-01	
1659	6.000009e-03	5.000000e-01	0.000000e+00	5.000000e-01	
1660	6.000009e-03	5.000000e-01	0.000000e+00	5.000000e-01	
1661	6.000009e-03	5.000000e-01	0.000000e+00	5.000000e-01	
1662	6.000009e-03	5.000000e-01	0.000000e+00	5.000000e-01	
1663	6.000009e-03	5.000000e-01	0.000000e+00	5.000000e-01	
1664	6.000010e-03	5.000000e-01	0.000000e+00	5.000000e-01	
1665	6.000010e-03	5.000000e-01	0.000000e+00	5.000000e-01	
1666	6.000010e-03	5.000000e-01	0.000000e+00	5.000000e-01	
1667	6.000010e-03	5.000000e-01	0.000000e+00	5.000000e-01	
1668	6.000010e-03	5.000000e-01	0.000000e+00	5.000000e-01	
1669	6.000011e-03	5.000000e-01	0.000000e+00	5.000000e-01	
1670	6.000011e-03	5.000000e-01	0.000000e+00	5.000000e-01	
1671	6.000011e-03	5.000000e-01	0.000000e+00	4.500000e-01	
1672	6.000011e-03	5.000000e-01	0.000000e+00	3.500000e-01	
1673	6.000011e-03	5.000000e-01	0.000000e+00	1.500000e-01	
1674	6.000011e-03	5.000000e-01	0.000000e+00	1.997902e-09	
1675	6.000011e-03	5.000000e-01	0.000000e+00	0.000000e+00	
1676	6.000011e-03	5.000000e-01	0.000000e+00	0.000000e+00	
1677	6.000011e-03	5.000000e-01	0.000000e+00	0.000000e+00	
1678	6.000011e-03	5.000000e-01	0.000000e+00	0.000000e+00	

Index   time            overflow        s0              s1              
--------------------------------------------------------------------------------
1679	6.000011e-03	5.000000e-01	0.000000e+00	0.000000e+00	
1680	6.000012e-03	5.000000e-01	0.000000e+00	0.000000e+00	
1681	6.000012e-03	5.000000e-01	0.000000e+00	0.000000e+00	
1682	6.000013e-03	5.000000e-01	0.000000e+00	0.000000e+00	
1683	6.000013e-03	5.000000e-01	0.000000e+00	0.000000e+00	
1684	6.000013e-03	5.000000e-01	0.000000e+00	0.000000e+00	
1685	6.000013e-03	5.000000e-01	0.000000e+00	0.000000e+00	
1686	6.000013e-03	5.000000e-01	0.000000e+00	0.000000e+00	
1687	6.000013e-03	5.000000e-01	0.000000e+00	0.000000e+00	
1688	6.000013e-03	5.000000e-01	0.000000e+00	0.000000e+00	
1689	6.000013e-03	5.000000e-01	0.000000e+00	0.000000e+00	
1690	6.000013e-03	5.000000e-01	0.000000e+00	0.000000e+00	
1691	6.000013e-03	5.000000e-01	0.000000e+00	0.000000e+00	
1692	6.000014e-03	5.000000e-01	0.000000e+00	0.000000e+00	
1693	6.000014e-03	5.000000e-01	0.000000e+00	0.000000e+00	
1694	6.000015e-03	5.000000e-01	0.000000e+00	0.000000e+00	
1695	6.000015e-03	5.000000e-01	0.000000e+00	0.000000e+00	
1696	6.000015e-03	5.000000e-01	0.000000e+00	0.000000e+00	
1697	6.000015e-03	5.000000e-01	0.000000e+00	0.000000e+00	
1698	6.000015e-03	5.000000e-01	0.000000e+00	0.000000e+00	
1699	6.000015e-03	5.000000e-01	0.000000e+00	0.000000e+00	
1700	6.000015e-03	5.000000e-01	0.000000e+00	0.000000e+00	
1701	6.000015e-03	5.000000e-01	0.000000e+00	0.000000e+00	
1702	6.000015e-03	5.000000e-01	0.000000e+00	0.000000e+00	
1703	6.000015e-03	5.000000e-01	0.000000e+00	0.000000e+00	
1704	6.000016e-03	5.000000e-01	0.000000e+00	0.000000e+00	
1705	6.000016e-03	5.000000e-01	0.000000e+00	0.000000e+00	
1706	6.000017e-03	5.000000e-01	0.000000e+00	0.000000e+00	
1707	6.000017e-03	4.500000e-01	0.000000e+00	0.000000e+00	
1708	6.000017e-03	3.500000e-01	0.000000e+00	0.000000e+00	
1709	6.000017e-03	1.500000e-01	0.000000e+00	0.000000e+00	
1710	6.000017e-03	1.997902e-09	0.000000e+00	0.000000e+00	
1711	6.000017e-03	0.000000e+00	0.000000e+00	0.000000e+00	
1712	6.000017e-03	0.000000e+00	0.000000e+00	0.000000e+00	
1713	6.000017e-03	0.000000e+00	0.000000e+00	0.000000e+00	
1714	6.000017e-03	0.000000e+00	0.000000e+00	0.000000e+00	
1715	6.000017e-03	0.000000e+00	0.000000e+00	0.000000e+00	
1716	6.000018e-03	0.000000e+00	0.000000e+00	0.000000e+00	
1717	6.000018e-03	0.000000e+00	0.000000e+00	0.000000e+00	
1718	6.000019e-03	0.000000e+00	0.000000e+00	0.000000e+00	
1719	6.000019e-03	0.000000e+00	0.000000e+00	0.000000e+00	
1720	6.000019e-03	0.000000e+00	0.000000e+00	0.000000e+00	
1721	6.000019e-03	0.000000e+00	0.000000e+00	0.000000e+00	
1722	6.000019e-03	0.000000e+00	0.000000e+00	0.000000e+00	
1723	6.000019e-03	0.000000e+00	0.000000e+00	0.000000e+00	
1724	6.000019e-03	0.000000e+00	0.000000e+00	0.000000e+00	
1725	6.000019e-03	0.000000e+00	0.000000e+00	0.000000e+00	
1726	6.000019e-03	0.000000e+00	0.000000e+00	0.000000e+00	
1727	6.000019e-03	0.000000e+00	0.000000e+00	0.000000e+00	
1728	6.000020e-03	0.000000e+00	0.000000e+00	0.000000e+00	
1729	6.000020e-03	0.000000e+00	0.000000e+00	0.000000e+00	
1730	6.000020e-03	0.000000e+00	0.000000e+00	0.000000e+00	
1731	6.000020e-03	0.000000e+00	0.000000e+00	0.000000e+00	
1732	6.000020e-03	0.000000e+00	0.000000e+00	0.000000e+00	
1733	6.000021e-03	0.000000e+00	0.000000e+00	0.000000e+00	
1734	6.000021e-03	0.000000e+00	0.000000e+00	0.000000e+00	
1735	6.000021e-03	5.000000e-02	0.000000e+00	0.000000e+00	
1736	6.000021e-03	1.500000e-01	0.000000e+00	0.000000e+00	

Index   time            overflow        s0              s1              
--------------------------------------------------------------------------------
1737	6.000021e-03	3.500000e-01	0.000000e+00	0.000000e+00	
1738	6.000021e-03	5.000000e-01	0.000000e+00	0.000000e+00	
1739	6.000021e-03	5.000000e-01	0.000000e+00	0.000000e+00	
1740	6.000021e-03	5.000000e-01	0.000000e+00	0.000000e+00	
1741	6.000021e-03	5.000000e-01	0.000000e+00	0.000000e+00	
1742	6.000021e-03	5.000000e-01	0.000000e+00	0.000000e+00	
1743	6.000021e-03	5.000000e-01	0.000000e+00	0.000000e+00	
1744	6.000022e-03	5.000000e-01	0.000000e+00	0.000000e+00	
1745	6.000022e-03	5.000000e-01	0.000000e+00	0.000000e+00	
1746	6.000022e-03	5.000000e-01	0.000000e+00	0.000000e+00	
1747	6.000022e-03	5.000000e-01	0.000000e+00	0.000000e+00	
1748	6.000022e-03	5.000000e-01	0.000000e+00	0.000000e+00	
1749	6.000022e-03	5.000000e-01	0.000000e+00	0.000000e+00	
1750	6.000022e-03	5.000000e-01	0.000000e+00	0.000000e+00	
1751	6.000022e-03	5.000000e-01	0.000000e+00	0.000000e+00	
1752	6.000022e-03	5.000000e-01	0.000000e+00	0.000000e+00	
1753	6.000022e-03	5.000000e-01	0.000000e+00	0.000000e+00	
1754	6.000022e-03	5.000000e-01	0.000000e+00	0.000000e+00	
1755	6.000023e-03	5.000000e-01	0.000000e+00	0.000000e+00	
1756	6.000023e-03	5.000000e-01	0.000000e+00	0.000000e+00	
1757	6.000024e-03	5.000000e-01	0.000000e+00	0.000000e+00	
1758	6.000024e-03	5.000000e-01	0.000000e+00	0.000000e+00	
1759	6.000024e-03	5.000000e-01	0.000000e+00	0.000000e+00	
1760	6.000024e-03	5.000000e-01	0.000000e+00	0.000000e+00	
1761	6.000024e-03	5.000000e-01	0.000000e+00	0.000000e+00	
1762	6.000024e-03	5.000000e-01	0.000000e+00	0.000000e+00	
1763	6.000024e-03	5.000000e-01	0.000000e+00	0.000000e+00	
1764	6.000024e-03	5.000000e-01	0.000000e+00	0.000000e+00	
1765	6.000024e-03	5.000000e-01	0.000000e+00	0.000000e+00	
1766	6.000024e-03	5.000000e-01	0.000000e+00	0.000000e+00	
1767	6.000025e-03	5.000000e-01	0.000000e+00	0.000000e+00	
1768	6.000025e-03	5.000000e-01	0.000000e+00	0.000000e+00	
1769	6.000026e-03	5.000000e-01	0.000000e+00	0.000000e+00	
1770	6.000026e-03	4.500000e-01	0.000000e+00	0.000000e+00	
1771	6.000026e-03	3.500000e-01	0.000000e+00	0.000000e+00	
1772	6.000026e-03	1.500000e-01	0.000000e+00	0.000000e+00	
1773	6.000026e-03	1.997902e-09	0.000000e+00	0.000000e+00	
1774	6.000026e-03	0.000000e+00	0.000000e+00	0.000000e+00	
1775	6.000026e-03	0.000000e+00	0.000000e+00	0.000000e+00	
1776	6.000026e-03	0.000000e+00	0.000000e+00	0.000000e+00	
1777	6.000026e-03	0.000000e+00	0.000000e+00	0.000000e+00	
1778	6.000026e-03	0.000000e+00	0.000000e+00	0.000000e+00	
1779	6.000027e-03	0.000000e+00	0.000000e+00	0.000000e+00	
1780	6.000027e-03	0.000000e+00	0.000000e+00	0.000000e+00	
1781	6.000028e-03	0.000000e+00	0.000000e+00	0.000000e+00	
1782	6.000030e-03	0.000000e+00	0.000000e+00	0.000000e+00	
1783	6.000034e-03	0.000000e+00	0.000000e+00	0.000000e+00	
1784	6.000043e-03	0.000000e+00	0.000000e+00	0.000000e+00	
1785	6.000059e-03	0.000000e+00	0.000000e+00	0.000000e+00	
1786	6.000092e-03	0.000000e+00	0.000000e+00	0.000000e+00	
1787	6.000157e-03	0.000000e+00	0.000000e+00	0.000000e+00	
1788	6.000288e-03	0.000000e+00	0.000000e+00	0.000000e+00	
1789	6.000550e-03	0.000000e+00	0.000000e+00	0.000000e+00	
1790	6.001075e-03	0.000000e+00	0.000000e+00	0.000000e+00	
1791	6.002123e-03	0.000000e+00	0.000000e+00	0.000000e+00	
1792	6.004221e-03	0.000000e+00	0.000000e+00	0.000000e+00	
1793	6.008415e-03	0.000000e+00	0.000000e+00	0.000000e+00	
1794	6.016803e-03	0.000000e+00	0.000000e+00	0.000000e+00	

Index   time            overflow        s0              s1              
--------------------------------------------------------------------------------
1795	6.033581e-03	0.000000e+00	0.000000e+00	0.000000e+00	
1796	6.067135e-03	0.000000e+00	0.000000e+00	0.000000e+00	
1797	6.134244e-03	0.000000e+00	0.000000e+00	0.000000e+00	
1798	6.268462e-03	0.000000e+00	0.000000e+00	0.000000e+00	
1799	6.428462e-03	0.000000e+00	0.000000e+00	0.000000e+00	
1800	6.500010e-03	0.000000e+00	0.000000e+00	0.000000e+00	
1801	6.500011e-03	0.000000e+00	0.000000e+00	0.000000e+00	
1802	6.500013e-03	0.000000e+00	0.000000e+00	0.000000e+00	
1803	6.500017e-03	0.000000e+00	0.000000e+00	0.000000e+00	
1804	6.500019e-03	0.000000e+00	0.000000e+00	0.000000e+00	
1805	6.500019e-03	0.000000e+00	5.000000e-02	0.000000e+00	
1806	6.500019e-03	0.000000e+00	1.500000e-01	0.000000e+00	
1807	6.500019e-03	0.000000e+00	3.500000e-01	0.000000e+00	
1808	6.500019e-03	0.000000e+00	5.000000e-01	0.000000e+00	
1809	6.500019e-03	0.000000e+00	5.000000e-01	0.000000e+00	
1810	6.500019e-03	0.000000e+00	5.000000e-01	0.000000e+00	
1811	6.500019e-03	0.000000e+00	5.000000e-01	0.000000e+00	
1812	6.500019e-03	0.000000e+00	5.000000e-01	0.000000e+00	
1813	6.500019e-03	0.000000e+00	5.000000e-01	0.000000e+00	
1814	6.500020e-03	0.000000e+00	5.000000e-01	0.000000e+00	
1815	6.500020e-03	0.000000e+00	5.000000e-01	0.000000e+00	
1816	6.500020e-03	0.000000e+00	5.000000e-01	0.000000e+00	
1817	6.500020e-03	0.000000e+00	5.000000e-01	0.000000e+00	
1818	6.500020e-03	0.000000e+00	5.000000e-01	0.000000e+00	
1819	6.500021e-03	0.000000e+00	5.000000e-01	0.000000e+00	
1820	6.500021e-03	0.000000e+00	5.000000e-01	0.000000e+00	
1821	6.500021e-03	0.000000e+00	5.000000e-01	5.000000e-02	
1822	6.500021e-03	0.000000e+00	5.000000e-01	1.500000e-01	
1823	6.500021e-03	0.000000e+00	5.000000e-01	3.500000e-01	
1824	6.500021e-03	0.000000e+00	5.000000e-01	5.000000e-01	
1825	6.500021e-03	0.000000e+00	5.000000e-01	5.000000e-01	
1826	6.500021e-03	0.000000e+00	5.000000e-01	5.000000e-01	
1827	6.500021e-03	0.000000e+00	5.000000e-01	5.000000e-01	
1828	6.500021e-03	0.000000e+00	5.000000e-01	5.000000e-01	
1829	6.500021e-03	0.000000e+00	5.000000e-01	5.000000e-01	
1830	6.500022e-03	0.000000e+00	5.000000e-01	5.000000e-01	
1831	6.500022e-03	0.000000e+00	5.000000e-01	5.000000e-01	
1832	6.500023e-03	0.000000e+00	5.000000e-01	5.000000e-01	
1833	6.500023e-03	5.000000e-02	4.500000e-01	4.500000e-01	
1834	6.500023e-03	1.500000e-01	3.500000e-01	3.500000e-01	
1835	6.500023e-03	3.500000e-01	1.500000e-01	1.500000e-01	
1836	6.500023e-03	5.000000e-01	1.997902e-09	1.997902e-09	
1837	6.500023e-03	5.000000e-01	0.000000e+00	0.000000e+00	
1838	6.500023e-03	5.000000e-01	0.000000e+00	0.000000e+00	
1839	6.500023e-03	5.000000e-01	0.000000e+00	0.000000e+00	
1840	6.500023e-03	5.000000e-01	0.000000e+00	0.000000e+00	
1841	6.500023e-03	5.000000e-01	0.000000e+00	0.000000e+00	
1842	6.500024e-03	5.000000e-01	0.000000e+00	0.000000e+00	
1843	6.500024e-03	5.000000e-01	0.000000e+00	0.000000e+00	
1844	6.500024e-03	5.000000e-01	0.000000e+00	0.000000e+00	
1845	6.500024e-03	5.000000e-01	0.000000e+00	0.000000e+00	
1846	6.500024e-03	5.000000e-01	0.000000e+00	0.000000e+00	
1847	6.500025e-03	5.000000e-01	0.000000e+00	0.000000e+00	
1848	6.500025e-03	5.000000e-01	0.000000e+00	0.000000e+00	
1849	6.500025e-03	5.000000e-01	0.000000e+00	0.000000e+00	
1850	6.500025e-03	5.000000e-01	0.000000e+00	0.000000e+00	
1851	6.500025e-03	4.500000e-01	0.000000e+00	0.000000e+00	
1852	6.500025e-03	3.500000e-01	0.000000e+00	0.000000e+00	

Index   time            overflow        s0              s1              
--------------------------------------------------------------------------------
1853	6.500025e-03	1.500000e-01	0.000000e+00	0.000000e+00	
1854	6.500025e-03	1.997902e-09	0.000000e+00	0.000000e+00	
1855	6.500025e-03	0.000000e+00	0.000000e+00	0.000000e+00	
1856	6.500025e-03	0.000000e+00	0.000000e+00	0.000000e+00	
1857	6.500025e-03	0.000000e+00	0.000000e+00	0.000000e+00	
1858	6.500025e-03	0.000000e+00	0.000000e+00	0.000000e+00	
1859	6.500025e-03	0.000000e+00	0.000000e+00	0.000000e+00	
1860	6.500026e-03	0.000000e+00	0.000000e+00	0.000000e+00	
1861	6.500026e-03	0.000000e+00	0.000000e+00	0.000000e+00	
1862	6.500027e-03	0.000000e+00	0.000000e+00	0.000000e+00	
1863	6.500029e-03	0.000000e+00	0.000000e+00	0.000000e+00	
1864	6.500033e-03	0.000000e+00	0.000000e+00	0.000000e+00	
1865	6.500041e-03	0.000000e+00	0.000000e+00	0.000000e+00	
1866	6.500058e-03	0.000000e+00	0.000000e+00	0.000000e+00	
1867	6.500091e-03	0.000000e+00	0.000000e+00	0.000000e+00	
1868	6.500156e-03	0.000000e+00	0.000000e+00	0.000000e+00	
1869	6.500287e-03	0.000000e+00	0.000000e+00	0.000000e+00	
1870	6.500549e-03	0.000000e+00	0.000000e+00	0.000000e+00	
1871	6.501074e-03	0.000000e+00	0.000000e+00	0.000000e+00	
1872	6.502122e-03	0.000000e+00	0.000000e+00	0.000000e+00	
1873	6.504219e-03	0.000000e+00	0.000000e+00	0.000000e+00	
1874	6.508414e-03	0.000000e+00	0.000000e+00	0.000000e+00	
1875	6.516802e-03	0.000000e+00	0.000000e+00	0.000000e+00	
1876	6.533580e-03	0.000000e+00	0.000000e+00	0.000000e+00	
1877	6.567134e-03	0.000000e+00	0.000000e+00	0.000000e+00	
1878	6.634243e-03	0.000000e+00	0.000000e+00	0.000000e+00	
1879	6.768461e-03	0.000000e+00	0.000000e+00	0.000000e+00	
1880	6.928461e-03	0.000000e+00	0.000000e+00	0.000000e+00	
1881	7.000000e-03	0.000000e+00	0.000000e+00	0.000000e+00	
1882	7.000001e-03	0.000000e+00	0.000000e+00	0.000000e+00	
1883	7.000003e-03	0.000000e+00	0.000000e+00	0.000000e+00	
1884	7.000005e-03	0.000000e+00	0.000000e+00	0.000000e+00	
1885	7.000005e-03	0.000000e+00	5.000000e-02	0.000000e+00	
1886	7.000005e-03	0.000000e+00	1.500000e-01	0.000000e+00	
1887	7.000005e-03	0.000000e+00	3.500000e-01	0.000000e+00	
1888	7.000005e-03	0.000000e+00	5.000000e-01	0.000000e+00	
1889	7.000005e-03	0.000000e+00	5.000000e-01	0.000000e+00	
1890	7.000005e-03	0.000000e+00	5.000000e-01	0.000000e+00	
1891	7.000005e-03	0.000000e+00	5.000000e-01	0.000000e+00	
1892	7.000005e-03	0.000000e+00	5.000000e-01	0.000000e+00	
1893	7.000005e-03	0.000000e+00	5.000000e-01	0.000000e+00	
1894	7.000006e-03	0.000000e+00	5.000000e-01	0.000000e+00	
1895	7.000006e-03	0.000000e+00	5.000000e-01	0.000000e+00	
1896	7.000007e-03	0.000000e+00	5.000000e-01	0.000000e+00	
1897	7.000007e-03	0.000000e+00	5.000000e-01	5.000000e-02	
1898	7.000007e-03	0.000000e+00	5.000000e-01	1.500000e-01	
1899	7.000007e-03	0.000000e+00	5.000000e-01	3.500000e-01	
1900	7.000007e-03	0.000000e+00	5.000000e-01	5.000000e-01	
1901	7.000007e-03	0.000000e+00	5.000000e-01	5.000000e-01	
1902	7.000007e-03	0.000000e+00	5.000000e-01	5.000000e-01	
1903	7.000007e-03	0.000000e+00	5.000000e-01	5.000000e-01	
1904	7.000007e-03	0.000000e+00	5.000000e-01	5.000000e-01	
1905	7.000007e-03	0.000000e+00	5.000000e-01	5.000000e-01	
1906	7.000008e-03	0.000000e+00	5.000000e-01	5.000000e-01	
1907	7.000008e-03	0.000000e+00	5.000000e-01	5.000000e-01	
1908	7.000008e-03	0.000000e+00	5.000000e-01	5.000000e-01	
1909	7.000008e-03	0.000000e+00	5.000000e-01	5.000000e-01	
1910	7.000008e-03	0.000000e+00	5.000000e-01	5.000000e-01	

Index   time            overflow        s0              s1              
--------------------------------------------------------------------------------
1911	7.000009e-03	0.000000e+00	5.000000e-01	5.000000e-01	
1912	7.000009e-03	0.000000e+00	5.000000e-01	5.000000e-01	
1913	7.000009e-03	5.000000e-02	4.500000e-01	5.000000e-01	
1914	7.000009e-03	1.500000e-01	3.500000e-01	5.000000e-01	
1915	7.000009e-03	3.500000e-01	1.500000e-01	5.000000e-01	
1916	7.000009e-03	5.000000e-01	1.997902e-09	5.000000e-01	
1917	7.000009e-03	5.000000e-01	0.000000e+00	5.000000e-01	
1918	7.000009e-03	5.000000e-01	0.000000e+00	5.000000e-01	
1919	7.000009e-03	5.000000e-01	0.000000e+00	5.000000e-01	
1920	7.000009e-03	5.000000e-01	0.000000e+00	5.000000e-01	
1921	7.000009e-03	5.000000e-01	0.000000e+00	5.000000e-01	
1922	7.000010e-03	5.000000e-01	0.000000e+00	5.000000e-01	
1923	7.000010e-03	5.000000e-01	0.000000e+00	5.000000e-01	
1924	7.000010e-03	5.000000e-01	0.000000e+00	5.000000e-01	
1925	7.000010e-03	5.000000e-01	0.000000e+00	5.000000e-01	
1926	7.000010e-03	5.000000e-01	0.000000e+00	5.000000e-01	
1927	7.000011e-03	5.000000e-01	0.000000e+00	5.000000e-01	
1928	7.000011e-03	5.000000e-01	0.000000e+00	5.000000e-01	
1929	7.000011e-03	5.000000e-01	0.000000e+00	4.500000e-01	
1930	7.000011e-03	5.000000e-01	0.000000e+00	3.500000e-01	
1931	7.000011e-03	5.000000e-01	0.000000e+00	1.500000e-01	
1932	7.000011e-03	5.000000e-01	0.000000e+00	1.997902e-09	
1933	7.000011e-03	5.000000e-01	0.000000e+00	0.000000e+00	
1934	7.000011e-03	5.000000e-01	0.000000e+00	0.000000e+00	
1935	7.000011e-03	5.000000e-01	0.000000e+00	0.000000e+00	
1936	7.000011e-03	5.000000e-01	0.000000e+00	0.000000e+00	
1937	7.000011e-03	5.000000e-01	0.000000e+00	0.000000e+00	
1938	7.000012e-03	5.000000e-01	0.000000e+00	0.000000e+00	
1939	7.000012e-03	5.000000e-01	0.000000e+00	0.000000e+00	
1940	7.000013e-03	5.000000e-01	0.000000e+00	0.000000e+00	
1941	7.000013e-03	5.000000e-01	0.000000e+00	0.000000e+00	
1942	7.000013e-03	5.000000e-01	0.000000e+00	0.000000e+00	
1943	7.000013e-03	5.000000e-01	0.000000e+00	0.000000e+00	
1944	7.000013e-03	5.000000e-01	0.000000e+00	0.000000e+00	
1945	7.000013e-03	5.000000e-01	0.000000e+00	0.000000e+00	
1946	7.000013e-03	5.000000e-01	0.000000e+00	0.000000e+00	
1947	7.000013e-03	5.000000e-01	0.000000e+00	0.000000e+00	
1948	7.000013e-03	5.000000e-01	0.000000e+00	0.000000e+00	
1949	7.000013e-03	5.000000e-01	0.000000e+00	0.000000e+00	
1950	7.000014e-03	5.000000e-01	0.000000e+00	0.000000e+00	
1951	7.000014e-03	5.000000e-01	0.000000e+00	0.000000e+00	
1952	7.000015e-03	5.000000e-01	0.000000e+00	0.000000e+00	
1953	7.000015e-03	5.000000e-01	0.000000e+00	0.000000e+00	
1954	7.000015e-03	5.000000e-01	0.000000e+00	0.000000e+00	
1955	7.000015e-03	5.000000e-01	0.000000e+00	0.000000e+00	
1956	7.000015e-03	5.000000e-01	0.000000e+00	0.000000e+00	
1957	7.000015e-03	5.000000e-01	0.000000e+00	0.000000e+00	
1958	7.000015e-03	5.000000e-01	0.000000e+00	0.000000e+00	
1959	7.000015e-03	5.000000e-01	0.000000e+00	0.000000e+00	
1960	7.000015e-03	5.000000e-01	0.000000e+00	0.000000e+00	
1961	7.000015e-03	5.000000e-01	0.000000e+00	0.000000e+00	
1962	7.000016e-03	5.000000e-01	0.000000e+00	0.000000e+00	
1963	7.000016e-03	5.000000e-01	0.000000e+00	0.000000e+00	
1964	7.000017e-03	5.000000e-01	0.000000e+00	0.000000e+00	
1965	7.000017e-03	4.500000e-01	0.000000e+00	0.000000e+00	
1966	7.000017e-03	3.500000e-01	0.000000e+00	0.000000e+00	
1967	7.000017e-03	1.500000e-01	0.000000e+00	0.000000e+00	
1968	7.000017e-03	1.997902e-09	0.000000e+00	0.000000e+00	

Index   time            overflow        s0              s1              
--------------------------------------------------------------------------------
1969	7.000017e-03	0.000000e+00	0.000000e+00	0.000000e+00	
1970	7.000017e-03	0.000000e+00	0.000000e+00	0.000000e+00	
1971	7.000017e-03	0.000000e+00	0.000000e+00	0.000000e+00	
1972	7.000017e-03	0.000000e+00	0.000000e+00	0.000000e+00	
1973	7.000017e-03	0.000000e+00	0.000000e+00	0.000000e+00	
1974	7.000018e-03	0.000000e+00	0.000000e+00	0.000000e+00	
1975	7.000018e-03	0.000000e+00	0.000000e+00	0.000000e+00	
1976	7.000019e-03	0.000000e+00	0.000000e+00	0.000000e+00	
1977	7.000019e-03	0.000000e+00	0.000000e+00	5.000000e-02	
1978	7.000019e-03	0.000000e+00	0.000000e+00	1.500000e-01	
1979	7.000019e-03	0.000000e+00	0.000000e+00	3.500000e-01	
1980	7.000019e-03	0.000000e+00	0.000000e+00	5.000000e-01	
1981	7.000019e-03	0.000000e+00	0.000000e+00	5.000000e-01	
1982	7.000019e-03	0.000000e+00	0.000000e+00	5.000000e-01	
1983	7.000019e-03	0.000000e+00	0.000000e+00	5.000000e-01	
1984	7.000019e-03	0.000000e+00	0.000000e+00	5.000000e-01	
1985	7.000019e-03	0.000000e+00	0.000000e+00	5.000000e-01	
1986	7.000020e-03	0.000000e+00	0.000000e+00	5.000000e-01	
1987	7.000020e-03	0.000000e+00	0.000000e+00	5.000000e-01	
1988	7.000020e-03	0.000000e+00	0.000000e+00	5.000000e-01	
1989	7.000020e-03	0.000000e+00	0.000000e+00	5.000000e-01	
1990	7.000020e-03	0.000000e+00	0.000000e+00	5.000000e-01	
1991	7.000021e-03	0.000000e+00	0.000000e+00	5.000000e-01	
1992	7.000021e-03	0.000000e+00	0.000000e+00	5.000000e-01	
1993	7.000021e-03	0.000000e+00	0.000000e+00	5.000000e-01	
1994	7.000021e-03	0.000000e+00	0.000000e+00	5.000000e-01	
1995	7.000021e-03	0.000000e+00	0.000000e+00	5.000000e-01	
1996	7.000021e-03	0.000000e+00	0.000000e+00	5.000000e-01	
1997	7.000021e-03	0.000000e+00	0.000000e+00	5.000000e-01	
1998	7.000021e-03	0.000000e+00	0.000000e+00	5.000000e-01	
1999	7.000021e-03	0.000000e+00	0.000000e+00	5.000000e-01	
2000	7.000021e-03	0.000000e+00	0.000000e+00	5.000000e-01	
2001	7.000021e-03	0.000000e+00	0.000000e+00	5.000000e-01	
2002	7.000022e-03	0.000000e+00	0.000000e+00	5.000000e-01	
2003	7.000022e-03	0.000000e+00	0.000000e+00	5.000000e-01	
2004	7.000022e-03	0.000000e+00	0.000000e+00	4.500000e-01	
2005	7.000022e-03	0.000000e+00	0.000000e+00	3.500000e-01	
2006	7.000022e-03	0.000000e+00	0.000000e+00	1.500000e-01	
2007	7.000022e-03	0.000000e+00	0.000000e+00	1.997902e-09	
2008	7.000022e-03	0.000000e+00	0.000000e+00	0.000000e+00	
2009	7.000022e-03	0.000000e+00	0.000000e+00	0.000000e+00	
2010	7.000022e-03	0.000000e+00	0.000000e+00	0.000000e+00	
2011	7.000022e-03	0.000000e+00	0.000000e+00	0.000000e+00	
2012	7.000022e-03	0.000000e+00	0.000000e+00	0.000000e+00	
2013	7.000023e-03	0.000000e+00	0.000000e+00	0.000000e+00	
2014	7.000023e-03	0.000000e+00	0.000000e+00	0.000000e+00	
2015	7.000023e-03	5.000000e-02	0.000000e+00	0.000000e+00	
2016	7.000023e-03	1.500000e-01	0.000000e+00	0.000000e+00	
2017	7.000023e-03	3.500000e-01	0.000000e+00	0.000000e+00	
2018	7.000023e-03	5.000000e-01	0.000000e+00	0.000000e+00	
2019	7.000023e-03	5.000000e-01	0.000000e+00	0.000000e+00	
2020	7.000023e-03	5.000000e-01	0.000000e+00	0.000000e+00	
2021	7.000023e-03	5.000000e-01	0.000000e+00	0.000000e+00	
2022	7.000023e-03	5.000000e-01	0.000000e+00	0.000000e+00	
2023	7.000023e-03	5.000000e-01	0.000000e+00	0.000000e+00	
2024	7.000024e-03	5.000000e-01	0.000000e+00	0.000000e+00	
2025	7.000024e-03	5.000000e-01	0.000000e+00	0.000000e+00	
2026	7.000024e-03	5.000000e-01	0.000000e+00	0.000000e+00	

Index   time            overflow        s0              s1              
--------------------------------------------------------------------------------
2027	7.000024e-03	5.000000e-01	0.000000e+00	0.000000e+00	
2028	7.000024e-03	5.000000e-01	0.000000e+00	0.000000e+00	
2029	7.000024e-03	5.000000e-01	0.000000e+00	0.000000e+00	
2030	7.000024e-03	5.000000e-01	0.000000e+00	0.000000e+00	
2031	7.000024e-03	5.000000e-01	0.000000e+00	0.000000e+00	
2032	7.000024e-03	5.000000e-01	0.000000e+00	0.000000e+00	
2033	7.000024e-03	5.000000e-01	0.000000e+00	0.000000e+00	
2034	7.000024e-03	5.000000e-01	0.000000e+00	0.000000e+00	
2035	7.000025e-03	5.000000e-01	0.000000e+00	0.000000e+00	
2036	7.000025e-03	5.000000e-01	0.000000e+00	0.000000e+00	
2037	7.000026e-03	5.000000e-01	0.000000e+00	0.000000e+00	
2038	7.000026e-03	5.000000e-01	0.000000e+00	0.000000e+00	
2039	7.000026e-03	5.000000e-01	0.000000e+00	0.000000e+00	
2040	7.000026e-03	5.000000e-01	0.000000e+00	0.000000e+00	
2041	7.000026e-03	5.000000e-01	0.000000e+00	0.000000e+00	
2042	7.000026e-03	5.000000e-01	0.000000e+00	0.000000e+00	
2043	7.000026e-03	5.000000e-01	0.000000e+00	0.000000e+00	
2044	7.000026e-03	5.000000e-01	0.000000e+00	0.000000e+00	
2045	7.000026e-03	5.000000e-01	0.000000e+00	0.000000e+00	
2046	7.000026e-03	5.000000e-01	0.000000e+00	0.000000e+00	
2047	7.000027e-03	5.000000e-01	0.000000e+00	0.000000e+00	
2048	7.000027e-03	5.000000e-01	0.000000e+00	0.000000e+00	
2049	7.000028e-03	5.000000e-01	0.000000e+00	0.000000e+00	
2050	7.000028e-03	4.500000e-01	0.000000e+00	0.000000e+00	
2051	7.000028e-03	3.500000e-01	0.000000e+00	0.000000e+00	
2052	7.000028e-03	1.500000e-01	0.000000e+00	0.000000e+00	
2053	7.000028e-03	1.997902e-09	0.000000e+00	0.000000e+00	
2054	7.000028e-03	0.000000e+00	0.000000e+00	0.000000e+00	
2055	7.000028e-03	0.000000e+00	0.000000e+00	0.000000e+00	
2056	7.000028e-03	0.000000e+00	0.000000e+00	0.000000e+00	
2057	7.000028e-03	0.000000e+00	0.000000e+00	0.000000e+00	
2058	7.000028e-03	0.000000e+00	0.000000e+00	0.000000e+00	
2059	7.000029e-03	0.000000e+00	0.000000e+00	0.000000e+00	
2060	7.000029e-03	0.000000e+00	0.000000e+00	0.000000e+00	
2061	7.000030e-03	0.000000e+00	0.000000e+00	0.000000e+00	
2062	7.000032e-03	0.000000e+00	0.000000e+00	0.000000e+00	
2063	7.000036e-03	0.000000e+00	0.000000e+00	0.000000e+00	
2064	7.000045e-03	0.000000e+00	0.000000e+00	0.000000e+00	
2065	7.000061e-03	0.000000e+00	0.000000e+00	0.000000e+00	
2066	7.000094e-03	0.000000e+00	0.000000e+00	0.000000e+00	
2067	7.000159e-03	0.000000e+00	0.000000e+00	0.000000e+00	
2068	7.000290e-03	0.000000e+00	0.000000e+00	0.000000e+00	
2069	7.000552e-03	0.000000e+00	0.000000e+00	0.000000e+00	
2070	7.001077e-03	0.000000e+00	0.000000e+00	0.000000e+00	
2071	7.002125e-03	0.000000e+00	0.000000e+00	0.000000e+00	
2072	7.004223e-03	0.000000e+00	0.000000e+00	0.000000e+00	
2073	7.008417e-03	0.000000e+00	0.000000e+00	0.000000e+00	
2074	7.016805e-03	0.000000e+00	0.000000e+00	0.000000e+00	
2075	7.033583e-03	0.000000e+00	0.000000e+00	0.000000e+00	
2076	7.067137e-03	0.000000e+00	0.000000e+00	0.000000e+00	
2077	7.134246e-03	0.000000e+00	0.000000e+00	0.000000e+00	
2078	7.268464e-03	0.000000e+00	0.000000e+00	0.000000e+00	
2079	7.428464e-03	0.000000e+00	0.000000e+00	0.000000e+00	
2080	7.500010e-03	0.000000e+00	0.000000e+00	0.000000e+00	
2081	7.500011e-03	0.000000e+00	0.000000e+00	0.000000e+00	
2082	7.500013e-03	0.000000e+00	0.000000e+00	0.000000e+00	
2083	7.500017e-03	0.000000e+00	0.000000e+00	0.000000e+00	
2084	7.500019e-03	0.000000e+00	0.000000e+00	0.000000e+00	

Index   time            overflow        s0              s1              
--------------------------------------------------------------------------------
2085	7.500019e-03	0.000000e+00	5.000000e-02	0.000000e+00	
2086	7.500019e-03	0.000000e+00	1.500000e-01	0.000000e+00	
2087	7.500019e-03	0.000000e+00	3.500000e-01	0.000000e+00	
2088	7.500019e-03	0.000000e+00	5.000000e-01	0.000000e+00	
2089	7.500019e-03	0.000000e+00	5.000000e-01	0.000000e+00	
2090	7.500019e-03	0.000000e+00	5.000000e-01	0.000000e+00	
2091	7.500019e-03	0.000000e+00	5.000000e-01	0.000000e+00	
2092	7.500019e-03	0.000000e+00	5.000000e-01	0.000000e+00	
2093	7.500019e-03	0.000000e+00	5.000000e-01	0.000000e+00	
2094	7.500020e-03	0.000000e+00	5.000000e-01	0.000000e+00	
2095	7.500020e-03	0.000000e+00	5.000000e-01	0.000000e+00	
2096	7.500020e-03	0.000000e+00	5.000000e-01	0.000000e+00	
2097	7.500020e-03	0.000000e+00	5.000000e-01	0.000000e+00	
2098	7.500020e-03	0.000000e+00	5.000000e-01	0.000000e+00	
2099	7.500021e-03	0.000000e+00	5.000000e-01	0.000000e+00	
2100	7.500021e-03	0.000000e+00	5.000000e-01	0.000000e+00	
2101	7.500021e-03	0.000000e+00	5.000000e-01	5.000000e-02	
2102	7.500021e-03	0.000000e+00	5.000000e-01	1.500000e-01	
2103	7.500021e-03	0.000000e+00	5.000000e-01	3.500000e-01	
2104	7.500021e-03	0.000000e+00	5.000000e-01	5.000000e-01	
2105	7.500021e-03	0.000000e+00	5.000000e-01	5.000000e-01	
2106	7.500021e-03	0.000000e+00	5.000000e-01	5.000000e-01	
2107	7.500021e-03	0.000000e+00	5.000000e-01	5.000000e-01	
2108	7.500021e-03	0.000000e+00	5.000000e-01	5.000000e-01	
2109	7.500021e-03	0.000000e+00	5.000000e-01	5.000000e-01	
2110	7.500022e-03	0.000000e+00	5.000000e-01	5.000000e-01	
2111	7.500022e-03	0.000000e+00	5.000000e-01	5.000000e-01	
2112	7.500023e-03	0.000000e+00	5.000000e-01	5.000000e-01	
2113	7.500023e-03	5.000000e-02	4.500000e-01	4.500000e-01	
2114	7.500023e-03	1.500000e-01	3.500000e-01	3.500000e-01	
2115	7.500023e-03	3.500000e-01	1.500000e-01	1.500000e-01	
2116	7.500023e-03	5.000000e-01	1.997902e-09	1.997902e-09	
2117	7.500023e-03	5.000000e-01	0.000000e+00	0.000000e+00	
2118	7.500023e-03	5.000000e-01	0.000000e+00	0.000000e+00	
2119	7.500023e-03	5.000000e-01	0.000000e+00	0.000000e+00	
2120	7.500023e-03	5.000000e-01	0.000000e+00	0.000000e+00	
2121	7.500023e-03	5.000000e-01	0.000000e+00	0.000000e+00	
2122	7.500024e-03	5.000000e-01	0.000000e+00	0.000000e+00	
2123	7.500024e-03	5.000000e-01	0.000000e+00	0.000000e+00	
2124	7.500025e-03	5.000000e-01	0.000000e+00	0.000000e+00	
2125	7.500025e-03	4.500000e-01	0.000000e+00	0.000000e+00	
2126	7.500025e-03	3.500000e-01	0.000000e+00	0.000000e+00	
2127	7.500025e-03	1.500000e-01	0.000000e+00	0.000000e+00	
2128	7.500025e-03	1.997902e-09	0.000000e+00	0.000000e+00	
2129	7.500025e-03	0.000000e+00	0.000000e+00	0.000000e+00	
2130	7.500025e-03	0.000000e+00	0.000000e+00	0.000000e+00	
2131	7.500025e-03	0.000000e+00	0.000000e+00	0.000000e+00	
2132	7.500025e-03	0.000000e+00	0.000000e+00	0.000000e+00	
2133	7.500025e-03	0.000000e+00	0.000000e+00	0.000000e+00	
2134	7.500026e-03	0.000000e+00	0.000000e+00	0.000000e+00	
2135	7.500026e-03	0.000000e+00	0.000000e+00	0.000000e+00	
2136	7.500027e-03	0.000000e+00	0.000000e+00	0.000000e+00	
2137	7.500029e-03	0.000000e+00	0.000000e+00	0.000000e+00	
2138	7.500033e-03	0.000000e+00	0.000000e+00	0.000000e+00	
2139	7.500041e-03	0.000000e+00	0.000000e+00	0.000000e+00	
2140	7.500058e-03	0.000000e+00	0.000000e+00	0.000000e+00	
2141	7.500091e-03	0.000000e+00	0.000000e+00	0.000000e+00	
2142	7.500156e-03	0.000000e+00	0.000000e+00	0.000000e+00	

Index   time            overflow        s0              s1              
--------------------------------------------------------------------------------
2143	7.500287e-03	0.000000e+00	0.000000e+00	0.000000e+00	
2144	7.500549e-03	0.000000e+00	0.000000e+00	0.000000e+00	
2145	7.501074e-03	0.000000e+00	0.000000e+00	0.000000e+00	
2146	7.502122e-03	0.000000e+00	0.000000e+00	0.000000e+00	
2147	7.504219e-03	0.000000e+00	0.000000e+00	0.000000e+00	
2148	7.508414e-03	0.000000e+00	0.000000e+00	0.000000e+00	
2149	7.516802e-03	0.000000e+00	0.000000e+00	0.000000e+00	
2150	7.533580e-03	0.000000e+00	0.000000e+00	0.000000e+00	
2151	7.567134e-03	0.000000e+00	0.000000e+00	0.000000e+00	
2152	7.634243e-03	0.000000e+00	0.000000e+00	0.000000e+00	
2153	7.768461e-03	0.000000e+00	0.000000e+00	0.000000e+00	
2154	7.928461e-03	0.000000e+00	0.000000e+00	0.000000e+00	
2155	8.000000e-03	0.000000e+00	0.000000e+00	0.000000e+00	

                                kicad schematic
                                Transient Analysis  Tue Sep 16 20:45:52  2025
--------------------------------------------------------------------------------
Index   time            s2              s3              
--------------------------------------------------------------------------------
0	0.000000e+00	0.000000e+00	0.000000e+00	
1	1.000000e-10	0.000000e+00	0.000000e+00	
2	2.000000e-10	0.000000e+00	0.000000e+00	
3	4.000000e-10	0.000000e+00	0.000000e+00	
4	8.000000e-10	0.000000e+00	0.000000e+00	
5	1.600000e-09	0.000000e+00	0.000000e+00	
6	3.200000e-09	0.000000e+00	0.000000e+00	
7	5.200000e-09	0.000000e+00	0.000000e+00	
8	5.210000e-09	0.000000e+00	0.000000e+00	
9	5.230000e-09	0.000000e+00	0.000000e+00	
10	5.270000e-09	0.000000e+00	0.000000e+00	
11	5.300000e-09	0.000000e+00	0.000000e+00	
12	5.308000e-09	0.000000e+00	0.000000e+00	
13	5.324000e-09	0.000000e+00	0.000000e+00	
14	5.356000e-09	0.000000e+00	0.000000e+00	
15	5.420000e-09	0.000000e+00	0.000000e+00	
16	5.548000e-09	0.000000e+00	0.000000e+00	
17	5.804000e-09	0.000000e+00	0.000000e+00	
18	6.200000e-09	0.000000e+00	0.000000e+00	
19	6.210000e-09	5.000000e-02	5.000000e-02	
20	6.230000e-09	1.500000e-01	1.500000e-01	
21	6.270000e-09	3.500000e-01	3.500000e-01	
22	6.300000e-09	5.000000e-01	5.000000e-01	
23	6.308000e-09	5.000000e-01	5.000000e-01	
24	6.324000e-09	5.000000e-01	5.000000e-01	
25	6.356000e-09	5.000000e-01	5.000000e-01	
26	6.420000e-09	5.000000e-01	5.000000e-01	
27	6.548000e-09	5.000000e-01	5.000000e-01	
28	6.804000e-09	5.000000e-01	5.000000e-01	
29	7.316000e-09	5.000000e-01	5.000000e-01	
30	8.200000e-09	5.000000e-01	5.000000e-01	
31	8.210000e-09	5.000000e-01	5.000000e-01	
32	8.230000e-09	5.000000e-01	5.000000e-01	
33	8.270000e-09	5.000000e-01	5.000000e-01	
34	8.300000e-09	5.000000e-01	5.000000e-01	
35	8.308000e-09	5.000000e-01	5.000000e-01	
36	8.324000e-09	5.000000e-01	5.000000e-01	
37	8.356000e-09	5.000000e-01	5.000000e-01	
38	8.420000e-09	5.000000e-01	5.000000e-01	
39	8.548000e-09	5.000000e-01	5.000000e-01	
40	8.804000e-09	5.000000e-01	5.000000e-01	
41	9.200000e-09	5.000000e-01	5.000000e-01	
42	9.210000e-09	5.000000e-01	5.000000e-01	
43	9.230000e-09	5.000000e-01	5.000000e-01	
44	9.270000e-09	5.000000e-01	5.000000e-01	
45	9.300000e-09	5.000000e-01	5.000000e-01	
46	9.308000e-09	5.000000e-01	5.000000e-01	
47	9.324000e-09	5.000000e-01	5.000000e-01	
48	9.356000e-09	5.000000e-01	5.000000e-01	
49	9.420000e-09	5.000000e-01	5.000000e-01	
50	9.548000e-09	5.000000e-01	5.000000e-01	
51	9.804000e-09	5.000000e-01	5.000000e-01	
52	1.000000e-08	5.000000e-01	5.000000e-01	
53	1.005120e-08	5.000000e-01	5.000000e-01	
54	1.015360e-08	5.000000e-01	5.000000e-01	

Index   time            s2              s3              
--------------------------------------------------------------------------------
55	1.035840e-08	5.000000e-01	5.000000e-01	
56	1.076800e-08	5.000000e-01	5.000000e-01	
57	1.120000e-08	5.000000e-01	5.000000e-01	
58	1.121000e-08	5.000000e-01	5.000000e-01	
59	1.123000e-08	5.000000e-01	5.000000e-01	
60	1.127000e-08	5.000000e-01	5.000000e-01	
61	1.130000e-08	5.000000e-01	5.000000e-01	
62	1.130800e-08	5.000000e-01	5.000000e-01	
63	1.132400e-08	5.000000e-01	5.000000e-01	
64	1.135600e-08	5.000000e-01	5.000000e-01	
65	1.142000e-08	5.000000e-01	5.000000e-01	
66	1.154800e-08	5.000000e-01	5.000000e-01	
67	1.180400e-08	5.000000e-01	5.000000e-01	
68	1.231600e-08	5.000000e-01	5.000000e-01	
69	1.320000e-08	5.000000e-01	5.000000e-01	
70	1.321000e-08	4.500000e-01	5.000000e-01	
71	1.323000e-08	3.500000e-01	5.000000e-01	
72	1.327000e-08	1.500000e-01	5.000000e-01	
73	1.330000e-08	0.000000e+00	5.000000e-01	
74	1.330800e-08	0.000000e+00	5.000000e-01	
75	1.332400e-08	0.000000e+00	5.000000e-01	
76	1.335600e-08	0.000000e+00	5.000000e-01	
77	1.342000e-08	0.000000e+00	5.000000e-01	
78	1.354800e-08	0.000000e+00	5.000000e-01	
79	1.380400e-08	0.000000e+00	5.000000e-01	
80	1.431600e-08	0.000000e+00	5.000000e-01	
81	1.520000e-08	0.000000e+00	5.000000e-01	
82	1.521000e-08	0.000000e+00	4.500000e-01	
83	1.523000e-08	0.000000e+00	3.500000e-01	
84	1.527000e-08	0.000000e+00	1.500000e-01	
85	1.530000e-08	0.000000e+00	0.000000e+00	
86	1.530800e-08	0.000000e+00	0.000000e+00	
87	1.532400e-08	0.000000e+00	0.000000e+00	
88	1.535600e-08	0.000000e+00	0.000000e+00	
89	1.542000e-08	0.000000e+00	0.000000e+00	
90	1.554800e-08	0.000000e+00	0.000000e+00	
91	1.580400e-08	0.000000e+00	0.000000e+00	
92	1.631600e-08	0.000000e+00	0.000000e+00	
93	1.720000e-08	0.000000e+00	0.000000e+00	
94	1.721000e-08	0.000000e+00	0.000000e+00	
95	1.723000e-08	0.000000e+00	0.000000e+00	
96	1.727000e-08	0.000000e+00	0.000000e+00	
97	1.730000e-08	0.000000e+00	0.000000e+00	
98	1.730800e-08	0.000000e+00	0.000000e+00	
99	1.732400e-08	0.000000e+00	0.000000e+00	
100	1.735600e-08	0.000000e+00	0.000000e+00	
101	1.742000e-08	0.000000e+00	0.000000e+00	
102	1.754800e-08	0.000000e+00	0.000000e+00	
103	1.780400e-08	0.000000e+00	0.000000e+00	
104	1.831600e-08	0.000000e+00	0.000000e+00	
105	1.934000e-08	0.000000e+00	0.000000e+00	
106	2.138800e-08	0.000000e+00	0.000000e+00	
107	2.548400e-08	0.000000e+00	0.000000e+00	
108	3.367600e-08	0.000000e+00	0.000000e+00	
109	5.006000e-08	0.000000e+00	0.000000e+00	
110	8.282800e-08	0.000000e+00	0.000000e+00	
111	1.483640e-07	0.000000e+00	0.000000e+00	
112	2.794360e-07	0.000000e+00	0.000000e+00	

Index   time            s2              s3              
--------------------------------------------------------------------------------
113	5.415800e-07	0.000000e+00	0.000000e+00	
114	1.065868e-06	0.000000e+00	0.000000e+00	
115	2.114444e-06	0.000000e+00	0.000000e+00	
116	4.211596e-06	0.000000e+00	0.000000e+00	
117	8.405900e-06	0.000000e+00	0.000000e+00	
118	1.679451e-05	0.000000e+00	0.000000e+00	
119	3.357172e-05	0.000000e+00	0.000000e+00	
120	6.712616e-05	0.000000e+00	0.000000e+00	
121	1.342350e-04	0.000000e+00	0.000000e+00	
122	2.684527e-04	0.000000e+00	0.000000e+00	
123	4.284527e-04	0.000000e+00	0.000000e+00	
124	5.000100e-04	0.000000e+00	0.000000e+00	
125	5.000110e-04	0.000000e+00	0.000000e+00	
126	5.000130e-04	0.000000e+00	0.000000e+00	
127	5.000170e-04	0.000000e+00	0.000000e+00	
128	5.000190e-04	0.000000e+00	0.000000e+00	
129	5.000190e-04	0.000000e+00	0.000000e+00	
130	5.000190e-04	0.000000e+00	0.000000e+00	
131	5.000191e-04	0.000000e+00	0.000000e+00	
132	5.000191e-04	0.000000e+00	0.000000e+00	
133	5.000191e-04	0.000000e+00	0.000000e+00	
134	5.000191e-04	0.000000e+00	0.000000e+00	
135	5.000192e-04	0.000000e+00	0.000000e+00	
136	5.000192e-04	0.000000e+00	0.000000e+00	
137	5.000193e-04	0.000000e+00	0.000000e+00	
138	5.000196e-04	0.000000e+00	0.000000e+00	
139	5.000200e-04	0.000000e+00	0.000000e+00	
140	5.000201e-04	0.000000e+00	0.000000e+00	
141	5.000202e-04	0.000000e+00	0.000000e+00	
142	5.000204e-04	0.000000e+00	0.000000e+00	
143	5.000208e-04	0.000000e+00	0.000000e+00	
144	5.000210e-04	0.000000e+00	0.000000e+00	
145	5.000210e-04	5.000000e-02	5.000000e-02	
146	5.000210e-04	1.500000e-01	1.500000e-01	
147	5.000211e-04	3.500000e-01	3.500000e-01	
148	5.000211e-04	5.000000e-01	5.000000e-01	
149	5.000211e-04	5.000000e-01	5.000000e-01	
150	5.000211e-04	5.000000e-01	5.000000e-01	
151	5.000212e-04	5.000000e-01	5.000000e-01	
152	5.000212e-04	5.000000e-01	5.000000e-01	
153	5.000213e-04	5.000000e-01	5.000000e-01	
154	5.000216e-04	5.000000e-01	5.000000e-01	
155	5.000221e-04	5.000000e-01	5.000000e-01	
156	5.000230e-04	5.000000e-01	5.000000e-01	
157	5.000230e-04	5.000000e-01	5.000000e-01	
158	5.000230e-04	5.000000e-01	5.000000e-01	
159	5.000231e-04	5.000000e-01	5.000000e-01	
160	5.000231e-04	5.000000e-01	5.000000e-01	
161	5.000231e-04	5.000000e-01	5.000000e-01	
162	5.000231e-04	5.000000e-01	5.000000e-01	
163	5.000232e-04	5.000000e-01	5.000000e-01	
164	5.000232e-04	5.000000e-01	5.000000e-01	
165	5.000233e-04	5.000000e-01	5.000000e-01	
166	5.000236e-04	5.000000e-01	5.000000e-01	
167	5.000240e-04	5.000000e-01	5.000000e-01	
168	5.000240e-04	5.500000e-01	5.500000e-01	
169	5.000240e-04	6.500000e-01	6.500000e-01	
170	5.000241e-04	8.500000e-01	8.500000e-01	

Index   time            s2              s3              
--------------------------------------------------------------------------------
171	5.000241e-04	1.000000e+00	1.000000e+00	
172	5.000241e-04	1.040000e+00	1.040000e+00	
173	5.000241e-04	1.120000e+00	1.120000e+00	
174	5.000242e-04	1.280000e+00	1.280000e+00	
175	5.000242e-04	1.600000e+00	1.600000e+00	
176	5.000243e-04	2.240000e+00	2.240000e+00	
177	5.000246e-04	3.520000e+00	3.520000e+00	
178	5.000249e-04	5.000000e+00	5.000000e+00	
179	5.000250e-04	5.000000e+00	5.000000e+00	
180	5.000251e-04	5.000000e+00	5.000000e+00	
181	5.000253e-04	5.000000e+00	5.000000e+00	
182	5.000257e-04	5.000000e+00	5.000000e+00	
183	5.000265e-04	5.000000e+00	5.000000e+00	
184	5.000281e-04	5.000000e+00	5.000000e+00	
185	5.000314e-04	5.000000e+00	5.000000e+00	
186	5.000380e-04	5.000000e+00	5.000000e+00	
187	5.000511e-04	5.000000e+00	5.000000e+00	
188	5.000773e-04	5.000000e+00	5.000000e+00	
189	5.001297e-04	5.000000e+00	5.000000e+00	
190	5.002346e-04	5.000000e+00	5.000000e+00	
191	5.004443e-04	5.000000e+00	5.000000e+00	
192	5.008637e-04	5.000000e+00	5.000000e+00	
193	5.017026e-04	5.000000e+00	5.000000e+00	
194	5.033803e-04	5.000000e+00	5.000000e+00	
195	5.067357e-04	5.000000e+00	5.000000e+00	
196	5.134466e-04	5.000000e+00	5.000000e+00	
197	5.268684e-04	5.000000e+00	5.000000e+00	
198	5.537119e-04	5.000000e+00	5.000000e+00	
199	6.073990e-04	5.000000e+00	5.000000e+00	
200	7.147732e-04	5.000000e+00	5.000000e+00	
201	8.747732e-04	5.000000e+00	5.000000e+00	
202	1.000000e-03	5.000000e+00	5.000000e+00	
203	1.000001e-03	5.000000e+00	5.000000e+00	
204	1.000003e-03	5.000000e+00	5.000000e+00	
205	1.000005e-03	5.000000e+00	5.000000e+00	
206	1.000005e-03	5.000000e+00	5.000000e+00	
207	1.000005e-03	5.000000e+00	5.000000e+00	
208	1.000005e-03	5.000000e+00	5.000000e+00	
209	1.000005e-03	5.000000e+00	5.000000e+00	
210	1.000005e-03	5.000000e+00	5.000000e+00	
211	1.000005e-03	5.000000e+00	5.000000e+00	
212	1.000005e-03	5.000000e+00	5.000000e+00	
213	1.000005e-03	5.000000e+00	5.000000e+00	
214	1.000005e-03	5.000000e+00	5.000000e+00	
215	1.000006e-03	5.000000e+00	5.000000e+00	
216	1.000006e-03	5.000000e+00	5.000000e+00	
217	1.000007e-03	5.000000e+00	5.000000e+00	
218	1.000007e-03	4.950000e+00	4.950000e+00	
219	1.000007e-03	4.850000e+00	4.850000e+00	
220	1.000007e-03	4.650000e+00	4.650000e+00	
221	1.000007e-03	4.500000e+00	4.500000e+00	
222	1.000007e-03	4.460000e+00	4.460000e+00	
223	1.000007e-03	4.380000e+00	4.380000e+00	
224	1.000007e-03	4.220000e+00	4.220000e+00	
225	1.000007e-03	3.900000e+00	3.900000e+00	
226	1.000007e-03	3.260000e+00	3.260000e+00	
227	1.000008e-03	1.980000e+00	1.980000e+00	
228	1.000008e-03	5.000000e-01	5.000000e-01	

Index   time            s2              s3              
--------------------------------------------------------------------------------
229	1.000008e-03	5.000000e-01	5.000000e-01	
230	1.000008e-03	5.000000e-01	5.000000e-01	
231	1.000008e-03	5.000000e-01	5.000000e-01	
232	1.000008e-03	5.000000e-01	5.000000e-01	
233	1.000008e-03	5.000000e-01	5.000000e-01	
234	1.000008e-03	5.000000e-01	5.000000e-01	
235	1.000008e-03	5.000000e-01	5.000000e-01	
236	1.000008e-03	5.000000e-01	5.000000e-01	
237	1.000008e-03	5.000000e-01	5.000000e-01	
238	1.000008e-03	5.000000e-01	5.000000e-01	
239	1.000008e-03	5.000000e-01	5.000000e-01	
240	1.000009e-03	5.000000e-01	5.000000e-01	
241	1.000009e-03	5.000000e-01	5.000000e-01	
242	1.000009e-03	5.000000e-01	5.000000e-01	
243	1.000009e-03	5.000000e-01	5.000000e-01	
244	1.000009e-03	5.000000e-01	5.000000e-01	
245	1.000009e-03	5.000000e-01	5.000000e-01	
246	1.000009e-03	5.000000e-01	5.000000e-01	
247	1.000009e-03	5.000000e-01	5.000000e-01	
248	1.000009e-03	5.000000e-01	5.000000e-01	
249	1.000009e-03	5.000000e-01	5.000000e-01	
250	1.000009e-03	5.000000e-01	5.000000e-01	
251	1.000010e-03	5.000000e-01	5.000000e-01	
252	1.000010e-03	5.000000e-01	5.000000e-01	
253	1.000010e-03	5.000000e-01	5.000000e-01	
254	1.000010e-03	5.000000e-01	5.000000e-01	
255	1.000010e-03	5.000000e-01	5.000000e-01	
256	1.000011e-03	5.000000e-01	5.000000e-01	
257	1.000011e-03	5.000000e-01	5.000000e-01	
258	1.000011e-03	5.000000e-01	5.000000e-01	
259	1.000011e-03	5.000000e-01	5.000000e-01	
260	1.000011e-03	5.000000e-01	5.000000e-01	
261	1.000011e-03	5.000000e-01	5.000000e-01	
262	1.000011e-03	5.000000e-01	5.000000e-01	
263	1.000011e-03	5.000000e-01	5.000000e-01	
264	1.000011e-03	5.000000e-01	5.000000e-01	
265	1.000011e-03	5.000000e-01	5.000000e-01	
266	1.000011e-03	5.000000e-01	5.000000e-01	
267	1.000012e-03	5.000000e-01	5.000000e-01	
268	1.000012e-03	5.000000e-01	5.000000e-01	
269	1.000013e-03	5.000000e-01	5.000000e-01	
270	1.000013e-03	4.500000e-01	5.000000e-01	
271	1.000013e-03	3.500000e-01	5.000000e-01	
272	1.000013e-03	1.500000e-01	5.000000e-01	
273	1.000013e-03	0.000000e+00	5.000000e-01	
274	1.000013e-03	0.000000e+00	5.000000e-01	
275	1.000013e-03	0.000000e+00	5.000000e-01	
276	1.000013e-03	0.000000e+00	5.000000e-01	
277	1.000013e-03	0.000000e+00	5.000000e-01	
278	1.000013e-03	0.000000e+00	5.000000e-01	
279	1.000014e-03	0.000000e+00	5.000000e-01	
280	1.000014e-03	0.000000e+00	5.000000e-01	
281	1.000015e-03	0.000000e+00	5.000000e-01	
282	1.000015e-03	0.000000e+00	4.500000e-01	
283	1.000015e-03	0.000000e+00	3.500000e-01	
284	1.000015e-03	0.000000e+00	1.500000e-01	
285	1.000015e-03	0.000000e+00	0.000000e+00	
286	1.000015e-03	0.000000e+00	0.000000e+00	

Index   time            s2              s3              
--------------------------------------------------------------------------------
287	1.000015e-03	0.000000e+00	0.000000e+00	
288	1.000015e-03	0.000000e+00	0.000000e+00	
289	1.000015e-03	0.000000e+00	0.000000e+00	
290	1.000015e-03	0.000000e+00	0.000000e+00	
291	1.000016e-03	0.000000e+00	0.000000e+00	
292	1.000016e-03	0.000000e+00	0.000000e+00	
293	1.000017e-03	0.000000e+00	0.000000e+00	
294	1.000017e-03	0.000000e+00	0.000000e+00	
295	1.000017e-03	0.000000e+00	0.000000e+00	
296	1.000017e-03	0.000000e+00	0.000000e+00	
297	1.000017e-03	0.000000e+00	0.000000e+00	
298	1.000017e-03	0.000000e+00	0.000000e+00	
299	1.000017e-03	0.000000e+00	0.000000e+00	
300	1.000017e-03	0.000000e+00	0.000000e+00	
301	1.000017e-03	0.000000e+00	0.000000e+00	
302	1.000017e-03	0.000000e+00	0.000000e+00	
303	1.000018e-03	0.000000e+00	0.000000e+00	
304	1.000018e-03	0.000000e+00	0.000000e+00	
305	1.000019e-03	0.000000e+00	0.000000e+00	
306	1.000019e-03	0.000000e+00	0.000000e+00	
307	1.000019e-03	0.000000e+00	0.000000e+00	
308	1.000019e-03	0.000000e+00	0.000000e+00	
309	1.000019e-03	0.000000e+00	0.000000e+00	
310	1.000019e-03	0.000000e+00	0.000000e+00	
311	1.000019e-03	0.000000e+00	0.000000e+00	
312	1.000019e-03	0.000000e+00	0.000000e+00	
313	1.000019e-03	0.000000e+00	0.000000e+00	
314	1.000019e-03	0.000000e+00	0.000000e+00	
315	1.000020e-03	0.000000e+00	0.000000e+00	
316	1.000020e-03	0.000000e+00	0.000000e+00	
317	1.000020e-03	0.000000e+00	0.000000e+00	
318	1.000020e-03	0.000000e+00	0.000000e+00	
319	1.000020e-03	0.000000e+00	0.000000e+00	
320	1.000021e-03	0.000000e+00	0.000000e+00	
321	1.000021e-03	0.000000e+00	0.000000e+00	
322	1.000021e-03	5.000000e-02	0.000000e+00	
323	1.000021e-03	1.500000e-01	0.000000e+00	
324	1.000021e-03	3.500000e-01	0.000000e+00	
325	1.000021e-03	5.000000e-01	0.000000e+00	
326	1.000021e-03	5.000000e-01	0.000000e+00	
327	1.000021e-03	5.000000e-01	0.000000e+00	
328	1.000021e-03	5.000000e-01	0.000000e+00	
329	1.000021e-03	5.000000e-01	0.000000e+00	
330	1.000021e-03	5.000000e-01	0.000000e+00	
331	1.000022e-03	5.000000e-01	0.000000e+00	
332	1.000022e-03	5.000000e-01	0.000000e+00	
333	1.000022e-03	5.000000e-01	0.000000e+00	
334	1.000022e-03	5.000000e-01	0.000000e+00	
335	1.000022e-03	5.000000e-01	0.000000e+00	
336	1.000022e-03	5.000000e-01	0.000000e+00	
337	1.000022e-03	5.000000e-01	0.000000e+00	
338	1.000022e-03	5.000000e-01	0.000000e+00	
339	1.000022e-03	5.000000e-01	0.000000e+00	
340	1.000022e-03	5.000000e-01	0.000000e+00	
341	1.000022e-03	5.000000e-01	0.000000e+00	
342	1.000023e-03	5.000000e-01	0.000000e+00	
343	1.000023e-03	5.000000e-01	0.000000e+00	
344	1.000023e-03	5.000000e-01	5.000000e-02	

Index   time            s2              s3              
--------------------------------------------------------------------------------
345	1.000023e-03	5.000000e-01	1.500000e-01	
346	1.000023e-03	5.000000e-01	3.500000e-01	
347	1.000023e-03	5.000000e-01	5.000000e-01	
348	1.000023e-03	5.000000e-01	5.000000e-01	
349	1.000023e-03	5.000000e-01	5.000000e-01	
350	1.000023e-03	5.000000e-01	5.000000e-01	
351	1.000023e-03	5.000000e-01	5.000000e-01	
352	1.000023e-03	5.000000e-01	5.000000e-01	
353	1.000024e-03	5.000000e-01	5.000000e-01	
354	1.000024e-03	5.000000e-01	5.000000e-01	
355	1.000024e-03	4.500000e-01	5.000000e-01	
356	1.000024e-03	3.500000e-01	5.000000e-01	
357	1.000024e-03	1.500000e-01	5.000000e-01	
358	1.000024e-03	0.000000e+00	5.000000e-01	
359	1.000024e-03	0.000000e+00	5.000000e-01	
360	1.000024e-03	0.000000e+00	5.000000e-01	
361	1.000024e-03	0.000000e+00	5.000000e-01	
362	1.000024e-03	0.000000e+00	5.000000e-01	
363	1.000024e-03	0.000000e+00	5.000000e-01	
364	1.000025e-03	0.000000e+00	5.000000e-01	
365	1.000025e-03	0.000000e+00	5.000000e-01	
366	1.000026e-03	0.000000e+00	5.000000e-01	
367	1.000026e-03	0.000000e+00	4.500000e-01	
368	1.000026e-03	0.000000e+00	3.500000e-01	
369	1.000026e-03	0.000000e+00	1.500000e-01	
370	1.000026e-03	0.000000e+00	0.000000e+00	
371	1.000026e-03	0.000000e+00	0.000000e+00	
372	1.000026e-03	0.000000e+00	0.000000e+00	
373	1.000026e-03	0.000000e+00	0.000000e+00	
374	1.000026e-03	0.000000e+00	0.000000e+00	
375	1.000026e-03	0.000000e+00	0.000000e+00	
376	1.000027e-03	0.000000e+00	0.000000e+00	
377	1.000027e-03	0.000000e+00	0.000000e+00	
378	1.000028e-03	0.000000e+00	0.000000e+00	
379	1.000028e-03	0.000000e+00	0.000000e+00	
380	1.000028e-03	0.000000e+00	0.000000e+00	
381	1.000028e-03	0.000000e+00	0.000000e+00	
382	1.000028e-03	0.000000e+00	0.000000e+00	
383	1.000028e-03	0.000000e+00	0.000000e+00	
384	1.000028e-03	0.000000e+00	0.000000e+00	
385	1.000028e-03	0.000000e+00	0.000000e+00	
386	1.000028e-03	0.000000e+00	0.000000e+00	
387	1.000028e-03	0.000000e+00	0.000000e+00	
388	1.000029e-03	0.000000e+00	0.000000e+00	
389	1.000029e-03	0.000000e+00	0.000000e+00	
390	1.000030e-03	0.000000e+00	0.000000e+00	
391	1.000032e-03	0.000000e+00	0.000000e+00	
392	1.000036e-03	0.000000e+00	0.000000e+00	
393	1.000045e-03	0.000000e+00	0.000000e+00	
394	1.000061e-03	0.000000e+00	0.000000e+00	
395	1.000094e-03	0.000000e+00	0.000000e+00	
396	1.000159e-03	0.000000e+00	0.000000e+00	
397	1.000290e-03	0.000000e+00	0.000000e+00	
398	1.000552e-03	0.000000e+00	0.000000e+00	
399	1.001077e-03	0.000000e+00	0.000000e+00	
400	1.002125e-03	0.000000e+00	0.000000e+00	
401	1.004223e-03	0.000000e+00	0.000000e+00	
402	1.008417e-03	0.000000e+00	0.000000e+00	

Index   time            s2              s3              
--------------------------------------------------------------------------------
403	1.016805e-03	0.000000e+00	0.000000e+00	
404	1.033583e-03	0.000000e+00	0.000000e+00	
405	1.067137e-03	0.000000e+00	0.000000e+00	
406	1.134246e-03	0.000000e+00	0.000000e+00	
407	1.268464e-03	0.000000e+00	0.000000e+00	
408	1.428464e-03	0.000000e+00	0.000000e+00	
409	1.500010e-03	0.000000e+00	0.000000e+00	
410	1.500011e-03	0.000000e+00	0.000000e+00	
411	1.500013e-03	0.000000e+00	0.000000e+00	
412	1.500017e-03	0.000000e+00	0.000000e+00	
413	1.500019e-03	0.000000e+00	0.000000e+00	
414	1.500019e-03	0.000000e+00	0.000000e+00	
415	1.500019e-03	0.000000e+00	0.000000e+00	
416	1.500019e-03	0.000000e+00	0.000000e+00	
417	1.500019e-03	0.000000e+00	0.000000e+00	
418	1.500019e-03	0.000000e+00	0.000000e+00	
419	1.500019e-03	0.000000e+00	0.000000e+00	
420	1.500019e-03	0.000000e+00	0.000000e+00	
421	1.500019e-03	0.000000e+00	0.000000e+00	
422	1.500019e-03	0.000000e+00	0.000000e+00	
423	1.500020e-03	0.000000e+00	0.000000e+00	
424	1.500020e-03	0.000000e+00	0.000000e+00	
425	1.500020e-03	0.000000e+00	0.000000e+00	
426	1.500020e-03	0.000000e+00	0.000000e+00	
427	1.500020e-03	0.000000e+00	0.000000e+00	
428	1.500021e-03	0.000000e+00	0.000000e+00	
429	1.500021e-03	0.000000e+00	0.000000e+00	
430	1.500021e-03	5.000000e-02	5.000000e-02	
431	1.500021e-03	1.500000e-01	1.500000e-01	
432	1.500021e-03	3.500000e-01	3.500000e-01	
433	1.500021e-03	5.000000e-01	5.000000e-01	
434	1.500021e-03	5.000000e-01	5.000000e-01	
435	1.500021e-03	5.000000e-01	5.000000e-01	
436	1.500021e-03	5.000000e-01	5.000000e-01	
437	1.500021e-03	5.000000e-01	5.000000e-01	
438	1.500021e-03	5.000000e-01	5.000000e-01	
439	1.500022e-03	5.000000e-01	5.000000e-01	
440	1.500022e-03	5.000000e-01	5.000000e-01	
441	1.500023e-03	5.000000e-01	5.000000e-01	
442	1.500023e-03	5.000000e-01	5.000000e-01	
443	1.500023e-03	5.000000e-01	5.000000e-01	
444	1.500023e-03	5.000000e-01	5.000000e-01	
445	1.500023e-03	5.000000e-01	5.000000e-01	
446	1.500023e-03	5.000000e-01	5.000000e-01	
447	1.500023e-03	5.000000e-01	5.000000e-01	
448	1.500023e-03	5.000000e-01	5.000000e-01	
449	1.500023e-03	5.000000e-01	5.000000e-01	
450	1.500023e-03	5.000000e-01	5.000000e-01	
451	1.500024e-03	5.000000e-01	5.000000e-01	
452	1.500024e-03	5.000000e-01	5.000000e-01	
453	1.500024e-03	5.000000e-01	5.500000e-01	
454	1.500024e-03	5.000000e-01	6.500000e-01	
455	1.500024e-03	5.000000e-01	8.500000e-01	
456	1.500024e-03	5.000000e-01	1.000000e+00	
457	1.500024e-03	5.000000e-01	1.040000e+00	
458	1.500024e-03	5.000000e-01	1.120000e+00	
459	1.500024e-03	5.000000e-01	1.280000e+00	
460	1.500024e-03	5.000000e-01	1.600000e+00	

Index   time            s2              s3              
--------------------------------------------------------------------------------
461	1.500024e-03	5.000000e-01	2.240000e+00	
462	1.500025e-03	5.000000e-01	3.520000e+00	
463	1.500025e-03	5.000000e-01	5.000000e+00	
464	1.500025e-03	5.000000e-01	5.000000e+00	
465	1.500025e-03	5.000000e-01	5.000000e+00	
466	1.500025e-03	4.500000e-01	5.000000e+00	
467	1.500025e-03	3.500000e-01	5.000000e+00	
468	1.500025e-03	1.500000e-01	5.000000e+00	
469	1.500025e-03	0.000000e+00	5.000000e+00	
470	1.500025e-03	0.000000e+00	5.000000e+00	
471	1.500025e-03	0.000000e+00	5.000000e+00	
472	1.500025e-03	0.000000e+00	5.000000e+00	
473	1.500025e-03	0.000000e+00	5.000000e+00	
474	1.500025e-03	0.000000e+00	5.000000e+00	
475	1.500026e-03	0.000000e+00	5.000000e+00	
476	1.500026e-03	0.000000e+00	5.000000e+00	
477	1.500027e-03	0.000000e+00	5.000000e+00	
478	1.500029e-03	0.000000e+00	5.000000e+00	
479	1.500033e-03	0.000000e+00	5.000000e+00	
480	1.500041e-03	0.000000e+00	5.000000e+00	
481	1.500058e-03	0.000000e+00	5.000000e+00	
482	1.500091e-03	0.000000e+00	5.000000e+00	
483	1.500156e-03	0.000000e+00	5.000000e+00	
484	1.500287e-03	0.000000e+00	5.000000e+00	
485	1.500549e-03	0.000000e+00	5.000000e+00	
486	1.501074e-03	0.000000e+00	5.000000e+00	
487	1.502122e-03	0.000000e+00	5.000000e+00	
488	1.504219e-03	0.000000e+00	5.000000e+00	
489	1.508414e-03	0.000000e+00	5.000000e+00	
490	1.516802e-03	0.000000e+00	5.000000e+00	
491	1.533580e-03	0.000000e+00	5.000000e+00	
492	1.567134e-03	0.000000e+00	5.000000e+00	
493	1.634243e-03	0.000000e+00	5.000000e+00	
494	1.768461e-03	0.000000e+00	5.000000e+00	
495	1.928461e-03	0.000000e+00	5.000000e+00	
496	2.000000e-03	0.000000e+00	5.000000e+00	
497	2.000001e-03	0.000000e+00	5.000000e+00	
498	2.000003e-03	0.000000e+00	5.000000e+00	
499	2.000005e-03	0.000000e+00	5.000000e+00	
500	2.000005e-03	0.000000e+00	5.000000e+00	
501	2.000005e-03	0.000000e+00	5.000000e+00	
502	2.000005e-03	0.000000e+00	5.000000e+00	
503	2.000005e-03	0.000000e+00	5.000000e+00	
504	2.000005e-03	0.000000e+00	5.000000e+00	
505	2.000005e-03	0.000000e+00	5.000000e+00	
506	2.000005e-03	0.000000e+00	5.000000e+00	
507	2.000005e-03	0.000000e+00	5.000000e+00	
508	2.000005e-03	0.000000e+00	5.000000e+00	
509	2.000006e-03	0.000000e+00	5.000000e+00	
510	2.000006e-03	0.000000e+00	5.000000e+00	
511	2.000006e-03	0.000000e+00	5.000000e+00	
512	2.000006e-03	0.000000e+00	5.000000e+00	
513	2.000006e-03	0.000000e+00	5.000000e+00	
514	2.000006e-03	0.000000e+00	5.000000e+00	
515	2.000006e-03	0.000000e+00	5.000000e+00	
516	2.000006e-03	0.000000e+00	5.000000e+00	
517	2.000006e-03	0.000000e+00	5.000000e+00	
518	2.000006e-03	0.000000e+00	5.000000e+00	

Index   time            s2              s3              
--------------------------------------------------------------------------------
519	2.000006e-03	0.000000e+00	5.000000e+00	
520	2.000007e-03	0.000000e+00	5.000000e+00	
521	2.000007e-03	0.000000e+00	5.000000e+00	
522	2.000007e-03	5.000000e-02	4.950000e+00	
523	2.000007e-03	1.500000e-01	4.850000e+00	
524	2.000007e-03	3.500000e-01	4.650000e+00	
525	2.000007e-03	5.000000e-01	4.500000e+00	
526	2.000007e-03	5.000000e-01	4.460000e+00	
527	2.000007e-03	5.000000e-01	4.380000e+00	
528	2.000007e-03	5.000000e-01	4.220000e+00	
529	2.000007e-03	5.000000e-01	3.900000e+00	
530	2.000007e-03	5.000000e-01	3.260000e+00	
531	2.000008e-03	5.000000e-01	1.980000e+00	
532	2.000008e-03	5.000000e-01	5.000000e-01	
533	2.000008e-03	5.000000e-01	5.000000e-01	
534	2.000008e-03	5.000000e-01	5.000000e-01	
535	2.000008e-03	5.000000e-01	5.000000e-01	
536	2.000008e-03	5.000000e-01	5.000000e-01	
537	2.000008e-03	5.000000e-01	5.000000e-01	
538	2.000008e-03	5.000000e-01	5.000000e-01	
539	2.000008e-03	5.000000e-01	5.000000e-01	
540	2.000008e-03	5.000000e-01	5.000000e-01	
541	2.000008e-03	5.000000e-01	5.000000e-01	
542	2.000008e-03	5.000000e-01	5.000000e-01	
543	2.000008e-03	5.000000e-01	5.000000e-01	
544	2.000009e-03	5.000000e-01	5.000000e-01	
545	2.000009e-03	5.000000e-01	5.000000e-01	
546	2.000009e-03	5.000000e-01	5.000000e-01	
547	2.000009e-03	5.000000e-01	5.000000e-01	
548	2.000009e-03	5.000000e-01	5.000000e-01	
549	2.000009e-03	5.000000e-01	5.000000e-01	
550	2.000009e-03	5.000000e-01	5.000000e-01	
551	2.000009e-03	5.000000e-01	5.000000e-01	
552	2.000009e-03	5.000000e-01	5.000000e-01	
553	2.000009e-03	5.000000e-01	5.000000e-01	
554	2.000009e-03	5.000000e-01	5.000000e-01	
555	2.000010e-03	5.000000e-01	5.000000e-01	
556	2.000010e-03	5.000000e-01	5.000000e-01	
557	2.000010e-03	5.000000e-01	5.000000e-01	
558	2.000010e-03	5.000000e-01	5.000000e-01	
559	2.000010e-03	5.000000e-01	5.000000e-01	
560	2.000011e-03	5.000000e-01	5.000000e-01	
561	2.000011e-03	5.000000e-01	5.000000e-01	
562	2.000011e-03	5.000000e-01	5.000000e-01	
563	2.000011e-03	5.000000e-01	5.000000e-01	
564	2.000011e-03	5.000000e-01	5.000000e-01	
565	2.000011e-03	5.000000e-01	5.000000e-01	
566	2.000011e-03	5.000000e-01	5.000000e-01	
567	2.000011e-03	5.000000e-01	5.000000e-01	
568	2.000011e-03	5.000000e-01	5.000000e-01	
569	2.000011e-03	5.000000e-01	5.000000e-01	
570	2.000011e-03	5.000000e-01	5.000000e-01	
571	2.000012e-03	5.000000e-01	5.000000e-01	
572	2.000012e-03	5.000000e-01	5.000000e-01	
573	2.000013e-03	5.000000e-01	5.000000e-01	
574	2.000013e-03	4.500000e-01	5.000000e-01	
575	2.000013e-03	3.500000e-01	5.000000e-01	
576	2.000013e-03	1.500000e-01	5.000000e-01	

Index   time            s2              s3              
--------------------------------------------------------------------------------
577	2.000013e-03	0.000000e+00	5.000000e-01	
578	2.000013e-03	0.000000e+00	5.000000e-01	
579	2.000013e-03	0.000000e+00	5.000000e-01	
580	2.000013e-03	0.000000e+00	5.000000e-01	
581	2.000013e-03	0.000000e+00	5.000000e-01	
582	2.000013e-03	0.000000e+00	5.000000e-01	
583	2.000014e-03	0.000000e+00	5.000000e-01	
584	2.000014e-03	0.000000e+00	5.000000e-01	
585	2.000015e-03	0.000000e+00	5.000000e-01	
586	2.000015e-03	0.000000e+00	4.500000e-01	
587	2.000015e-03	0.000000e+00	3.500000e-01	
588	2.000015e-03	0.000000e+00	1.500000e-01	
589	2.000015e-03	0.000000e+00	0.000000e+00	
590	2.000015e-03	0.000000e+00	0.000000e+00	
591	2.000015e-03	0.000000e+00	0.000000e+00	
592	2.000015e-03	0.000000e+00	0.000000e+00	
593	2.000015e-03	0.000000e+00	0.000000e+00	
594	2.000015e-03	0.000000e+00	0.000000e+00	
595	2.000016e-03	0.000000e+00	0.000000e+00	
596	2.000016e-03	0.000000e+00	0.000000e+00	
597	2.000017e-03	0.000000e+00	0.000000e+00	
598	2.000017e-03	0.000000e+00	0.000000e+00	
599	2.000017e-03	0.000000e+00	0.000000e+00	
600	2.000017e-03	0.000000e+00	0.000000e+00	
601	2.000017e-03	0.000000e+00	0.000000e+00	
602	2.000017e-03	0.000000e+00	0.000000e+00	
603	2.000017e-03	0.000000e+00	0.000000e+00	
604	2.000017e-03	0.000000e+00	0.000000e+00	
605	2.000017e-03	0.000000e+00	0.000000e+00	
606	2.000017e-03	0.000000e+00	0.000000e+00	
607	2.000018e-03	0.000000e+00	0.000000e+00	
608	2.000018e-03	0.000000e+00	0.000000e+00	
609	2.000019e-03	0.000000e+00	0.000000e+00	
610	2.000019e-03	5.000000e-02	0.000000e+00	
611	2.000019e-03	1.500000e-01	0.000000e+00	
612	2.000019e-03	3.500000e-01	0.000000e+00	
613	2.000019e-03	5.000000e-01	0.000000e+00	
614	2.000019e-03	5.000000e-01	0.000000e+00	
615	2.000019e-03	5.000000e-01	0.000000e+00	
616	2.000019e-03	5.000000e-01	0.000000e+00	
617	2.000019e-03	5.000000e-01	0.000000e+00	
618	2.000019e-03	5.000000e-01	0.000000e+00	
619	2.000020e-03	5.000000e-01	0.000000e+00	
620	2.000020e-03	5.000000e-01	0.000000e+00	
621	2.000020e-03	5.000000e-01	0.000000e+00	
622	2.000020e-03	5.000000e-01	0.000000e+00	
623	2.000020e-03	5.000000e-01	0.000000e+00	
624	2.000021e-03	5.000000e-01	0.000000e+00	
625	2.000021e-03	5.000000e-01	0.000000e+00	
626	2.000021e-03	5.000000e-01	5.000000e-02	
627	2.000021e-03	5.000000e-01	1.500000e-01	
628	2.000021e-03	5.000000e-01	3.500000e-01	
629	2.000021e-03	5.000000e-01	5.000000e-01	
630	2.000021e-03	5.000000e-01	5.000000e-01	
631	2.000021e-03	5.000000e-01	5.000000e-01	
632	2.000021e-03	5.000000e-01	5.000000e-01	
633	2.000021e-03	5.000000e-01	5.000000e-01	
634	2.000021e-03	5.000000e-01	5.000000e-01	

Index   time            s2              s3              
--------------------------------------------------------------------------------
635	2.000022e-03	5.000000e-01	5.000000e-01	
636	2.000022e-03	5.000000e-01	5.000000e-01	
637	2.000022e-03	4.500000e-01	5.000000e-01	
638	2.000022e-03	3.500000e-01	5.000000e-01	
639	2.000022e-03	1.500000e-01	5.000000e-01	
640	2.000022e-03	0.000000e+00	5.000000e-01	
641	2.000022e-03	0.000000e+00	5.000000e-01	
642	2.000022e-03	0.000000e+00	5.000000e-01	
643	2.000022e-03	0.000000e+00	5.000000e-01	
644	2.000022e-03	0.000000e+00	5.000000e-01	
645	2.000022e-03	0.000000e+00	5.000000e-01	
646	2.000023e-03	0.000000e+00	5.000000e-01	
647	2.000023e-03	0.000000e+00	5.000000e-01	
648	2.000024e-03	0.000000e+00	5.000000e-01	
649	2.000024e-03	0.000000e+00	4.500000e-01	
650	2.000024e-03	0.000000e+00	3.500000e-01	
651	2.000024e-03	0.000000e+00	1.500000e-01	
652	2.000024e-03	0.000000e+00	0.000000e+00	
653	2.000024e-03	0.000000e+00	0.000000e+00	
654	2.000024e-03	0.000000e+00	0.000000e+00	
655	2.000024e-03	0.000000e+00	0.000000e+00	
656	2.000024e-03	0.000000e+00	0.000000e+00	
657	2.000024e-03	0.000000e+00	0.000000e+00	
658	2.000025e-03	0.000000e+00	0.000000e+00	
659	2.000025e-03	0.000000e+00	0.000000e+00	
660	2.000026e-03	0.000000e+00	0.000000e+00	
661	2.000026e-03	0.000000e+00	0.000000e+00	
662	2.000026e-03	0.000000e+00	0.000000e+00	
663	2.000026e-03	0.000000e+00	0.000000e+00	
664	2.000026e-03	0.000000e+00	0.000000e+00	
665	2.000026e-03	0.000000e+00	0.000000e+00	
666	2.000026e-03	0.000000e+00	0.000000e+00	
667	2.000026e-03	0.000000e+00	0.000000e+00	
668	2.000026e-03	0.000000e+00	0.000000e+00	
669	2.000026e-03	0.000000e+00	0.000000e+00	
670	2.000027e-03	0.000000e+00	0.000000e+00	
671	2.000027e-03	0.000000e+00	0.000000e+00	
672	2.000028e-03	0.000000e+00	0.000000e+00	
673	2.000030e-03	0.000000e+00	0.000000e+00	
674	2.000034e-03	0.000000e+00	0.000000e+00	
675	2.000043e-03	0.000000e+00	0.000000e+00	
676	2.000059e-03	0.000000e+00	0.000000e+00	
677	2.000092e-03	0.000000e+00	0.000000e+00	
678	2.000157e-03	0.000000e+00	0.000000e+00	
679	2.000288e-03	0.000000e+00	0.000000e+00	
680	2.000550e-03	0.000000e+00	0.000000e+00	
681	2.001075e-03	0.000000e+00	0.000000e+00	
682	2.002123e-03	0.000000e+00	0.000000e+00	
683	2.004221e-03	0.000000e+00	0.000000e+00	
684	2.008415e-03	0.000000e+00	0.000000e+00	
685	2.016803e-03	0.000000e+00	0.000000e+00	
686	2.033581e-03	0.000000e+00	0.000000e+00	
687	2.067135e-03	0.000000e+00	0.000000e+00	
688	2.134244e-03	0.000000e+00	0.000000e+00	
689	2.268462e-03	0.000000e+00	0.000000e+00	
690	2.428462e-03	0.000000e+00	0.000000e+00	
691	2.500010e-03	0.000000e+00	0.000000e+00	
692	2.500011e-03	0.000000e+00	0.000000e+00	

Index   time            s2              s3              
--------------------------------------------------------------------------------
693	2.500013e-03	0.000000e+00	0.000000e+00	
694	2.500017e-03	0.000000e+00	0.000000e+00	
695	2.500019e-03	0.000000e+00	0.000000e+00	
696	2.500019e-03	0.000000e+00	0.000000e+00	
697	2.500019e-03	0.000000e+00	0.000000e+00	
698	2.500019e-03	0.000000e+00	0.000000e+00	
699	2.500019e-03	0.000000e+00	0.000000e+00	
700	2.500019e-03	0.000000e+00	0.000000e+00	
701	2.500019e-03	0.000000e+00	0.000000e+00	
702	2.500019e-03	0.000000e+00	0.000000e+00	
703	2.500019e-03	0.000000e+00	0.000000e+00	
704	2.500019e-03	0.000000e+00	0.000000e+00	
705	2.500020e-03	0.000000e+00	0.000000e+00	
706	2.500020e-03	0.000000e+00	0.000000e+00	
707	2.500020e-03	0.000000e+00	0.000000e+00	
708	2.500020e-03	0.000000e+00	0.000000e+00	
709	2.500020e-03	0.000000e+00	0.000000e+00	
710	2.500021e-03	0.000000e+00	0.000000e+00	
711	2.500021e-03	0.000000e+00	0.000000e+00	
712	2.500021e-03	5.000000e-02	5.000000e-02	
713	2.500021e-03	1.500000e-01	1.500000e-01	
714	2.500021e-03	3.500000e-01	3.500000e-01	
715	2.500021e-03	5.000000e-01	5.000000e-01	
716	2.500021e-03	5.000000e-01	5.000000e-01	
717	2.500021e-03	5.000000e-01	5.000000e-01	
718	2.500021e-03	5.000000e-01	5.000000e-01	
719	2.500021e-03	5.000000e-01	5.000000e-01	
720	2.500021e-03	5.000000e-01	5.000000e-01	
721	2.500022e-03	5.000000e-01	5.000000e-01	
722	2.500022e-03	5.000000e-01	5.000000e-01	
723	2.500023e-03	5.000000e-01	5.000000e-01	
724	2.500023e-03	5.000000e-01	5.000000e-01	
725	2.500023e-03	5.000000e-01	5.000000e-01	
726	2.500023e-03	5.000000e-01	5.000000e-01	
727	2.500023e-03	5.000000e-01	5.000000e-01	
728	2.500023e-03	5.000000e-01	5.000000e-01	
729	2.500023e-03	5.000000e-01	5.000000e-01	
730	2.500023e-03	5.000000e-01	5.000000e-01	
731	2.500023e-03	5.000000e-01	5.000000e-01	
732	2.500023e-03	5.000000e-01	5.000000e-01	
733	2.500024e-03	5.000000e-01	5.000000e-01	
734	2.500024e-03	5.000000e-01	5.000000e-01	
735	2.500024e-03	7.560000e-01	5.000000e-01	
736	2.500024e-03	1.268000e+00	5.000000e-01	
737	2.500024e-03	2.292000e+00	5.000000e-01	
738	2.500025e-03	4.340000e+00	5.000000e-01	
739	2.500025e-03	5.000000e+00	5.000000e-01	
740	2.500025e-03	5.000000e+00	5.000000e-01	
741	2.500025e-03	5.000000e+00	5.000000e-01	
742	2.500025e-03	5.000000e+00	4.500000e-01	
743	2.500025e-03	5.000000e+00	3.500000e-01	
744	2.500025e-03	5.000000e+00	1.500000e-01	
745	2.500025e-03	5.000000e+00	0.000000e+00	
746	2.500025e-03	5.000000e+00	0.000000e+00	
747	2.500025e-03	5.000000e+00	0.000000e+00	
748	2.500025e-03	5.000000e+00	0.000000e+00	
749	2.500025e-03	5.000000e+00	0.000000e+00	
750	2.500025e-03	5.000000e+00	0.000000e+00	

Index   time            s2              s3              
--------------------------------------------------------------------------------
751	2.500026e-03	5.000000e+00	0.000000e+00	
752	2.500026e-03	5.000000e+00	0.000000e+00	
753	2.500026e-03	5.000000e+00	0.000000e+00	
754	2.500026e-03	5.000000e+00	0.000000e+00	
755	2.500026e-03	5.000000e+00	0.000000e+00	
756	2.500027e-03	5.000000e+00	0.000000e+00	
757	2.500027e-03	5.000000e+00	0.000000e+00	
758	2.500029e-03	5.000000e+00	0.000000e+00	
759	2.500032e-03	5.000000e+00	0.000000e+00	
760	2.500039e-03	5.000000e+00	0.000000e+00	
761	2.500052e-03	5.000000e+00	0.000000e+00	
762	2.500078e-03	5.000000e+00	0.000000e+00	
763	2.500131e-03	5.000000e+00	0.000000e+00	
764	2.500236e-03	5.000000e+00	0.000000e+00	
765	2.500445e-03	5.000000e+00	0.000000e+00	
766	2.500865e-03	5.000000e+00	0.000000e+00	
767	2.501704e-03	5.000000e+00	0.000000e+00	
768	2.503381e-03	5.000000e+00	0.000000e+00	
769	2.506737e-03	5.000000e+00	0.000000e+00	
770	2.513448e-03	5.000000e+00	0.000000e+00	
771	2.526869e-03	5.000000e+00	0.000000e+00	
772	2.553713e-03	5.000000e+00	0.000000e+00	
773	2.607400e-03	5.000000e+00	0.000000e+00	
774	2.714774e-03	5.000000e+00	0.000000e+00	
775	2.874774e-03	5.000000e+00	0.000000e+00	
776	3.000000e-03	5.000000e+00	0.000000e+00	
777	3.000001e-03	5.000000e+00	0.000000e+00	
778	3.000003e-03	5.000000e+00	0.000000e+00	
779	3.000005e-03	5.000000e+00	0.000000e+00	
780	3.000005e-03	5.000000e+00	0.000000e+00	
781	3.000005e-03	5.000000e+00	0.000000e+00	
782	3.000005e-03	5.000000e+00	0.000000e+00	
783	3.000005e-03	5.000000e+00	0.000000e+00	
784	3.000005e-03	5.000000e+00	0.000000e+00	
785	3.000005e-03	5.000000e+00	0.000000e+00	
786	3.000005e-03	5.000000e+00	0.000000e+00	
787	3.000005e-03	5.000000e+00	0.000000e+00	
788	3.000005e-03	5.000000e+00	0.000000e+00	
789	3.000006e-03	5.000000e+00	0.000000e+00	
790	3.000006e-03	5.000000e+00	0.000000e+00	
791	3.000007e-03	5.000000e+00	0.000000e+00	
792	3.000007e-03	4.950000e+00	5.000000e-02	
793	3.000007e-03	4.850000e+00	1.500000e-01	
794	3.000007e-03	4.650000e+00	3.500000e-01	
795	3.000007e-03	4.500000e+00	5.000000e-01	
796	3.000007e-03	4.460000e+00	5.000000e-01	
797	3.000007e-03	4.380000e+00	5.000000e-01	
798	3.000007e-03	4.220000e+00	5.000000e-01	
799	3.000007e-03	3.900000e+00	5.000000e-01	
800	3.000007e-03	3.260000e+00	5.000000e-01	
801	3.000008e-03	1.980000e+00	5.000000e-01	
802	3.000008e-03	5.000000e-01	5.000000e-01	
803	3.000008e-03	5.000000e-01	5.000000e-01	
804	3.000008e-03	5.000000e-01	5.000000e-01	
805	3.000008e-03	5.000000e-01	5.000000e-01	
806	3.000008e-03	5.000000e-01	5.000000e-01	
807	3.000008e-03	5.000000e-01	5.000000e-01	
808	3.000008e-03	5.000000e-01	5.000000e-01	

Index   time            s2              s3              
--------------------------------------------------------------------------------
809	3.000008e-03	5.000000e-01	5.000000e-01	
810	3.000009e-03	5.000000e-01	5.000000e-01	
811	3.000009e-03	5.000000e-01	5.000000e-01	
812	3.000009e-03	5.000000e-01	5.000000e-01	
813	3.000009e-03	5.000000e-01	5.000000e-01	
814	3.000009e-03	5.000000e-01	5.000000e-01	
815	3.000009e-03	5.000000e-01	5.000000e-01	
816	3.000009e-03	5.000000e-01	5.000000e-01	
817	3.000009e-03	5.000000e-01	5.000000e-01	
818	3.000009e-03	5.000000e-01	5.000000e-01	
819	3.000009e-03	5.000000e-01	5.000000e-01	
820	3.000009e-03	5.000000e-01	5.000000e-01	
821	3.000009e-03	5.000000e-01	5.000000e-01	
822	3.000009e-03	5.000000e-01	5.000000e-01	
823	3.000010e-03	5.000000e-01	5.000000e-01	
824	3.000010e-03	5.000000e-01	5.000000e-01	
825	3.000010e-03	5.000000e-01	5.000000e-01	
826	3.000010e-03	5.000000e-01	5.000000e-01	
827	3.000010e-03	5.000000e-01	5.000000e-01	
828	3.000011e-03	5.000000e-01	5.000000e-01	
829	3.000011e-03	5.000000e-01	5.000000e-01	
830	3.000011e-03	5.000000e-01	5.000000e-01	
831	3.000011e-03	5.000000e-01	5.000000e-01	
832	3.000011e-03	5.000000e-01	5.000000e-01	
833	3.000011e-03	5.000000e-01	5.000000e-01	
834	3.000011e-03	5.000000e-01	5.000000e-01	
835	3.000011e-03	5.000000e-01	5.000000e-01	
836	3.000011e-03	5.000000e-01	5.000000e-01	
837	3.000011e-03	5.000000e-01	5.000000e-01	
838	3.000011e-03	5.000000e-01	5.000000e-01	
839	3.000012e-03	5.000000e-01	5.000000e-01	
840	3.000012e-03	5.000000e-01	5.000000e-01	
841	3.000013e-03	5.000000e-01	5.000000e-01	
842	3.000013e-03	4.500000e-01	5.000000e-01	
843	3.000013e-03	3.500000e-01	5.000000e-01	
844	3.000013e-03	1.500000e-01	5.000000e-01	
845	3.000013e-03	0.000000e+00	5.000000e-01	
846	3.000013e-03	0.000000e+00	5.000000e-01	
847	3.000013e-03	0.000000e+00	5.000000e-01	
848	3.000013e-03	0.000000e+00	5.000000e-01	
849	3.000013e-03	0.000000e+00	5.000000e-01	
850	3.000013e-03	0.000000e+00	5.000000e-01	
851	3.000014e-03	0.000000e+00	5.000000e-01	
852	3.000014e-03	0.000000e+00	5.000000e-01	
853	3.000015e-03	0.000000e+00	5.000000e-01	
854	3.000015e-03	0.000000e+00	4.500000e-01	
855	3.000015e-03	0.000000e+00	3.500000e-01	
856	3.000015e-03	0.000000e+00	1.500000e-01	
857	3.000015e-03	0.000000e+00	0.000000e+00	
858	3.000015e-03	0.000000e+00	0.000000e+00	
859	3.000015e-03	0.000000e+00	0.000000e+00	
860	3.000015e-03	0.000000e+00	0.000000e+00	
861	3.000015e-03	0.000000e+00	0.000000e+00	
862	3.000015e-03	0.000000e+00	0.000000e+00	
863	3.000016e-03	0.000000e+00	0.000000e+00	
864	3.000016e-03	0.000000e+00	0.000000e+00	
865	3.000017e-03	0.000000e+00	0.000000e+00	
866	3.000017e-03	0.000000e+00	0.000000e+00	

Index   time            s2              s3              
--------------------------------------------------------------------------------
867	3.000017e-03	0.000000e+00	0.000000e+00	
868	3.000017e-03	0.000000e+00	0.000000e+00	
869	3.000017e-03	0.000000e+00	0.000000e+00	
870	3.000017e-03	0.000000e+00	0.000000e+00	
871	3.000017e-03	0.000000e+00	0.000000e+00	
872	3.000017e-03	0.000000e+00	0.000000e+00	
873	3.000017e-03	0.000000e+00	0.000000e+00	
874	3.000017e-03	0.000000e+00	0.000000e+00	
875	3.000018e-03	0.000000e+00	0.000000e+00	
876	3.000018e-03	0.000000e+00	0.000000e+00	
877	3.000019e-03	0.000000e+00	0.000000e+00	
878	3.000019e-03	0.000000e+00	0.000000e+00	
879	3.000019e-03	0.000000e+00	0.000000e+00	
880	3.000019e-03	0.000000e+00	0.000000e+00	
881	3.000019e-03	0.000000e+00	0.000000e+00	
882	3.000019e-03	0.000000e+00	0.000000e+00	
883	3.000019e-03	0.000000e+00	0.000000e+00	
884	3.000019e-03	0.000000e+00	0.000000e+00	
885	3.000019e-03	0.000000e+00	0.000000e+00	
886	3.000019e-03	0.000000e+00	0.000000e+00	
887	3.000020e-03	0.000000e+00	0.000000e+00	
888	3.000020e-03	0.000000e+00	0.000000e+00	
889	3.000020e-03	0.000000e+00	0.000000e+00	
890	3.000020e-03	0.000000e+00	0.000000e+00	
891	3.000020e-03	0.000000e+00	0.000000e+00	
892	3.000021e-03	0.000000e+00	0.000000e+00	
893	3.000021e-03	0.000000e+00	0.000000e+00	
894	3.000021e-03	5.000000e-02	0.000000e+00	
895	3.000021e-03	1.500000e-01	0.000000e+00	
896	3.000021e-03	3.500000e-01	0.000000e+00	
897	3.000021e-03	5.000000e-01	0.000000e+00	
898	3.000021e-03	5.000000e-01	0.000000e+00	
899	3.000021e-03	5.000000e-01	0.000000e+00	
900	3.000021e-03	5.000000e-01	0.000000e+00	
901	3.000021e-03	5.000000e-01	0.000000e+00	
902	3.000021e-03	5.000000e-01	0.000000e+00	
903	3.000022e-03	5.000000e-01	0.000000e+00	
904	3.000022e-03	5.000000e-01	0.000000e+00	
905	3.000022e-03	5.000000e-01	0.000000e+00	
906	3.000022e-03	5.000000e-01	0.000000e+00	
907	3.000022e-03	5.000000e-01	0.000000e+00	
908	3.000022e-03	5.000000e-01	0.000000e+00	
909	3.000022e-03	5.000000e-01	0.000000e+00	
910	3.000022e-03	5.000000e-01	0.000000e+00	
911	3.000022e-03	5.000000e-01	0.000000e+00	
912	3.000022e-03	5.000000e-01	0.000000e+00	
913	3.000022e-03	5.000000e-01	0.000000e+00	
914	3.000023e-03	5.000000e-01	0.000000e+00	
915	3.000023e-03	5.000000e-01	0.000000e+00	
916	3.000023e-03	5.000000e-01	5.000000e-02	
917	3.000023e-03	5.000000e-01	1.500000e-01	
918	3.000023e-03	5.000000e-01	3.500000e-01	
919	3.000023e-03	5.000000e-01	5.000000e-01	
920	3.000023e-03	5.000000e-01	5.000000e-01	
921	3.000023e-03	5.000000e-01	5.000000e-01	
922	3.000023e-03	5.000000e-01	5.000000e-01	
923	3.000023e-03	5.000000e-01	5.000000e-01	
924	3.000023e-03	5.000000e-01	5.000000e-01	

Index   time            s2              s3              
--------------------------------------------------------------------------------
925	3.000024e-03	5.000000e-01	5.000000e-01	
926	3.000024e-03	5.000000e-01	5.000000e-01	
927	3.000024e-03	4.500000e-01	5.000000e-01	
928	3.000024e-03	3.500000e-01	5.000000e-01	
929	3.000024e-03	1.500000e-01	5.000000e-01	
930	3.000024e-03	0.000000e+00	5.000000e-01	
931	3.000024e-03	0.000000e+00	5.000000e-01	
932	3.000024e-03	0.000000e+00	5.000000e-01	
933	3.000024e-03	0.000000e+00	5.000000e-01	
934	3.000024e-03	0.000000e+00	5.000000e-01	
935	3.000024e-03	0.000000e+00	5.000000e-01	
936	3.000025e-03	0.000000e+00	5.000000e-01	
937	3.000025e-03	0.000000e+00	5.000000e-01	
938	3.000026e-03	0.000000e+00	5.000000e-01	
939	3.000026e-03	0.000000e+00	4.500000e-01	
940	3.000026e-03	0.000000e+00	3.500000e-01	
941	3.000026e-03	0.000000e+00	1.500000e-01	
942	3.000026e-03	0.000000e+00	0.000000e+00	
943	3.000026e-03	0.000000e+00	0.000000e+00	
944	3.000026e-03	0.000000e+00	0.000000e+00	
945	3.000026e-03	0.000000e+00	0.000000e+00	
946	3.000026e-03	0.000000e+00	0.000000e+00	
947	3.000026e-03	0.000000e+00	0.000000e+00	
948	3.000027e-03	0.000000e+00	0.000000e+00	
949	3.000027e-03	0.000000e+00	0.000000e+00	
950	3.000028e-03	0.000000e+00	0.000000e+00	
951	3.000028e-03	0.000000e+00	0.000000e+00	
952	3.000028e-03	0.000000e+00	0.000000e+00	
953	3.000028e-03	0.000000e+00	0.000000e+00	
954	3.000028e-03	0.000000e+00	0.000000e+00	
955	3.000028e-03	0.000000e+00	0.000000e+00	
956	3.000028e-03	0.000000e+00	0.000000e+00	
957	3.000028e-03	0.000000e+00	0.000000e+00	
958	3.000028e-03	0.000000e+00	0.000000e+00	
959	3.000028e-03	0.000000e+00	0.000000e+00	
960	3.000029e-03	0.000000e+00	0.000000e+00	
961	3.000029e-03	0.000000e+00	0.000000e+00	
962	3.000030e-03	0.000000e+00	0.000000e+00	
963	3.000032e-03	0.000000e+00	0.000000e+00	
964	3.000036e-03	0.000000e+00	0.000000e+00	
965	3.000045e-03	0.000000e+00	0.000000e+00	
966	3.000061e-03	0.000000e+00	0.000000e+00	
967	3.000094e-03	0.000000e+00	0.000000e+00	
968	3.000159e-03	0.000000e+00	0.000000e+00	
969	3.000290e-03	0.000000e+00	0.000000e+00	
970	3.000552e-03	0.000000e+00	0.000000e+00	
971	3.001077e-03	0.000000e+00	0.000000e+00	
972	3.002125e-03	0.000000e+00	0.000000e+00	
973	3.004223e-03	0.000000e+00	0.000000e+00	
974	3.008417e-03	0.000000e+00	0.000000e+00	
975	3.016805e-03	0.000000e+00	0.000000e+00	
976	3.033583e-03	0.000000e+00	0.000000e+00	
977	3.067137e-03	0.000000e+00	0.000000e+00	
978	3.134246e-03	0.000000e+00	0.000000e+00	
979	3.268464e-03	0.000000e+00	0.000000e+00	
980	3.428464e-03	0.000000e+00	0.000000e+00	
981	3.500010e-03	0.000000e+00	0.000000e+00	
982	3.500011e-03	0.000000e+00	0.000000e+00	

Index   time            s2              s3              
--------------------------------------------------------------------------------
983	3.500013e-03	0.000000e+00	0.000000e+00	
984	3.500017e-03	0.000000e+00	0.000000e+00	
985	3.500019e-03	0.000000e+00	0.000000e+00	
986	3.500019e-03	0.000000e+00	0.000000e+00	
987	3.500019e-03	0.000000e+00	0.000000e+00	
988	3.500019e-03	0.000000e+00	0.000000e+00	
989	3.500019e-03	0.000000e+00	0.000000e+00	
990	3.500019e-03	0.000000e+00	0.000000e+00	
991	3.500019e-03	0.000000e+00	0.000000e+00	
992	3.500019e-03	0.000000e+00	0.000000e+00	
993	3.500019e-03	0.000000e+00	0.000000e+00	
994	3.500019e-03	0.000000e+00	0.000000e+00	
995	3.500020e-03	0.000000e+00	0.000000e+00	
996	3.500020e-03	0.000000e+00	0.000000e+00	
997	3.500020e-03	0.000000e+00	0.000000e+00	
998	3.500020e-03	0.000000e+00	0.000000e+00	
999	3.500020e-03	0.000000e+00	0.000000e+00	
1000	3.500021e-03	0.000000e+00	0.000000e+00	
1001	3.500021e-03	0.000000e+00	0.000000e+00	
1002	3.500021e-03	5.000000e-02	5.000000e-02	
1003	3.500021e-03	1.500000e-01	1.500000e-01	
1004	3.500021e-03	3.500000e-01	3.500000e-01	
1005	3.500021e-03	5.000000e-01	5.000000e-01	
1006	3.500021e-03	5.000000e-01	5.000000e-01	
1007	3.500021e-03	5.000000e-01	5.000000e-01	
1008	3.500021e-03	5.000000e-01	5.000000e-01	
1009	3.500021e-03	5.000000e-01	5.000000e-01	
1010	3.500021e-03	5.000000e-01	5.000000e-01	
1011	3.500022e-03	5.000000e-01	5.000000e-01	
1012	3.500022e-03	5.000000e-01	5.000000e-01	
1013	3.500023e-03	5.000000e-01	5.000000e-01	
1014	3.500023e-03	5.000000e-01	5.000000e-01	
1015	3.500023e-03	5.000000e-01	5.000000e-01	
1016	3.500023e-03	5.000000e-01	5.000000e-01	
1017	3.500023e-03	5.000000e-01	5.000000e-01	
1018	3.500023e-03	5.000000e-01	5.000000e-01	
1019	3.500023e-03	5.000000e-01	5.000000e-01	
1020	3.500023e-03	5.000000e-01	5.000000e-01	
1021	3.500023e-03	5.000000e-01	5.000000e-01	
1022	3.500023e-03	5.000000e-01	5.000000e-01	
1023	3.500024e-03	5.000000e-01	5.000000e-01	
1024	3.500024e-03	5.000000e-01	5.000000e-01	
1025	3.500025e-03	5.000000e-01	5.000000e-01	
1026	3.500025e-03	4.500000e-01	4.500000e-01	
1027	3.500025e-03	3.500000e-01	3.500000e-01	
1028	3.500025e-03	1.500000e-01	1.500000e-01	
1029	3.500025e-03	0.000000e+00	0.000000e+00	
1030	3.500025e-03	0.000000e+00	0.000000e+00	
1031	3.500025e-03	0.000000e+00	0.000000e+00	
1032	3.500025e-03	0.000000e+00	0.000000e+00	
1033	3.500025e-03	0.000000e+00	0.000000e+00	
1034	3.500025e-03	0.000000e+00	0.000000e+00	
1035	3.500026e-03	0.000000e+00	0.000000e+00	
1036	3.500026e-03	0.000000e+00	0.000000e+00	
1037	3.500026e-03	0.000000e+00	0.000000e+00	
1038	3.500026e-03	0.000000e+00	0.000000e+00	
1039	3.500026e-03	0.000000e+00	0.000000e+00	
1040	3.500027e-03	0.000000e+00	0.000000e+00	

Index   time            s2              s3              
--------------------------------------------------------------------------------
1041	3.500027e-03	0.000000e+00	0.000000e+00	
1042	3.500029e-03	0.000000e+00	0.000000e+00	
1043	3.500032e-03	0.000000e+00	0.000000e+00	
1044	3.500039e-03	0.000000e+00	0.000000e+00	
1045	3.500052e-03	0.000000e+00	0.000000e+00	
1046	3.500078e-03	0.000000e+00	0.000000e+00	
1047	3.500131e-03	0.000000e+00	0.000000e+00	
1048	3.500236e-03	0.000000e+00	0.000000e+00	
1049	3.500445e-03	0.000000e+00	0.000000e+00	
1050	3.500865e-03	0.000000e+00	0.000000e+00	
1051	3.501704e-03	0.000000e+00	0.000000e+00	
1052	3.503381e-03	0.000000e+00	0.000000e+00	
1053	3.506737e-03	0.000000e+00	0.000000e+00	
1054	3.513448e-03	0.000000e+00	0.000000e+00	
1055	3.526869e-03	0.000000e+00	0.000000e+00	
1056	3.553713e-03	0.000000e+00	0.000000e+00	
1057	3.607400e-03	0.000000e+00	0.000000e+00	
1058	3.714774e-03	0.000000e+00	0.000000e+00	
1059	3.874774e-03	0.000000e+00	0.000000e+00	
1060	4.000000e-03	0.000000e+00	0.000000e+00	
1061	4.000001e-03	0.000000e+00	0.000000e+00	
1062	4.000003e-03	0.000000e+00	0.000000e+00	
1063	4.000005e-03	0.000000e+00	0.000000e+00	
1064	4.000005e-03	0.000000e+00	0.000000e+00	
1065	4.000005e-03	0.000000e+00	0.000000e+00	
1066	4.000005e-03	0.000000e+00	0.000000e+00	
1067	4.000005e-03	0.000000e+00	0.000000e+00	
1068	4.000005e-03	0.000000e+00	0.000000e+00	
1069	4.000005e-03	0.000000e+00	0.000000e+00	
1070	4.000005e-03	0.000000e+00	0.000000e+00	
1071	4.000005e-03	0.000000e+00	0.000000e+00	
1072	4.000005e-03	0.000000e+00	0.000000e+00	
1073	4.000006e-03	0.000000e+00	0.000000e+00	
1074	4.000006e-03	0.000000e+00	0.000000e+00	
1075	4.000006e-03	5.000000e-02	0.000000e+00	
1076	4.000006e-03	1.500000e-01	0.000000e+00	
1077	4.000006e-03	3.500000e-01	0.000000e+00	
1078	4.000006e-03	5.000000e-01	0.000000e+00	
1079	4.000006e-03	5.000000e-01	0.000000e+00	
1080	4.000006e-03	5.000000e-01	0.000000e+00	
1081	4.000006e-03	5.000000e-01	0.000000e+00	
1082	4.000006e-03	5.000000e-01	0.000000e+00	
1083	4.000006e-03	5.000000e-01	0.000000e+00	
1084	4.000007e-03	5.000000e-01	0.000000e+00	
1085	4.000007e-03	5.000000e-01	0.000000e+00	
1086	4.000007e-03	5.000000e-01	5.000000e-02	
1087	4.000007e-03	5.000000e-01	1.500000e-01	
1088	4.000007e-03	5.000000e-01	3.500000e-01	
1089	4.000007e-03	5.000000e-01	5.000000e-01	
1090	4.000007e-03	5.000000e-01	5.000000e-01	
1091	4.000007e-03	5.000000e-01	5.000000e-01	
1092	4.000007e-03	5.000000e-01	5.000000e-01	
1093	4.000007e-03	5.000000e-01	5.000000e-01	
1094	4.000007e-03	5.000000e-01	5.000000e-01	
1095	4.000008e-03	5.000000e-01	5.000000e-01	
1096	4.000008e-03	5.000000e-01	5.000000e-01	
1097	4.000008e-03	5.000000e-01	5.000000e-01	
1098	4.000008e-03	5.000000e-01	5.000000e-01	

Index   time            s2              s3              
--------------------------------------------------------------------------------
1099	4.000008e-03	5.000000e-01	5.000000e-01	
1100	4.000009e-03	5.000000e-01	5.000000e-01	
1101	4.000009e-03	5.000000e-01	5.000000e-01	
1102	4.000009e-03	5.000000e-01	5.000000e-01	
1103	4.000009e-03	5.000000e-01	5.000000e-01	
1104	4.000009e-03	5.000000e-01	5.000000e-01	
1105	4.000009e-03	5.000000e-01	5.000000e-01	
1106	4.000009e-03	5.000000e-01	5.000000e-01	
1107	4.000009e-03	5.000000e-01	5.000000e-01	
1108	4.000009e-03	5.000000e-01	5.000000e-01	
1109	4.000009e-03	5.000000e-01	5.000000e-01	
1110	4.000009e-03	5.000000e-01	5.000000e-01	
1111	4.000009e-03	5.000000e-01	5.000000e-01	
1112	4.000009e-03	5.000000e-01	5.000000e-01	
1113	4.000010e-03	5.000000e-01	5.000000e-01	
1114	4.000010e-03	5.000000e-01	5.000000e-01	
1115	4.000010e-03	5.000000e-01	5.000000e-01	
1116	4.000010e-03	5.000000e-01	5.000000e-01	
1117	4.000010e-03	5.000000e-01	5.000000e-01	
1118	4.000011e-03	5.000000e-01	5.000000e-01	
1119	4.000011e-03	5.000000e-01	5.000000e-01	
1120	4.000011e-03	5.000000e-01	5.000000e-01	
1121	4.000011e-03	5.000000e-01	5.000000e-01	
1122	4.000011e-03	5.000000e-01	5.000000e-01	
1123	4.000011e-03	5.000000e-01	5.000000e-01	
1124	4.000011e-03	5.000000e-01	5.000000e-01	
1125	4.000011e-03	5.000000e-01	5.000000e-01	
1126	4.000011e-03	5.000000e-01	5.000000e-01	
1127	4.000011e-03	5.000000e-01	5.000000e-01	
1128	4.000011e-03	5.000000e-01	5.000000e-01	
1129	4.000012e-03	5.000000e-01	5.000000e-01	
1130	4.000012e-03	5.000000e-01	5.000000e-01	
1131	4.000013e-03	5.000000e-01	5.000000e-01	
1132	4.000013e-03	4.500000e-01	5.000000e-01	
1133	4.000013e-03	3.500000e-01	5.000000e-01	
1134	4.000013e-03	1.500000e-01	5.000000e-01	
1135	4.000013e-03	1.997902e-09	5.000000e-01	
1136	4.000013e-03	0.000000e+00	5.000000e-01	
1137	4.000013e-03	0.000000e+00	5.000000e-01	
1138	4.000013e-03	0.000000e+00	5.000000e-01	
1139	4.000013e-03	0.000000e+00	5.000000e-01	
1140	4.000013e-03	0.000000e+00	5.000000e-01	
1141	4.000014e-03	0.000000e+00	5.000000e-01	
1142	4.000014e-03	0.000000e+00	5.000000e-01	
1143	4.000015e-03	0.000000e+00	5.000000e-01	
1144	4.000015e-03	0.000000e+00	4.500000e-01	
1145	4.000015e-03	0.000000e+00	3.500000e-01	
1146	4.000015e-03	0.000000e+00	1.500000e-01	
1147	4.000015e-03	0.000000e+00	1.997902e-09	
1148	4.000015e-03	0.000000e+00	0.000000e+00	
1149	4.000015e-03	0.000000e+00	0.000000e+00	
1150	4.000015e-03	0.000000e+00	0.000000e+00	
1151	4.000015e-03	0.000000e+00	0.000000e+00	
1152	4.000015e-03	0.000000e+00	0.000000e+00	
1153	4.000016e-03	0.000000e+00	0.000000e+00	
1154	4.000016e-03	0.000000e+00	0.000000e+00	
1155	4.000017e-03	0.000000e+00	0.000000e+00	
1156	4.000017e-03	0.000000e+00	0.000000e+00	

Index   time            s2              s3              
--------------------------------------------------------------------------------
1157	4.000017e-03	0.000000e+00	0.000000e+00	
1158	4.000017e-03	0.000000e+00	0.000000e+00	
1159	4.000017e-03	0.000000e+00	0.000000e+00	
1160	4.000017e-03	0.000000e+00	0.000000e+00	
1161	4.000017e-03	0.000000e+00	0.000000e+00	
1162	4.000017e-03	0.000000e+00	0.000000e+00	
1163	4.000017e-03	0.000000e+00	0.000000e+00	
1164	4.000017e-03	0.000000e+00	0.000000e+00	
1165	4.000018e-03	0.000000e+00	0.000000e+00	
1166	4.000018e-03	0.000000e+00	0.000000e+00	
1167	4.000019e-03	0.000000e+00	0.000000e+00	
1168	4.000019e-03	0.000000e+00	5.000000e-02	
1169	4.000019e-03	0.000000e+00	1.500000e-01	
1170	4.000019e-03	0.000000e+00	3.500000e-01	
1171	4.000019e-03	0.000000e+00	5.000000e-01	
1172	4.000019e-03	0.000000e+00	5.000000e-01	
1173	4.000019e-03	0.000000e+00	5.000000e-01	
1174	4.000019e-03	0.000000e+00	5.000000e-01	
1175	4.000019e-03	0.000000e+00	5.000000e-01	
1176	4.000019e-03	0.000000e+00	5.000000e-01	
1177	4.000020e-03	0.000000e+00	5.000000e-01	
1178	4.000020e-03	0.000000e+00	5.000000e-01	
1179	4.000020e-03	0.000000e+00	5.000000e-01	
1180	4.000020e-03	0.000000e+00	5.000000e-01	
1181	4.000020e-03	0.000000e+00	5.000000e-01	
1182	4.000021e-03	0.000000e+00	5.000000e-01	
1183	4.000021e-03	0.000000e+00	5.000000e-01	
1184	4.000021e-03	0.000000e+00	5.000000e-01	
1185	4.000021e-03	0.000000e+00	5.000000e-01	
1186	4.000021e-03	0.000000e+00	5.000000e-01	
1187	4.000021e-03	0.000000e+00	5.000000e-01	
1188	4.000021e-03	0.000000e+00	5.000000e-01	
1189	4.000021e-03	0.000000e+00	5.000000e-01	
1190	4.000021e-03	0.000000e+00	5.000000e-01	
1191	4.000021e-03	0.000000e+00	5.000000e-01	
1192	4.000021e-03	0.000000e+00	5.000000e-01	
1193	4.000022e-03	0.000000e+00	5.000000e-01	
1194	4.000022e-03	0.000000e+00	5.000000e-01	
1195	4.000022e-03	0.000000e+00	4.500000e-01	
1196	4.000022e-03	0.000000e+00	3.500000e-01	
1197	4.000022e-03	0.000000e+00	1.500000e-01	
1198	4.000022e-03	0.000000e+00	1.997902e-09	
1199	4.000022e-03	0.000000e+00	0.000000e+00	
1200	4.000022e-03	0.000000e+00	0.000000e+00	
1201	4.000022e-03	0.000000e+00	0.000000e+00	
1202	4.000022e-03	0.000000e+00	0.000000e+00	
1203	4.000022e-03	0.000000e+00	0.000000e+00	
1204	4.000023e-03	0.000000e+00	0.000000e+00	
1205	4.000023e-03	0.000000e+00	0.000000e+00	
1206	4.000024e-03	0.000000e+00	0.000000e+00	
1207	4.000024e-03	0.000000e+00	0.000000e+00	
1208	4.000024e-03	0.000000e+00	0.000000e+00	
1209	4.000024e-03	0.000000e+00	0.000000e+00	
1210	4.000024e-03	0.000000e+00	0.000000e+00	
1211	4.000024e-03	0.000000e+00	0.000000e+00	
1212	4.000024e-03	0.000000e+00	0.000000e+00	
1213	4.000024e-03	0.000000e+00	0.000000e+00	
1214	4.000024e-03	0.000000e+00	0.000000e+00	

Index   time            s2              s3              
--------------------------------------------------------------------------------
1215	4.000024e-03	0.000000e+00	0.000000e+00	
1216	4.000025e-03	0.000000e+00	0.000000e+00	
1217	4.000025e-03	0.000000e+00	0.000000e+00	
1218	4.000026e-03	0.000000e+00	0.000000e+00	
1219	4.000028e-03	0.000000e+00	0.000000e+00	
1220	4.000032e-03	0.000000e+00	0.000000e+00	
1221	4.000041e-03	0.000000e+00	0.000000e+00	
1222	4.000057e-03	0.000000e+00	0.000000e+00	
1223	4.000090e-03	0.000000e+00	0.000000e+00	
1224	4.000155e-03	0.000000e+00	0.000000e+00	
1225	4.000286e-03	0.000000e+00	0.000000e+00	
1226	4.000548e-03	0.000000e+00	0.000000e+00	
1227	4.001073e-03	0.000000e+00	0.000000e+00	
1228	4.002121e-03	0.000000e+00	0.000000e+00	
1229	4.004219e-03	0.000000e+00	0.000000e+00	
1230	4.008413e-03	0.000000e+00	0.000000e+00	
1231	4.016801e-03	0.000000e+00	0.000000e+00	
1232	4.033579e-03	0.000000e+00	0.000000e+00	
1233	4.067133e-03	0.000000e+00	0.000000e+00	
1234	4.134242e-03	0.000000e+00	0.000000e+00	
1235	4.268460e-03	0.000000e+00	0.000000e+00	
1236	4.428460e-03	0.000000e+00	0.000000e+00	
1237	4.500010e-03	0.000000e+00	0.000000e+00	
1238	4.500011e-03	0.000000e+00	0.000000e+00	
1239	4.500013e-03	0.000000e+00	0.000000e+00	
1240	4.500017e-03	0.000000e+00	0.000000e+00	
1241	4.500019e-03	0.000000e+00	0.000000e+00	
1242	4.500019e-03	0.000000e+00	0.000000e+00	
1243	4.500019e-03	0.000000e+00	0.000000e+00	
1244	4.500019e-03	0.000000e+00	0.000000e+00	
1245	4.500019e-03	0.000000e+00	0.000000e+00	
1246	4.500019e-03	0.000000e+00	0.000000e+00	
1247	4.500019e-03	0.000000e+00	0.000000e+00	
1248	4.500019e-03	0.000000e+00	0.000000e+00	
1249	4.500019e-03	0.000000e+00	0.000000e+00	
1250	4.500019e-03	0.000000e+00	0.000000e+00	
1251	4.500020e-03	0.000000e+00	0.000000e+00	
1252	4.500020e-03	0.000000e+00	0.000000e+00	
1253	4.500020e-03	0.000000e+00	0.000000e+00	
1254	4.500020e-03	0.000000e+00	0.000000e+00	
1255	4.500020e-03	0.000000e+00	0.000000e+00	
1256	4.500021e-03	0.000000e+00	0.000000e+00	
1257	4.500021e-03	0.000000e+00	0.000000e+00	
1258	4.500021e-03	5.000000e-02	5.000000e-02	
1259	4.500021e-03	1.500000e-01	1.500000e-01	
1260	4.500021e-03	3.500000e-01	3.500000e-01	
1261	4.500021e-03	5.000000e-01	5.000000e-01	
1262	4.500021e-03	5.000000e-01	5.000000e-01	
1263	4.500021e-03	5.000000e-01	5.000000e-01	
1264	4.500021e-03	5.000000e-01	5.000000e-01	
1265	4.500021e-03	5.000000e-01	5.000000e-01	
1266	4.500021e-03	5.000000e-01	5.000000e-01	
1267	4.500022e-03	5.000000e-01	5.000000e-01	
1268	4.500022e-03	5.000000e-01	5.000000e-01	
1269	4.500023e-03	5.000000e-01	5.000000e-01	
1270	4.500023e-03	5.000000e-01	5.000000e-01	
1271	4.500023e-03	5.000000e-01	5.000000e-01	
1272	4.500023e-03	5.000000e-01	5.000000e-01	

Index   time            s2              s3              
--------------------------------------------------------------------------------
1273	4.500023e-03	5.000000e-01	5.000000e-01	
1274	4.500023e-03	5.000000e-01	5.000000e-01	
1275	4.500023e-03	5.000000e-01	5.000000e-01	
1276	4.500023e-03	5.000000e-01	5.000000e-01	
1277	4.500023e-03	5.000000e-01	5.000000e-01	
1278	4.500023e-03	5.000000e-01	5.000000e-01	
1279	4.500024e-03	5.000000e-01	5.000000e-01	
1280	4.500024e-03	5.000000e-01	5.000000e-01	
1281	4.500024e-03	7.560000e-01	7.560000e-01	
1282	4.500024e-03	1.268000e+00	1.268000e+00	
1283	4.500024e-03	2.292000e+00	2.292000e+00	
1284	4.500025e-03	4.340000e+00	4.340000e+00	
1285	4.500025e-03	5.000000e+00	5.000000e+00	
1286	4.500025e-03	5.000000e+00	5.000000e+00	
1287	4.500025e-03	5.000000e+00	5.000000e+00	
1288	4.500025e-03	5.000000e+00	5.000000e+00	
1289	4.500025e-03	5.000000e+00	5.000000e+00	
1290	4.500025e-03	5.000000e+00	5.000000e+00	
1291	4.500025e-03	5.000000e+00	5.000000e+00	
1292	4.500026e-03	5.000000e+00	5.000000e+00	
1293	4.500026e-03	5.000000e+00	5.000000e+00	
1294	4.500026e-03	5.000000e+00	5.000000e+00	
1295	4.500026e-03	5.000000e+00	5.000000e+00	
1296	4.500026e-03	5.000000e+00	5.000000e+00	
1297	4.500027e-03	5.000000e+00	5.000000e+00	
1298	4.500028e-03	5.000000e+00	5.000000e+00	
1299	4.500029e-03	5.000000e+00	5.000000e+00	
1300	4.500033e-03	5.000000e+00	5.000000e+00	
1301	4.500039e-03	5.000000e+00	5.000000e+00	
1302	4.500053e-03	5.000000e+00	5.000000e+00	
1303	4.500080e-03	5.000000e+00	5.000000e+00	
1304	4.500133e-03	5.000000e+00	5.000000e+00	
1305	4.500241e-03	5.000000e+00	5.000000e+00	
1306	4.500455e-03	5.000000e+00	5.000000e+00	
1307	4.500885e-03	5.000000e+00	5.000000e+00	
1308	4.501744e-03	5.000000e+00	5.000000e+00	
1309	4.503462e-03	5.000000e+00	5.000000e+00	
1310	4.506898e-03	5.000000e+00	5.000000e+00	
1311	4.513770e-03	5.000000e+00	5.000000e+00	
1312	4.527514e-03	5.000000e+00	5.000000e+00	
1313	4.555001e-03	5.000000e+00	5.000000e+00	
1314	4.609977e-03	5.000000e+00	5.000000e+00	
1315	4.719928e-03	5.000000e+00	5.000000e+00	
1316	4.879928e-03	5.000000e+00	5.000000e+00	
1317	5.000000e-03	5.000000e+00	5.000000e+00	
1318	5.000001e-03	5.000000e+00	5.000000e+00	
1319	5.000003e-03	5.000000e+00	5.000000e+00	
1320	5.000005e-03	5.000000e+00	5.000000e+00	
1321	5.000005e-03	5.000000e+00	5.000000e+00	
1322	5.000005e-03	5.000000e+00	5.000000e+00	
1323	5.000005e-03	5.000000e+00	5.000000e+00	
1324	5.000005e-03	5.000000e+00	5.000000e+00	
1325	5.000005e-03	5.000000e+00	5.000000e+00	
1326	5.000005e-03	5.000000e+00	5.000000e+00	
1327	5.000005e-03	5.000000e+00	5.000000e+00	
1328	5.000005e-03	5.000000e+00	5.000000e+00	
1329	5.000005e-03	5.000000e+00	5.000000e+00	
1330	5.000006e-03	5.000000e+00	5.000000e+00	

Index   time            s2              s3              
--------------------------------------------------------------------------------
1331	5.000006e-03	5.000000e+00	5.000000e+00	
1332	5.000007e-03	5.000000e+00	5.000000e+00	
1333	5.000007e-03	4.950000e+00	4.950000e+00	
1334	5.000007e-03	4.850000e+00	4.850000e+00	
1335	5.000007e-03	4.650000e+00	4.650000e+00	
1336	5.000007e-03	4.500000e+00	4.500000e+00	
1337	5.000007e-03	4.460000e+00	4.460000e+00	
1338	5.000007e-03	4.380000e+00	4.380000e+00	
1339	5.000007e-03	4.220000e+00	4.220000e+00	
1340	5.000007e-03	3.900000e+00	3.900000e+00	
1341	5.000007e-03	3.260000e+00	3.260000e+00	
1342	5.000008e-03	1.980000e+00	1.980000e+00	
1343	5.000008e-03	5.000000e-01	5.000000e-01	
1344	5.000008e-03	5.000000e-01	5.000000e-01	
1345	5.000008e-03	5.000000e-01	5.000000e-01	
1346	5.000008e-03	5.000000e-01	5.000000e-01	
1347	5.000008e-03	5.000000e-01	5.000000e-01	
1348	5.000008e-03	5.000000e-01	5.000000e-01	
1349	5.000008e-03	5.000000e-01	5.000000e-01	
1350	5.000008e-03	5.000000e-01	5.000000e-01	
1351	5.000009e-03	5.000000e-01	5.000000e-01	
1352	5.000009e-03	5.000000e-01	5.000000e-01	
1353	5.000009e-03	5.000000e-01	5.000000e-01	
1354	5.000009e-03	5.000000e-01	5.000000e-01	
1355	5.000009e-03	5.000000e-01	5.000000e-01	
1356	5.000009e-03	5.000000e-01	5.000000e-01	
1357	5.000009e-03	5.000000e-01	5.000000e-01	
1358	5.000009e-03	5.000000e-01	5.000000e-01	
1359	5.000009e-03	5.000000e-01	5.000000e-01	
1360	5.000009e-03	5.000000e-01	5.000000e-01	
1361	5.000009e-03	5.000000e-01	5.000000e-01	
1362	5.000009e-03	5.000000e-01	5.000000e-01	
1363	5.000009e-03	5.000000e-01	5.000000e-01	
1364	5.000010e-03	5.000000e-01	5.000000e-01	
1365	5.000010e-03	5.000000e-01	5.000000e-01	
1366	5.000010e-03	5.000000e-01	5.000000e-01	
1367	5.000010e-03	5.000000e-01	5.000000e-01	
1368	5.000010e-03	5.000000e-01	5.000000e-01	
1369	5.000011e-03	5.000000e-01	5.000000e-01	
1370	5.000011e-03	5.000000e-01	5.000000e-01	
1371	5.000011e-03	5.000000e-01	5.000000e-01	
1372	5.000011e-03	5.000000e-01	5.000000e-01	
1373	5.000011e-03	5.000000e-01	5.000000e-01	
1374	5.000011e-03	5.000000e-01	5.000000e-01	
1375	5.000011e-03	5.000000e-01	5.000000e-01	
1376	5.000011e-03	5.000000e-01	5.000000e-01	
1377	5.000011e-03	5.000000e-01	5.000000e-01	
1378	5.000011e-03	5.000000e-01	5.000000e-01	
1379	5.000011e-03	5.000000e-01	5.000000e-01	
1380	5.000012e-03	5.000000e-01	5.000000e-01	
1381	5.000012e-03	5.000000e-01	5.000000e-01	
1382	5.000013e-03	5.000000e-01	5.000000e-01	
1383	5.000013e-03	4.500000e-01	5.000000e-01	
1384	5.000013e-03	3.500000e-01	5.000000e-01	
1385	5.000013e-03	1.500000e-01	5.000000e-01	
1386	5.000013e-03	1.997902e-09	5.000000e-01	
1387	5.000013e-03	0.000000e+00	5.000000e-01	
1388	5.000013e-03	0.000000e+00	5.000000e-01	

Index   time            s2              s3              
--------------------------------------------------------------------------------
1389	5.000013e-03	0.000000e+00	5.000000e-01	
1390	5.000013e-03	0.000000e+00	5.000000e-01	
1391	5.000013e-03	0.000000e+00	5.000000e-01	
1392	5.000014e-03	0.000000e+00	5.000000e-01	
1393	5.000014e-03	0.000000e+00	5.000000e-01	
1394	5.000015e-03	0.000000e+00	5.000000e-01	
1395	5.000015e-03	0.000000e+00	4.500000e-01	
1396	5.000015e-03	0.000000e+00	3.500000e-01	
1397	5.000015e-03	0.000000e+00	1.500000e-01	
1398	5.000015e-03	0.000000e+00	1.997902e-09	
1399	5.000015e-03	0.000000e+00	0.000000e+00	
1400	5.000015e-03	0.000000e+00	0.000000e+00	
1401	5.000015e-03	0.000000e+00	0.000000e+00	
1402	5.000015e-03	0.000000e+00	0.000000e+00	
1403	5.000015e-03	0.000000e+00	0.000000e+00	
1404	5.000016e-03	0.000000e+00	0.000000e+00	
1405	5.000016e-03	0.000000e+00	0.000000e+00	
1406	5.000017e-03	0.000000e+00	0.000000e+00	
1407	5.000017e-03	0.000000e+00	0.000000e+00	
1408	5.000017e-03	0.000000e+00	0.000000e+00	
1409	5.000017e-03	0.000000e+00	0.000000e+00	
1410	5.000017e-03	0.000000e+00	0.000000e+00	
1411	5.000017e-03	0.000000e+00	0.000000e+00	
1412	5.000017e-03	0.000000e+00	0.000000e+00	
1413	5.000017e-03	0.000000e+00	0.000000e+00	
1414	5.000017e-03	0.000000e+00	0.000000e+00	
1415	5.000017e-03	0.000000e+00	0.000000e+00	
1416	5.000018e-03	0.000000e+00	0.000000e+00	
1417	5.000018e-03	0.000000e+00	0.000000e+00	
1418	5.000019e-03	0.000000e+00	0.000000e+00	
1419	5.000019e-03	0.000000e+00	0.000000e+00	
1420	5.000019e-03	0.000000e+00	0.000000e+00	
1421	5.000019e-03	0.000000e+00	0.000000e+00	
1422	5.000019e-03	0.000000e+00	0.000000e+00	
1423	5.000019e-03	0.000000e+00	0.000000e+00	
1424	5.000019e-03	0.000000e+00	0.000000e+00	
1425	5.000019e-03	0.000000e+00	0.000000e+00	
1426	5.000019e-03	0.000000e+00	0.000000e+00	
1427	5.000019e-03	0.000000e+00	0.000000e+00	
1428	5.000020e-03	0.000000e+00	0.000000e+00	
1429	5.000020e-03	0.000000e+00	0.000000e+00	
1430	5.000020e-03	0.000000e+00	0.000000e+00	
1431	5.000020e-03	0.000000e+00	0.000000e+00	
1432	5.000020e-03	0.000000e+00	0.000000e+00	
1433	5.000021e-03	0.000000e+00	0.000000e+00	
1434	5.000021e-03	0.000000e+00	0.000000e+00	
1435	5.000021e-03	5.000000e-02	0.000000e+00	
1436	5.000021e-03	1.500000e-01	0.000000e+00	
1437	5.000021e-03	3.500000e-01	0.000000e+00	
1438	5.000021e-03	5.000000e-01	0.000000e+00	
1439	5.000021e-03	5.000000e-01	0.000000e+00	
1440	5.000021e-03	5.000000e-01	0.000000e+00	
1441	5.000021e-03	5.000000e-01	0.000000e+00	
1442	5.000021e-03	5.000000e-01	0.000000e+00	
1443	5.000021e-03	5.000000e-01	0.000000e+00	
1444	5.000022e-03	5.000000e-01	0.000000e+00	
1445	5.000022e-03	5.000000e-01	0.000000e+00	
1446	5.000022e-03	5.000000e-01	0.000000e+00	

Index   time            s2              s3              
--------------------------------------------------------------------------------
1447	5.000022e-03	5.000000e-01	0.000000e+00	
1448	5.000022e-03	5.000000e-01	0.000000e+00	
1449	5.000022e-03	5.000000e-01	0.000000e+00	
1450	5.000022e-03	5.000000e-01	0.000000e+00	
1451	5.000022e-03	5.000000e-01	0.000000e+00	
1452	5.000022e-03	5.000000e-01	0.000000e+00	
1453	5.000022e-03	5.000000e-01	0.000000e+00	
1454	5.000022e-03	5.000000e-01	0.000000e+00	
1455	5.000023e-03	5.000000e-01	0.000000e+00	
1456	5.000023e-03	5.000000e-01	0.000000e+00	
1457	5.000023e-03	5.000000e-01	5.000000e-02	
1458	5.000023e-03	5.000000e-01	1.500000e-01	
1459	5.000023e-03	5.000000e-01	3.500000e-01	
1460	5.000023e-03	5.000000e-01	5.000000e-01	
1461	5.000023e-03	5.000000e-01	5.000000e-01	
1462	5.000023e-03	5.000000e-01	5.000000e-01	
1463	5.000023e-03	5.000000e-01	5.000000e-01	
1464	5.000023e-03	5.000000e-01	5.000000e-01	
1465	5.000023e-03	5.000000e-01	5.000000e-01	
1466	5.000024e-03	5.000000e-01	5.000000e-01	
1467	5.000024e-03	5.000000e-01	5.000000e-01	
1468	5.000024e-03	4.500000e-01	5.000000e-01	
1469	5.000024e-03	3.500000e-01	5.000000e-01	
1470	5.000024e-03	1.500000e-01	5.000000e-01	
1471	5.000024e-03	1.997902e-09	5.000000e-01	
1472	5.000024e-03	0.000000e+00	5.000000e-01	
1473	5.000024e-03	0.000000e+00	5.000000e-01	
1474	5.000024e-03	0.000000e+00	5.000000e-01	
1475	5.000024e-03	0.000000e+00	5.000000e-01	
1476	5.000024e-03	0.000000e+00	5.000000e-01	
1477	5.000025e-03	0.000000e+00	5.000000e-01	
1478	5.000025e-03	0.000000e+00	5.000000e-01	
1479	5.000026e-03	0.000000e+00	5.000000e-01	
1480	5.000026e-03	0.000000e+00	4.500000e-01	
1481	5.000026e-03	0.000000e+00	3.500000e-01	
1482	5.000026e-03	0.000000e+00	1.500000e-01	
1483	5.000026e-03	0.000000e+00	1.997902e-09	
1484	5.000026e-03	0.000000e+00	0.000000e+00	
1485	5.000026e-03	0.000000e+00	0.000000e+00	
1486	5.000026e-03	0.000000e+00	0.000000e+00	
1487	5.000026e-03	0.000000e+00	0.000000e+00	
1488	5.000026e-03	0.000000e+00	0.000000e+00	
1489	5.000027e-03	0.000000e+00	0.000000e+00	
1490	5.000027e-03	0.000000e+00	0.000000e+00	
1491	5.000028e-03	0.000000e+00	0.000000e+00	
1492	5.000028e-03	0.000000e+00	0.000000e+00	
1493	5.000028e-03	0.000000e+00	0.000000e+00	
1494	5.000028e-03	0.000000e+00	0.000000e+00	
1495	5.000028e-03	0.000000e+00	0.000000e+00	
1496	5.000028e-03	0.000000e+00	0.000000e+00	
1497	5.000028e-03	0.000000e+00	0.000000e+00	
1498	5.000028e-03	0.000000e+00	0.000000e+00	
1499	5.000028e-03	0.000000e+00	0.000000e+00	
1500	5.000028e-03	0.000000e+00	0.000000e+00	
1501	5.000029e-03	0.000000e+00	0.000000e+00	
1502	5.000029e-03	0.000000e+00	0.000000e+00	
1503	5.000030e-03	0.000000e+00	0.000000e+00	
1504	5.000032e-03	0.000000e+00	0.000000e+00	

Index   time            s2              s3              
--------------------------------------------------------------------------------
1505	5.000036e-03	0.000000e+00	0.000000e+00	
1506	5.000045e-03	0.000000e+00	0.000000e+00	
1507	5.000061e-03	0.000000e+00	0.000000e+00	
1508	5.000094e-03	0.000000e+00	0.000000e+00	
1509	5.000159e-03	0.000000e+00	0.000000e+00	
1510	5.000290e-03	0.000000e+00	0.000000e+00	
1511	5.000552e-03	0.000000e+00	0.000000e+00	
1512	5.001077e-03	0.000000e+00	0.000000e+00	
1513	5.002125e-03	0.000000e+00	0.000000e+00	
1514	5.004223e-03	0.000000e+00	0.000000e+00	
1515	5.008417e-03	0.000000e+00	0.000000e+00	
1516	5.016805e-03	0.000000e+00	0.000000e+00	
1517	5.033583e-03	0.000000e+00	0.000000e+00	
1518	5.067137e-03	0.000000e+00	0.000000e+00	
1519	5.134246e-03	0.000000e+00	0.000000e+00	
1520	5.268464e-03	0.000000e+00	0.000000e+00	
1521	5.428464e-03	0.000000e+00	0.000000e+00	
1522	5.500010e-03	0.000000e+00	0.000000e+00	
1523	5.500011e-03	0.000000e+00	0.000000e+00	
1524	5.500013e-03	0.000000e+00	0.000000e+00	
1525	5.500017e-03	0.000000e+00	0.000000e+00	
1526	5.500019e-03	0.000000e+00	0.000000e+00	
1527	5.500019e-03	0.000000e+00	0.000000e+00	
1528	5.500019e-03	0.000000e+00	0.000000e+00	
1529	5.500019e-03	0.000000e+00	0.000000e+00	
1530	5.500019e-03	0.000000e+00	0.000000e+00	
1531	5.500019e-03	0.000000e+00	0.000000e+00	
1532	5.500019e-03	0.000000e+00	0.000000e+00	
1533	5.500019e-03	0.000000e+00	0.000000e+00	
1534	5.500019e-03	0.000000e+00	0.000000e+00	
1535	5.500019e-03	0.000000e+00	0.000000e+00	
1536	5.500020e-03	0.000000e+00	0.000000e+00	
1537	5.500020e-03	0.000000e+00	0.000000e+00	
1538	5.500020e-03	0.000000e+00	0.000000e+00	
1539	5.500020e-03	0.000000e+00	0.000000e+00	
1540	5.500020e-03	0.000000e+00	0.000000e+00	
1541	5.500021e-03	0.000000e+00	0.000000e+00	
1542	5.500021e-03	0.000000e+00	0.000000e+00	
1543	5.500021e-03	5.000000e-02	5.000000e-02	
1544	5.500021e-03	1.500000e-01	1.500000e-01	
1545	5.500021e-03	3.500000e-01	3.500000e-01	
1546	5.500021e-03	5.000000e-01	5.000000e-01	
1547	5.500021e-03	5.000000e-01	5.000000e-01	
1548	5.500021e-03	5.000000e-01	5.000000e-01	
1549	5.500021e-03	5.000000e-01	5.000000e-01	
1550	5.500021e-03	5.000000e-01	5.000000e-01	
1551	5.500021e-03	5.000000e-01	5.000000e-01	
1552	5.500022e-03	5.000000e-01	5.000000e-01	
1553	5.500022e-03	5.000000e-01	5.000000e-01	
1554	5.500023e-03	5.000000e-01	5.000000e-01	
1555	5.500023e-03	5.000000e-01	5.000000e-01	
1556	5.500023e-03	5.000000e-01	5.000000e-01	
1557	5.500023e-03	5.000000e-01	5.000000e-01	
1558	5.500023e-03	5.000000e-01	5.000000e-01	
1559	5.500023e-03	5.000000e-01	5.000000e-01	
1560	5.500023e-03	5.000000e-01	5.000000e-01	
1561	5.500023e-03	5.000000e-01	5.000000e-01	
1562	5.500023e-03	5.000000e-01	5.000000e-01	

Index   time            s2              s3              
--------------------------------------------------------------------------------
1563	5.500023e-03	5.000000e-01	5.000000e-01	
1564	5.500024e-03	5.000000e-01	5.000000e-01	
1565	5.500024e-03	5.000000e-01	5.000000e-01	
1566	5.500024e-03	5.000000e-01	7.560000e-01	
1567	5.500024e-03	5.000000e-01	1.268000e+00	
1568	5.500024e-03	5.000000e-01	2.292000e+00	
1569	5.500025e-03	5.000000e-01	4.340000e+00	
1570	5.500025e-03	5.000000e-01	5.000000e+00	
1571	5.500025e-03	5.000000e-01	5.000000e+00	
1572	5.500025e-03	5.000000e-01	5.000000e+00	
1573	5.500025e-03	4.500000e-01	5.000000e+00	
1574	5.500025e-03	3.500000e-01	5.000000e+00	
1575	5.500025e-03	1.500000e-01	5.000000e+00	
1576	5.500025e-03	1.997902e-09	5.000000e+00	
1577	5.500025e-03	0.000000e+00	5.000000e+00	
1578	5.500025e-03	0.000000e+00	5.000000e+00	
1579	5.500025e-03	0.000000e+00	5.000000e+00	
1580	5.500025e-03	0.000000e+00	5.000000e+00	
1581	5.500025e-03	0.000000e+00	5.000000e+00	
1582	5.500026e-03	0.000000e+00	5.000000e+00	
1583	5.500026e-03	0.000000e+00	5.000000e+00	
1584	5.500026e-03	0.000000e+00	5.000000e+00	
1585	5.500026e-03	0.000000e+00	5.000000e+00	
1586	5.500026e-03	0.000000e+00	5.000000e+00	
1587	5.500027e-03	0.000000e+00	5.000000e+00	
1588	5.500027e-03	0.000000e+00	5.000000e+00	
1589	5.500029e-03	0.000000e+00	5.000000e+00	
1590	5.500032e-03	0.000000e+00	5.000000e+00	
1591	5.500039e-03	0.000000e+00	5.000000e+00	
1592	5.500052e-03	0.000000e+00	5.000000e+00	
1593	5.500078e-03	0.000000e+00	5.000000e+00	
1594	5.500131e-03	0.000000e+00	5.000000e+00	
1595	5.500236e-03	0.000000e+00	5.000000e+00	
1596	5.500445e-03	0.000000e+00	5.000000e+00	
1597	5.500865e-03	0.000000e+00	5.000000e+00	
1598	5.501704e-03	0.000000e+00	5.000000e+00	
1599	5.503381e-03	0.000000e+00	5.000000e+00	
1600	5.506737e-03	0.000000e+00	5.000000e+00	
1601	5.513448e-03	0.000000e+00	5.000000e+00	
1602	5.526869e-03	0.000000e+00	5.000000e+00	
1603	5.553713e-03	0.000000e+00	5.000000e+00	
1604	5.607400e-03	0.000000e+00	5.000000e+00	
1605	5.714774e-03	0.000000e+00	5.000000e+00	
1606	5.874774e-03	0.000000e+00	5.000000e+00	
1607	6.000000e-03	0.000000e+00	5.000000e+00	
1608	6.000001e-03	0.000000e+00	5.000000e+00	
1609	6.000003e-03	0.000000e+00	5.000000e+00	
1610	6.000005e-03	0.000000e+00	5.000000e+00	
1611	6.000005e-03	0.000000e+00	5.000000e+00	
1612	6.000005e-03	0.000000e+00	5.000000e+00	
1613	6.000005e-03	0.000000e+00	5.000000e+00	
1614	6.000005e-03	0.000000e+00	5.000000e+00	
1615	6.000005e-03	0.000000e+00	5.000000e+00	
1616	6.000005e-03	0.000000e+00	5.000000e+00	
1617	6.000005e-03	0.000000e+00	5.000000e+00	
1618	6.000005e-03	0.000000e+00	5.000000e+00	
1619	6.000005e-03	0.000000e+00	5.000000e+00	
1620	6.000006e-03	0.000000e+00	5.000000e+00	

Index   time            s2              s3              
--------------------------------------------------------------------------------
1621	6.000006e-03	0.000000e+00	5.000000e+00	
1622	6.000006e-03	0.000000e+00	5.000000e+00	
1623	6.000006e-03	0.000000e+00	5.000000e+00	
1624	6.000006e-03	0.000000e+00	5.000000e+00	
1625	6.000006e-03	0.000000e+00	5.000000e+00	
1626	6.000006e-03	0.000000e+00	5.000000e+00	
1627	6.000006e-03	0.000000e+00	5.000000e+00	
1628	6.000006e-03	0.000000e+00	5.000000e+00	
1629	6.000006e-03	0.000000e+00	5.000000e+00	
1630	6.000006e-03	0.000000e+00	5.000000e+00	
1631	6.000007e-03	0.000000e+00	5.000000e+00	
1632	6.000007e-03	0.000000e+00	5.000000e+00	
1633	6.000007e-03	5.000000e-02	4.950000e+00	
1634	6.000007e-03	1.500000e-01	4.850000e+00	
1635	6.000007e-03	3.500000e-01	4.650000e+00	
1636	6.000007e-03	5.000000e-01	4.500000e+00	
1637	6.000007e-03	5.000000e-01	4.460000e+00	
1638	6.000007e-03	5.000000e-01	4.380000e+00	
1639	6.000007e-03	5.000000e-01	4.220000e+00	
1640	6.000007e-03	5.000000e-01	3.900000e+00	
1641	6.000007e-03	5.000000e-01	3.260000e+00	
1642	6.000008e-03	5.000000e-01	1.980000e+00	
1643	6.000008e-03	5.000000e-01	5.000000e-01	
1644	6.000008e-03	5.000000e-01	5.000000e-01	
1645	6.000008e-03	5.000000e-01	5.000000e-01	
1646	6.000008e-03	5.000000e-01	5.000000e-01	
1647	6.000008e-03	5.000000e-01	5.000000e-01	
1648	6.000008e-03	5.000000e-01	5.000000e-01	
1649	6.000008e-03	5.000000e-01	5.000000e-01	
1650	6.000008e-03	5.000000e-01	5.000000e-01	
1651	6.000009e-03	5.000000e-01	5.000000e-01	
1652	6.000009e-03	5.000000e-01	5.000000e-01	
1653	6.000009e-03	5.000000e-01	5.000000e-01	
1654	6.000009e-03	5.000000e-01	5.000000e-01	
1655	6.000009e-03	5.000000e-01	5.000000e-01	
1656	6.000009e-03	5.000000e-01	5.000000e-01	
1657	6.000009e-03	5.000000e-01	5.000000e-01	
1658	6.000009e-03	5.000000e-01	5.000000e-01	
1659	6.000009e-03	5.000000e-01	5.000000e-01	
1660	6.000009e-03	5.000000e-01	5.000000e-01	
1661	6.000009e-03	5.000000e-01	5.000000e-01	
1662	6.000009e-03	5.000000e-01	5.000000e-01	
1663	6.000009e-03	5.000000e-01	5.000000e-01	
1664	6.000010e-03	5.000000e-01	5.000000e-01	
1665	6.000010e-03	5.000000e-01	5.000000e-01	
1666	6.000010e-03	5.000000e-01	5.000000e-01	
1667	6.000010e-03	5.000000e-01	5.000000e-01	
1668	6.000010e-03	5.000000e-01	5.000000e-01	
1669	6.000011e-03	5.000000e-01	5.000000e-01	
1670	6.000011e-03	5.000000e-01	5.000000e-01	
1671	6.000011e-03	5.000000e-01	5.000000e-01	
1672	6.000011e-03	5.000000e-01	5.000000e-01	
1673	6.000011e-03	5.000000e-01	5.000000e-01	
1674	6.000011e-03	5.000000e-01	5.000000e-01	
1675	6.000011e-03	5.000000e-01	5.000000e-01	
1676	6.000011e-03	5.000000e-01	5.000000e-01	
1677	6.000011e-03	5.000000e-01	5.000000e-01	
1678	6.000011e-03	5.000000e-01	5.000000e-01	

Index   time            s2              s3              
--------------------------------------------------------------------------------
1679	6.000011e-03	5.000000e-01	5.000000e-01	
1680	6.000012e-03	5.000000e-01	5.000000e-01	
1681	6.000012e-03	5.000000e-01	5.000000e-01	
1682	6.000013e-03	5.000000e-01	5.000000e-01	
1683	6.000013e-03	4.500000e-01	5.000000e-01	
1684	6.000013e-03	3.500000e-01	5.000000e-01	
1685	6.000013e-03	1.500000e-01	5.000000e-01	
1686	6.000013e-03	1.997902e-09	5.000000e-01	
1687	6.000013e-03	0.000000e+00	5.000000e-01	
1688	6.000013e-03	0.000000e+00	5.000000e-01	
1689	6.000013e-03	0.000000e+00	5.000000e-01	
1690	6.000013e-03	0.000000e+00	5.000000e-01	
1691	6.000013e-03	0.000000e+00	5.000000e-01	
1692	6.000014e-03	0.000000e+00	5.000000e-01	
1693	6.000014e-03	0.000000e+00	5.000000e-01	
1694	6.000015e-03	0.000000e+00	5.000000e-01	
1695	6.000015e-03	0.000000e+00	4.500000e-01	
1696	6.000015e-03	0.000000e+00	3.500000e-01	
1697	6.000015e-03	0.000000e+00	1.500000e-01	
1698	6.000015e-03	0.000000e+00	1.997902e-09	
1699	6.000015e-03	0.000000e+00	0.000000e+00	
1700	6.000015e-03	0.000000e+00	0.000000e+00	
1701	6.000015e-03	0.000000e+00	0.000000e+00	
1702	6.000015e-03	0.000000e+00	0.000000e+00	
1703	6.000015e-03	0.000000e+00	0.000000e+00	
1704	6.000016e-03	0.000000e+00	0.000000e+00	
1705	6.000016e-03	0.000000e+00	0.000000e+00	
1706	6.000017e-03	0.000000e+00	0.000000e+00	
1707	6.000017e-03	0.000000e+00	0.000000e+00	
1708	6.000017e-03	0.000000e+00	0.000000e+00	
1709	6.000017e-03	0.000000e+00	0.000000e+00	
1710	6.000017e-03	0.000000e+00	0.000000e+00	
1711	6.000017e-03	0.000000e+00	0.000000e+00	
1712	6.000017e-03	0.000000e+00	0.000000e+00	
1713	6.000017e-03	0.000000e+00	0.000000e+00	
1714	6.000017e-03	0.000000e+00	0.000000e+00	
1715	6.000017e-03	0.000000e+00	0.000000e+00	
1716	6.000018e-03	0.000000e+00	0.000000e+00	
1717	6.000018e-03	0.000000e+00	0.000000e+00	
1718	6.000019e-03	0.000000e+00	0.000000e+00	
1719	6.000019e-03	5.000000e-02	0.000000e+00	
1720	6.000019e-03	1.500000e-01	0.000000e+00	
1721	6.000019e-03	3.500000e-01	0.000000e+00	
1722	6.000019e-03	5.000000e-01	0.000000e+00	
1723	6.000019e-03	5.000000e-01	0.000000e+00	
1724	6.000019e-03	5.000000e-01	0.000000e+00	
1725	6.000019e-03	5.000000e-01	0.000000e+00	
1726	6.000019e-03	5.000000e-01	0.000000e+00	
1727	6.000019e-03	5.000000e-01	0.000000e+00	
1728	6.000020e-03	5.000000e-01	0.000000e+00	
1729	6.000020e-03	5.000000e-01	0.000000e+00	
1730	6.000020e-03	5.000000e-01	0.000000e+00	
1731	6.000020e-03	5.000000e-01	0.000000e+00	
1732	6.000020e-03	5.000000e-01	0.000000e+00	
1733	6.000021e-03	5.000000e-01	0.000000e+00	
1734	6.000021e-03	5.000000e-01	0.000000e+00	
1735	6.000021e-03	5.000000e-01	5.000000e-02	
1736	6.000021e-03	5.000000e-01	1.500000e-01	

Index   time            s2              s3              
--------------------------------------------------------------------------------
1737	6.000021e-03	5.000000e-01	3.500000e-01	
1738	6.000021e-03	5.000000e-01	5.000000e-01	
1739	6.000021e-03	5.000000e-01	5.000000e-01	
1740	6.000021e-03	5.000000e-01	5.000000e-01	
1741	6.000021e-03	5.000000e-01	5.000000e-01	
1742	6.000021e-03	5.000000e-01	5.000000e-01	
1743	6.000021e-03	5.000000e-01	5.000000e-01	
1744	6.000022e-03	5.000000e-01	5.000000e-01	
1745	6.000022e-03	5.000000e-01	5.000000e-01	
1746	6.000022e-03	4.500000e-01	5.000000e-01	
1747	6.000022e-03	3.500000e-01	5.000000e-01	
1748	6.000022e-03	1.500000e-01	5.000000e-01	
1749	6.000022e-03	1.997902e-09	5.000000e-01	
1750	6.000022e-03	0.000000e+00	5.000000e-01	
1751	6.000022e-03	0.000000e+00	5.000000e-01	
1752	6.000022e-03	0.000000e+00	5.000000e-01	
1753	6.000022e-03	0.000000e+00	5.000000e-01	
1754	6.000022e-03	0.000000e+00	5.000000e-01	
1755	6.000023e-03	0.000000e+00	5.000000e-01	
1756	6.000023e-03	0.000000e+00	5.000000e-01	
1757	6.000024e-03	0.000000e+00	5.000000e-01	
1758	6.000024e-03	0.000000e+00	4.500000e-01	
1759	6.000024e-03	0.000000e+00	3.500000e-01	
1760	6.000024e-03	0.000000e+00	1.500000e-01	
1761	6.000024e-03	0.000000e+00	1.997902e-09	
1762	6.000024e-03	0.000000e+00	0.000000e+00	
1763	6.000024e-03	0.000000e+00	0.000000e+00	
1764	6.000024e-03	0.000000e+00	0.000000e+00	
1765	6.000024e-03	0.000000e+00	0.000000e+00	
1766	6.000024e-03	0.000000e+00	0.000000e+00	
1767	6.000025e-03	0.000000e+00	0.000000e+00	
1768	6.000025e-03	0.000000e+00	0.000000e+00	
1769	6.000026e-03	0.000000e+00	0.000000e+00	
1770	6.000026e-03	0.000000e+00	0.000000e+00	
1771	6.000026e-03	0.000000e+00	0.000000e+00	
1772	6.000026e-03	0.000000e+00	0.000000e+00	
1773	6.000026e-03	0.000000e+00	0.000000e+00	
1774	6.000026e-03	0.000000e+00	0.000000e+00	
1775	6.000026e-03	0.000000e+00	0.000000e+00	
1776	6.000026e-03	0.000000e+00	0.000000e+00	
1777	6.000026e-03	0.000000e+00	0.000000e+00	
1778	6.000026e-03	0.000000e+00	0.000000e+00	
1779	6.000027e-03	0.000000e+00	0.000000e+00	
1780	6.000027e-03	0.000000e+00	0.000000e+00	
1781	6.000028e-03	0.000000e+00	0.000000e+00	
1782	6.000030e-03	0.000000e+00	0.000000e+00	
1783	6.000034e-03	0.000000e+00	0.000000e+00	
1784	6.000043e-03	0.000000e+00	0.000000e+00	
1785	6.000059e-03	0.000000e+00	0.000000e+00	
1786	6.000092e-03	0.000000e+00	0.000000e+00	
1787	6.000157e-03	0.000000e+00	0.000000e+00	
1788	6.000288e-03	0.000000e+00	0.000000e+00	
1789	6.000550e-03	0.000000e+00	0.000000e+00	
1790	6.001075e-03	0.000000e+00	0.000000e+00	
1791	6.002123e-03	0.000000e+00	0.000000e+00	
1792	6.004221e-03	0.000000e+00	0.000000e+00	
1793	6.008415e-03	0.000000e+00	0.000000e+00	
1794	6.016803e-03	0.000000e+00	0.000000e+00	

Index   time            s2              s3              
--------------------------------------------------------------------------------
1795	6.033581e-03	0.000000e+00	0.000000e+00	
1796	6.067135e-03	0.000000e+00	0.000000e+00	
1797	6.134244e-03	0.000000e+00	0.000000e+00	
1798	6.268462e-03	0.000000e+00	0.000000e+00	
1799	6.428462e-03	0.000000e+00	0.000000e+00	
1800	6.500010e-03	0.000000e+00	0.000000e+00	
1801	6.500011e-03	0.000000e+00	0.000000e+00	
1802	6.500013e-03	0.000000e+00	0.000000e+00	
1803	6.500017e-03	0.000000e+00	0.000000e+00	
1804	6.500019e-03	0.000000e+00	0.000000e+00	
1805	6.500019e-03	0.000000e+00	0.000000e+00	
1806	6.500019e-03	0.000000e+00	0.000000e+00	
1807	6.500019e-03	0.000000e+00	0.000000e+00	
1808	6.500019e-03	0.000000e+00	0.000000e+00	
1809	6.500019e-03	0.000000e+00	0.000000e+00	
1810	6.500019e-03	0.000000e+00	0.000000e+00	
1811	6.500019e-03	0.000000e+00	0.000000e+00	
1812	6.500019e-03	0.000000e+00	0.000000e+00	
1813	6.500019e-03	0.000000e+00	0.000000e+00	
1814	6.500020e-03	0.000000e+00	0.000000e+00	
1815	6.500020e-03	0.000000e+00	0.000000e+00	
1816	6.500020e-03	0.000000e+00	0.000000e+00	
1817	6.500020e-03	0.000000e+00	0.000000e+00	
1818	6.500020e-03	0.000000e+00	0.000000e+00	
1819	6.500021e-03	0.000000e+00	0.000000e+00	
1820	6.500021e-03	0.000000e+00	0.000000e+00	
1821	6.500021e-03	5.000000e-02	5.000000e-02	
1822	6.500021e-03	1.500000e-01	1.500000e-01	
1823	6.500021e-03	3.500000e-01	3.500000e-01	
1824	6.500021e-03	5.000000e-01	5.000000e-01	
1825	6.500021e-03	5.000000e-01	5.000000e-01	
1826	6.500021e-03	5.000000e-01	5.000000e-01	
1827	6.500021e-03	5.000000e-01	5.000000e-01	
1828	6.500021e-03	5.000000e-01	5.000000e-01	
1829	6.500021e-03	5.000000e-01	5.000000e-01	
1830	6.500022e-03	5.000000e-01	5.000000e-01	
1831	6.500022e-03	5.000000e-01	5.000000e-01	
1832	6.500023e-03	5.000000e-01	5.000000e-01	
1833	6.500023e-03	5.000000e-01	5.000000e-01	
1834	6.500023e-03	5.000000e-01	5.000000e-01	
1835	6.500023e-03	5.000000e-01	5.000000e-01	
1836	6.500023e-03	5.000000e-01	5.000000e-01	
1837	6.500023e-03	5.000000e-01	5.000000e-01	
1838	6.500023e-03	5.000000e-01	5.000000e-01	
1839	6.500023e-03	5.000000e-01	5.000000e-01	
1840	6.500023e-03	5.000000e-01	5.000000e-01	
1841	6.500023e-03	5.000000e-01	5.000000e-01	
1842	6.500024e-03	5.000000e-01	5.000000e-01	
1843	6.500024e-03	5.000000e-01	5.000000e-01	
1844	6.500024e-03	7.560000e-01	5.000000e-01	
1845	6.500024e-03	1.268000e+00	5.000000e-01	
1846	6.500024e-03	2.292000e+00	5.000000e-01	
1847	6.500025e-03	4.340000e+00	5.000000e-01	
1848	6.500025e-03	5.000000e+00	5.000000e-01	
1849	6.500025e-03	5.000000e+00	5.000000e-01	
1850	6.500025e-03	5.000000e+00	5.000000e-01	
1851	6.500025e-03	5.000000e+00	4.500000e-01	
1852	6.500025e-03	5.000000e+00	3.500000e-01	

Index   time            s2              s3              
--------------------------------------------------------------------------------
1853	6.500025e-03	5.000000e+00	1.500000e-01	
1854	6.500025e-03	5.000000e+00	1.997902e-09	
1855	6.500025e-03	5.000000e+00	0.000000e+00	
1856	6.500025e-03	5.000000e+00	0.000000e+00	
1857	6.500025e-03	5.000000e+00	0.000000e+00	
1858	6.500025e-03	5.000000e+00	0.000000e+00	
1859	6.500025e-03	5.000000e+00	0.000000e+00	
1860	6.500026e-03	5.000000e+00	0.000000e+00	
1861	6.500026e-03	5.000000e+00	0.000000e+00	
1862	6.500027e-03	5.000000e+00	0.000000e+00	
1863	6.500029e-03	5.000000e+00	0.000000e+00	
1864	6.500033e-03	5.000000e+00	0.000000e+00	
1865	6.500041e-03	5.000000e+00	0.000000e+00	
1866	6.500058e-03	5.000000e+00	0.000000e+00	
1867	6.500091e-03	5.000000e+00	0.000000e+00	
1868	6.500156e-03	5.000000e+00	0.000000e+00	
1869	6.500287e-03	5.000000e+00	0.000000e+00	
1870	6.500549e-03	5.000000e+00	0.000000e+00	
1871	6.501074e-03	5.000000e+00	0.000000e+00	
1872	6.502122e-03	5.000000e+00	0.000000e+00	
1873	6.504219e-03	5.000000e+00	0.000000e+00	
1874	6.508414e-03	5.000000e+00	0.000000e+00	
1875	6.516802e-03	5.000000e+00	0.000000e+00	
1876	6.533580e-03	5.000000e+00	0.000000e+00	
1877	6.567134e-03	5.000000e+00	0.000000e+00	
1878	6.634243e-03	5.000000e+00	0.000000e+00	
1879	6.768461e-03	5.000000e+00	0.000000e+00	
1880	6.928461e-03	5.000000e+00	0.000000e+00	
1881	7.000000e-03	5.000000e+00	0.000000e+00	
1882	7.000001e-03	5.000000e+00	0.000000e+00	
1883	7.000003e-03	5.000000e+00	0.000000e+00	
1884	7.000005e-03	5.000000e+00	0.000000e+00	
1885	7.000005e-03	5.000000e+00	0.000000e+00	
1886	7.000005e-03	5.000000e+00	0.000000e+00	
1887	7.000005e-03	5.000000e+00	0.000000e+00	
1888	7.000005e-03	5.000000e+00	0.000000e+00	
1889	7.000005e-03	5.000000e+00	0.000000e+00	
1890	7.000005e-03	5.000000e+00	0.000000e+00	
1891	7.000005e-03	5.000000e+00	0.000000e+00	
1892	7.000005e-03	5.000000e+00	0.000000e+00	
1893	7.000005e-03	5.000000e+00	0.000000e+00	
1894	7.000006e-03	5.000000e+00	0.000000e+00	
1895	7.000006e-03	5.000000e+00	0.000000e+00	
1896	7.000007e-03	5.000000e+00	0.000000e+00	
1897	7.000007e-03	4.950000e+00	5.000000e-02	
1898	7.000007e-03	4.850000e+00	1.500000e-01	
1899	7.000007e-03	4.650000e+00	3.500000e-01	
1900	7.000007e-03	4.500000e+00	5.000000e-01	
1901	7.000007e-03	4.460000e+00	5.000000e-01	
1902	7.000007e-03	4.380000e+00	5.000000e-01	
1903	7.000007e-03	4.220000e+00	5.000000e-01	
1904	7.000007e-03	3.900000e+00	5.000000e-01	
1905	7.000007e-03	3.260000e+00	5.000000e-01	
1906	7.000008e-03	1.980000e+00	5.000000e-01	
1907	7.000008e-03	5.000000e-01	5.000000e-01	
1908	7.000008e-03	5.000000e-01	5.000000e-01	
1909	7.000008e-03	5.000000e-01	5.000000e-01	
1910	7.000008e-03	5.000000e-01	5.000000e-01	

Index   time            s2              s3              
--------------------------------------------------------------------------------
1911	7.000009e-03	5.000000e-01	5.000000e-01	
1912	7.000009e-03	5.000000e-01	5.000000e-01	
1913	7.000009e-03	5.000000e-01	5.000000e-01	
1914	7.000009e-03	5.000000e-01	5.000000e-01	
1915	7.000009e-03	5.000000e-01	5.000000e-01	
1916	7.000009e-03	5.000000e-01	5.000000e-01	
1917	7.000009e-03	5.000000e-01	5.000000e-01	
1918	7.000009e-03	5.000000e-01	5.000000e-01	
1919	7.000009e-03	5.000000e-01	5.000000e-01	
1920	7.000009e-03	5.000000e-01	5.000000e-01	
1921	7.000009e-03	5.000000e-01	5.000000e-01	
1922	7.000010e-03	5.000000e-01	5.000000e-01	
1923	7.000010e-03	5.000000e-01	5.000000e-01	
1924	7.000010e-03	5.000000e-01	5.000000e-01	
1925	7.000010e-03	5.000000e-01	5.000000e-01	
1926	7.000010e-03	5.000000e-01	5.000000e-01	
1927	7.000011e-03	5.000000e-01	5.000000e-01	
1928	7.000011e-03	5.000000e-01	5.000000e-01	
1929	7.000011e-03	5.000000e-01	5.000000e-01	
1930	7.000011e-03	5.000000e-01	5.000000e-01	
1931	7.000011e-03	5.000000e-01	5.000000e-01	
1932	7.000011e-03	5.000000e-01	5.000000e-01	
1933	7.000011e-03	5.000000e-01	5.000000e-01	
1934	7.000011e-03	5.000000e-01	5.000000e-01	
1935	7.000011e-03	5.000000e-01	5.000000e-01	
1936	7.000011e-03	5.000000e-01	5.000000e-01	
1937	7.000011e-03	5.000000e-01	5.000000e-01	
1938	7.000012e-03	5.000000e-01	5.000000e-01	
1939	7.000012e-03	5.000000e-01	5.000000e-01	
1940	7.000013e-03	5.000000e-01	5.000000e-01	
1941	7.000013e-03	4.500000e-01	5.000000e-01	
1942	7.000013e-03	3.500000e-01	5.000000e-01	
1943	7.000013e-03	1.500000e-01	5.000000e-01	
1944	7.000013e-03	1.997902e-09	5.000000e-01	
1945	7.000013e-03	0.000000e+00	5.000000e-01	
1946	7.000013e-03	0.000000e+00	5.000000e-01	
1947	7.000013e-03	0.000000e+00	5.000000e-01	
1948	7.000013e-03	0.000000e+00	5.000000e-01	
1949	7.000013e-03	0.000000e+00	5.000000e-01	
1950	7.000014e-03	0.000000e+00	5.000000e-01	
1951	7.000014e-03	0.000000e+00	5.000000e-01	
1952	7.000015e-03	0.000000e+00	5.000000e-01	
1953	7.000015e-03	0.000000e+00	4.500000e-01	
1954	7.000015e-03	0.000000e+00	3.500000e-01	
1955	7.000015e-03	0.000000e+00	1.500000e-01	
1956	7.000015e-03	0.000000e+00	1.997902e-09	
1957	7.000015e-03	0.000000e+00	0.000000e+00	
1958	7.000015e-03	0.000000e+00	0.000000e+00	
1959	7.000015e-03	0.000000e+00	0.000000e+00	
1960	7.000015e-03	0.000000e+00	0.000000e+00	
1961	7.000015e-03	0.000000e+00	0.000000e+00	
1962	7.000016e-03	0.000000e+00	0.000000e+00	
1963	7.000016e-03	0.000000e+00	0.000000e+00	
1964	7.000017e-03	0.000000e+00	0.000000e+00	
1965	7.000017e-03	0.000000e+00	0.000000e+00	
1966	7.000017e-03	0.000000e+00	0.000000e+00	
1967	7.000017e-03	0.000000e+00	0.000000e+00	
1968	7.000017e-03	0.000000e+00	0.000000e+00	

Index   time            s2              s3              
--------------------------------------------------------------------------------
1969	7.000017e-03	0.000000e+00	0.000000e+00	
1970	7.000017e-03	0.000000e+00	0.000000e+00	
1971	7.000017e-03	0.000000e+00	0.000000e+00	
1972	7.000017e-03	0.000000e+00	0.000000e+00	
1973	7.000017e-03	0.000000e+00	0.000000e+00	
1974	7.000018e-03	0.000000e+00	0.000000e+00	
1975	7.000018e-03	0.000000e+00	0.000000e+00	
1976	7.000019e-03	0.000000e+00	0.000000e+00	
1977	7.000019e-03	0.000000e+00	0.000000e+00	
1978	7.000019e-03	0.000000e+00	0.000000e+00	
1979	7.000019e-03	0.000000e+00	0.000000e+00	
1980	7.000019e-03	0.000000e+00	0.000000e+00	
1981	7.000019e-03	0.000000e+00	0.000000e+00	
1982	7.000019e-03	0.000000e+00	0.000000e+00	
1983	7.000019e-03	0.000000e+00	0.000000e+00	
1984	7.000019e-03	0.000000e+00	0.000000e+00	
1985	7.000019e-03	0.000000e+00	0.000000e+00	
1986	7.000020e-03	0.000000e+00	0.000000e+00	
1987	7.000020e-03	0.000000e+00	0.000000e+00	
1988	7.000020e-03	0.000000e+00	0.000000e+00	
1989	7.000020e-03	0.000000e+00	0.000000e+00	
1990	7.000020e-03	0.000000e+00	0.000000e+00	
1991	7.000021e-03	0.000000e+00	0.000000e+00	
1992	7.000021e-03	0.000000e+00	0.000000e+00	
1993	7.000021e-03	5.000000e-02	0.000000e+00	
1994	7.000021e-03	1.500000e-01	0.000000e+00	
1995	7.000021e-03	3.500000e-01	0.000000e+00	
1996	7.000021e-03	5.000000e-01	0.000000e+00	
1997	7.000021e-03	5.000000e-01	0.000000e+00	
1998	7.000021e-03	5.000000e-01	0.000000e+00	
1999	7.000021e-03	5.000000e-01	0.000000e+00	
2000	7.000021e-03	5.000000e-01	0.000000e+00	
2001	7.000021e-03	5.000000e-01	0.000000e+00	
2002	7.000022e-03	5.000000e-01	0.000000e+00	
2003	7.000022e-03	5.000000e-01	0.000000e+00	
2004	7.000022e-03	5.000000e-01	0.000000e+00	
2005	7.000022e-03	5.000000e-01	0.000000e+00	
2006	7.000022e-03	5.000000e-01	0.000000e+00	
2007	7.000022e-03	5.000000e-01	0.000000e+00	
2008	7.000022e-03	5.000000e-01	0.000000e+00	
2009	7.000022e-03	5.000000e-01	0.000000e+00	
2010	7.000022e-03	5.000000e-01	0.000000e+00	
2011	7.000022e-03	5.000000e-01	0.000000e+00	
2012	7.000022e-03	5.000000e-01	0.000000e+00	
2013	7.000023e-03	5.000000e-01	0.000000e+00	
2014	7.000023e-03	5.000000e-01	0.000000e+00	
2015	7.000023e-03	5.000000e-01	5.000000e-02	
2016	7.000023e-03	5.000000e-01	1.500000e-01	
2017	7.000023e-03	5.000000e-01	3.500000e-01	
2018	7.000023e-03	5.000000e-01	5.000000e-01	
2019	7.000023e-03	5.000000e-01	5.000000e-01	
2020	7.000023e-03	5.000000e-01	5.000000e-01	
2021	7.000023e-03	5.000000e-01	5.000000e-01	
2022	7.000023e-03	5.000000e-01	5.000000e-01	
2023	7.000023e-03	5.000000e-01	5.000000e-01	
2024	7.000024e-03	5.000000e-01	5.000000e-01	
2025	7.000024e-03	5.000000e-01	5.000000e-01	
2026	7.000024e-03	4.500000e-01	5.000000e-01	

Index   time            s2              s3              
--------------------------------------------------------------------------------
2027	7.000024e-03	3.500000e-01	5.000000e-01	
2028	7.000024e-03	1.500000e-01	5.000000e-01	
2029	7.000024e-03	1.997902e-09	5.000000e-01	
2030	7.000024e-03	0.000000e+00	5.000000e-01	
2031	7.000024e-03	0.000000e+00	5.000000e-01	
2032	7.000024e-03	0.000000e+00	5.000000e-01	
2033	7.000024e-03	0.000000e+00	5.000000e-01	
2034	7.000024e-03	0.000000e+00	5.000000e-01	
2035	7.000025e-03	0.000000e+00	5.000000e-01	
2036	7.000025e-03	0.000000e+00	5.000000e-01	
2037	7.000026e-03	0.000000e+00	5.000000e-01	
2038	7.000026e-03	0.000000e+00	4.500000e-01	
2039	7.000026e-03	0.000000e+00	3.500000e-01	
2040	7.000026e-03	0.000000e+00	1.500000e-01	
2041	7.000026e-03	0.000000e+00	1.997902e-09	
2042	7.000026e-03	0.000000e+00	0.000000e+00	
2043	7.000026e-03	0.000000e+00	0.000000e+00	
2044	7.000026e-03	0.000000e+00	0.000000e+00	
2045	7.000026e-03	0.000000e+00	0.000000e+00	
2046	7.000026e-03	0.000000e+00	0.000000e+00	
2047	7.000027e-03	0.000000e+00	0.000000e+00	
2048	7.000027e-03	0.000000e+00	0.000000e+00	
2049	7.000028e-03	0.000000e+00	0.000000e+00	
2050	7.000028e-03	0.000000e+00	0.000000e+00	
2051	7.000028e-03	0.000000e+00	0.000000e+00	
2052	7.000028e-03	0.000000e+00	0.000000e+00	
2053	7.000028e-03	0.000000e+00	0.000000e+00	
2054	7.000028e-03	0.000000e+00	0.000000e+00	
2055	7.000028e-03	0.000000e+00	0.000000e+00	
2056	7.000028e-03	0.000000e+00	0.000000e+00	
2057	7.000028e-03	0.000000e+00	0.000000e+00	
2058	7.000028e-03	0.000000e+00	0.000000e+00	
2059	7.000029e-03	0.000000e+00	0.000000e+00	
2060	7.000029e-03	0.000000e+00	0.000000e+00	
2061	7.000030e-03	0.000000e+00	0.000000e+00	
2062	7.000032e-03	0.000000e+00	0.000000e+00	
2063	7.000036e-03	0.000000e+00	0.000000e+00	
2064	7.000045e-03	0.000000e+00	0.000000e+00	
2065	7.000061e-03	0.000000e+00	0.000000e+00	
2066	7.000094e-03	0.000000e+00	0.000000e+00	
2067	7.000159e-03	0.000000e+00	0.000000e+00	
2068	7.000290e-03	0.000000e+00	0.000000e+00	
2069	7.000552e-03	0.000000e+00	0.000000e+00	
2070	7.001077e-03	0.000000e+00	0.000000e+00	
2071	7.002125e-03	0.000000e+00	0.000000e+00	
2072	7.004223e-03	0.000000e+00	0.000000e+00	
2073	7.008417e-03	0.000000e+00	0.000000e+00	
2074	7.016805e-03	0.000000e+00	0.000000e+00	
2075	7.033583e-03	0.000000e+00	0.000000e+00	
2076	7.067137e-03	0.000000e+00	0.000000e+00	
2077	7.134246e-03	0.000000e+00	0.000000e+00	
2078	7.268464e-03	0.000000e+00	0.000000e+00	
2079	7.428464e-03	0.000000e+00	0.000000e+00	
2080	7.500010e-03	0.000000e+00	0.000000e+00	
2081	7.500011e-03	0.000000e+00	0.000000e+00	
2082	7.500013e-03	0.000000e+00	0.000000e+00	
2083	7.500017e-03	0.000000e+00	0.000000e+00	
2084	7.500019e-03	0.000000e+00	0.000000e+00	

Index   time            s2              s3              
--------------------------------------------------------------------------------
2085	7.500019e-03	0.000000e+00	0.000000e+00	
2086	7.500019e-03	0.000000e+00	0.000000e+00	
2087	7.500019e-03	0.000000e+00	0.000000e+00	
2088	7.500019e-03	0.000000e+00	0.000000e+00	
2089	7.500019e-03	0.000000e+00	0.000000e+00	
2090	7.500019e-03	0.000000e+00	0.000000e+00	
2091	7.500019e-03	0.000000e+00	0.000000e+00	
2092	7.500019e-03	0.000000e+00	0.000000e+00	
2093	7.500019e-03	0.000000e+00	0.000000e+00	
2094	7.500020e-03	0.000000e+00	0.000000e+00	
2095	7.500020e-03	0.000000e+00	0.000000e+00	
2096	7.500020e-03	0.000000e+00	0.000000e+00	
2097	7.500020e-03	0.000000e+00	0.000000e+00	
2098	7.500020e-03	0.000000e+00	0.000000e+00	
2099	7.500021e-03	0.000000e+00	0.000000e+00	
2100	7.500021e-03	0.000000e+00	0.000000e+00	
2101	7.500021e-03	5.000000e-02	5.000000e-02	
2102	7.500021e-03	1.500000e-01	1.500000e-01	
2103	7.500021e-03	3.500000e-01	3.500000e-01	
2104	7.500021e-03	5.000000e-01	5.000000e-01	
2105	7.500021e-03	5.000000e-01	5.000000e-01	
2106	7.500021e-03	5.000000e-01	5.000000e-01	
2107	7.500021e-03	5.000000e-01	5.000000e-01	
2108	7.500021e-03	5.000000e-01	5.000000e-01	
2109	7.500021e-03	5.000000e-01	5.000000e-01	
2110	7.500022e-03	5.000000e-01	5.000000e-01	
2111	7.500022e-03	5.000000e-01	5.000000e-01	
2112	7.500023e-03	5.000000e-01	5.000000e-01	
2113	7.500023e-03	5.000000e-01	5.000000e-01	
2114	7.500023e-03	5.000000e-01	5.000000e-01	
2115	7.500023e-03	5.000000e-01	5.000000e-01	
2116	7.500023e-03	5.000000e-01	5.000000e-01	
2117	7.500023e-03	5.000000e-01	5.000000e-01	
2118	7.500023e-03	5.000000e-01	5.000000e-01	
2119	7.500023e-03	5.000000e-01	5.000000e-01	
2120	7.500023e-03	5.000000e-01	5.000000e-01	
2121	7.500023e-03	5.000000e-01	5.000000e-01	
2122	7.500024e-03	5.000000e-01	5.000000e-01	
2123	7.500024e-03	5.000000e-01	5.000000e-01	
2124	7.500025e-03	5.000000e-01	5.000000e-01	
2125	7.500025e-03	4.500000e-01	4.500000e-01	
2126	7.500025e-03	3.500000e-01	3.500000e-01	
2127	7.500025e-03	1.500000e-01	1.500000e-01	
2128	7.500025e-03	1.997902e-09	1.997902e-09	
2129	7.500025e-03	0.000000e+00	0.000000e+00	
2130	7.500025e-03	0.000000e+00	0.000000e+00	
2131	7.500025e-03	0.000000e+00	0.000000e+00	
2132	7.500025e-03	0.000000e+00	0.000000e+00	
2133	7.500025e-03	0.000000e+00	0.000000e+00	
2134	7.500026e-03	0.000000e+00	0.000000e+00	
2135	7.500026e-03	0.000000e+00	0.000000e+00	
2136	7.500027e-03	0.000000e+00	0.000000e+00	
2137	7.500029e-03	0.000000e+00	0.000000e+00	
2138	7.500033e-03	0.000000e+00	0.000000e+00	
2139	7.500041e-03	0.000000e+00	0.000000e+00	
2140	7.500058e-03	0.000000e+00	0.000000e+00	
2141	7.500091e-03	0.000000e+00	0.000000e+00	
2142	7.500156e-03	0.000000e+00	0.000000e+00	

Index   time            s2              s3              
--------------------------------------------------------------------------------
2143	7.500287e-03	0.000000e+00	0.000000e+00	
2144	7.500549e-03	0.000000e+00	0.000000e+00	
2145	7.501074e-03	0.000000e+00	0.000000e+00	
2146	7.502122e-03	0.000000e+00	0.000000e+00	
2147	7.504219e-03	0.000000e+00	0.000000e+00	
2148	7.508414e-03	0.000000e+00	0.000000e+00	
2149	7.516802e-03	0.000000e+00	0.000000e+00	
2150	7.533580e-03	0.000000e+00	0.000000e+00	
2151	7.567134e-03	0.000000e+00	0.000000e+00	
2152	7.634243e-03	0.000000e+00	0.000000e+00	
2153	7.768461e-03	0.000000e+00	0.000000e+00	
2154	7.928461e-03	0.000000e+00	0.000000e+00	
2155	8.000000e-03	0.000000e+00	0.000000e+00	
