                                kicad schematic
                                Transient Analysis  Tue Oct 21 20:02:50  2025
--------------------------------------------------------------------------------
Index   time            a3#branch_1_0   a4#branch_1_0   a5#branch_1_0   
--------------------------------------------------------------------------------
0	3.000000e-03	0.000000e+00	0.000000e+00	0.000000e+00	
1	3.000001e-03	0.000000e+00	0.000000e+00	0.000000e+00	
2	3.000003e-03	0.000000e+00	0.000000e+00	0.000000e+00	
3	3.000007e-03	0.000000e+00	0.000000e+00	0.000000e+00	
4	3.000007e-03	0.000000e+00	0.000000e+00	0.000000e+00	
5	3.000007e-03	0.000000e+00	0.000000e+00	0.000000e+00	
6	3.000007e-03	0.000000e+00	0.000000e+00	0.000000e+00	
7	3.000007e-03	0.000000e+00	0.000000e+00	0.000000e+00	
8	3.000007e-03	0.000000e+00	0.000000e+00	0.000000e+00	
9	3.000007e-03	0.000000e+00	0.000000e+00	0.000000e+00	
10	3.000007e-03	0.000000e+00	0.000000e+00	0.000000e+00	
11	3.000007e-03	0.000000e+00	0.000000e+00	0.000000e+00	
12	3.000007e-03	0.000000e+00	0.000000e+00	0.000000e+00	
13	3.000008e-03	0.000000e+00	0.000000e+00	0.000000e+00	
14	3.000008e-03	0.000000e+00	0.000000e+00	0.000000e+00	
15	3.000009e-03	0.000000e+00	0.000000e+00	0.000000e+00	
16	3.000009e-03	0.000000e+00	0.000000e+00	0.000000e+00	
17	3.000009e-03	0.000000e+00	0.000000e+00	0.000000e+00	
18	3.000010e-03	0.000000e+00	0.000000e+00	0.000000e+00	
19	3.000010e-03	0.000000e+00	0.000000e+00	0.000000e+00	
20	3.000010e-03	0.000000e+00	0.000000e+00	0.000000e+00	
21	3.000010e-03	0.000000e+00	0.000000e+00	0.000000e+00	
22	3.000010e-03	0.000000e+00	0.000000e+00	0.000000e+00	
23	3.000010e-03	0.000000e+00	0.000000e+00	0.000000e+00	
24	3.000010e-03	0.000000e+00	0.000000e+00	0.000000e+00	
25	3.000010e-03	0.000000e+00	0.000000e+00	0.000000e+00	
26	3.000010e-03	0.000000e+00	0.000000e+00	0.000000e+00	
27	3.000010e-03	0.000000e+00	0.000000e+00	0.000000e+00	
28	3.000010e-03	0.000000e+00	0.000000e+00	0.000000e+00	
29	3.000010e-03	0.000000e+00	0.000000e+00	0.000000e+00	
30	3.000010e-03	0.000000e+00	0.000000e+00	0.000000e+00	
31	3.000010e-03	0.000000e+00	0.000000e+00	0.000000e+00	
32	3.000010e-03	0.000000e+00	0.000000e+00	0.000000e+00	
33	3.000010e-03	0.000000e+00	0.000000e+00	0.000000e+00	
34	3.000010e-03	0.000000e+00	0.000000e+00	0.000000e+00	
35	3.000011e-03	0.000000e+00	0.000000e+00	0.000000e+00	
36	3.000011e-03	0.000000e+00	0.000000e+00	0.000000e+00	
37	3.000012e-03	0.000000e+00	0.000000e+00	0.000000e+00	
38	3.000012e-03	0.000000e+00	0.000000e+00	0.000000e+00	
39	3.000012e-03	0.000000e+00	0.000000e+00	0.000000e+00	
40	3.000013e-03	0.000000e+00	0.000000e+00	0.000000e+00	
41	3.000013e-03	0.000000e+00	0.000000e+00	0.000000e+00	
42	3.000013e-03	0.000000e+00	0.000000e+00	0.000000e+00	
43	3.000013e-03	0.000000e+00	0.000000e+00	0.000000e+00	
44	3.000013e-03	0.000000e+00	0.000000e+00	0.000000e+00	
45	3.000013e-03	0.000000e+00	0.000000e+00	0.000000e+00	
46	3.000013e-03	0.000000e+00	0.000000e+00	0.000000e+00	
47	3.000013e-03	0.000000e+00	0.000000e+00	0.000000e+00	
48	3.000013e-03	0.000000e+00	0.000000e+00	0.000000e+00	
49	3.000013e-03	0.000000e+00	0.000000e+00	0.000000e+00	
50	3.000013e-03	0.000000e+00	0.000000e+00	0.000000e+00	
51	3.000013e-03	0.000000e+00	0.000000e+00	0.000000e+00	
52	3.000013e-03	0.000000e+00	0.000000e+00	0.000000e+00	
53	3.000014e-03	0.000000e+00	0.000000e+00	0.000000e+00	
54	3.000014e-03	0.000000e+00	0.000000e+00	0.000000e+00	

Index   time            a3#branch_1_0   a4#branch_1_0   a5#branch_1_0   
--------------------------------------------------------------------------------
55	3.000014e-03	0.000000e+00	0.000000e+00	0.000000e+00	
56	3.000014e-03	0.000000e+00	0.000000e+00	0.000000e+00	
57	3.000014e-03	0.000000e+00	0.000000e+00	0.000000e+00	
58	3.000015e-03	0.000000e+00	0.000000e+00	0.000000e+00	
59	3.000015e-03	0.000000e+00	0.000000e+00	0.000000e+00	
60	3.000015e-03	0.000000e+00	0.000000e+00	0.000000e+00	
61	3.000015e-03	0.000000e+00	0.000000e+00	0.000000e+00	
62	3.000015e-03	0.000000e+00	0.000000e+00	0.000000e+00	
63	3.000016e-03	0.000000e+00	0.000000e+00	0.000000e+00	
64	3.000017e-03	0.000000e+00	0.000000e+00	0.000000e+00	
65	3.000020e-03	0.000000e+00	0.000000e+00	0.000000e+00	
66	3.000020e-03	0.000000e+00	0.000000e+00	0.000000e+00	
67	3.000021e-03	0.000000e+00	0.000000e+00	0.000000e+00	
68	3.000021e-03	0.000000e+00	0.000000e+00	0.000000e+00	
69	3.000021e-03	0.000000e+00	0.000000e+00	0.000000e+00	
70	3.000021e-03	0.000000e+00	0.000000e+00	0.000000e+00	
71	3.000021e-03	0.000000e+00	0.000000e+00	0.000000e+00	
72	3.000021e-03	0.000000e+00	0.000000e+00	0.000000e+00	
73	3.000021e-03	0.000000e+00	0.000000e+00	0.000000e+00	
74	3.000021e-03	0.000000e+00	0.000000e+00	0.000000e+00	
75	3.000021e-03	0.000000e+00	0.000000e+00	0.000000e+00	
76	3.000021e-03	0.000000e+00	0.000000e+00	0.000000e+00	
77	3.000021e-03	0.000000e+00	0.000000e+00	0.000000e+00	
78	3.000022e-03	0.000000e+00	0.000000e+00	0.000000e+00	
79	3.000022e-03	0.000000e+00	0.000000e+00	0.000000e+00	
80	3.000022e-03	0.000000e+00	0.000000e+00	0.000000e+00	
81	3.000022e-03	0.000000e+00	0.000000e+00	0.000000e+00	
82	3.000022e-03	0.000000e+00	0.000000e+00	0.000000e+00	
83	3.000023e-03	0.000000e+00	0.000000e+00	0.000000e+00	
84	3.000023e-03	0.000000e+00	0.000000e+00	0.000000e+00	
85	3.000023e-03	0.000000e+00	0.000000e+00	0.000000e+00	
86	3.000023e-03	0.000000e+00	0.000000e+00	0.000000e+00	
87	3.000023e-03	0.000000e+00	0.000000e+00	0.000000e+00	
88	3.000023e-03	0.000000e+00	0.000000e+00	0.000000e+00	
89	3.000023e-03	0.000000e+00	0.000000e+00	0.000000e+00	
90	3.000023e-03	0.000000e+00	0.000000e+00	0.000000e+00	
91	3.000024e-03	0.000000e+00	0.000000e+00	0.000000e+00	
92	3.000024e-03	0.000000e+00	0.000000e+00	0.000000e+00	
93	3.000024e-03	0.000000e+00	0.000000e+00	0.000000e+00	
94	3.000024e-03	0.000000e+00	0.000000e+00	0.000000e+00	
95	3.000024e-03	0.000000e+00	0.000000e+00	0.000000e+00	
96	3.000025e-03	0.000000e+00	0.000000e+00	0.000000e+00	
97	3.000025e-03	0.000000e+00	0.000000e+00	0.000000e+00	
98	3.000025e-03	0.000000e+00	0.000000e+00	0.000000e+00	
99	3.000025e-03	0.000000e+00	0.000000e+00	0.000000e+00	
100	3.000025e-03	0.000000e+00	0.000000e+00	0.000000e+00	
101	3.000025e-03	0.000000e+00	0.000000e+00	0.000000e+00	
102	3.000025e-03	0.000000e+00	0.000000e+00	0.000000e+00	
103	3.000025e-03	0.000000e+00	0.000000e+00	0.000000e+00	
104	3.000025e-03	0.000000e+00	0.000000e+00	0.000000e+00	
105	3.000025e-03	0.000000e+00	0.000000e+00	0.000000e+00	
106	3.000025e-03	0.000000e+00	0.000000e+00	0.000000e+00	
107	3.000026e-03	0.000000e+00	0.000000e+00	0.000000e+00	
108	3.000026e-03	0.000000e+00	0.000000e+00	0.000000e+00	
109	3.000027e-03	0.000000e+00	0.000000e+00	0.000000e+00	
110	3.000027e-03	0.000000e+00	0.000000e+00	0.000000e+00	
111	3.000027e-03	0.000000e+00	0.000000e+00	0.000000e+00	
112	3.000027e-03	0.000000e+00	0.000000e+00	0.000000e+00	

Index   time            a3#branch_1_0   a4#branch_1_0   a5#branch_1_0   
--------------------------------------------------------------------------------
113	3.000027e-03	0.000000e+00	0.000000e+00	0.000000e+00	
114	3.000027e-03	0.000000e+00	0.000000e+00	0.000000e+00	
115	3.000027e-03	0.000000e+00	0.000000e+00	0.000000e+00	
116	3.000027e-03	0.000000e+00	0.000000e+00	0.000000e+00	
117	3.000027e-03	0.000000e+00	0.000000e+00	0.000000e+00	
118	3.000027e-03	0.000000e+00	0.000000e+00	0.000000e+00	
119	3.000028e-03	0.000000e+00	0.000000e+00	0.000000e+00	
120	3.000028e-03	0.000000e+00	0.000000e+00	0.000000e+00	
121	3.000029e-03	0.000000e+00	0.000000e+00	0.000000e+00	
122	3.000029e-03	0.000000e+00	0.000000e+00	0.000000e+00	
123	3.000029e-03	0.000000e+00	0.000000e+00	0.000000e+00	
124	3.000030e-03	0.000000e+00	0.000000e+00	0.000000e+00	
125	3.000030e-03	0.000000e+00	0.000000e+00	0.000000e+00	
126	3.000030e-03	0.000000e+00	0.000000e+00	0.000000e+00	
127	3.000030e-03	0.000000e+00	0.000000e+00	0.000000e+00	
128	3.000030e-03	0.000000e+00	0.000000e+00	0.000000e+00	
129	3.000031e-03	0.000000e+00	0.000000e+00	0.000000e+00	
130	3.000032e-03	0.000000e+00	0.000000e+00	0.000000e+00	
131	3.000034e-03	0.000000e+00	0.000000e+00	0.000000e+00	
132	3.000039e-03	0.000000e+00	0.000000e+00	0.000000e+00	
133	3.000048e-03	0.000000e+00	0.000000e+00	0.000000e+00	
134	3.000067e-03	0.000000e+00	0.000000e+00	0.000000e+00	
135	3.000104e-03	0.000000e+00	0.000000e+00	0.000000e+00	
136	3.000177e-03	0.000000e+00	0.000000e+00	0.000000e+00	
137	3.000325e-03	0.000000e+00	0.000000e+00	0.000000e+00	
138	3.000620e-03	0.000000e+00	0.000000e+00	0.000000e+00	
139	3.001209e-03	0.000000e+00	0.000000e+00	0.000000e+00	
140	3.002389e-03	0.000000e+00	0.000000e+00	0.000000e+00	
141	3.004748e-03	0.000000e+00	0.000000e+00	0.000000e+00	
142	3.009467e-03	0.000000e+00	0.000000e+00	0.000000e+00	
143	3.018904e-03	0.000000e+00	0.000000e+00	0.000000e+00	
144	3.037779e-03	0.000000e+00	0.000000e+00	0.000000e+00	
145	3.075527e-03	0.000000e+00	0.000000e+00	0.000000e+00	
146	3.151025e-03	0.000000e+00	0.000000e+00	0.000000e+00	
147	3.251025e-03	0.000000e+00	0.000000e+00	0.000000e+00	
148	3.351025e-03	0.000000e+00	0.000000e+00	0.000000e+00	
149	3.451025e-03	0.000000e+00	0.000000e+00	0.000000e+00	
150	3.500010e-03	0.000000e+00	0.000000e+00	0.000000e+00	
151	3.500011e-03	0.000000e+00	0.000000e+00	0.000000e+00	
152	3.500013e-03	0.000000e+00	0.000000e+00	0.000000e+00	
153	3.500017e-03	0.000000e+00	0.000000e+00	0.000000e+00	
154	3.500020e-03	0.000000e+00	0.000000e+00	0.000000e+00	
155	3.500021e-03	0.000000e+00	0.000000e+00	0.000000e+00	
156	3.500021e-03	0.000000e+00	0.000000e+00	0.000000e+00	
157	3.500021e-03	0.000000e+00	0.000000e+00	0.000000e+00	
158	3.500021e-03	0.000000e+00	0.000000e+00	0.000000e+00	
159	3.500022e-03	0.000000e+00	0.000000e+00	0.000000e+00	
160	3.500022e-03	0.000000e+00	0.000000e+00	0.000000e+00	
161	3.500022e-03	0.000000e+00	0.000000e+00	0.000000e+00	
162	3.500022e-03	0.000000e+00	0.000000e+00	0.000000e+00	
163	3.500022e-03	0.000000e+00	0.000000e+00	0.000000e+00	
164	3.500023e-03	0.000000e+00	0.000000e+00	0.000000e+00	
165	3.500023e-03	0.000000e+00	0.000000e+00	0.000000e+00	
166	3.500023e-03	0.000000e+00	0.000000e+00	0.000000e+00	
167	3.500023e-03	0.000000e+00	0.000000e+00	0.000000e+00	
168	3.500023e-03	0.000000e+00	0.000000e+00	0.000000e+00	
169	3.500023e-03	0.000000e+00	0.000000e+00	0.000000e+00	
170	3.500023e-03	0.000000e+00	0.000000e+00	0.000000e+00	

Index   time            a3#branch_1_0   a4#branch_1_0   a5#branch_1_0   
--------------------------------------------------------------------------------
171	3.500023e-03	0.000000e+00	0.000000e+00	0.000000e+00	
172	3.500023e-03	0.000000e+00	0.000000e+00	0.000000e+00	
173	3.500023e-03	0.000000e+00	0.000000e+00	0.000000e+00	
174	3.500023e-03	0.000000e+00	0.000000e+00	0.000000e+00	
175	3.500024e-03	0.000000e+00	0.000000e+00	0.000000e+00	
176	3.500024e-03	0.000000e+00	0.000000e+00	0.000000e+00	
177	3.500024e-03	0.000000e+00	0.000000e+00	0.000000e+00	
178	3.500024e-03	0.000000e+00	0.000000e+00	0.000000e+00	
179	3.500024e-03	0.000000e+00	0.000000e+00	0.000000e+00	
180	3.500024e-03	0.000000e+00	0.000000e+00	0.000000e+00	
181	3.500024e-03	0.000000e+00	0.000000e+00	0.000000e+00	
182	3.500024e-03	0.000000e+00	0.000000e+00	0.000000e+00	
183	3.500024e-03	0.000000e+00	0.000000e+00	0.000000e+00	
184	3.500024e-03	0.000000e+00	0.000000e+00	0.000000e+00	
185	3.500024e-03	0.000000e+00	0.000000e+00	0.000000e+00	
186	3.500025e-03	0.000000e+00	0.000000e+00	0.000000e+00	
187	3.500025e-03	0.000000e+00	0.000000e+00	0.000000e+00	
188	3.500025e-03	0.000000e+00	0.000000e+00	0.000000e+00	
189	3.500025e-03	0.000000e+00	0.000000e+00	0.000000e+00	
190	3.500025e-03	0.000000e+00	0.000000e+00	0.000000e+00	
191	3.500025e-03	0.000000e+00	0.000000e+00	0.000000e+00	
192	3.500025e-03	0.000000e+00	0.000000e+00	0.000000e+00	
193	3.500025e-03	0.000000e+00	0.000000e+00	0.000000e+00	
194	3.500025e-03	0.000000e+00	0.000000e+00	0.000000e+00	
195	3.500025e-03	0.000000e+00	0.000000e+00	0.000000e+00	
196	3.500025e-03	0.000000e+00	0.000000e+00	0.000000e+00	
197	3.500026e-03	0.000000e+00	0.000000e+00	0.000000e+00	
198	3.500026e-03	0.000000e+00	0.000000e+00	0.000000e+00	
199	3.500026e-03	0.000000e+00	0.000000e+00	0.000000e+00	
200	3.500026e-03	0.000000e+00	0.000000e+00	0.000000e+00	
201	3.500026e-03	0.000000e+00	0.000000e+00	0.000000e+00	
202	3.500027e-03	0.000000e+00	0.000000e+00	0.000000e+00	
203	3.500027e-03	0.000000e+00	0.000000e+00	0.000000e+00	
204	3.500027e-03	0.000000e+00	0.000000e+00	0.000000e+00	
205	3.500027e-03	0.000000e+00	0.000000e+00	0.000000e+00	
206	3.500027e-03	0.000000e+00	0.000000e+00	0.000000e+00	
207	3.500027e-03	0.000000e+00	0.000000e+00	0.000000e+00	
208	3.500027e-03	0.000000e+00	0.000000e+00	0.000000e+00	
209	3.500027e-03	0.000000e+00	0.000000e+00	0.000000e+00	
210	3.500027e-03	0.000000e+00	0.000000e+00	0.000000e+00	
211	3.500027e-03	0.000000e+00	0.000000e+00	0.000000e+00	
212	3.500027e-03	0.000000e+00	0.000000e+00	0.000000e+00	
213	3.500027e-03	0.000000e+00	0.000000e+00	0.000000e+00	
214	3.500027e-03	0.000000e+00	0.000000e+00	0.000000e+00	
215	3.500027e-03	0.000000e+00	0.000000e+00	0.000000e+00	
216	3.500027e-03	0.000000e+00	0.000000e+00	0.000000e+00	
217	3.500027e-03	0.000000e+00	0.000000e+00	0.000000e+00	
218	3.500027e-03	0.000000e+00	0.000000e+00	0.000000e+00	
219	3.500028e-03	0.000000e+00	0.000000e+00	0.000000e+00	
220	3.500028e-03	0.000000e+00	0.000000e+00	0.000000e+00	
221	3.500028e-03	0.000000e+00	0.000000e+00	0.000000e+00	
222	3.500028e-03	0.000000e+00	0.000000e+00	0.000000e+00	
223	3.500028e-03	0.000000e+00	0.000000e+00	0.000000e+00	
224	3.500029e-03	0.000000e+00	0.000000e+00	0.000000e+00	
225	3.500029e-03	0.000000e+00	0.000000e+00	0.000000e+00	
226	3.500029e-03	0.000000e+00	0.000000e+00	0.000000e+00	
227	3.500029e-03	0.000000e+00	0.000000e+00	0.000000e+00	
228	3.500029e-03	0.000000e+00	0.000000e+00	0.000000e+00	

Index   time            a3#branch_1_0   a4#branch_1_0   a5#branch_1_0   
--------------------------------------------------------------------------------
229	3.500029e-03	0.000000e+00	0.000000e+00	0.000000e+00	
230	3.500029e-03	0.000000e+00	0.000000e+00	0.000000e+00	
231	3.500029e-03	0.000000e+00	0.000000e+00	0.000000e+00	
232	3.500029e-03	0.000000e+00	0.000000e+00	0.000000e+00	
233	3.500029e-03	0.000000e+00	0.000000e+00	0.000000e+00	
234	3.500030e-03	0.000000e+00	0.000000e+00	0.000000e+00	
235	3.500030e-03	0.000000e+00	0.000000e+00	0.000000e+00	
236	3.500031e-03	0.000000e+00	0.000000e+00	0.000000e+00	
237	3.500033e-03	0.000000e+00	0.000000e+00	0.000000e+00	
238	3.500037e-03	0.000000e+00	0.000000e+00	0.000000e+00	
239	3.500045e-03	0.000000e+00	0.000000e+00	0.000000e+00	
240	3.500062e-03	0.000000e+00	0.000000e+00	0.000000e+00	
241	3.500095e-03	0.000000e+00	0.000000e+00	0.000000e+00	
242	3.500160e-03	0.000000e+00	0.000000e+00	0.000000e+00	
243	3.500291e-03	0.000000e+00	0.000000e+00	0.000000e+00	
244	3.500553e-03	0.000000e+00	0.000000e+00	0.000000e+00	
245	3.501078e-03	0.000000e+00	0.000000e+00	0.000000e+00	
246	3.502126e-03	0.000000e+00	0.000000e+00	0.000000e+00	
247	3.504223e-03	0.000000e+00	0.000000e+00	0.000000e+00	
248	3.508418e-03	0.000000e+00	0.000000e+00	0.000000e+00	
249	3.516806e-03	0.000000e+00	0.000000e+00	0.000000e+00	
250	3.533584e-03	0.000000e+00	0.000000e+00	0.000000e+00	
251	3.567138e-03	0.000000e+00	0.000000e+00	0.000000e+00	
252	3.634247e-03	0.000000e+00	0.000000e+00	0.000000e+00	
253	3.734247e-03	0.000000e+00	0.000000e+00	0.000000e+00	
254	3.834247e-03	0.000000e+00	0.000000e+00	0.000000e+00	
255	3.934247e-03	0.000000e+00	0.000000e+00	0.000000e+00	
256	4.000000e-03	0.000000e+00	0.000000e+00	0.000000e+00	
257	4.000001e-03	0.000000e+00	0.000000e+00	0.000000e+00	
258	4.000003e-03	0.000000e+00	0.000000e+00	0.000000e+00	
259	4.000007e-03	0.000000e+00	0.000000e+00	0.000000e+00	
260	4.000008e-03	0.000000e+00	0.000000e+00	0.000000e+00	
261	4.000008e-03	0.000000e+00	0.000000e+00	0.000000e+00	
262	4.000008e-03	0.000000e+00	0.000000e+00	0.000000e+00	
263	4.000008e-03	0.000000e+00	0.000000e+00	0.000000e+00	
264	4.000008e-03	0.000000e+00	0.000000e+00	0.000000e+00	
265	4.000008e-03	0.000000e+00	0.000000e+00	0.000000e+00	
266	4.000008e-03	0.000000e+00	0.000000e+00	0.000000e+00	
267	4.000008e-03	0.000000e+00	0.000000e+00	0.000000e+00	
268	4.000008e-03	0.000000e+00	0.000000e+00	0.000000e+00	
269	4.000008e-03	0.000000e+00	0.000000e+00	0.000000e+00	
270	4.000009e-03	0.000000e+00	0.000000e+00	0.000000e+00	
271	4.000009e-03	0.000000e+00	0.000000e+00	0.000000e+00	
272	4.000009e-03	0.000000e+00	0.000000e+00	0.000000e+00	
273	4.000009e-03	0.000000e+00	0.000000e+00	0.000000e+00	
274	4.000009e-03	0.000000e+00	0.000000e+00	0.000000e+00	
275	4.000009e-03	0.000000e+00	0.000000e+00	0.000000e+00	
276	4.000009e-03	0.000000e+00	0.000000e+00	0.000000e+00	
277	4.000009e-03	0.000000e+00	0.000000e+00	0.000000e+00	
278	4.000009e-03	0.000000e+00	0.000000e+00	0.000000e+00	
279	4.000009e-03	0.000000e+00	0.000000e+00	0.000000e+00	
280	4.000009e-03	0.000000e+00	0.000000e+00	0.000000e+00	
281	4.000009e-03	0.000000e+00	0.000000e+00	0.000000e+00	
282	4.000009e-03	0.000000e+00	0.000000e+00	0.000000e+00	
283	4.000010e-03	0.000000e+00	0.000000e+00	0.000000e+00	
284	4.000010e-03	0.000000e+00	0.000000e+00	0.000000e+00	
285	4.000010e-03	0.000000e+00	0.000000e+00	0.000000e+00	
286	4.000010e-03	0.000000e+00	0.000000e+00	0.000000e+00	

Index   time            a3#branch_1_0   a4#branch_1_0   a5#branch_1_0   
--------------------------------------------------------------------------------
287	4.000010e-03	0.000000e+00	0.000000e+00	0.000000e+00	
288	4.000011e-03	0.000000e+00	0.000000e+00	0.000000e+00	
289	4.000012e-03	0.000000e+00	0.000000e+00	0.000000e+00	
290	4.000012e-03	0.000000e+00	0.000000e+00	0.000000e+00	
291	4.000012e-03	0.000000e+00	0.000000e+00	0.000000e+00	
292	4.000012e-03	0.000000e+00	0.000000e+00	0.000000e+00	
293	4.000013e-03	0.000000e+00	0.000000e+00	0.000000e+00	
294	4.000013e-03	0.000000e+00	0.000000e+00	0.000000e+00	
295	4.000013e-03	0.000000e+00	0.000000e+00	0.000000e+00	
296	4.000013e-03	0.000000e+00	0.000000e+00	0.000000e+00	
297	4.000013e-03	0.000000e+00	0.000000e+00	0.000000e+00	
298	4.000013e-03	0.000000e+00	0.000000e+00	0.000000e+00	
299	4.000013e-03	0.000000e+00	0.000000e+00	0.000000e+00	
300	4.000013e-03	0.000000e+00	0.000000e+00	0.000000e+00	
301	4.000013e-03	0.000000e+00	0.000000e+00	0.000000e+00	
302	4.000013e-03	0.000000e+00	0.000000e+00	0.000000e+00	
303	4.000013e-03	0.000000e+00	0.000000e+00	0.000000e+00	
304	4.000013e-03	0.000000e+00	0.000000e+00	0.000000e+00	
305	4.000013e-03	0.000000e+00	0.000000e+00	0.000000e+00	
306	4.000014e-03	0.000000e+00	0.000000e+00	0.000000e+00	
307	4.000014e-03	0.000000e+00	0.000000e+00	0.000000e+00	
308	4.000014e-03	0.000000e+00	0.000000e+00	0.000000e+00	
309	4.000014e-03	0.000000e+00	0.000000e+00	0.000000e+00	
310	4.000014e-03	0.000000e+00	0.000000e+00	0.000000e+00	
311	4.000014e-03	0.000000e+00	0.000000e+00	0.000000e+00	
312	4.000014e-03	0.000000e+00	0.000000e+00	0.000000e+00	
313	4.000014e-03	0.000000e+00	0.000000e+00	0.000000e+00	
314	4.000014e-03	0.000000e+00	0.000000e+00	0.000000e+00	
315	4.000014e-03	0.000000e+00	0.000000e+00	0.000000e+00	
316	4.000014e-03	0.000000e+00	0.000000e+00	0.000000e+00	
317	4.000015e-03	0.000000e+00	0.000000e+00	0.000000e+00	
318	4.000015e-03	0.000000e+00	0.000000e+00	0.000000e+00	
319	4.000015e-03	0.000000e+00	0.000000e+00	0.000000e+00	
320	4.000015e-03	0.000000e+00	0.000000e+00	0.000000e+00	
321	4.000015e-03	0.000000e+00	0.000000e+00	0.000000e+00	
322	4.000016e-03	0.000000e+00	0.000000e+00	0.000000e+00	
323	4.000016e-03	0.000000e+00	0.000000e+00	0.000000e+00	
324	4.000018e-03	0.000000e+00	0.000000e+00	0.000000e+00	
325	4.000020e-03	0.000000e+00	0.000000e+00	0.000000e+00	
326	4.000020e-03	0.000000e+00	0.000000e+00	0.000000e+00	
327	4.000021e-03	0.000000e+00	0.000000e+00	0.000000e+00	
328	4.000021e-03	0.000000e+00	0.000000e+00	0.000000e+00	
329	4.000021e-03	0.000000e+00	0.000000e+00	0.000000e+00	
330	4.000022e-03	0.000000e+00	0.000000e+00	0.000000e+00	
331	4.000022e-03	0.000000e+00	0.000000e+00	0.000000e+00	
332	4.000022e-03	0.000000e+00	0.000000e+00	0.000000e+00	
333	4.000022e-03	0.000000e+00	0.000000e+00	0.000000e+00	
334	4.000022e-03	0.000000e+00	0.000000e+00	0.000000e+00	
335	4.000022e-03	0.000000e+00	0.000000e+00	0.000000e+00	
336	4.000022e-03	0.000000e+00	0.000000e+00	0.000000e+00	
337	4.000022e-03	0.000000e+00	0.000000e+00	0.000000e+00	
338	4.000022e-03	0.000000e+00	0.000000e+00	0.000000e+00	
339	4.000022e-03	0.000000e+00	0.000000e+00	0.000000e+00	
340	4.000023e-03	0.000000e+00	0.000000e+00	0.000000e+00	
341	4.000023e-03	0.000000e+00	0.000000e+00	0.000000e+00	
342	4.000023e-03	0.000000e+00	0.000000e+00	0.000000e+00	
343	4.000023e-03	0.000000e+00	0.000000e+00	0.000000e+00	
344	4.000023e-03	0.000000e+00	0.000000e+00	0.000000e+00	

Index   time            a3#branch_1_0   a4#branch_1_0   a5#branch_1_0   
--------------------------------------------------------------------------------
345	4.000023e-03	0.000000e+00	0.000000e+00	0.000000e+00	
346	4.000023e-03	0.000000e+00	0.000000e+00	0.000000e+00	
347	4.000023e-03	0.000000e+00	0.000000e+00	0.000000e+00	
348	4.000023e-03	0.000000e+00	0.000000e+00	0.000000e+00	
349	4.000023e-03	0.000000e+00	0.000000e+00	0.000000e+00	
350	4.000023e-03	0.000000e+00	0.000000e+00	0.000000e+00	
351	4.000023e-03	0.000000e+00	0.000000e+00	0.000000e+00	
352	4.000023e-03	0.000000e+00	0.000000e+00	0.000000e+00	
353	4.000023e-03	0.000000e+00	0.000000e+00	0.000000e+00	
354	4.000023e-03	0.000000e+00	0.000000e+00	0.000000e+00	
355	4.000023e-03	0.000000e+00	0.000000e+00	0.000000e+00	
356	4.000024e-03	0.000000e+00	0.000000e+00	0.000000e+00	
357	4.000024e-03	0.000000e+00	0.000000e+00	0.000000e+00	
358	4.000024e-03	0.000000e+00	0.000000e+00	0.000000e+00	
359	4.000024e-03	0.000000e+00	0.000000e+00	0.000000e+00	
360	4.000024e-03	0.000000e+00	0.000000e+00	0.000000e+00	
361	4.000024e-03	0.000000e+00	0.000000e+00	0.000000e+00	
362	4.000024e-03	0.000000e+00	0.000000e+00	0.000000e+00	
363	4.000024e-03	0.000000e+00	0.000000e+00	0.000000e+00	
364	4.000025e-03	0.000000e+00	0.000000e+00	0.000000e+00	
365	4.000025e-03	0.000000e+00	0.000000e+00	0.000000e+00	
366	4.000025e-03	0.000000e+00	0.000000e+00	0.000000e+00	
367	4.000025e-03	0.000000e+00	0.000000e+00	0.000000e+00	
368	4.000025e-03	0.000000e+00	0.000000e+00	0.000000e+00	
369	4.000025e-03	0.000000e+00	0.000000e+00	0.000000e+00	
370	4.000025e-03	0.000000e+00	0.000000e+00	0.000000e+00	
371	4.000025e-03	0.000000e+00	0.000000e+00	0.000000e+00	
372	4.000025e-03	0.000000e+00	0.000000e+00	0.000000e+00	
373	4.000025e-03	0.000000e+00	0.000000e+00	0.000000e+00	
374	4.000025e-03	0.000000e+00	0.000000e+00	0.000000e+00	
375	4.000025e-03	0.000000e+00	0.000000e+00	0.000000e+00	
376	4.000025e-03	0.000000e+00	0.000000e+00	0.000000e+00	
377	4.000025e-03	0.000000e+00	0.000000e+00	0.000000e+00	
378	4.000025e-03	0.000000e+00	0.000000e+00	0.000000e+00	
379	4.000025e-03	0.000000e+00	0.000000e+00	0.000000e+00	
380	4.000025e-03	0.000000e+00	0.000000e+00	0.000000e+00	
381	4.000026e-03	0.000000e+00	0.000000e+00	0.000000e+00	
382	4.000026e-03	0.000000e+00	0.000000e+00	0.000000e+00	
383	4.000026e-03	0.000000e+00	0.000000e+00	0.000000e+00	
384	4.000026e-03	0.000000e+00	0.000000e+00	0.000000e+00	
385	4.000026e-03	0.000000e+00	0.000000e+00	0.000000e+00	
386	4.000026e-03	0.000000e+00	0.000000e+00	0.000000e+00	
387	4.000026e-03	0.000000e+00	0.000000e+00	0.000000e+00	
388	4.000026e-03	0.000000e+00	0.000000e+00	0.000000e+00	
389	4.000026e-03	0.000000e+00	0.000000e+00	0.000000e+00	
390	4.000026e-03	0.000000e+00	0.000000e+00	0.000000e+00	
391	4.000026e-03	0.000000e+00	0.000000e+00	0.000000e+00	
392	4.000026e-03	0.000000e+00	0.000000e+00	0.000000e+00	
393	4.000026e-03	0.000000e+00	0.000000e+00	0.000000e+00	
394	4.000026e-03	0.000000e+00	0.000000e+00	0.000000e+00	
395	4.000026e-03	0.000000e+00	0.000000e+00	0.000000e+00	
396	4.000026e-03	0.000000e+00	0.000000e+00	0.000000e+00	
397	4.000026e-03	0.000000e+00	0.000000e+00	0.000000e+00	
398	4.000026e-03	0.000000e+00	0.000000e+00	0.000000e+00	
399	4.000026e-03	0.000000e+00	0.000000e+00	0.000000e+00	
400	4.000027e-03	0.000000e+00	0.000000e+00	0.000000e+00	
401	4.000027e-03	0.000000e+00	0.000000e+00	0.000000e+00	
402	4.000027e-03	0.000000e+00	0.000000e+00	0.000000e+00	

Index   time            a3#branch_1_0   a4#branch_1_0   a5#branch_1_0   
--------------------------------------------------------------------------------
403	4.000027e-03	0.000000e+00	0.000000e+00	0.000000e+00	
404	4.000027e-03	0.000000e+00	0.000000e+00	0.000000e+00	
405	4.000027e-03	0.000000e+00	0.000000e+00	0.000000e+00	
406	4.000027e-03	0.000000e+00	0.000000e+00	0.000000e+00	
407	4.000027e-03	0.000000e+00	0.000000e+00	0.000000e+00	
408	4.000027e-03	0.000000e+00	0.000000e+00	0.000000e+00	
409	4.000027e-03	0.000000e+00	0.000000e+00	0.000000e+00	
410	4.000027e-03	0.000000e+00	0.000000e+00	0.000000e+00	
411	4.000028e-03	0.000000e+00	0.000000e+00	0.000000e+00	
412	4.000028e-03	0.000000e+00	0.000000e+00	0.000000e+00	
413	4.000028e-03	0.000000e+00	0.000000e+00	0.000000e+00	
414	4.000028e-03	0.000000e+00	0.000000e+00	0.000000e+00	
415	4.000028e-03	0.000000e+00	0.000000e+00	0.000000e+00	
416	4.000029e-03	0.000000e+00	0.000000e+00	0.000000e+00	
417	4.000030e-03	0.000000e+00	0.000000e+00	0.000000e+00	
418	4.000031e-03	0.000000e+00	0.000000e+00	0.000000e+00	
419	4.000035e-03	0.000000e+00	0.000000e+00	0.000000e+00	
420	4.000041e-03	0.000000e+00	0.000000e+00	0.000000e+00	
421	4.000054e-03	0.000000e+00	0.000000e+00	0.000000e+00	
422	4.000080e-03	0.000000e+00	0.000000e+00	0.000000e+00	
423	4.000133e-03	0.000000e+00	0.000000e+00	0.000000e+00	
424	4.000238e-03	0.000000e+00	0.000000e+00	0.000000e+00	
425	4.000447e-03	0.000000e+00	0.000000e+00	0.000000e+00	
426	4.000867e-03	0.000000e+00	0.000000e+00	0.000000e+00	
427	4.001706e-03	0.000000e+00	0.000000e+00	0.000000e+00	
428	4.003383e-03	0.000000e+00	0.000000e+00	0.000000e+00	
429	4.006739e-03	0.000000e+00	0.000000e+00	0.000000e+00	
430	4.013450e-03	0.000000e+00	0.000000e+00	0.000000e+00	
431	4.026872e-03	0.000000e+00	0.000000e+00	0.000000e+00	
432	4.053715e-03	0.000000e+00	0.000000e+00	0.000000e+00	
433	4.107402e-03	0.000000e+00	0.000000e+00	0.000000e+00	
434	4.207402e-03	0.000000e+00	0.000000e+00	0.000000e+00	
435	4.307402e-03	0.000000e+00	0.000000e+00	0.000000e+00	
436	4.407402e-03	0.000000e+00	0.000000e+00	0.000000e+00	
437	4.500010e-03	0.000000e+00	0.000000e+00	0.000000e+00	
438	4.500011e-03	0.000000e+00	0.000000e+00	0.000000e+00	
439	4.500013e-03	0.000000e+00	0.000000e+00	0.000000e+00	
440	4.500017e-03	0.000000e+00	0.000000e+00	0.000000e+00	
441	4.500020e-03	0.000000e+00	0.000000e+00	0.000000e+00	
442	4.500021e-03	0.000000e+00	0.000000e+00	0.000000e+00	
443	4.500021e-03	0.000000e+00	0.000000e+00	0.000000e+00	
444	4.500021e-03	0.000000e+00	0.000000e+00	0.000000e+00	
445	4.500021e-03	0.000000e+00	0.000000e+00	0.000000e+00	
446	4.500022e-03	0.000000e+00	0.000000e+00	0.000000e+00	
447	4.500022e-03	0.000000e+00	0.000000e+00	0.000000e+00	
448	4.500022e-03	0.000000e+00	0.000000e+00	0.000000e+00	
449	4.500022e-03	0.000000e+00	0.000000e+00	0.000000e+00	
450	4.500022e-03	0.000000e+00	0.000000e+00	0.000000e+00	
451	4.500023e-03	0.000000e+00	0.000000e+00	0.000000e+00	
452	4.500023e-03	0.000000e+00	0.000000e+00	0.000000e+00	
453	4.500023e-03	0.000000e+00	0.000000e+00	0.000000e+00	
454	4.500023e-03	0.000000e+00	0.000000e+00	0.000000e+00	
455	4.500023e-03	0.000000e+00	0.000000e+00	0.000000e+00	
456	4.500023e-03	0.000000e+00	0.000000e+00	0.000000e+00	
457	4.500023e-03	0.000000e+00	0.000000e+00	0.000000e+00	
458	4.500023e-03	0.000000e+00	0.000000e+00	0.000000e+00	
459	4.500023e-03	0.000000e+00	0.000000e+00	0.000000e+00	
460	4.500023e-03	0.000000e+00	0.000000e+00	0.000000e+00	

Index   time            a3#branch_1_0   a4#branch_1_0   a5#branch_1_0   
--------------------------------------------------------------------------------
461	4.500023e-03	0.000000e+00	0.000000e+00	0.000000e+00	
462	4.500024e-03	0.000000e+00	0.000000e+00	0.000000e+00	
463	4.500024e-03	0.000000e+00	0.000000e+00	0.000000e+00	
464	4.500024e-03	0.000000e+00	0.000000e+00	0.000000e+00	
465	4.500024e-03	0.000000e+00	0.000000e+00	0.000000e+00	
466	4.500024e-03	0.000000e+00	0.000000e+00	0.000000e+00	
467	4.500025e-03	0.000000e+00	0.000000e+00	0.000000e+00	
468	4.500025e-03	0.000000e+00	0.000000e+00	0.000000e+00	
469	4.500025e-03	0.000000e+00	0.000000e+00	0.000000e+00	
470	4.500025e-03	0.000000e+00	0.000000e+00	0.000000e+00	
471	4.500025e-03	0.000000e+00	0.000000e+00	0.000000e+00	
472	4.500025e-03	0.000000e+00	0.000000e+00	0.000000e+00	
473	4.500025e-03	0.000000e+00	0.000000e+00	0.000000e+00	
474	4.500025e-03	0.000000e+00	0.000000e+00	0.000000e+00	
475	4.500025e-03	0.000000e+00	0.000000e+00	0.000000e+00	
476	4.500025e-03	0.000000e+00	0.000000e+00	0.000000e+00	
477	4.500025e-03	0.000000e+00	0.000000e+00	0.000000e+00	
478	4.500025e-03	0.000000e+00	0.000000e+00	0.000000e+00	
479	4.500025e-03	0.000000e+00	0.000000e+00	0.000000e+00	
480	4.500026e-03	0.000000e+00	0.000000e+00	0.000000e+00	
481	4.500026e-03	0.000000e+00	0.000000e+00	0.000000e+00	
482	4.500026e-03	0.000000e+00	0.000000e+00	0.000000e+00	
483	4.500026e-03	0.000000e+00	0.000000e+00	0.000000e+00	
484	4.500026e-03	0.000000e+00	0.000000e+00	0.000000e+00	
485	4.500027e-03	0.000000e+00	0.000000e+00	0.000000e+00	
486	4.500027e-03	0.000000e+00	0.000000e+00	0.000000e+00	
487	4.500027e-03	0.000000e+00	0.000000e+00	0.000000e+00	
488	4.500027e-03	0.000000e+00	0.000000e+00	0.000000e+00	
489	4.500027e-03	0.000000e+00	0.000000e+00	0.000000e+00	
490	4.500027e-03	0.000000e+00	0.000000e+00	0.000000e+00	
491	4.500027e-03	0.000000e+00	0.000000e+00	0.000000e+00	
492	4.500027e-03	0.000000e+00	0.000000e+00	0.000000e+00	
493	4.500027e-03	0.000000e+00	0.000000e+00	0.000000e+00	
494	4.500027e-03	0.000000e+00	0.000000e+00	0.000000e+00	
495	4.500027e-03	0.000000e+00	0.000000e+00	0.000000e+00	
496	4.500027e-03	0.000000e+00	0.000000e+00	0.000000e+00	
497	4.500027e-03	0.000000e+00	0.000000e+00	0.000000e+00	
498	4.500028e-03	0.000000e+00	0.000000e+00	0.000000e+00	
499	4.500028e-03	0.000000e+00	0.000000e+00	0.000000e+00	
500	4.500029e-03	0.000000e+00	0.000000e+00	0.000000e+00	
501	4.500031e-03	0.000000e+00	0.000000e+00	0.000000e+00	
502	4.500035e-03	0.000000e+00	0.000000e+00	0.000000e+00	
503	4.500043e-03	0.000000e+00	0.000000e+00	0.000000e+00	
504	4.500060e-03	0.000000e+00	0.000000e+00	0.000000e+00	
505	4.500093e-03	0.000000e+00	0.000000e+00	0.000000e+00	
506	4.500158e-03	0.000000e+00	0.000000e+00	0.000000e+00	
507	4.500289e-03	0.000000e+00	0.000000e+00	0.000000e+00	
508	4.500551e-03	0.000000e+00	0.000000e+00	0.000000e+00	
509	4.501076e-03	0.000000e+00	0.000000e+00	0.000000e+00	
510	4.502124e-03	0.000000e+00	0.000000e+00	0.000000e+00	
511	4.504221e-03	0.000000e+00	0.000000e+00	0.000000e+00	
512	4.508416e-03	0.000000e+00	0.000000e+00	0.000000e+00	
513	4.516804e-03	0.000000e+00	0.000000e+00	0.000000e+00	
514	4.533582e-03	0.000000e+00	0.000000e+00	0.000000e+00	
515	4.567136e-03	0.000000e+00	0.000000e+00	0.000000e+00	
516	4.634245e-03	0.000000e+00	0.000000e+00	0.000000e+00	
517	4.734245e-03	0.000000e+00	0.000000e+00	0.000000e+00	
518	4.834245e-03	0.000000e+00	0.000000e+00	0.000000e+00	

Index   time            a3#branch_1_0   a4#branch_1_0   a5#branch_1_0   
--------------------------------------------------------------------------------
519	4.934245e-03	0.000000e+00	0.000000e+00	0.000000e+00	
520	5.000000e-03	0.000000e+00	0.000000e+00	0.000000e+00	
521	5.000001e-03	0.000000e+00	0.000000e+00	0.000000e+00	
522	5.000003e-03	0.000000e+00	0.000000e+00	0.000000e+00	
523	5.000007e-03	0.000000e+00	0.000000e+00	0.000000e+00	
524	5.000009e-03	0.000000e+00	0.000000e+00	0.000000e+00	
525	5.000009e-03	0.000000e+00	0.000000e+00	0.000000e+00	
526	5.000009e-03	0.000000e+00	0.000000e+00	0.000000e+00	
527	5.000009e-03	0.000000e+00	0.000000e+00	0.000000e+00	
528	5.000009e-03	0.000000e+00	0.000000e+00	0.000000e+00	
529	5.000009e-03	0.000000e+00	0.000000e+00	0.000000e+00	
530	5.000009e-03	0.000000e+00	0.000000e+00	0.000000e+00	
531	5.000009e-03	0.000000e+00	0.000000e+00	0.000000e+00	
532	5.000009e-03	0.000000e+00	0.000000e+00	0.000000e+00	
533	5.000009e-03	0.000000e+00	0.000000e+00	0.000000e+00	
534	5.000010e-03	0.000000e+00	0.000000e+00	0.000000e+00	
535	5.000010e-03	0.000000e+00	0.000000e+00	0.000000e+00	
536	5.000010e-03	0.000000e+00	0.000000e+00	0.000000e+00	
537	5.000010e-03	0.000000e+00	0.000000e+00	0.000000e+00	
538	5.000010e-03	0.000000e+00	0.000000e+00	0.000000e+00	
539	5.000010e-03	0.000000e+00	0.000000e+00	0.000000e+00	
540	5.000010e-03	0.000000e+00	0.000000e+00	0.000000e+00	
541	5.000010e-03	0.000000e+00	0.000000e+00	0.000000e+00	
542	5.000010e-03	0.000000e+00	0.000000e+00	0.000000e+00	
543	5.000010e-03	0.000000e+00	0.000000e+00	0.000000e+00	
544	5.000010e-03	0.000000e+00	0.000000e+00	0.000000e+00	
545	5.000010e-03	0.000000e+00	0.000000e+00	0.000000e+00	
546	5.000010e-03	0.000000e+00	0.000000e+00	0.000000e+00	
547	5.000010e-03	0.000000e+00	0.000000e+00	0.000000e+00	
548	5.000010e-03	0.000000e+00	0.000000e+00	0.000000e+00	
549	5.000011e-03	0.000000e+00	0.000000e+00	0.000000e+00	
550	5.000011e-03	0.000000e+00	0.000000e+00	0.000000e+00	
551	5.000012e-03	0.000000e+00	0.000000e+00	0.000000e+00	
552	5.000012e-03	0.000000e+00	0.000000e+00	0.000000e+00	
553	5.000012e-03	0.000000e+00	0.000000e+00	0.000000e+00	
554	5.000012e-03	0.000000e+00	0.000000e+00	0.000000e+00	
555	5.000013e-03	0.000000e+00	0.000000e+00	0.000000e+00	
556	5.000013e-03	0.000000e+00	0.000000e+00	0.000000e+00	
557	5.000013e-03	0.000000e+00	0.000000e+00	0.000000e+00	
558	5.000013e-03	0.000000e+00	0.000000e+00	0.000000e+00	
559	5.000013e-03	0.000000e+00	0.000000e+00	0.000000e+00	
560	5.000013e-03	0.000000e+00	0.000000e+00	0.000000e+00	
561	5.000013e-03	0.000000e+00	0.000000e+00	0.000000e+00	
562	5.000013e-03	0.000000e+00	0.000000e+00	0.000000e+00	
563	5.000013e-03	0.000000e+00	0.000000e+00	0.000000e+00	
564	5.000013e-03	0.000000e+00	0.000000e+00	0.000000e+00	
565	5.000013e-03	0.000000e+00	0.000000e+00	0.000000e+00	
566	5.000013e-03	0.000000e+00	0.000000e+00	0.000000e+00	
567	5.000013e-03	0.000000e+00	0.000000e+00	0.000000e+00	
568	5.000014e-03	0.000000e+00	0.000000e+00	0.000000e+00	
569	5.000014e-03	0.000000e+00	0.000000e+00	0.000000e+00	
570	5.000014e-03	0.000000e+00	0.000000e+00	0.000000e+00	
571	5.000014e-03	0.000000e+00	0.000000e+00	0.000000e+00	
572	5.000014e-03	0.000000e+00	0.000000e+00	0.000000e+00	
573	5.000015e-03	0.000000e+00	0.000000e+00	0.000000e+00	
574	5.000015e-03	0.000000e+00	0.000000e+00	0.000000e+00	
575	5.000015e-03	0.000000e+00	0.000000e+00	0.000000e+00	
576	5.000015e-03	0.000000e+00	0.000000e+00	0.000000e+00	

Index   time            a3#branch_1_0   a4#branch_1_0   a5#branch_1_0   
--------------------------------------------------------------------------------
577	5.000015e-03	0.000000e+00	0.000000e+00	0.000000e+00	
578	5.000016e-03	0.000000e+00	0.000000e+00	0.000000e+00	
579	5.000017e-03	0.000000e+00	0.000000e+00	0.000000e+00	
580	5.000020e-03	0.000000e+00	0.000000e+00	0.000000e+00	
581	5.000020e-03	0.000000e+00	0.000000e+00	0.000000e+00	
582	5.000021e-03	0.000000e+00	0.000000e+00	0.000000e+00	
583	5.000021e-03	0.000000e+00	0.000000e+00	0.000000e+00	
584	5.000021e-03	0.000000e+00	0.000000e+00	0.000000e+00	
585	5.000021e-03	0.000000e+00	0.000000e+00	0.000000e+00	
586	5.000021e-03	0.000000e+00	0.000000e+00	0.000000e+00	
587	5.000021e-03	0.000000e+00	0.000000e+00	0.000000e+00	
588	5.000021e-03	0.000000e+00	0.000000e+00	0.000000e+00	
589	5.000021e-03	0.000000e+00	0.000000e+00	0.000000e+00	
590	5.000021e-03	0.000000e+00	0.000000e+00	0.000000e+00	
591	5.000021e-03	0.000000e+00	0.000000e+00	0.000000e+00	
592	5.000021e-03	0.000000e+00	0.000000e+00	0.000000e+00	
593	5.000022e-03	0.000000e+00	0.000000e+00	0.000000e+00	
594	5.000022e-03	0.000000e+00	0.000000e+00	0.000000e+00	
595	5.000022e-03	0.000000e+00	0.000000e+00	0.000000e+00	
596	5.000022e-03	0.000000e+00	0.000000e+00	0.000000e+00	
597	5.000022e-03	0.000000e+00	0.000000e+00	0.000000e+00	
598	5.000023e-03	0.000000e+00	0.000000e+00	0.000000e+00	
599	5.000023e-03	0.000000e+00	0.000000e+00	0.000000e+00	
600	5.000023e-03	0.000000e+00	0.000000e+00	0.000000e+00	
601	5.000023e-03	0.000000e+00	0.000000e+00	0.000000e+00	
602	5.000023e-03	0.000000e+00	0.000000e+00	0.000000e+00	
603	5.000023e-03	0.000000e+00	0.000000e+00	0.000000e+00	
604	5.000023e-03	0.000000e+00	0.000000e+00	0.000000e+00	
605	5.000023e-03	0.000000e+00	0.000000e+00	0.000000e+00	
606	5.000023e-03	0.000000e+00	0.000000e+00	0.000000e+00	
607	5.000023e-03	0.000000e+00	0.000000e+00	0.000000e+00	
608	5.000023e-03	0.000000e+00	0.000000e+00	0.000000e+00	
609	5.000023e-03	0.000000e+00	0.000000e+00	0.000000e+00	
610	5.000023e-03	0.000000e+00	0.000000e+00	0.000000e+00	
611	5.000024e-03	0.000000e+00	0.000000e+00	0.000000e+00	
612	5.000024e-03	0.000000e+00	0.000000e+00	0.000000e+00	
613	5.000024e-03	0.000000e+00	0.000000e+00	0.000000e+00	
614	5.000024e-03	0.000000e+00	0.000000e+00	0.000000e+00	
615	5.000024e-03	0.000000e+00	0.000000e+00	0.000000e+00	
616	5.000025e-03	0.000000e+00	0.000000e+00	0.000000e+00	
617	5.000025e-03	0.000000e+00	0.000000e+00	0.000000e+00	
618	5.000025e-03	0.000000e+00	0.000000e+00	0.000000e+00	
619	5.000025e-03	0.000000e+00	0.000000e+00	0.000000e+00	
620	5.000025e-03	0.000000e+00	0.000000e+00	0.000000e+00	
621	5.000025e-03	0.000000e+00	0.000000e+00	0.000000e+00	
622	5.000025e-03	0.000000e+00	0.000000e+00	0.000000e+00	
623	5.000025e-03	0.000000e+00	0.000000e+00	0.000000e+00	
624	5.000025e-03	0.000000e+00	0.000000e+00	0.000000e+00	
625	5.000025e-03	0.000000e+00	0.000000e+00	0.000000e+00	
626	5.000025e-03	0.000000e+00	0.000000e+00	0.000000e+00	
627	5.000025e-03	0.000000e+00	0.000000e+00	0.000000e+00	
628	5.000025e-03	0.000000e+00	0.000000e+00	0.000000e+00	
629	5.000025e-03	0.000000e+00	0.000000e+00	0.000000e+00	
630	5.000025e-03	0.000000e+00	0.000000e+00	0.000000e+00	
631	5.000025e-03	0.000000e+00	0.000000e+00	0.000000e+00	
632	5.000025e-03	0.000000e+00	0.000000e+00	0.000000e+00	
633	5.000025e-03	0.000000e+00	0.000000e+00	0.000000e+00	
634	5.000025e-03	0.000000e+00	0.000000e+00	0.000000e+00	

Index   time            a3#branch_1_0   a4#branch_1_0   a5#branch_1_0   
--------------------------------------------------------------------------------
635	5.000025e-03	0.000000e+00	0.000000e+00	0.000000e+00	
636	5.000025e-03	0.000000e+00	0.000000e+00	0.000000e+00	
637	5.000025e-03	0.000000e+00	0.000000e+00	0.000000e+00	
638	5.000026e-03	0.000000e+00	0.000000e+00	0.000000e+00	
639	5.000026e-03	0.000000e+00	0.000000e+00	0.000000e+00	
640	5.000026e-03	0.000000e+00	0.000000e+00	0.000000e+00	
641	5.000026e-03	0.000000e+00	0.000000e+00	0.000000e+00	
642	5.000026e-03	0.000000e+00	0.000000e+00	0.000000e+00	
643	5.000027e-03	0.000000e+00	0.000000e+00	0.000000e+00	
644	5.000027e-03	0.000000e+00	0.000000e+00	0.000000e+00	
645	5.000027e-03	0.000000e+00	0.000000e+00	0.000000e+00	
646	5.000027e-03	0.000000e+00	0.000000e+00	0.000000e+00	
647	5.000027e-03	0.000000e+00	0.000000e+00	0.000000e+00	
648	5.000028e-03	0.000000e+00	0.000000e+00	0.000000e+00	
649	5.000028e-03	0.000000e+00	0.000000e+00	0.000000e+00	
650	5.000028e-03	0.000000e+00	0.000000e+00	0.000000e+00	
651	5.000028e-03	0.000000e+00	0.000000e+00	0.000000e+00	
652	5.000028e-03	0.000000e+00	0.000000e+00	0.000000e+00	
653	5.000028e-03	0.000000e+00	0.000000e+00	0.000000e+00	
654	5.000028e-03	0.000000e+00	0.000000e+00	0.000000e+00	
655	5.000028e-03	0.000000e+00	0.000000e+00	0.000000e+00	
656	5.000028e-03	0.000000e+00	0.000000e+00	0.000000e+00	
657	5.000028e-03	0.000000e+00	0.000000e+00	0.000000e+00	
658	5.000028e-03	0.000000e+00	0.000000e+00	0.000000e+00	
659	5.000029e-03	0.000000e+00	0.000000e+00	0.000000e+00	
660	5.000029e-03	0.000000e+00	0.000000e+00	0.000000e+00	
661	5.000029e-03	0.000000e+00	0.000000e+00	0.000000e+00	
662	5.000029e-03	0.000000e+00	0.000000e+00	0.000000e+00	
663	5.000029e-03	0.000000e+00	0.000000e+00	0.000000e+00	
664	5.000029e-03	0.000000e+00	0.000000e+00	0.000000e+00	
665	5.000029e-03	0.000000e+00	0.000000e+00	0.000000e+00	
666	5.000029e-03	0.000000e+00	0.000000e+00	0.000000e+00	
667	5.000029e-03	0.000000e+00	0.000000e+00	0.000000e+00	
668	5.000029e-03	0.000000e+00	0.000000e+00	0.000000e+00	
669	5.000029e-03	0.000000e+00	0.000000e+00	0.000000e+00	
670	5.000030e-03	0.000000e+00	0.000000e+00	0.000000e+00	
671	5.000030e-03	0.000000e+00	0.000000e+00	0.000000e+00	
672	5.000031e-03	0.000000e+00	0.000000e+00	0.000000e+00	
673	5.000031e-03	0.000000e+00	0.000000e+00	0.000000e+00	
674	5.000031e-03	0.000000e+00	0.000000e+00	0.000000e+00	
675	5.000031e-03	0.000000e+00	0.000000e+00	0.000000e+00	
676	5.000031e-03	0.000000e+00	0.000000e+00	0.000000e+00	
677	5.000031e-03	0.000000e+00	0.000000e+00	0.000000e+00	
678	5.000031e-03	0.000000e+00	0.000000e+00	0.000000e+00	
679	5.000031e-03	0.000000e+00	0.000000e+00	0.000000e+00	
680	5.000031e-03	0.000000e+00	0.000000e+00	0.000000e+00	
681	5.000031e-03	0.000000e+00	0.000000e+00	0.000000e+00	
682	5.000032e-03	0.000000e+00	0.000000e+00	0.000000e+00	
683	5.000032e-03	0.000000e+00	0.000000e+00	0.000000e+00	
684	5.000033e-03	0.000000e+00	0.000000e+00	0.000000e+00	
685	5.000035e-03	0.000000e+00	0.000000e+00	0.000000e+00	
686	5.000039e-03	0.000000e+00	0.000000e+00	0.000000e+00	
687	5.000047e-03	0.000000e+00	0.000000e+00	0.000000e+00	
688	5.000064e-03	0.000000e+00	0.000000e+00	0.000000e+00	
689	5.000097e-03	0.000000e+00	0.000000e+00	0.000000e+00	
690	5.000162e-03	0.000000e+00	0.000000e+00	0.000000e+00	
691	5.000293e-03	0.000000e+00	0.000000e+00	0.000000e+00	
692	5.000555e-03	0.000000e+00	0.000000e+00	0.000000e+00	

Index   time            a3#branch_1_0   a4#branch_1_0   a5#branch_1_0   
--------------------------------------------------------------------------------
693	5.001080e-03	0.000000e+00	0.000000e+00	0.000000e+00	
694	5.002128e-03	0.000000e+00	0.000000e+00	0.000000e+00	
695	5.004225e-03	0.000000e+00	0.000000e+00	0.000000e+00	
696	5.008420e-03	0.000000e+00	0.000000e+00	0.000000e+00	
697	5.016808e-03	0.000000e+00	0.000000e+00	0.000000e+00	
698	5.033586e-03	0.000000e+00	0.000000e+00	0.000000e+00	
699	5.067140e-03	0.000000e+00	0.000000e+00	0.000000e+00	
700	5.134249e-03	0.000000e+00	0.000000e+00	0.000000e+00	
701	5.234249e-03	0.000000e+00	0.000000e+00	0.000000e+00	
702	5.334249e-03	0.000000e+00	0.000000e+00	0.000000e+00	
703	5.434249e-03	0.000000e+00	0.000000e+00	0.000000e+00	
704	5.500010e-03	0.000000e+00	0.000000e+00	0.000000e+00	
705	5.500011e-03	0.000000e+00	0.000000e+00	0.000000e+00	
706	5.500013e-03	0.000000e+00	0.000000e+00	0.000000e+00	
707	5.500017e-03	0.000000e+00	0.000000e+00	0.000000e+00	
708	5.500020e-03	0.000000e+00	0.000000e+00	0.000000e+00	
709	5.500021e-03	0.000000e+00	0.000000e+00	0.000000e+00	
710	5.500021e-03	0.000000e+00	0.000000e+00	0.000000e+00	
711	5.500021e-03	0.000000e+00	0.000000e+00	0.000000e+00	
712	5.500021e-03	0.000000e+00	0.000000e+00	0.000000e+00	
713	5.500022e-03	0.000000e+00	0.000000e+00	0.000000e+00	
714	5.500022e-03	0.000000e+00	0.000000e+00	0.000000e+00	
715	5.500022e-03	0.000000e+00	0.000000e+00	0.000000e+00	
716	5.500022e-03	0.000000e+00	0.000000e+00	0.000000e+00	
717	5.500022e-03	0.000000e+00	0.000000e+00	0.000000e+00	
718	5.500023e-03	0.000000e+00	0.000000e+00	0.000000e+00	
719	5.500023e-03	0.000000e+00	0.000000e+00	0.000000e+00	
720	5.500023e-03	0.000000e+00	0.000000e+00	0.000000e+00	
721	5.500023e-03	0.000000e+00	0.000000e+00	0.000000e+00	
722	5.500023e-03	0.000000e+00	0.000000e+00	0.000000e+00	
723	5.500023e-03	0.000000e+00	0.000000e+00	0.000000e+00	
724	5.500023e-03	0.000000e+00	0.000000e+00	0.000000e+00	
725	5.500023e-03	0.000000e+00	0.000000e+00	0.000000e+00	
726	5.500023e-03	0.000000e+00	0.000000e+00	0.000000e+00	
727	5.500023e-03	0.000000e+00	0.000000e+00	0.000000e+00	
728	5.500023e-03	0.000000e+00	0.000000e+00	0.000000e+00	
729	5.500024e-03	0.000000e+00	0.000000e+00	0.000000e+00	
730	5.500024e-03	0.000000e+00	0.000000e+00	0.000000e+00	
731	5.500024e-03	0.000000e+00	0.000000e+00	0.000000e+00	
732	5.500024e-03	0.000000e+00	0.000000e+00	0.000000e+00	
733	5.500024e-03	0.000000e+00	0.000000e+00	0.000000e+00	
734	5.500024e-03	0.000000e+00	0.000000e+00	0.000000e+00	
735	5.500024e-03	0.000000e+00	0.000000e+00	0.000000e+00	
736	5.500024e-03	0.000000e+00	0.000000e+00	0.000000e+00	
737	5.500024e-03	0.000000e+00	0.000000e+00	0.000000e+00	
738	5.500024e-03	0.000000e+00	0.000000e+00	0.000000e+00	
739	5.500024e-03	0.000000e+00	0.000000e+00	0.000000e+00	
740	5.500025e-03	0.000000e+00	0.000000e+00	0.000000e+00	
741	5.500025e-03	0.000000e+00	0.000000e+00	0.000000e+00	
742	5.500025e-03	0.000000e+00	0.000000e+00	0.000000e+00	
743	5.500025e-03	0.000000e+00	0.000000e+00	0.000000e+00	
744	5.500025e-03	0.000000e+00	0.000000e+00	0.000000e+00	
745	5.500025e-03	0.000000e+00	0.000000e+00	0.000000e+00	
746	5.500025e-03	0.000000e+00	0.000000e+00	0.000000e+00	
747	5.500025e-03	0.000000e+00	0.000000e+00	0.000000e+00	
748	5.500025e-03	0.000000e+00	0.000000e+00	0.000000e+00	
749	5.500025e-03	0.000000e+00	0.000000e+00	0.000000e+00	
750	5.500025e-03	0.000000e+00	0.000000e+00	0.000000e+00	

Index   time            a3#branch_1_0   a4#branch_1_0   a5#branch_1_0   
--------------------------------------------------------------------------------
751	5.500025e-03	0.000000e+00	0.000000e+00	0.000000e+00	
752	5.500025e-03	0.000000e+00	0.000000e+00	0.000000e+00	
753	5.500026e-03	0.000000e+00	0.000000e+00	0.000000e+00	
754	5.500026e-03	0.000000e+00	0.000000e+00	0.000000e+00	
755	5.500026e-03	0.000000e+00	0.000000e+00	0.000000e+00	
756	5.500026e-03	0.000000e+00	0.000000e+00	0.000000e+00	
757	5.500026e-03	0.000000e+00	0.000000e+00	0.000000e+00	
758	5.500026e-03	0.000000e+00	0.000000e+00	0.000000e+00	
759	5.500026e-03	0.000000e+00	0.000000e+00	0.000000e+00	
760	5.500026e-03	0.000000e+00	0.000000e+00	0.000000e+00	
761	5.500026e-03	0.000000e+00	0.000000e+00	0.000000e+00	
762	5.500026e-03	0.000000e+00	0.000000e+00	0.000000e+00	
763	5.500026e-03	0.000000e+00	0.000000e+00	0.000000e+00	
764	5.500026e-03	0.000000e+00	0.000000e+00	0.000000e+00	
765	5.500026e-03	0.000000e+00	0.000000e+00	0.000000e+00	
766	5.500026e-03	0.000000e+00	0.000000e+00	0.000000e+00	
767	5.500027e-03	0.000000e+00	0.000000e+00	0.000000e+00	
768	5.500027e-03	0.000000e+00	0.000000e+00	0.000000e+00	
769	5.500027e-03	0.000000e+00	0.000000e+00	0.000000e+00	
770	5.500027e-03	0.000000e+00	0.000000e+00	0.000000e+00	
771	5.500027e-03	0.000000e+00	0.000000e+00	0.000000e+00	
772	5.500027e-03	0.000000e+00	0.000000e+00	0.000000e+00	
773	5.500027e-03	0.000000e+00	0.000000e+00	0.000000e+00	
774	5.500027e-03	0.000000e+00	0.000000e+00	0.000000e+00	
775	5.500027e-03	0.000000e+00	0.000000e+00	0.000000e+00	
776	5.500027e-03	0.000000e+00	0.000000e+00	0.000000e+00	
777	5.500027e-03	0.000000e+00	0.000000e+00	0.000000e+00	
778	5.500027e-03	0.000000e+00	0.000000e+00	0.000000e+00	
779	5.500027e-03	0.000000e+00	0.000000e+00	0.000000e+00	
780	5.500028e-03	0.000000e+00	0.000000e+00	0.000000e+00	
781	5.500028e-03	0.000000e+00	0.000000e+00	0.000000e+00	
782	5.500029e-03	0.000000e+00	0.000000e+00	0.000000e+00	
783	5.500029e-03	0.000000e+00	0.000000e+00	0.000000e+00	
784	5.500029e-03	0.000000e+00	0.000000e+00	0.000000e+00	
785	5.500029e-03	0.000000e+00	0.000000e+00	0.000000e+00	
786	5.500029e-03	0.000000e+00	0.000000e+00	0.000000e+00	
787	5.500029e-03	0.000000e+00	0.000000e+00	0.000000e+00	
788	5.500029e-03	0.000000e+00	0.000000e+00	0.000000e+00	
789	5.500029e-03	0.000000e+00	0.000000e+00	0.000000e+00	
790	5.500029e-03	0.000000e+00	0.000000e+00	0.000000e+00	
791	5.500029e-03	0.000000e+00	0.000000e+00	0.000000e+00	
792	5.500030e-03	0.000000e+00	0.000000e+00	0.000000e+00	
793	5.500030e-03	0.000000e+00	0.000000e+00	0.000000e+00	
794	5.500030e-03	0.000000e+00	0.000000e+00	0.000000e+00	
795	5.500030e-03	0.000000e+00	0.000000e+00	0.000000e+00	
796	5.500030e-03	0.000000e+00	0.000000e+00	0.000000e+00	
797	5.500031e-03	0.000000e+00	0.000000e+00	0.000000e+00	
798	5.500031e-03	0.000000e+00	0.000000e+00	0.000000e+00	
799	5.500033e-03	0.000000e+00	0.000000e+00	0.000000e+00	
800	5.500036e-03	0.000000e+00	0.000000e+00	0.000000e+00	
801	5.500043e-03	0.000000e+00	0.000000e+00	0.000000e+00	
802	5.500056e-03	0.000000e+00	0.000000e+00	0.000000e+00	
803	5.500082e-03	0.000000e+00	0.000000e+00	0.000000e+00	
804	5.500135e-03	0.000000e+00	0.000000e+00	0.000000e+00	
805	5.500240e-03	0.000000e+00	0.000000e+00	0.000000e+00	
806	5.500449e-03	0.000000e+00	0.000000e+00	0.000000e+00	
807	5.500869e-03	0.000000e+00	0.000000e+00	0.000000e+00	
808	5.501708e-03	0.000000e+00	0.000000e+00	0.000000e+00	

Index   time            a3#branch_1_0   a4#branch_1_0   a5#branch_1_0   
--------------------------------------------------------------------------------
809	5.503385e-03	0.000000e+00	0.000000e+00	0.000000e+00	
810	5.506741e-03	0.000000e+00	0.000000e+00	0.000000e+00	
811	5.513452e-03	0.000000e+00	0.000000e+00	0.000000e+00	
812	5.526873e-03	0.000000e+00	0.000000e+00	0.000000e+00	
813	5.553717e-03	0.000000e+00	0.000000e+00	0.000000e+00	
814	5.607404e-03	0.000000e+00	0.000000e+00	0.000000e+00	
815	5.707404e-03	0.000000e+00	0.000000e+00	0.000000e+00	
816	5.807404e-03	0.000000e+00	0.000000e+00	0.000000e+00	
817	5.907404e-03	0.000000e+00	0.000000e+00	0.000000e+00	
818	6.000000e-03	0.000000e+00	0.000000e+00	0.000000e+00	
819	6.000001e-03	0.000000e+00	0.000000e+00	0.000000e+00	
820	6.000003e-03	0.000000e+00	0.000000e+00	0.000000e+00	
821	6.000007e-03	0.000000e+00	0.000000e+00	0.000000e+00	
822	6.000008e-03	0.000000e+00	0.000000e+00	0.000000e+00	
823	6.000008e-03	0.000000e+00	0.000000e+00	0.000000e+00	
824	6.000008e-03	0.000000e+00	0.000000e+00	0.000000e+00	
825	6.000008e-03	0.000000e+00	0.000000e+00	0.000000e+00	
826	6.000008e-03	0.000000e+00	0.000000e+00	0.000000e+00	
827	6.000008e-03	0.000000e+00	0.000000e+00	0.000000e+00	
828	6.000008e-03	0.000000e+00	0.000000e+00	0.000000e+00	
829	6.000008e-03	0.000000e+00	0.000000e+00	0.000000e+00	
830	6.000008e-03	0.000000e+00	0.000000e+00	0.000000e+00	
831	6.000008e-03	0.000000e+00	0.000000e+00	0.000000e+00	
832	6.000009e-03	0.000000e+00	0.000000e+00	0.000000e+00	
833	6.000009e-03	0.000000e+00	0.000000e+00	0.000000e+00	
834	6.000009e-03	0.000000e+00	0.000000e+00	0.000000e+00	
835	6.000009e-03	0.000000e+00	0.000000e+00	0.000000e+00	
836	6.000009e-03	0.000000e+00	0.000000e+00	0.000000e+00	
837	6.000009e-03	0.000000e+00	0.000000e+00	0.000000e+00	
838	6.000009e-03	0.000000e+00	0.000000e+00	0.000000e+00	
839	6.000009e-03	0.000000e+00	0.000000e+00	0.000000e+00	
840	6.000009e-03	0.000000e+00	0.000000e+00	0.000000e+00	
841	6.000009e-03	0.000000e+00	0.000000e+00	0.000000e+00	
842	6.000009e-03	0.000000e+00	0.000000e+00	0.000000e+00	
843	6.000010e-03	0.000000e+00	0.000000e+00	0.000000e+00	
844	6.000010e-03	0.000000e+00	0.000000e+00	0.000000e+00	
845	6.000010e-03	0.000000e+00	0.000000e+00	0.000000e+00	
846	6.000010e-03	0.000000e+00	0.000000e+00	0.000000e+00	
847	6.000010e-03	0.000000e+00	0.000000e+00	0.000000e+00	
848	6.000011e-03	0.000000e+00	0.000000e+00	0.000000e+00	
849	6.000012e-03	0.000000e+00	0.000000e+00	0.000000e+00	
850	6.000012e-03	0.000000e+00	0.000000e+00	0.000000e+00	
851	6.000012e-03	0.000000e+00	0.000000e+00	0.000000e+00	
852	6.000012e-03	0.000000e+00	0.000000e+00	0.000000e+00	
853	6.000013e-03	0.000000e+00	0.000000e+00	0.000000e+00	
854	6.000013e-03	0.000000e+00	0.000000e+00	0.000000e+00	
855	6.000013e-03	0.000000e+00	0.000000e+00	0.000000e+00	
856	6.000013e-03	0.000000e+00	0.000000e+00	0.000000e+00	
857	6.000013e-03	0.000000e+00	0.000000e+00	0.000000e+00	
858	6.000013e-03	0.000000e+00	0.000000e+00	0.000000e+00	
859	6.000013e-03	0.000000e+00	0.000000e+00	0.000000e+00	
860	6.000013e-03	0.000000e+00	0.000000e+00	0.000000e+00	
861	6.000013e-03	0.000000e+00	0.000000e+00	0.000000e+00	
862	6.000013e-03	0.000000e+00	0.000000e+00	0.000000e+00	
863	6.000013e-03	0.000000e+00	0.000000e+00	0.000000e+00	
864	6.000013e-03	0.000000e+00	0.000000e+00	0.000000e+00	
865	6.000014e-03	0.000000e+00	0.000000e+00	0.000000e+00	
866	6.000014e-03	0.000000e+00	0.000000e+00	0.000000e+00	

Index   time            a3#branch_1_0   a4#branch_1_0   a5#branch_1_0   
--------------------------------------------------------------------------------
867	6.000014e-03	0.000000e+00	0.000000e+00	0.000000e+00	
868	6.000014e-03	0.000000e+00	0.000000e+00	0.000000e+00	
869	6.000015e-03	0.000000e+00	0.000000e+00	0.000000e+00	
870	6.000015e-03	0.000000e+00	0.000000e+00	0.000000e+00	
871	6.000015e-03	0.000000e+00	0.000000e+00	0.000000e+00	
872	6.000015e-03	0.000000e+00	0.000000e+00	0.000000e+00	
873	6.000015e-03	0.000000e+00	0.000000e+00	0.000000e+00	
874	6.000016e-03	0.000000e+00	0.000000e+00	0.000000e+00	
875	6.000016e-03	0.000000e+00	0.000000e+00	0.000000e+00	
876	6.000016e-03	0.000000e+00	0.000000e+00	0.000000e+00	
877	6.000016e-03	0.000000e+00	0.000000e+00	0.000000e+00	
878	6.000016e-03	0.000000e+00	0.000000e+00	0.000000e+00	
879	6.000016e-03	0.000000e+00	0.000000e+00	0.000000e+00	
880	6.000016e-03	0.000000e+00	0.000000e+00	0.000000e+00	
881	6.000016e-03	0.000000e+00	0.000000e+00	0.000000e+00	
882	6.000016e-03	0.000000e+00	0.000000e+00	0.000000e+00	
883	6.000016e-03	0.000000e+00	0.000000e+00	0.000000e+00	
884	6.000016e-03	0.000000e+00	0.000000e+00	0.000000e+00	
885	6.000017e-03	0.000000e+00	0.000000e+00	0.000000e+00	
886	6.000017e-03	0.000000e+00	0.000000e+00	0.000000e+00	
887	6.000017e-03	0.000000e+00	0.000000e+00	0.000000e+00	
888	6.000017e-03	0.000000e+00	0.000000e+00	0.000000e+00	
889	6.000017e-03	0.000000e+00	0.000000e+00	0.000000e+00	
890	6.000017e-03	0.000000e+00	0.000000e+00	0.000000e+00	
891	6.000017e-03	0.000000e+00	0.000000e+00	0.000000e+00	
892	6.000017e-03	0.000000e+00	0.000000e+00	0.000000e+00	
893	6.000017e-03	0.000000e+00	0.000000e+00	0.000000e+00	
894	6.000017e-03	0.000000e+00	0.000000e+00	0.000000e+00	
895	6.000017e-03	0.000000e+00	0.000000e+00	0.000000e+00	
896	6.000018e-03	0.000000e+00	0.000000e+00	0.000000e+00	
897	6.000018e-03	0.000000e+00	0.000000e+00	0.000000e+00	
898	6.000018e-03	0.000000e+00	0.000000e+00	0.000000e+00	
899	6.000018e-03	0.000000e+00	0.000000e+00	0.000000e+00	
900	6.000018e-03	0.000000e+00	0.000000e+00	0.000000e+00	
901	6.000019e-03	0.000000e+00	0.000000e+00	0.000000e+00	
902	6.000019e-03	0.000000e+00	0.000000e+00	0.000000e+00	
903	6.000020e-03	0.000000e+00	0.000000e+00	0.000000e+00	
904	6.000020e-03	0.000000e+00	0.000000e+00	0.000000e+00	
905	6.000020e-03	0.000000e+00	0.000000e+00	0.000000e+00	
906	6.000021e-03	0.000000e+00	0.000000e+00	0.000000e+00	
907	6.000021e-03	0.000000e+00	0.000000e+00	0.000000e+00	
908	6.000021e-03	0.000000e+00	0.000000e+00	0.000000e+00	
909	6.000021e-03	0.000000e+00	0.000000e+00	0.000000e+00	
910	6.000022e-03	0.000000e+00	0.000000e+00	0.000000e+00	
911	6.000022e-03	0.000000e+00	0.000000e+00	0.000000e+00	
912	6.000022e-03	0.000000e+00	0.000000e+00	0.000000e+00	
913	6.000022e-03	0.000000e+00	0.000000e+00	0.000000e+00	
914	6.000022e-03	0.000000e+00	0.000000e+00	0.000000e+00	
915	6.000022e-03	0.000000e+00	0.000000e+00	0.000000e+00	
916	6.000022e-03	0.000000e+00	0.000000e+00	0.000000e+00	
917	6.000022e-03	0.000000e+00	0.000000e+00	0.000000e+00	
918	6.000022e-03	0.000000e+00	0.000000e+00	0.000000e+00	
919	6.000022e-03	0.000000e+00	0.000000e+00	0.000000e+00	
920	6.000022e-03	0.000000e+00	0.000000e+00	0.000000e+00	
921	6.000022e-03	0.000000e+00	0.000000e+00	0.000000e+00	
922	6.000023e-03	0.000000e+00	0.000000e+00	0.000000e+00	
923	6.000023e-03	0.000000e+00	0.000000e+00	0.000000e+00	
924	6.000023e-03	0.000000e+00	0.000000e+00	0.000000e+00	

Index   time            a3#branch_1_0   a4#branch_1_0   a5#branch_1_0   
--------------------------------------------------------------------------------
925	6.000023e-03	0.000000e+00	0.000000e+00	0.000000e+00	
926	6.000023e-03	0.000000e+00	0.000000e+00	0.000000e+00	
927	6.000023e-03	0.000000e+00	0.000000e+00	0.000000e+00	
928	6.000023e-03	0.000000e+00	0.000000e+00	0.000000e+00	
929	6.000023e-03	0.000000e+00	0.000000e+00	0.000000e+00	
930	6.000023e-03	0.000000e+00	0.000000e+00	0.000000e+00	
931	6.000023e-03	0.000000e+00	0.000000e+00	0.000000e+00	
932	6.000024e-03	0.000000e+00	0.000000e+00	0.000000e+00	
933	6.000024e-03	0.000000e+00	0.000000e+00	0.000000e+00	
934	6.000024e-03	0.000000e+00	0.000000e+00	0.000000e+00	
935	6.000024e-03	0.000000e+00	0.000000e+00	0.000000e+00	
936	6.000024e-03	0.000000e+00	0.000000e+00	0.000000e+00	
937	6.000024e-03	0.000000e+00	0.000000e+00	0.000000e+00	
938	6.000024e-03	0.000000e+00	0.000000e+00	0.000000e+00	
939	6.000024e-03	0.000000e+00	0.000000e+00	0.000000e+00	
940	6.000024e-03	0.000000e+00	0.000000e+00	0.000000e+00	
941	6.000024e-03	0.000000e+00	0.000000e+00	0.000000e+00	
942	6.000024e-03	0.000000e+00	0.000000e+00	0.000000e+00	
943	6.000024e-03	0.000000e+00	0.000000e+00	0.000000e+00	
944	6.000024e-03	0.000000e+00	0.000000e+00	0.000000e+00	
945	6.000025e-03	0.000000e+00	0.000000e+00	0.000000e+00	
946	6.000025e-03	0.000000e+00	0.000000e+00	0.000000e+00	
947	6.000025e-03	0.000000e+00	0.000000e+00	0.000000e+00	
948	6.000025e-03	0.000000e+00	0.000000e+00	0.000000e+00	
949	6.000025e-03	0.000000e+00	0.000000e+00	0.000000e+00	
950	6.000025e-03	0.000000e+00	0.000000e+00	0.000000e+00	
951	6.000025e-03	0.000000e+00	0.000000e+00	0.000000e+00	
952	6.000025e-03	0.000000e+00	0.000000e+00	0.000000e+00	
953	6.000025e-03	0.000000e+00	0.000000e+00	0.000000e+00	
954	6.000025e-03	0.000000e+00	0.000000e+00	0.000000e+00	
955	6.000025e-03	0.000000e+00	0.000000e+00	0.000000e+00	
956	6.000025e-03	0.000000e+00	0.000000e+00	0.000000e+00	
957	6.000025e-03	0.000000e+00	0.000000e+00	0.000000e+00	
958	6.000025e-03	0.000000e+00	0.000000e+00	0.000000e+00	
959	6.000026e-03	0.000000e+00	0.000000e+00	0.000000e+00	
960	6.000026e-03	0.000000e+00	0.000000e+00	0.000000e+00	
961	6.000026e-03	0.000000e+00	0.000000e+00	0.000000e+00	
962	6.000026e-03	0.000000e+00	0.000000e+00	0.000000e+00	
963	6.000026e-03	0.000000e+00	0.000000e+00	0.000000e+00	
964	6.000026e-03	0.000000e+00	0.000000e+00	0.000000e+00	
965	6.000026e-03	0.000000e+00	0.000000e+00	0.000000e+00	
966	6.000026e-03	0.000000e+00	0.000000e+00	0.000000e+00	
967	6.000026e-03	0.000000e+00	0.000000e+00	0.000000e+00	
968	6.000026e-03	0.000000e+00	0.000000e+00	0.000000e+00	
969	6.000026e-03	0.000000e+00	0.000000e+00	0.000000e+00	
970	6.000026e-03	0.000000e+00	0.000000e+00	0.000000e+00	
971	6.000026e-03	0.000000e+00	0.000000e+00	0.000000e+00	
972	6.000026e-03	0.000000e+00	0.000000e+00	0.000000e+00	
973	6.000026e-03	0.000000e+00	0.000000e+00	0.000000e+00	
974	6.000026e-03	0.000000e+00	0.000000e+00	0.000000e+00	
975	6.000026e-03	0.000000e+00	0.000000e+00	0.000000e+00	
976	6.000026e-03	0.000000e+00	0.000000e+00	0.000000e+00	
977	6.000026e-03	0.000000e+00	0.000000e+00	0.000000e+00	
978	6.000026e-03	0.000000e+00	0.000000e+00	0.000000e+00	
979	6.000026e-03	0.000000e+00	0.000000e+00	0.000000e+00	
980	6.000026e-03	0.000000e+00	0.000000e+00	0.000000e+00	
981	6.000026e-03	0.000000e+00	0.000000e+00	0.000000e+00	
982	6.000026e-03	0.000000e+00	0.000000e+00	0.000000e+00	

Index   time            a3#branch_1_0   a4#branch_1_0   a5#branch_1_0   
--------------------------------------------------------------------------------
983	6.000026e-03	0.000000e+00	0.000000e+00	0.000000e+00	
984	6.000027e-03	0.000000e+00	0.000000e+00	0.000000e+00	
985	6.000027e-03	0.000000e+00	0.000000e+00	0.000000e+00	
986	6.000027e-03	0.000000e+00	0.000000e+00	0.000000e+00	
987	6.000027e-03	0.000000e+00	0.000000e+00	0.000000e+00	
988	6.000027e-03	0.000000e+00	0.000000e+00	0.000000e+00	
989	6.000028e-03	0.000000e+00	0.000000e+00	0.000000e+00	
990	6.000028e-03	0.000000e+00	0.000000e+00	0.000000e+00	
991	6.000028e-03	0.000000e+00	0.000000e+00	0.000000e+00	
992	6.000028e-03	0.000000e+00	0.000000e+00	0.000000e+00	
993	6.000029e-03	0.000000e+00	0.000000e+00	0.000000e+00	
994	6.000029e-03	0.000000e+00	0.000000e+00	0.000000e+00	
995	6.000029e-03	0.000000e+00	0.000000e+00	0.000000e+00	
996	6.000029e-03	0.000000e+00	0.000000e+00	0.000000e+00	
997	6.000029e-03	0.000000e+00	0.000000e+00	0.000000e+00	
998	6.000029e-03	0.000000e+00	0.000000e+00	0.000000e+00	
999	6.000029e-03	0.000000e+00	0.000000e+00	0.000000e+00	
1000	6.000029e-03	0.000000e+00	0.000000e+00	0.000000e+00	
1001	6.000029e-03	0.000000e+00	0.000000e+00	0.000000e+00	
1002	6.000030e-03	0.000000e+00	0.000000e+00	0.000000e+00	
1003	6.000030e-03	0.000000e+00	0.000000e+00	0.000000e+00	
1004	6.000030e-03	0.000000e+00	0.000000e+00	0.000000e+00	
1005	6.000030e-03	0.000000e+00	0.000000e+00	0.000000e+00	
1006	6.000030e-03	0.000000e+00	0.000000e+00	0.000000e+00	
1007	6.000031e-03	0.000000e+00	0.000000e+00	0.000000e+00	
1008	6.000031e-03	0.000000e+00	0.000000e+00	0.000000e+00	
1009	6.000031e-03	0.000000e+00	0.000000e+00	0.000000e+00	
1010	6.000031e-03	0.000000e+00	0.000000e+00	0.000000e+00	
1011	6.000031e-03	0.000000e+00	0.000000e+00	0.000000e+00	
1012	6.000031e-03	0.000000e+00	0.000000e+00	0.000000e+00	
1013	6.000031e-03	0.000000e+00	0.000000e+00	0.000000e+00	
1014	6.000031e-03	0.000000e+00	0.000000e+00	0.000000e+00	
1015	6.000031e-03	0.000000e+00	0.000000e+00	0.000000e+00	
1016	6.000031e-03	0.000000e+00	0.000000e+00	0.000000e+00	
1017	6.000031e-03	0.000000e+00	0.000000e+00	0.000000e+00	
1018	6.000032e-03	0.000000e+00	0.000000e+00	0.000000e+00	
1019	6.000032e-03	0.000000e+00	0.000000e+00	0.000000e+00	
1020	6.000033e-03	0.000000e+00	0.000000e+00	0.000000e+00	
1021	6.000035e-03	0.000000e+00	0.000000e+00	0.000000e+00	
1022	6.000039e-03	0.000000e+00	0.000000e+00	0.000000e+00	
1023	6.000048e-03	0.000000e+00	0.000000e+00	0.000000e+00	
1024	6.000064e-03	0.000000e+00	0.000000e+00	0.000000e+00	
1025	6.000097e-03	0.000000e+00	0.000000e+00	0.000000e+00	
1026	6.000162e-03	0.000000e+00	0.000000e+00	0.000000e+00	
1027	6.000293e-03	0.000000e+00	0.000000e+00	0.000000e+00	
1028	6.000555e-03	0.000000e+00	0.000000e+00	0.000000e+00	
1029	6.001080e-03	0.000000e+00	0.000000e+00	0.000000e+00	
1030	6.002128e-03	0.000000e+00	0.000000e+00	0.000000e+00	
1031	6.004225e-03	0.000000e+00	0.000000e+00	0.000000e+00	
1032	6.008420e-03	0.000000e+00	0.000000e+00	0.000000e+00	
1033	6.016808e-03	0.000000e+00	0.000000e+00	0.000000e+00	
1034	6.033586e-03	0.000000e+00	0.000000e+00	0.000000e+00	
1035	6.067140e-03	0.000000e+00	0.000000e+00	0.000000e+00	
1036	6.134249e-03	0.000000e+00	0.000000e+00	0.000000e+00	
1037	6.234249e-03	0.000000e+00	0.000000e+00	0.000000e+00	
1038	6.334249e-03	0.000000e+00	0.000000e+00	0.000000e+00	
1039	6.434249e-03	0.000000e+00	0.000000e+00	0.000000e+00	
1040	6.500010e-03	0.000000e+00	0.000000e+00	0.000000e+00	

Index   time            a3#branch_1_0   a4#branch_1_0   a5#branch_1_0   
--------------------------------------------------------------------------------
1041	6.500011e-03	0.000000e+00	0.000000e+00	0.000000e+00	
1042	6.500013e-03	0.000000e+00	0.000000e+00	0.000000e+00	
1043	6.500017e-03	0.000000e+00	0.000000e+00	0.000000e+00	
1044	6.500020e-03	0.000000e+00	0.000000e+00	0.000000e+00	
1045	6.500021e-03	0.000000e+00	0.000000e+00	0.000000e+00	
1046	6.500021e-03	0.000000e+00	0.000000e+00	0.000000e+00	
1047	6.500021e-03	0.000000e+00	0.000000e+00	0.000000e+00	
1048	6.500021e-03	0.000000e+00	0.000000e+00	0.000000e+00	
1049	6.500022e-03	0.000000e+00	0.000000e+00	0.000000e+00	
1050	6.500022e-03	0.000000e+00	0.000000e+00	0.000000e+00	
1051	6.500022e-03	0.000000e+00	0.000000e+00	0.000000e+00	
1052	6.500022e-03	0.000000e+00	0.000000e+00	0.000000e+00	
1053	6.500022e-03	0.000000e+00	0.000000e+00	0.000000e+00	
1054	6.500023e-03	0.000000e+00	0.000000e+00	0.000000e+00	
1055	6.500023e-03	0.000000e+00	0.000000e+00	0.000000e+00	
1056	6.500023e-03	0.000000e+00	0.000000e+00	0.000000e+00	
1057	6.500023e-03	0.000000e+00	0.000000e+00	0.000000e+00	
1058	6.500023e-03	0.000000e+00	0.000000e+00	0.000000e+00	
1059	6.500024e-03	0.000000e+00	0.000000e+00	0.000000e+00	
1060	6.500024e-03	0.000000e+00	0.000000e+00	0.000000e+00	
1061	6.500024e-03	0.000000e+00	0.000000e+00	0.000000e+00	
1062	6.500024e-03	0.000000e+00	0.000000e+00	0.000000e+00	
1063	6.500024e-03	0.000000e+00	0.000000e+00	0.000000e+00	
1064	6.500025e-03	0.000000e+00	0.000000e+00	0.000000e+00	
1065	6.500025e-03	0.000000e+00	0.000000e+00	0.000000e+00	
1066	6.500025e-03	0.000000e+00	0.000000e+00	0.000000e+00	
1067	6.500025e-03	0.000000e+00	0.000000e+00	0.000000e+00	
1068	6.500025e-03	0.000000e+00	0.000000e+00	0.000000e+00	
1069	6.500025e-03	0.000000e+00	0.000000e+00	0.000000e+00	
1070	6.500025e-03	0.000000e+00	0.000000e+00	0.000000e+00	
1071	6.500025e-03	0.000000e+00	0.000000e+00	0.000000e+00	
1072	6.500025e-03	0.000000e+00	0.000000e+00	0.000000e+00	
1073	6.500025e-03	0.000000e+00	0.000000e+00	0.000000e+00	
1074	6.500025e-03	0.000000e+00	0.000000e+00	0.000000e+00	
1075	6.500026e-03	0.000000e+00	0.000000e+00	0.000000e+00	
1076	6.500026e-03	0.000000e+00	0.000000e+00	0.000000e+00	
1077	6.500026e-03	0.000000e+00	0.000000e+00	0.000000e+00	
1078	6.500026e-03	0.000000e+00	0.000000e+00	0.000000e+00	
1079	6.500026e-03	0.000000e+00	0.000000e+00	0.000000e+00	
1080	6.500026e-03	0.000000e+00	0.000000e+00	0.000000e+00	
1081	6.500026e-03	0.000000e+00	0.000000e+00	0.000000e+00	
1082	6.500026e-03	0.000000e+00	0.000000e+00	0.000000e+00	
1083	6.500026e-03	0.000000e+00	0.000000e+00	0.000000e+00	
1084	6.500026e-03	0.000000e+00	0.000000e+00	0.000000e+00	
1085	6.500026e-03	0.000000e+00	0.000000e+00	0.000000e+00	
1086	6.500027e-03	0.000000e+00	0.000000e+00	0.000000e+00	
1087	6.500027e-03	0.000000e+00	0.000000e+00	0.000000e+00	
1088	6.500028e-03	0.000000e+00	0.000000e+00	0.000000e+00	
1089	6.500030e-03	0.000000e+00	0.000000e+00	0.000000e+00	
1090	6.500034e-03	0.000000e+00	0.000000e+00	0.000000e+00	
1091	6.500042e-03	0.000000e+00	0.000000e+00	0.000000e+00	
1092	6.500059e-03	0.000000e+00	0.000000e+00	0.000000e+00	
1093	6.500092e-03	0.000000e+00	0.000000e+00	0.000000e+00	
1094	6.500157e-03	0.000000e+00	0.000000e+00	0.000000e+00	
1095	6.500288e-03	0.000000e+00	0.000000e+00	0.000000e+00	
1096	6.500550e-03	0.000000e+00	0.000000e+00	0.000000e+00	
1097	6.501075e-03	0.000000e+00	0.000000e+00	0.000000e+00	
1098	6.502123e-03	0.000000e+00	0.000000e+00	0.000000e+00	

Index   time            a3#branch_1_0   a4#branch_1_0   a5#branch_1_0   
--------------------------------------------------------------------------------
1099	6.504220e-03	0.000000e+00	0.000000e+00	0.000000e+00	
1100	6.508415e-03	0.000000e+00	0.000000e+00	0.000000e+00	
1101	6.516803e-03	0.000000e+00	0.000000e+00	0.000000e+00	
1102	6.533581e-03	0.000000e+00	0.000000e+00	0.000000e+00	
1103	6.567135e-03	0.000000e+00	0.000000e+00	0.000000e+00	
1104	6.634244e-03	0.000000e+00	0.000000e+00	0.000000e+00	
1105	6.734244e-03	0.000000e+00	0.000000e+00	0.000000e+00	
1106	6.834244e-03	0.000000e+00	0.000000e+00	0.000000e+00	
1107	6.934244e-03	0.000000e+00	0.000000e+00	0.000000e+00	
1108	7.000000e-03	0.000000e+00	0.000000e+00	0.000000e+00	
1109	7.000001e-03	0.000000e+00	0.000000e+00	0.000000e+00	
1110	7.000003e-03	0.000000e+00	0.000000e+00	0.000000e+00	
1111	7.000007e-03	0.000000e+00	0.000000e+00	0.000000e+00	
1112	7.000009e-03	0.000000e+00	0.000000e+00	0.000000e+00	
1113	7.000009e-03	0.000000e+00	0.000000e+00	0.000000e+00	
1114	7.000009e-03	0.000000e+00	0.000000e+00	0.000000e+00	
1115	7.000009e-03	0.000000e+00	0.000000e+00	0.000000e+00	
1116	7.000009e-03	0.000000e+00	0.000000e+00	0.000000e+00	
1117	7.000009e-03	0.000000e+00	0.000000e+00	0.000000e+00	
1118	7.000009e-03	0.000000e+00	0.000000e+00	0.000000e+00	
1119	7.000009e-03	0.000000e+00	0.000000e+00	0.000000e+00	
1120	7.000009e-03	0.000000e+00	0.000000e+00	0.000000e+00	
1121	7.000009e-03	0.000000e+00	0.000000e+00	0.000000e+00	
1122	7.000010e-03	0.000000e+00	0.000000e+00	0.000000e+00	
1123	7.000010e-03	0.000000e+00	0.000000e+00	0.000000e+00	
1124	7.000010e-03	0.000000e+00	0.000000e+00	0.000000e+00	
1125	7.000010e-03	0.000000e+00	0.000000e+00	0.000000e+00	
1126	7.000010e-03	0.000000e+00	0.000000e+00	0.000000e+00	
1127	7.000011e-03	0.000000e+00	0.000000e+00	0.000000e+00	
1128	7.000012e-03	0.000000e+00	0.000000e+00	0.000000e+00	
1129	7.000012e-03	0.000000e+00	0.000000e+00	0.000000e+00	
1130	7.000012e-03	0.000000e+00	0.000000e+00	0.000000e+00	
1131	7.000012e-03	0.000000e+00	0.000000e+00	0.000000e+00	
1132	7.000013e-03	0.000000e+00	0.000000e+00	0.000000e+00	
1133	7.000013e-03	0.000000e+00	0.000000e+00	0.000000e+00	
1134	7.000013e-03	0.000000e+00	0.000000e+00	0.000000e+00	
1135	7.000013e-03	0.000000e+00	0.000000e+00	0.000000e+00	
1136	7.000013e-03	0.000000e+00	0.000000e+00	0.000000e+00	
1137	7.000013e-03	0.000000e+00	0.000000e+00	0.000000e+00	
1138	7.000013e-03	0.000000e+00	0.000000e+00	0.000000e+00	
1139	7.000013e-03	0.000000e+00	0.000000e+00	0.000000e+00	
1140	7.000013e-03	0.000000e+00	0.000000e+00	0.000000e+00	
1141	7.000014e-03	0.000000e+00	0.000000e+00	0.000000e+00	
1142	7.000014e-03	0.000000e+00	0.000000e+00	0.000000e+00	
1143	7.000014e-03	0.000000e+00	0.000000e+00	0.000000e+00	
1144	7.000014e-03	0.000000e+00	0.000000e+00	0.000000e+00	
1145	7.000015e-03	0.000000e+00	0.000000e+00	0.000000e+00	
1146	7.000015e-03	0.000000e+00	0.000000e+00	0.000000e+00	
1147	7.000017e-03	0.000000e+00	0.000000e+00	0.000000e+00	
1148	7.000020e-03	0.000000e+00	0.000000e+00	0.000000e+00	
1149	7.000020e-03	0.000000e+00	0.000000e+00	0.000000e+00	
1150	7.000020e-03	0.000000e+00	0.000000e+00	0.000000e+00	
1151	7.000021e-03	0.000000e+00	0.000000e+00	0.000000e+00	
1152	7.000022e-03	0.000000e+00	0.000000e+00	0.000000e+00	
1153	7.000022e-03	0.000000e+00	0.000000e+00	0.000000e+00	
1154	7.000022e-03	0.000000e+00	0.000000e+00	0.000000e+00	
1155	7.000022e-03	0.000000e+00	0.000000e+00	0.000000e+00	
1156	7.000023e-03	0.000000e+00	0.000000e+00	0.000000e+00	

Index   time            a3#branch_1_0   a4#branch_1_0   a5#branch_1_0   
--------------------------------------------------------------------------------
1157	7.000023e-03	0.000000e+00	0.000000e+00	0.000000e+00	
1158	7.000023e-03	0.000000e+00	0.000000e+00	0.000000e+00	
1159	7.000023e-03	0.000000e+00	0.000000e+00	0.000000e+00	
1160	7.000023e-03	0.000000e+00	0.000000e+00	0.000000e+00	
1161	7.000023e-03	0.000000e+00	0.000000e+00	0.000000e+00	
1162	7.000023e-03	0.000000e+00	0.000000e+00	0.000000e+00	
1163	7.000023e-03	0.000000e+00	0.000000e+00	0.000000e+00	
1164	7.000024e-03	0.000000e+00	0.000000e+00	0.000000e+00	
1165	7.000024e-03	0.000000e+00	0.000000e+00	0.000000e+00	
1166	7.000024e-03	0.000000e+00	0.000000e+00	0.000000e+00	
1167	7.000024e-03	0.000000e+00	0.000000e+00	0.000000e+00	
1168	7.000024e-03	0.000000e+00	0.000000e+00	0.000000e+00	
1169	7.000025e-03	0.000000e+00	0.000000e+00	0.000000e+00	
1170	7.000025e-03	0.000000e+00	0.000000e+00	0.000000e+00	
1171	7.000025e-03	0.000000e+00	0.000000e+00	0.000000e+00	
1172	7.000025e-03	0.000000e+00	0.000000e+00	0.000000e+00	
1173	7.000026e-03	0.000000e+00	0.000000e+00	0.000000e+00	
1174	7.000026e-03	0.000000e+00	0.000000e+00	0.000000e+00	
1175	7.000026e-03	0.000000e+00	0.000000e+00	0.000000e+00	
1176	7.000026e-03	0.000000e+00	0.000000e+00	0.000000e+00	
1177	7.000027e-03	0.000000e+00	0.000000e+00	0.000000e+00	
1178	7.000027e-03	0.000000e+00	0.000000e+00	0.000000e+00	
1179	7.000027e-03	0.000000e+00	0.000000e+00	0.000000e+00	
1180	7.000027e-03	0.000000e+00	0.000000e+00	0.000000e+00	
1181	7.000027e-03	0.000000e+00	0.000000e+00	0.000000e+00	
1182	7.000027e-03	0.000000e+00	0.000000e+00	0.000000e+00	
1183	7.000027e-03	0.000000e+00	0.000000e+00	0.000000e+00	
1184	7.000027e-03	0.000000e+00	0.000000e+00	0.000000e+00	
1185	7.000027e-03	0.000000e+00	0.000000e+00	0.000000e+00	
1186	7.000027e-03	0.000000e+00	0.000000e+00	0.000000e+00	
1187	7.000027e-03	0.000000e+00	0.000000e+00	0.000000e+00	
1188	7.000027e-03	0.000000e+00	0.000000e+00	0.000000e+00	
1189	7.000028e-03	0.000000e+00	0.000000e+00	0.000000e+00	
1190	7.000029e-03	0.000000e+00	0.000000e+00	0.000000e+00	
1191	7.000031e-03	0.000000e+00	0.000000e+00	0.000000e+00	
1192	7.000035e-03	0.000000e+00	0.000000e+00	0.000000e+00	
1193	7.000043e-03	0.000000e+00	0.000000e+00	0.000000e+00	
1194	7.000060e-03	0.000000e+00	0.000000e+00	0.000000e+00	
1195	7.000092e-03	0.000000e+00	0.000000e+00	0.000000e+00	
1196	7.000158e-03	0.000000e+00	0.000000e+00	0.000000e+00	
1197	7.000289e-03	0.000000e+00	0.000000e+00	0.000000e+00	
1198	7.000551e-03	0.000000e+00	0.000000e+00	0.000000e+00	
1199	7.001075e-03	0.000000e+00	0.000000e+00	0.000000e+00	
1200	7.002124e-03	0.000000e+00	0.000000e+00	0.000000e+00	
1201	7.004221e-03	0.000000e+00	0.000000e+00	0.000000e+00	
1202	7.008415e-03	0.000000e+00	0.000000e+00	0.000000e+00	
1203	7.016804e-03	0.000000e+00	0.000000e+00	0.000000e+00	
1204	7.033581e-03	0.000000e+00	0.000000e+00	0.000000e+00	
1205	7.067136e-03	0.000000e+00	0.000000e+00	0.000000e+00	
1206	7.134245e-03	0.000000e+00	0.000000e+00	0.000000e+00	
1207	7.234245e-03	0.000000e+00	0.000000e+00	0.000000e+00	
1208	7.334245e-03	0.000000e+00	0.000000e+00	0.000000e+00	
1209	7.434245e-03	0.000000e+00	0.000000e+00	0.000000e+00	
1210	7.500010e-03	0.000000e+00	0.000000e+00	0.000000e+00	
1211	7.500011e-03	0.000000e+00	0.000000e+00	0.000000e+00	
1212	7.500013e-03	0.000000e+00	0.000000e+00	0.000000e+00	
1213	7.500017e-03	0.000000e+00	0.000000e+00	0.000000e+00	
1214	7.500020e-03	0.000000e+00	0.000000e+00	0.000000e+00	

Index   time            a3#branch_1_0   a4#branch_1_0   a5#branch_1_0   
--------------------------------------------------------------------------------
1215	7.500021e-03	0.000000e+00	0.000000e+00	0.000000e+00	
1216	7.500021e-03	0.000000e+00	0.000000e+00	0.000000e+00	
1217	7.500021e-03	0.000000e+00	0.000000e+00	0.000000e+00	
1218	7.500021e-03	0.000000e+00	0.000000e+00	0.000000e+00	
1219	7.500022e-03	0.000000e+00	0.000000e+00	0.000000e+00	
1220	7.500022e-03	0.000000e+00	0.000000e+00	0.000000e+00	
1221	7.500022e-03	0.000000e+00	0.000000e+00	0.000000e+00	
1222	7.500022e-03	0.000000e+00	0.000000e+00	0.000000e+00	
1223	7.500022e-03	0.000000e+00	0.000000e+00	0.000000e+00	
1224	7.500023e-03	0.000000e+00	0.000000e+00	0.000000e+00	
1225	7.500023e-03	0.000000e+00	0.000000e+00	0.000000e+00	
1226	7.500023e-03	0.000000e+00	0.000000e+00	0.000000e+00	
1227	7.500023e-03	0.000000e+00	0.000000e+00	0.000000e+00	
1228	7.500023e-03	0.000000e+00	0.000000e+00	0.000000e+00	
1229	7.500024e-03	0.000000e+00	0.000000e+00	0.000000e+00	
1230	7.500024e-03	0.000000e+00	0.000000e+00	0.000000e+00	
1231	7.500024e-03	0.000000e+00	0.000000e+00	0.000000e+00	
1232	7.500024e-03	0.000000e+00	0.000000e+00	0.000000e+00	
1233	7.500024e-03	0.000000e+00	0.000000e+00	0.000000e+00	
1234	7.500025e-03	0.000000e+00	0.000000e+00	0.000000e+00	
1235	7.500025e-03	0.000000e+00	0.000000e+00	0.000000e+00	
1236	7.500025e-03	0.000000e+00	0.000000e+00	0.000000e+00	
1237	7.500025e-03	0.000000e+00	0.000000e+00	0.000000e+00	
1238	7.500025e-03	0.000000e+00	0.000000e+00	0.000000e+00	
1239	7.500025e-03	0.000000e+00	0.000000e+00	0.000000e+00	
1240	7.500025e-03	0.000000e+00	0.000000e+00	0.000000e+00	
1241	7.500025e-03	0.000000e+00	0.000000e+00	0.000000e+00	
1242	7.500025e-03	0.000000e+00	0.000000e+00	0.000000e+00	
1243	7.500025e-03	0.000000e+00	0.000000e+00	0.000000e+00	
1244	7.500025e-03	0.000000e+00	0.000000e+00	0.000000e+00	
1245	7.500026e-03	0.000000e+00	0.000000e+00	0.000000e+00	
1246	7.500026e-03	0.000000e+00	0.000000e+00	0.000000e+00	
1247	7.500026e-03	0.000000e+00	0.000000e+00	0.000000e+00	
1248	7.500026e-03	0.000000e+00	0.000000e+00	0.000000e+00	
1249	7.500026e-03	0.000000e+00	0.000000e+00	0.000000e+00	
1250	7.500026e-03	0.000000e+00	0.000000e+00	0.000000e+00	
1251	7.500026e-03	0.000000e+00	0.000000e+00	0.000000e+00	
1252	7.500026e-03	0.000000e+00	0.000000e+00	0.000000e+00	
1253	7.500026e-03	0.000000e+00	0.000000e+00	0.000000e+00	
1254	7.500026e-03	0.000000e+00	0.000000e+00	0.000000e+00	
1255	7.500026e-03	0.000000e+00	0.000000e+00	0.000000e+00	
1256	7.500027e-03	0.000000e+00	0.000000e+00	0.000000e+00	
1257	7.500027e-03	0.000000e+00	0.000000e+00	0.000000e+00	
1258	7.500028e-03	0.000000e+00	0.000000e+00	0.000000e+00	
1259	7.500030e-03	0.000000e+00	0.000000e+00	0.000000e+00	
1260	7.500034e-03	0.000000e+00	0.000000e+00	0.000000e+00	
1261	7.500042e-03	0.000000e+00	0.000000e+00	0.000000e+00	
1262	7.500059e-03	0.000000e+00	0.000000e+00	0.000000e+00	
1263	7.500092e-03	0.000000e+00	0.000000e+00	0.000000e+00	
1264	7.500157e-03	0.000000e+00	0.000000e+00	0.000000e+00	
1265	7.500288e-03	0.000000e+00	0.000000e+00	0.000000e+00	
1266	7.500550e-03	0.000000e+00	0.000000e+00	0.000000e+00	
1267	7.501075e-03	0.000000e+00	0.000000e+00	0.000000e+00	
1268	7.502123e-03	0.000000e+00	0.000000e+00	0.000000e+00	
1269	7.504220e-03	0.000000e+00	0.000000e+00	0.000000e+00	
1270	7.508415e-03	0.000000e+00	0.000000e+00	0.000000e+00	
1271	7.516803e-03	0.000000e+00	0.000000e+00	0.000000e+00	
1272	7.533581e-03	0.000000e+00	0.000000e+00	0.000000e+00	

Index   time            a3#branch_1_0   a4#branch_1_0   a5#branch_1_0   
--------------------------------------------------------------------------------
1273	7.567135e-03	0.000000e+00	0.000000e+00	0.000000e+00	
1274	7.634244e-03	0.000000e+00	0.000000e+00	0.000000e+00	
1275	7.734244e-03	0.000000e+00	0.000000e+00	0.000000e+00	
1276	7.834244e-03	0.000000e+00	0.000000e+00	0.000000e+00	
1277	7.934244e-03	0.000000e+00	0.000000e+00	0.000000e+00	
1278	8.000000e-03	0.000000e+00	0.000000e+00	0.000000e+00	

                                kicad schematic
                                Transient Analysis  Tue Oct 21 20:02:50  2025
--------------------------------------------------------------------------------
Index   time            a6#branch_1_0   a7#branch_1_0   v1#branch       
--------------------------------------------------------------------------------
0	3.000000e-03	0.000000e+00	0.000000e+00	0.000000e+00	
1	3.000001e-03	0.000000e+00	0.000000e+00	0.000000e+00	
2	3.000003e-03	0.000000e+00	0.000000e+00	0.000000e+00	
3	3.000007e-03	0.000000e+00	0.000000e+00	0.000000e+00	
4	3.000007e-03	0.000000e+00	0.000000e+00	0.000000e+00	
5	3.000007e-03	0.000000e+00	0.000000e+00	0.000000e+00	
6	3.000007e-03	0.000000e+00	0.000000e+00	0.000000e+00	
7	3.000007e-03	0.000000e+00	0.000000e+00	0.000000e+00	
8	3.000007e-03	0.000000e+00	0.000000e+00	0.000000e+00	
9	3.000007e-03	0.000000e+00	0.000000e+00	0.000000e+00	
10	3.000007e-03	0.000000e+00	0.000000e+00	0.000000e+00	
11	3.000007e-03	0.000000e+00	0.000000e+00	0.000000e+00	
12	3.000007e-03	0.000000e+00	0.000000e+00	0.000000e+00	
13	3.000008e-03	0.000000e+00	0.000000e+00	0.000000e+00	
14	3.000008e-03	0.000000e+00	0.000000e+00	0.000000e+00	
15	3.000009e-03	0.000000e+00	0.000000e+00	0.000000e+00	
16	3.000009e-03	0.000000e+00	0.000000e+00	0.000000e+00	
17	3.000009e-03	0.000000e+00	0.000000e+00	0.000000e+00	
18	3.000010e-03	0.000000e+00	0.000000e+00	0.000000e+00	
19	3.000010e-03	0.000000e+00	0.000000e+00	0.000000e+00	
20	3.000010e-03	0.000000e+00	0.000000e+00	0.000000e+00	
21	3.000010e-03	0.000000e+00	0.000000e+00	0.000000e+00	
22	3.000010e-03	0.000000e+00	0.000000e+00	0.000000e+00	
23	3.000010e-03	0.000000e+00	0.000000e+00	0.000000e+00	
24	3.000010e-03	0.000000e+00	0.000000e+00	0.000000e+00	
25	3.000010e-03	0.000000e+00	0.000000e+00	0.000000e+00	
26	3.000010e-03	0.000000e+00	0.000000e+00	0.000000e+00	
27	3.000010e-03	0.000000e+00	0.000000e+00	0.000000e+00	
28	3.000010e-03	0.000000e+00	0.000000e+00	0.000000e+00	
29	3.000010e-03	0.000000e+00	0.000000e+00	0.000000e+00	
30	3.000010e-03	0.000000e+00	0.000000e+00	0.000000e+00	
31	3.000010e-03	0.000000e+00	0.000000e+00	0.000000e+00	
32	3.000010e-03	0.000000e+00	0.000000e+00	0.000000e+00	
33	3.000010e-03	0.000000e+00	0.000000e+00	0.000000e+00	
34	3.000010e-03	0.000000e+00	0.000000e+00	0.000000e+00	
35	3.000011e-03	0.000000e+00	0.000000e+00	0.000000e+00	
36	3.000011e-03	0.000000e+00	0.000000e+00	0.000000e+00	
37	3.000012e-03	0.000000e+00	0.000000e+00	0.000000e+00	
38	3.000012e-03	0.000000e+00	0.000000e+00	0.000000e+00	
39	3.000012e-03	0.000000e+00	0.000000e+00	0.000000e+00	
40	3.000013e-03	0.000000e+00	0.000000e+00	0.000000e+00	
41	3.000013e-03	0.000000e+00	0.000000e+00	0.000000e+00	
42	3.000013e-03	0.000000e+00	0.000000e+00	0.000000e+00	
43	3.000013e-03	0.000000e+00	0.000000e+00	0.000000e+00	
44	3.000013e-03	0.000000e+00	0.000000e+00	0.000000e+00	
45	3.000013e-03	0.000000e+00	0.000000e+00	0.000000e+00	
46	3.000013e-03	0.000000e+00	0.000000e+00	0.000000e+00	
47	3.000013e-03	0.000000e+00	0.000000e+00	0.000000e+00	
48	3.000013e-03	0.000000e+00	0.000000e+00	0.000000e+00	
49	3.000013e-03	0.000000e+00	0.000000e+00	0.000000e+00	
50	3.000013e-03	0.000000e+00	0.000000e+00	0.000000e+00	
51	3.000013e-03	0.000000e+00	0.000000e+00	0.000000e+00	
52	3.000013e-03	0.000000e+00	0.000000e+00	0.000000e+00	
53	3.000014e-03	0.000000e+00	0.000000e+00	0.000000e+00	
54	3.000014e-03	0.000000e+00	0.000000e+00	0.000000e+00	

Index   time            a6#branch_1_0   a7#branch_1_0   v1#branch       
--------------------------------------------------------------------------------
55	3.000014e-03	0.000000e+00	0.000000e+00	0.000000e+00	
56	3.000014e-03	0.000000e+00	0.000000e+00	0.000000e+00	
57	3.000014e-03	0.000000e+00	0.000000e+00	0.000000e+00	
58	3.000015e-03	0.000000e+00	0.000000e+00	0.000000e+00	
59	3.000015e-03	0.000000e+00	0.000000e+00	0.000000e+00	
60	3.000015e-03	0.000000e+00	0.000000e+00	0.000000e+00	
61	3.000015e-03	0.000000e+00	0.000000e+00	0.000000e+00	
62	3.000015e-03	0.000000e+00	0.000000e+00	0.000000e+00	
63	3.000016e-03	0.000000e+00	0.000000e+00	0.000000e+00	
64	3.000017e-03	0.000000e+00	0.000000e+00	0.000000e+00	
65	3.000020e-03	0.000000e+00	0.000000e+00	0.000000e+00	
66	3.000020e-03	0.000000e+00	0.000000e+00	0.000000e+00	
67	3.000021e-03	0.000000e+00	0.000000e+00	0.000000e+00	
68	3.000021e-03	0.000000e+00	0.000000e+00	0.000000e+00	
69	3.000021e-03	0.000000e+00	0.000000e+00	0.000000e+00	
70	3.000021e-03	0.000000e+00	0.000000e+00	0.000000e+00	
71	3.000021e-03	0.000000e+00	0.000000e+00	0.000000e+00	
72	3.000021e-03	0.000000e+00	0.000000e+00	0.000000e+00	
73	3.000021e-03	0.000000e+00	0.000000e+00	0.000000e+00	
74	3.000021e-03	0.000000e+00	0.000000e+00	0.000000e+00	
75	3.000021e-03	0.000000e+00	0.000000e+00	0.000000e+00	
76	3.000021e-03	0.000000e+00	0.000000e+00	0.000000e+00	
77	3.000021e-03	0.000000e+00	0.000000e+00	0.000000e+00	
78	3.000022e-03	0.000000e+00	0.000000e+00	0.000000e+00	
79	3.000022e-03	0.000000e+00	0.000000e+00	0.000000e+00	
80	3.000022e-03	0.000000e+00	0.000000e+00	0.000000e+00	
81	3.000022e-03	0.000000e+00	0.000000e+00	0.000000e+00	
82	3.000022e-03	0.000000e+00	0.000000e+00	0.000000e+00	
83	3.000023e-03	0.000000e+00	0.000000e+00	0.000000e+00	
84	3.000023e-03	0.000000e+00	0.000000e+00	0.000000e+00	
85	3.000023e-03	0.000000e+00	0.000000e+00	0.000000e+00	
86	3.000023e-03	0.000000e+00	0.000000e+00	0.000000e+00	
87	3.000023e-03	0.000000e+00	0.000000e+00	0.000000e+00	
88	3.000023e-03	0.000000e+00	0.000000e+00	0.000000e+00	
89	3.000023e-03	0.000000e+00	0.000000e+00	0.000000e+00	
90	3.000023e-03	0.000000e+00	0.000000e+00	0.000000e+00	
91	3.000024e-03	0.000000e+00	0.000000e+00	0.000000e+00	
92	3.000024e-03	0.000000e+00	0.000000e+00	0.000000e+00	
93	3.000024e-03	0.000000e+00	0.000000e+00	0.000000e+00	
94	3.000024e-03	0.000000e+00	0.000000e+00	0.000000e+00	
95	3.000024e-03	0.000000e+00	0.000000e+00	0.000000e+00	
96	3.000025e-03	0.000000e+00	0.000000e+00	0.000000e+00	
97	3.000025e-03	0.000000e+00	0.000000e+00	0.000000e+00	
98	3.000025e-03	0.000000e+00	0.000000e+00	0.000000e+00	
99	3.000025e-03	0.000000e+00	0.000000e+00	0.000000e+00	
100	3.000025e-03	0.000000e+00	0.000000e+00	0.000000e+00	
101	3.000025e-03	0.000000e+00	0.000000e+00	0.000000e+00	
102	3.000025e-03	0.000000e+00	0.000000e+00	0.000000e+00	
103	3.000025e-03	0.000000e+00	0.000000e+00	0.000000e+00	
104	3.000025e-03	0.000000e+00	0.000000e+00	0.000000e+00	
105	3.000025e-03	0.000000e+00	0.000000e+00	0.000000e+00	
106	3.000025e-03	0.000000e+00	0.000000e+00	0.000000e+00	
107	3.000026e-03	0.000000e+00	0.000000e+00	0.000000e+00	
108	3.000026e-03	0.000000e+00	0.000000e+00	0.000000e+00	
109	3.000027e-03	0.000000e+00	0.000000e+00	0.000000e+00	
110	3.000027e-03	0.000000e+00	0.000000e+00	0.000000e+00	
111	3.000027e-03	0.000000e+00	0.000000e+00	0.000000e+00	
112	3.000027e-03	0.000000e+00	0.000000e+00	0.000000e+00	

Index   time            a6#branch_1_0   a7#branch_1_0   v1#branch       
--------------------------------------------------------------------------------
113	3.000027e-03	0.000000e+00	0.000000e+00	0.000000e+00	
114	3.000027e-03	0.000000e+00	0.000000e+00	0.000000e+00	
115	3.000027e-03	0.000000e+00	0.000000e+00	0.000000e+00	
116	3.000027e-03	0.000000e+00	0.000000e+00	0.000000e+00	
117	3.000027e-03	0.000000e+00	0.000000e+00	0.000000e+00	
118	3.000027e-03	0.000000e+00	0.000000e+00	0.000000e+00	
119	3.000028e-03	0.000000e+00	0.000000e+00	0.000000e+00	
120	3.000028e-03	0.000000e+00	0.000000e+00	0.000000e+00	
121	3.000029e-03	0.000000e+00	0.000000e+00	0.000000e+00	
122	3.000029e-03	0.000000e+00	0.000000e+00	0.000000e+00	
123	3.000029e-03	0.000000e+00	0.000000e+00	0.000000e+00	
124	3.000030e-03	0.000000e+00	0.000000e+00	0.000000e+00	
125	3.000030e-03	0.000000e+00	0.000000e+00	0.000000e+00	
126	3.000030e-03	0.000000e+00	0.000000e+00	0.000000e+00	
127	3.000030e-03	0.000000e+00	0.000000e+00	0.000000e+00	
128	3.000030e-03	0.000000e+00	0.000000e+00	0.000000e+00	
129	3.000031e-03	0.000000e+00	0.000000e+00	0.000000e+00	
130	3.000032e-03	0.000000e+00	0.000000e+00	0.000000e+00	
131	3.000034e-03	0.000000e+00	0.000000e+00	0.000000e+00	
132	3.000039e-03	0.000000e+00	0.000000e+00	0.000000e+00	
133	3.000048e-03	0.000000e+00	0.000000e+00	0.000000e+00	
134	3.000067e-03	0.000000e+00	0.000000e+00	0.000000e+00	
135	3.000104e-03	0.000000e+00	0.000000e+00	0.000000e+00	
136	3.000177e-03	0.000000e+00	0.000000e+00	0.000000e+00	
137	3.000325e-03	0.000000e+00	0.000000e+00	0.000000e+00	
138	3.000620e-03	0.000000e+00	0.000000e+00	0.000000e+00	
139	3.001209e-03	0.000000e+00	0.000000e+00	0.000000e+00	
140	3.002389e-03	0.000000e+00	0.000000e+00	0.000000e+00	
141	3.004748e-03	0.000000e+00	0.000000e+00	0.000000e+00	
142	3.009467e-03	0.000000e+00	0.000000e+00	0.000000e+00	
143	3.018904e-03	0.000000e+00	0.000000e+00	0.000000e+00	
144	3.037779e-03	0.000000e+00	0.000000e+00	0.000000e+00	
145	3.075527e-03	0.000000e+00	0.000000e+00	0.000000e+00	
146	3.151025e-03	0.000000e+00	0.000000e+00	0.000000e+00	
147	3.251025e-03	0.000000e+00	0.000000e+00	0.000000e+00	
148	3.351025e-03	0.000000e+00	0.000000e+00	0.000000e+00	
149	3.451025e-03	0.000000e+00	0.000000e+00	0.000000e+00	
150	3.500010e-03	0.000000e+00	0.000000e+00	0.000000e+00	
151	3.500011e-03	0.000000e+00	0.000000e+00	0.000000e+00	
152	3.500013e-03	0.000000e+00	0.000000e+00	0.000000e+00	
153	3.500017e-03	0.000000e+00	0.000000e+00	0.000000e+00	
154	3.500020e-03	0.000000e+00	0.000000e+00	0.000000e+00	
155	3.500021e-03	0.000000e+00	0.000000e+00	0.000000e+00	
156	3.500021e-03	0.000000e+00	0.000000e+00	0.000000e+00	
157	3.500021e-03	0.000000e+00	0.000000e+00	0.000000e+00	
158	3.500021e-03	0.000000e+00	0.000000e+00	0.000000e+00	
159	3.500022e-03	0.000000e+00	0.000000e+00	0.000000e+00	
160	3.500022e-03	0.000000e+00	0.000000e+00	0.000000e+00	
161	3.500022e-03	0.000000e+00	0.000000e+00	0.000000e+00	
162	3.500022e-03	0.000000e+00	0.000000e+00	0.000000e+00	
163	3.500022e-03	0.000000e+00	0.000000e+00	0.000000e+00	
164	3.500023e-03	0.000000e+00	0.000000e+00	0.000000e+00	
165	3.500023e-03	0.000000e+00	0.000000e+00	0.000000e+00	
166	3.500023e-03	0.000000e+00	0.000000e+00	0.000000e+00	
167	3.500023e-03	0.000000e+00	0.000000e+00	0.000000e+00	
168	3.500023e-03	0.000000e+00	0.000000e+00	0.000000e+00	
169	3.500023e-03	0.000000e+00	0.000000e+00	0.000000e+00	
170	3.500023e-03	0.000000e+00	0.000000e+00	0.000000e+00	

Index   time            a6#branch_1_0   a7#branch_1_0   v1#branch       
--------------------------------------------------------------------------------
171	3.500023e-03	0.000000e+00	0.000000e+00	0.000000e+00	
172	3.500023e-03	0.000000e+00	0.000000e+00	0.000000e+00	
173	3.500023e-03	0.000000e+00	0.000000e+00	0.000000e+00	
174	3.500023e-03	0.000000e+00	0.000000e+00	0.000000e+00	
175	3.500024e-03	0.000000e+00	0.000000e+00	0.000000e+00	
176	3.500024e-03	0.000000e+00	0.000000e+00	0.000000e+00	
177	3.500024e-03	0.000000e+00	0.000000e+00	0.000000e+00	
178	3.500024e-03	0.000000e+00	0.000000e+00	0.000000e+00	
179	3.500024e-03	0.000000e+00	0.000000e+00	0.000000e+00	
180	3.500024e-03	0.000000e+00	0.000000e+00	0.000000e+00	
181	3.500024e-03	0.000000e+00	0.000000e+00	0.000000e+00	
182	3.500024e-03	0.000000e+00	0.000000e+00	0.000000e+00	
183	3.500024e-03	0.000000e+00	0.000000e+00	0.000000e+00	
184	3.500024e-03	0.000000e+00	0.000000e+00	0.000000e+00	
185	3.500024e-03	0.000000e+00	0.000000e+00	0.000000e+00	
186	3.500025e-03	0.000000e+00	0.000000e+00	0.000000e+00	
187	3.500025e-03	0.000000e+00	0.000000e+00	0.000000e+00	
188	3.500025e-03	0.000000e+00	0.000000e+00	0.000000e+00	
189	3.500025e-03	0.000000e+00	0.000000e+00	0.000000e+00	
190	3.500025e-03	0.000000e+00	0.000000e+00	0.000000e+00	
191	3.500025e-03	0.000000e+00	0.000000e+00	0.000000e+00	
192	3.500025e-03	0.000000e+00	0.000000e+00	0.000000e+00	
193	3.500025e-03	0.000000e+00	0.000000e+00	0.000000e+00	
194	3.500025e-03	0.000000e+00	0.000000e+00	0.000000e+00	
195	3.500025e-03	0.000000e+00	0.000000e+00	0.000000e+00	
196	3.500025e-03	0.000000e+00	0.000000e+00	0.000000e+00	
197	3.500026e-03	0.000000e+00	0.000000e+00	0.000000e+00	
198	3.500026e-03	0.000000e+00	0.000000e+00	0.000000e+00	
199	3.500026e-03	0.000000e+00	0.000000e+00	0.000000e+00	
200	3.500026e-03	0.000000e+00	0.000000e+00	0.000000e+00	
201	3.500026e-03	0.000000e+00	0.000000e+00	0.000000e+00	
202	3.500027e-03	0.000000e+00	0.000000e+00	0.000000e+00	
203	3.500027e-03	0.000000e+00	0.000000e+00	0.000000e+00	
204	3.500027e-03	0.000000e+00	0.000000e+00	0.000000e+00	
205	3.500027e-03	0.000000e+00	0.000000e+00	0.000000e+00	
206	3.500027e-03	0.000000e+00	0.000000e+00	0.000000e+00	
207	3.500027e-03	0.000000e+00	0.000000e+00	0.000000e+00	
208	3.500027e-03	0.000000e+00	0.000000e+00	0.000000e+00	
209	3.500027e-03	0.000000e+00	0.000000e+00	0.000000e+00	
210	3.500027e-03	0.000000e+00	0.000000e+00	0.000000e+00	
211	3.500027e-03	0.000000e+00	0.000000e+00	0.000000e+00	
212	3.500027e-03	0.000000e+00	0.000000e+00	0.000000e+00	
213	3.500027e-03	0.000000e+00	0.000000e+00	0.000000e+00	
214	3.500027e-03	0.000000e+00	0.000000e+00	0.000000e+00	
215	3.500027e-03	0.000000e+00	0.000000e+00	0.000000e+00	
216	3.500027e-03	0.000000e+00	0.000000e+00	0.000000e+00	
217	3.500027e-03	0.000000e+00	0.000000e+00	0.000000e+00	
218	3.500027e-03	0.000000e+00	0.000000e+00	0.000000e+00	
219	3.500028e-03	0.000000e+00	0.000000e+00	0.000000e+00	
220	3.500028e-03	0.000000e+00	0.000000e+00	0.000000e+00	
221	3.500028e-03	0.000000e+00	0.000000e+00	0.000000e+00	
222	3.500028e-03	0.000000e+00	0.000000e+00	0.000000e+00	
223	3.500028e-03	0.000000e+00	0.000000e+00	0.000000e+00	
224	3.500029e-03	0.000000e+00	0.000000e+00	0.000000e+00	
225	3.500029e-03	0.000000e+00	0.000000e+00	0.000000e+00	
226	3.500029e-03	0.000000e+00	0.000000e+00	0.000000e+00	
227	3.500029e-03	0.000000e+00	0.000000e+00	0.000000e+00	
228	3.500029e-03	0.000000e+00	0.000000e+00	0.000000e+00	

Index   time            a6#branch_1_0   a7#branch_1_0   v1#branch       
--------------------------------------------------------------------------------
229	3.500029e-03	0.000000e+00	0.000000e+00	0.000000e+00	
230	3.500029e-03	0.000000e+00	0.000000e+00	0.000000e+00	
231	3.500029e-03	0.000000e+00	0.000000e+00	0.000000e+00	
232	3.500029e-03	0.000000e+00	0.000000e+00	0.000000e+00	
233	3.500029e-03	0.000000e+00	0.000000e+00	0.000000e+00	
234	3.500030e-03	0.000000e+00	0.000000e+00	0.000000e+00	
235	3.500030e-03	0.000000e+00	0.000000e+00	0.000000e+00	
236	3.500031e-03	0.000000e+00	0.000000e+00	0.000000e+00	
237	3.500033e-03	0.000000e+00	0.000000e+00	0.000000e+00	
238	3.500037e-03	0.000000e+00	0.000000e+00	0.000000e+00	
239	3.500045e-03	0.000000e+00	0.000000e+00	0.000000e+00	
240	3.500062e-03	0.000000e+00	0.000000e+00	0.000000e+00	
241	3.500095e-03	0.000000e+00	0.000000e+00	0.000000e+00	
242	3.500160e-03	0.000000e+00	0.000000e+00	0.000000e+00	
243	3.500291e-03	0.000000e+00	0.000000e+00	0.000000e+00	
244	3.500553e-03	0.000000e+00	0.000000e+00	0.000000e+00	
245	3.501078e-03	0.000000e+00	0.000000e+00	0.000000e+00	
246	3.502126e-03	0.000000e+00	0.000000e+00	0.000000e+00	
247	3.504223e-03	0.000000e+00	0.000000e+00	0.000000e+00	
248	3.508418e-03	0.000000e+00	0.000000e+00	0.000000e+00	
249	3.516806e-03	0.000000e+00	0.000000e+00	0.000000e+00	
250	3.533584e-03	0.000000e+00	0.000000e+00	0.000000e+00	
251	3.567138e-03	0.000000e+00	0.000000e+00	0.000000e+00	
252	3.634247e-03	0.000000e+00	0.000000e+00	0.000000e+00	
253	3.734247e-03	0.000000e+00	0.000000e+00	0.000000e+00	
254	3.834247e-03	0.000000e+00	0.000000e+00	0.000000e+00	
255	3.934247e-03	0.000000e+00	0.000000e+00	0.000000e+00	
256	4.000000e-03	0.000000e+00	0.000000e+00	0.000000e+00	
257	4.000001e-03	0.000000e+00	0.000000e+00	0.000000e+00	
258	4.000003e-03	0.000000e+00	0.000000e+00	0.000000e+00	
259	4.000007e-03	0.000000e+00	0.000000e+00	0.000000e+00	
260	4.000008e-03	0.000000e+00	0.000000e+00	0.000000e+00	
261	4.000008e-03	0.000000e+00	0.000000e+00	0.000000e+00	
262	4.000008e-03	0.000000e+00	0.000000e+00	0.000000e+00	
263	4.000008e-03	0.000000e+00	0.000000e+00	0.000000e+00	
264	4.000008e-03	0.000000e+00	0.000000e+00	0.000000e+00	
265	4.000008e-03	0.000000e+00	0.000000e+00	0.000000e+00	
266	4.000008e-03	0.000000e+00	0.000000e+00	0.000000e+00	
267	4.000008e-03	0.000000e+00	0.000000e+00	0.000000e+00	
268	4.000008e-03	0.000000e+00	0.000000e+00	0.000000e+00	
269	4.000008e-03	0.000000e+00	0.000000e+00	0.000000e+00	
270	4.000009e-03	0.000000e+00	0.000000e+00	0.000000e+00	
271	4.000009e-03	0.000000e+00	0.000000e+00	0.000000e+00	
272	4.000009e-03	0.000000e+00	0.000000e+00	0.000000e+00	
273	4.000009e-03	0.000000e+00	0.000000e+00	0.000000e+00	
274	4.000009e-03	0.000000e+00	0.000000e+00	0.000000e+00	
275	4.000009e-03	0.000000e+00	0.000000e+00	0.000000e+00	
276	4.000009e-03	0.000000e+00	0.000000e+00	0.000000e+00	
277	4.000009e-03	0.000000e+00	0.000000e+00	0.000000e+00	
278	4.000009e-03	0.000000e+00	0.000000e+00	0.000000e+00	
279	4.000009e-03	0.000000e+00	0.000000e+00	0.000000e+00	
280	4.000009e-03	0.000000e+00	0.000000e+00	0.000000e+00	
281	4.000009e-03	0.000000e+00	0.000000e+00	0.000000e+00	
282	4.000009e-03	0.000000e+00	0.000000e+00	0.000000e+00	
283	4.000010e-03	0.000000e+00	0.000000e+00	0.000000e+00	
284	4.000010e-03	0.000000e+00	0.000000e+00	0.000000e+00	
285	4.000010e-03	0.000000e+00	0.000000e+00	0.000000e+00	
286	4.000010e-03	0.000000e+00	0.000000e+00	0.000000e+00	

Index   time            a6#branch_1_0   a7#branch_1_0   v1#branch       
--------------------------------------------------------------------------------
287	4.000010e-03	0.000000e+00	0.000000e+00	0.000000e+00	
288	4.000011e-03	0.000000e+00	0.000000e+00	0.000000e+00	
289	4.000012e-03	0.000000e+00	0.000000e+00	0.000000e+00	
290	4.000012e-03	0.000000e+00	0.000000e+00	0.000000e+00	
291	4.000012e-03	0.000000e+00	0.000000e+00	0.000000e+00	
292	4.000012e-03	0.000000e+00	0.000000e+00	0.000000e+00	
293	4.000013e-03	0.000000e+00	0.000000e+00	0.000000e+00	
294	4.000013e-03	0.000000e+00	0.000000e+00	0.000000e+00	
295	4.000013e-03	0.000000e+00	0.000000e+00	0.000000e+00	
296	4.000013e-03	0.000000e+00	0.000000e+00	0.000000e+00	
297	4.000013e-03	0.000000e+00	0.000000e+00	0.000000e+00	
298	4.000013e-03	0.000000e+00	0.000000e+00	0.000000e+00	
299	4.000013e-03	0.000000e+00	0.000000e+00	0.000000e+00	
300	4.000013e-03	0.000000e+00	0.000000e+00	0.000000e+00	
301	4.000013e-03	0.000000e+00	0.000000e+00	0.000000e+00	
302	4.000013e-03	0.000000e+00	0.000000e+00	0.000000e+00	
303	4.000013e-03	0.000000e+00	0.000000e+00	0.000000e+00	
304	4.000013e-03	0.000000e+00	0.000000e+00	0.000000e+00	
305	4.000013e-03	0.000000e+00	0.000000e+00	0.000000e+00	
306	4.000014e-03	0.000000e+00	0.000000e+00	0.000000e+00	
307	4.000014e-03	0.000000e+00	0.000000e+00	0.000000e+00	
308	4.000014e-03	0.000000e+00	0.000000e+00	0.000000e+00	
309	4.000014e-03	0.000000e+00	0.000000e+00	0.000000e+00	
310	4.000014e-03	0.000000e+00	0.000000e+00	0.000000e+00	
311	4.000014e-03	0.000000e+00	0.000000e+00	0.000000e+00	
312	4.000014e-03	0.000000e+00	0.000000e+00	0.000000e+00	
313	4.000014e-03	0.000000e+00	0.000000e+00	0.000000e+00	
314	4.000014e-03	0.000000e+00	0.000000e+00	0.000000e+00	
315	4.000014e-03	0.000000e+00	0.000000e+00	0.000000e+00	
316	4.000014e-03	0.000000e+00	0.000000e+00	0.000000e+00	
317	4.000015e-03	0.000000e+00	0.000000e+00	0.000000e+00	
318	4.000015e-03	0.000000e+00	0.000000e+00	0.000000e+00	
319	4.000015e-03	0.000000e+00	0.000000e+00	0.000000e+00	
320	4.000015e-03	0.000000e+00	0.000000e+00	0.000000e+00	
321	4.000015e-03	0.000000e+00	0.000000e+00	0.000000e+00	
322	4.000016e-03	0.000000e+00	0.000000e+00	0.000000e+00	
323	4.000016e-03	0.000000e+00	0.000000e+00	0.000000e+00	
324	4.000018e-03	0.000000e+00	0.000000e+00	0.000000e+00	
325	4.000020e-03	0.000000e+00	0.000000e+00	0.000000e+00	
326	4.000020e-03	0.000000e+00	0.000000e+00	0.000000e+00	
327	4.000021e-03	0.000000e+00	0.000000e+00	0.000000e+00	
328	4.000021e-03	0.000000e+00	0.000000e+00	0.000000e+00	
329	4.000021e-03	0.000000e+00	0.000000e+00	0.000000e+00	
330	4.000022e-03	0.000000e+00	0.000000e+00	0.000000e+00	
331	4.000022e-03	0.000000e+00	0.000000e+00	0.000000e+00	
332	4.000022e-03	0.000000e+00	0.000000e+00	0.000000e+00	
333	4.000022e-03	0.000000e+00	0.000000e+00	0.000000e+00	
334	4.000022e-03	0.000000e+00	0.000000e+00	0.000000e+00	
335	4.000022e-03	0.000000e+00	0.000000e+00	0.000000e+00	
336	4.000022e-03	0.000000e+00	0.000000e+00	0.000000e+00	
337	4.000022e-03	0.000000e+00	0.000000e+00	0.000000e+00	
338	4.000022e-03	0.000000e+00	0.000000e+00	0.000000e+00	
339	4.000022e-03	0.000000e+00	0.000000e+00	0.000000e+00	
340	4.000023e-03	0.000000e+00	0.000000e+00	0.000000e+00	
341	4.000023e-03	0.000000e+00	0.000000e+00	0.000000e+00	
342	4.000023e-03	0.000000e+00	0.000000e+00	0.000000e+00	
343	4.000023e-03	0.000000e+00	0.000000e+00	0.000000e+00	
344	4.000023e-03	0.000000e+00	0.000000e+00	0.000000e+00	

Index   time            a6#branch_1_0   a7#branch_1_0   v1#branch       
--------------------------------------------------------------------------------
345	4.000023e-03	0.000000e+00	0.000000e+00	0.000000e+00	
346	4.000023e-03	0.000000e+00	0.000000e+00	0.000000e+00	
347	4.000023e-03	0.000000e+00	0.000000e+00	0.000000e+00	
348	4.000023e-03	0.000000e+00	0.000000e+00	0.000000e+00	
349	4.000023e-03	0.000000e+00	0.000000e+00	0.000000e+00	
350	4.000023e-03	0.000000e+00	0.000000e+00	0.000000e+00	
351	4.000023e-03	0.000000e+00	0.000000e+00	0.000000e+00	
352	4.000023e-03	0.000000e+00	0.000000e+00	0.000000e+00	
353	4.000023e-03	0.000000e+00	0.000000e+00	0.000000e+00	
354	4.000023e-03	0.000000e+00	0.000000e+00	0.000000e+00	
355	4.000023e-03	0.000000e+00	0.000000e+00	0.000000e+00	
356	4.000024e-03	0.000000e+00	0.000000e+00	0.000000e+00	
357	4.000024e-03	0.000000e+00	0.000000e+00	0.000000e+00	
358	4.000024e-03	0.000000e+00	0.000000e+00	0.000000e+00	
359	4.000024e-03	0.000000e+00	0.000000e+00	0.000000e+00	
360	4.000024e-03	0.000000e+00	0.000000e+00	0.000000e+00	
361	4.000024e-03	0.000000e+00	0.000000e+00	0.000000e+00	
362	4.000024e-03	0.000000e+00	0.000000e+00	0.000000e+00	
363	4.000024e-03	0.000000e+00	0.000000e+00	0.000000e+00	
364	4.000025e-03	0.000000e+00	0.000000e+00	0.000000e+00	
365	4.000025e-03	0.000000e+00	0.000000e+00	0.000000e+00	
366	4.000025e-03	0.000000e+00	0.000000e+00	0.000000e+00	
367	4.000025e-03	0.000000e+00	0.000000e+00	0.000000e+00	
368	4.000025e-03	0.000000e+00	0.000000e+00	0.000000e+00	
369	4.000025e-03	0.000000e+00	0.000000e+00	0.000000e+00	
370	4.000025e-03	0.000000e+00	0.000000e+00	0.000000e+00	
371	4.000025e-03	0.000000e+00	0.000000e+00	0.000000e+00	
372	4.000025e-03	0.000000e+00	0.000000e+00	0.000000e+00	
373	4.000025e-03	0.000000e+00	0.000000e+00	0.000000e+00	
374	4.000025e-03	0.000000e+00	0.000000e+00	0.000000e+00	
375	4.000025e-03	0.000000e+00	0.000000e+00	0.000000e+00	
376	4.000025e-03	0.000000e+00	0.000000e+00	0.000000e+00	
377	4.000025e-03	0.000000e+00	0.000000e+00	0.000000e+00	
378	4.000025e-03	0.000000e+00	0.000000e+00	0.000000e+00	
379	4.000025e-03	0.000000e+00	0.000000e+00	0.000000e+00	
380	4.000025e-03	0.000000e+00	0.000000e+00	0.000000e+00	
381	4.000026e-03	0.000000e+00	0.000000e+00	0.000000e+00	
382	4.000026e-03	0.000000e+00	0.000000e+00	0.000000e+00	
383	4.000026e-03	0.000000e+00	0.000000e+00	0.000000e+00	
384	4.000026e-03	0.000000e+00	0.000000e+00	0.000000e+00	
385	4.000026e-03	0.000000e+00	0.000000e+00	0.000000e+00	
386	4.000026e-03	0.000000e+00	0.000000e+00	0.000000e+00	
387	4.000026e-03	0.000000e+00	0.000000e+00	0.000000e+00	
388	4.000026e-03	0.000000e+00	0.000000e+00	0.000000e+00	
389	4.000026e-03	0.000000e+00	0.000000e+00	0.000000e+00	
390	4.000026e-03	0.000000e+00	0.000000e+00	0.000000e+00	
391	4.000026e-03	0.000000e+00	0.000000e+00	0.000000e+00	
392	4.000026e-03	0.000000e+00	0.000000e+00	0.000000e+00	
393	4.000026e-03	0.000000e+00	0.000000e+00	0.000000e+00	
394	4.000026e-03	0.000000e+00	0.000000e+00	0.000000e+00	
395	4.000026e-03	0.000000e+00	0.000000e+00	0.000000e+00	
396	4.000026e-03	0.000000e+00	0.000000e+00	0.000000e+00	
397	4.000026e-03	0.000000e+00	0.000000e+00	0.000000e+00	
398	4.000026e-03	0.000000e+00	0.000000e+00	0.000000e+00	
399	4.000026e-03	0.000000e+00	0.000000e+00	0.000000e+00	
400	4.000027e-03	0.000000e+00	0.000000e+00	0.000000e+00	
401	4.000027e-03	0.000000e+00	0.000000e+00	0.000000e+00	
402	4.000027e-03	0.000000e+00	0.000000e+00	0.000000e+00	

Index   time            a6#branch_1_0   a7#branch_1_0   v1#branch       
--------------------------------------------------------------------------------
403	4.000027e-03	0.000000e+00	0.000000e+00	0.000000e+00	
404	4.000027e-03	0.000000e+00	0.000000e+00	0.000000e+00	
405	4.000027e-03	0.000000e+00	0.000000e+00	0.000000e+00	
406	4.000027e-03	0.000000e+00	0.000000e+00	0.000000e+00	
407	4.000027e-03	0.000000e+00	0.000000e+00	0.000000e+00	
408	4.000027e-03	0.000000e+00	0.000000e+00	0.000000e+00	
409	4.000027e-03	0.000000e+00	0.000000e+00	0.000000e+00	
410	4.000027e-03	0.000000e+00	0.000000e+00	0.000000e+00	
411	4.000028e-03	0.000000e+00	0.000000e+00	0.000000e+00	
412	4.000028e-03	0.000000e+00	0.000000e+00	0.000000e+00	
413	4.000028e-03	0.000000e+00	0.000000e+00	0.000000e+00	
414	4.000028e-03	0.000000e+00	0.000000e+00	0.000000e+00	
415	4.000028e-03	0.000000e+00	0.000000e+00	0.000000e+00	
416	4.000029e-03	0.000000e+00	0.000000e+00	0.000000e+00	
417	4.000030e-03	0.000000e+00	0.000000e+00	0.000000e+00	
418	4.000031e-03	0.000000e+00	0.000000e+00	0.000000e+00	
419	4.000035e-03	0.000000e+00	0.000000e+00	0.000000e+00	
420	4.000041e-03	0.000000e+00	0.000000e+00	0.000000e+00	
421	4.000054e-03	0.000000e+00	0.000000e+00	0.000000e+00	
422	4.000080e-03	0.000000e+00	0.000000e+00	0.000000e+00	
423	4.000133e-03	0.000000e+00	0.000000e+00	0.000000e+00	
424	4.000238e-03	0.000000e+00	0.000000e+00	0.000000e+00	
425	4.000447e-03	0.000000e+00	0.000000e+00	0.000000e+00	
426	4.000867e-03	0.000000e+00	0.000000e+00	0.000000e+00	
427	4.001706e-03	0.000000e+00	0.000000e+00	0.000000e+00	
428	4.003383e-03	0.000000e+00	0.000000e+00	0.000000e+00	
429	4.006739e-03	0.000000e+00	0.000000e+00	0.000000e+00	
430	4.013450e-03	0.000000e+00	0.000000e+00	0.000000e+00	
431	4.026872e-03	0.000000e+00	0.000000e+00	0.000000e+00	
432	4.053715e-03	0.000000e+00	0.000000e+00	0.000000e+00	
433	4.107402e-03	0.000000e+00	0.000000e+00	0.000000e+00	
434	4.207402e-03	0.000000e+00	0.000000e+00	0.000000e+00	
435	4.307402e-03	0.000000e+00	0.000000e+00	0.000000e+00	
436	4.407402e-03	0.000000e+00	0.000000e+00	0.000000e+00	
437	4.500010e-03	0.000000e+00	0.000000e+00	0.000000e+00	
438	4.500011e-03	0.000000e+00	0.000000e+00	0.000000e+00	
439	4.500013e-03	0.000000e+00	0.000000e+00	0.000000e+00	
440	4.500017e-03	0.000000e+00	0.000000e+00	0.000000e+00	
441	4.500020e-03	0.000000e+00	0.000000e+00	0.000000e+00	
442	4.500021e-03	0.000000e+00	0.000000e+00	0.000000e+00	
443	4.500021e-03	0.000000e+00	0.000000e+00	0.000000e+00	
444	4.500021e-03	0.000000e+00	0.000000e+00	0.000000e+00	
445	4.500021e-03	0.000000e+00	0.000000e+00	0.000000e+00	
446	4.500022e-03	0.000000e+00	0.000000e+00	0.000000e+00	
447	4.500022e-03	0.000000e+00	0.000000e+00	0.000000e+00	
448	4.500022e-03	0.000000e+00	0.000000e+00	0.000000e+00	
449	4.500022e-03	0.000000e+00	0.000000e+00	0.000000e+00	
450	4.500022e-03	0.000000e+00	0.000000e+00	0.000000e+00	
451	4.500023e-03	0.000000e+00	0.000000e+00	0.000000e+00	
452	4.500023e-03	0.000000e+00	0.000000e+00	0.000000e+00	
453	4.500023e-03	0.000000e+00	0.000000e+00	0.000000e+00	
454	4.500023e-03	0.000000e+00	0.000000e+00	0.000000e+00	
455	4.500023e-03	0.000000e+00	0.000000e+00	0.000000e+00	
456	4.500023e-03	0.000000e+00	0.000000e+00	0.000000e+00	
457	4.500023e-03	0.000000e+00	0.000000e+00	0.000000e+00	
458	4.500023e-03	0.000000e+00	0.000000e+00	0.000000e+00	
459	4.500023e-03	0.000000e+00	0.000000e+00	0.000000e+00	
460	4.500023e-03	0.000000e+00	0.000000e+00	0.000000e+00	

Index   time            a6#branch_1_0   a7#branch_1_0   v1#branch       
--------------------------------------------------------------------------------
461	4.500023e-03	0.000000e+00	0.000000e+00	0.000000e+00	
462	4.500024e-03	0.000000e+00	0.000000e+00	0.000000e+00	
463	4.500024e-03	0.000000e+00	0.000000e+00	0.000000e+00	
464	4.500024e-03	0.000000e+00	0.000000e+00	0.000000e+00	
465	4.500024e-03	0.000000e+00	0.000000e+00	0.000000e+00	
466	4.500024e-03	0.000000e+00	0.000000e+00	0.000000e+00	
467	4.500025e-03	0.000000e+00	0.000000e+00	0.000000e+00	
468	4.500025e-03	0.000000e+00	0.000000e+00	0.000000e+00	
469	4.500025e-03	0.000000e+00	0.000000e+00	0.000000e+00	
470	4.500025e-03	0.000000e+00	0.000000e+00	0.000000e+00	
471	4.500025e-03	0.000000e+00	0.000000e+00	0.000000e+00	
472	4.500025e-03	0.000000e+00	0.000000e+00	0.000000e+00	
473	4.500025e-03	0.000000e+00	0.000000e+00	0.000000e+00	
474	4.500025e-03	0.000000e+00	0.000000e+00	0.000000e+00	
475	4.500025e-03	0.000000e+00	0.000000e+00	0.000000e+00	
476	4.500025e-03	0.000000e+00	0.000000e+00	0.000000e+00	
477	4.500025e-03	0.000000e+00	0.000000e+00	0.000000e+00	
478	4.500025e-03	0.000000e+00	0.000000e+00	0.000000e+00	
479	4.500025e-03	0.000000e+00	0.000000e+00	0.000000e+00	
480	4.500026e-03	0.000000e+00	0.000000e+00	0.000000e+00	
481	4.500026e-03	0.000000e+00	0.000000e+00	0.000000e+00	
482	4.500026e-03	0.000000e+00	0.000000e+00	0.000000e+00	
483	4.500026e-03	0.000000e+00	0.000000e+00	0.000000e+00	
484	4.500026e-03	0.000000e+00	0.000000e+00	0.000000e+00	
485	4.500027e-03	0.000000e+00	0.000000e+00	0.000000e+00	
486	4.500027e-03	0.000000e+00	0.000000e+00	0.000000e+00	
487	4.500027e-03	0.000000e+00	0.000000e+00	0.000000e+00	
488	4.500027e-03	0.000000e+00	0.000000e+00	0.000000e+00	
489	4.500027e-03	0.000000e+00	0.000000e+00	0.000000e+00	
490	4.500027e-03	0.000000e+00	0.000000e+00	0.000000e+00	
491	4.500027e-03	0.000000e+00	0.000000e+00	0.000000e+00	
492	4.500027e-03	0.000000e+00	0.000000e+00	0.000000e+00	
493	4.500027e-03	0.000000e+00	0.000000e+00	0.000000e+00	
494	4.500027e-03	0.000000e+00	0.000000e+00	0.000000e+00	
495	4.500027e-03	0.000000e+00	0.000000e+00	0.000000e+00	
496	4.500027e-03	0.000000e+00	0.000000e+00	0.000000e+00	
497	4.500027e-03	0.000000e+00	0.000000e+00	0.000000e+00	
498	4.500028e-03	0.000000e+00	0.000000e+00	0.000000e+00	
499	4.500028e-03	0.000000e+00	0.000000e+00	0.000000e+00	
500	4.500029e-03	0.000000e+00	0.000000e+00	0.000000e+00	
501	4.500031e-03	0.000000e+00	0.000000e+00	0.000000e+00	
502	4.500035e-03	0.000000e+00	0.000000e+00	0.000000e+00	
503	4.500043e-03	0.000000e+00	0.000000e+00	0.000000e+00	
504	4.500060e-03	0.000000e+00	0.000000e+00	0.000000e+00	
505	4.500093e-03	0.000000e+00	0.000000e+00	0.000000e+00	
506	4.500158e-03	0.000000e+00	0.000000e+00	0.000000e+00	
507	4.500289e-03	0.000000e+00	0.000000e+00	0.000000e+00	
508	4.500551e-03	0.000000e+00	0.000000e+00	0.000000e+00	
509	4.501076e-03	0.000000e+00	0.000000e+00	0.000000e+00	
510	4.502124e-03	0.000000e+00	0.000000e+00	0.000000e+00	
511	4.504221e-03	0.000000e+00	0.000000e+00	0.000000e+00	
512	4.508416e-03	0.000000e+00	0.000000e+00	0.000000e+00	
513	4.516804e-03	0.000000e+00	0.000000e+00	0.000000e+00	
514	4.533582e-03	0.000000e+00	0.000000e+00	0.000000e+00	
515	4.567136e-03	0.000000e+00	0.000000e+00	0.000000e+00	
516	4.634245e-03	0.000000e+00	0.000000e+00	0.000000e+00	
517	4.734245e-03	0.000000e+00	0.000000e+00	0.000000e+00	
518	4.834245e-03	0.000000e+00	0.000000e+00	0.000000e+00	

Index   time            a6#branch_1_0   a7#branch_1_0   v1#branch       
--------------------------------------------------------------------------------
519	4.934245e-03	0.000000e+00	0.000000e+00	0.000000e+00	
520	5.000000e-03	0.000000e+00	0.000000e+00	0.000000e+00	
521	5.000001e-03	0.000000e+00	0.000000e+00	0.000000e+00	
522	5.000003e-03	0.000000e+00	0.000000e+00	0.000000e+00	
523	5.000007e-03	0.000000e+00	0.000000e+00	0.000000e+00	
524	5.000009e-03	0.000000e+00	0.000000e+00	0.000000e+00	
525	5.000009e-03	0.000000e+00	0.000000e+00	0.000000e+00	
526	5.000009e-03	0.000000e+00	0.000000e+00	0.000000e+00	
527	5.000009e-03	0.000000e+00	0.000000e+00	0.000000e+00	
528	5.000009e-03	0.000000e+00	0.000000e+00	0.000000e+00	
529	5.000009e-03	0.000000e+00	0.000000e+00	0.000000e+00	
530	5.000009e-03	0.000000e+00	0.000000e+00	0.000000e+00	
531	5.000009e-03	0.000000e+00	0.000000e+00	0.000000e+00	
532	5.000009e-03	0.000000e+00	0.000000e+00	0.000000e+00	
533	5.000009e-03	0.000000e+00	0.000000e+00	0.000000e+00	
534	5.000010e-03	0.000000e+00	0.000000e+00	0.000000e+00	
535	5.000010e-03	0.000000e+00	0.000000e+00	0.000000e+00	
536	5.000010e-03	0.000000e+00	0.000000e+00	0.000000e+00	
537	5.000010e-03	0.000000e+00	0.000000e+00	0.000000e+00	
538	5.000010e-03	0.000000e+00	0.000000e+00	0.000000e+00	
539	5.000010e-03	0.000000e+00	0.000000e+00	0.000000e+00	
540	5.000010e-03	0.000000e+00	0.000000e+00	0.000000e+00	
541	5.000010e-03	0.000000e+00	0.000000e+00	0.000000e+00	
542	5.000010e-03	0.000000e+00	0.000000e+00	0.000000e+00	
543	5.000010e-03	0.000000e+00	0.000000e+00	0.000000e+00	
544	5.000010e-03	0.000000e+00	0.000000e+00	0.000000e+00	
545	5.000010e-03	0.000000e+00	0.000000e+00	0.000000e+00	
546	5.000010e-03	0.000000e+00	0.000000e+00	0.000000e+00	
547	5.000010e-03	0.000000e+00	0.000000e+00	0.000000e+00	
548	5.000010e-03	0.000000e+00	0.000000e+00	0.000000e+00	
549	5.000011e-03	0.000000e+00	0.000000e+00	0.000000e+00	
550	5.000011e-03	0.000000e+00	0.000000e+00	0.000000e+00	
551	5.000012e-03	0.000000e+00	0.000000e+00	0.000000e+00	
552	5.000012e-03	0.000000e+00	0.000000e+00	0.000000e+00	
553	5.000012e-03	0.000000e+00	0.000000e+00	0.000000e+00	
554	5.000012e-03	0.000000e+00	0.000000e+00	0.000000e+00	
555	5.000013e-03	0.000000e+00	0.000000e+00	0.000000e+00	
556	5.000013e-03	0.000000e+00	0.000000e+00	0.000000e+00	
557	5.000013e-03	0.000000e+00	0.000000e+00	0.000000e+00	
558	5.000013e-03	0.000000e+00	0.000000e+00	0.000000e+00	
559	5.000013e-03	0.000000e+00	0.000000e+00	0.000000e+00	
560	5.000013e-03	0.000000e+00	0.000000e+00	0.000000e+00	
561	5.000013e-03	0.000000e+00	0.000000e+00	0.000000e+00	
562	5.000013e-03	0.000000e+00	0.000000e+00	0.000000e+00	
563	5.000013e-03	0.000000e+00	0.000000e+00	0.000000e+00	
564	5.000013e-03	0.000000e+00	0.000000e+00	0.000000e+00	
565	5.000013e-03	0.000000e+00	0.000000e+00	0.000000e+00	
566	5.000013e-03	0.000000e+00	0.000000e+00	0.000000e+00	
567	5.000013e-03	0.000000e+00	0.000000e+00	0.000000e+00	
568	5.000014e-03	0.000000e+00	0.000000e+00	0.000000e+00	
569	5.000014e-03	0.000000e+00	0.000000e+00	0.000000e+00	
570	5.000014e-03	0.000000e+00	0.000000e+00	0.000000e+00	
571	5.000014e-03	0.000000e+00	0.000000e+00	0.000000e+00	
572	5.000014e-03	0.000000e+00	0.000000e+00	0.000000e+00	
573	5.000015e-03	0.000000e+00	0.000000e+00	0.000000e+00	
574	5.000015e-03	0.000000e+00	0.000000e+00	0.000000e+00	
575	5.000015e-03	0.000000e+00	0.000000e+00	0.000000e+00	
576	5.000015e-03	0.000000e+00	0.000000e+00	0.000000e+00	

Index   time            a6#branch_1_0   a7#branch_1_0   v1#branch       
--------------------------------------------------------------------------------
577	5.000015e-03	0.000000e+00	0.000000e+00	0.000000e+00	
578	5.000016e-03	0.000000e+00	0.000000e+00	0.000000e+00	
579	5.000017e-03	0.000000e+00	0.000000e+00	0.000000e+00	
580	5.000020e-03	0.000000e+00	0.000000e+00	0.000000e+00	
581	5.000020e-03	0.000000e+00	0.000000e+00	0.000000e+00	
582	5.000021e-03	0.000000e+00	0.000000e+00	0.000000e+00	
583	5.000021e-03	0.000000e+00	0.000000e+00	0.000000e+00	
584	5.000021e-03	0.000000e+00	0.000000e+00	0.000000e+00	
585	5.000021e-03	0.000000e+00	0.000000e+00	0.000000e+00	
586	5.000021e-03	0.000000e+00	0.000000e+00	0.000000e+00	
587	5.000021e-03	0.000000e+00	0.000000e+00	0.000000e+00	
588	5.000021e-03	0.000000e+00	0.000000e+00	0.000000e+00	
589	5.000021e-03	0.000000e+00	0.000000e+00	0.000000e+00	
590	5.000021e-03	0.000000e+00	0.000000e+00	0.000000e+00	
591	5.000021e-03	0.000000e+00	0.000000e+00	0.000000e+00	
592	5.000021e-03	0.000000e+00	0.000000e+00	0.000000e+00	
593	5.000022e-03	0.000000e+00	0.000000e+00	0.000000e+00	
594	5.000022e-03	0.000000e+00	0.000000e+00	0.000000e+00	
595	5.000022e-03	0.000000e+00	0.000000e+00	0.000000e+00	
596	5.000022e-03	0.000000e+00	0.000000e+00	0.000000e+00	
597	5.000022e-03	0.000000e+00	0.000000e+00	0.000000e+00	
598	5.000023e-03	0.000000e+00	0.000000e+00	0.000000e+00	
599	5.000023e-03	0.000000e+00	0.000000e+00	0.000000e+00	
600	5.000023e-03	0.000000e+00	0.000000e+00	0.000000e+00	
601	5.000023e-03	0.000000e+00	0.000000e+00	0.000000e+00	
602	5.000023e-03	0.000000e+00	0.000000e+00	0.000000e+00	
603	5.000023e-03	0.000000e+00	0.000000e+00	0.000000e+00	
604	5.000023e-03	0.000000e+00	0.000000e+00	0.000000e+00	
605	5.000023e-03	0.000000e+00	0.000000e+00	0.000000e+00	
606	5.000023e-03	0.000000e+00	0.000000e+00	0.000000e+00	
607	5.000023e-03	0.000000e+00	0.000000e+00	0.000000e+00	
608	5.000023e-03	0.000000e+00	0.000000e+00	0.000000e+00	
609	5.000023e-03	0.000000e+00	0.000000e+00	0.000000e+00	
610	5.000023e-03	0.000000e+00	0.000000e+00	0.000000e+00	
611	5.000024e-03	0.000000e+00	0.000000e+00	0.000000e+00	
612	5.000024e-03	0.000000e+00	0.000000e+00	0.000000e+00	
613	5.000024e-03	0.000000e+00	0.000000e+00	0.000000e+00	
614	5.000024e-03	0.000000e+00	0.000000e+00	0.000000e+00	
615	5.000024e-03	0.000000e+00	0.000000e+00	0.000000e+00	
616	5.000025e-03	0.000000e+00	0.000000e+00	0.000000e+00	
617	5.000025e-03	0.000000e+00	0.000000e+00	0.000000e+00	
618	5.000025e-03	0.000000e+00	0.000000e+00	0.000000e+00	
619	5.000025e-03	0.000000e+00	0.000000e+00	0.000000e+00	
620	5.000025e-03	0.000000e+00	0.000000e+00	0.000000e+00	
621	5.000025e-03	0.000000e+00	0.000000e+00	0.000000e+00	
622	5.000025e-03	0.000000e+00	0.000000e+00	0.000000e+00	
623	5.000025e-03	0.000000e+00	0.000000e+00	0.000000e+00	
624	5.000025e-03	0.000000e+00	0.000000e+00	0.000000e+00	
625	5.000025e-03	0.000000e+00	0.000000e+00	0.000000e+00	
626	5.000025e-03	0.000000e+00	0.000000e+00	0.000000e+00	
627	5.000025e-03	0.000000e+00	0.000000e+00	0.000000e+00	
628	5.000025e-03	0.000000e+00	0.000000e+00	0.000000e+00	
629	5.000025e-03	0.000000e+00	0.000000e+00	0.000000e+00	
630	5.000025e-03	0.000000e+00	0.000000e+00	0.000000e+00	
631	5.000025e-03	0.000000e+00	0.000000e+00	0.000000e+00	
632	5.000025e-03	0.000000e+00	0.000000e+00	0.000000e+00	
633	5.000025e-03	0.000000e+00	0.000000e+00	0.000000e+00	
634	5.000025e-03	0.000000e+00	0.000000e+00	0.000000e+00	

Index   time            a6#branch_1_0   a7#branch_1_0   v1#branch       
--------------------------------------------------------------------------------
635	5.000025e-03	0.000000e+00	0.000000e+00	0.000000e+00	
636	5.000025e-03	0.000000e+00	0.000000e+00	0.000000e+00	
637	5.000025e-03	0.000000e+00	0.000000e+00	0.000000e+00	
638	5.000026e-03	0.000000e+00	0.000000e+00	0.000000e+00	
639	5.000026e-03	0.000000e+00	0.000000e+00	0.000000e+00	
640	5.000026e-03	0.000000e+00	0.000000e+00	0.000000e+00	
641	5.000026e-03	0.000000e+00	0.000000e+00	0.000000e+00	
642	5.000026e-03	0.000000e+00	0.000000e+00	0.000000e+00	
643	5.000027e-03	0.000000e+00	0.000000e+00	0.000000e+00	
644	5.000027e-03	0.000000e+00	0.000000e+00	0.000000e+00	
645	5.000027e-03	0.000000e+00	0.000000e+00	0.000000e+00	
646	5.000027e-03	0.000000e+00	0.000000e+00	0.000000e+00	
647	5.000027e-03	0.000000e+00	0.000000e+00	0.000000e+00	
648	5.000028e-03	0.000000e+00	0.000000e+00	0.000000e+00	
649	5.000028e-03	0.000000e+00	0.000000e+00	0.000000e+00	
650	5.000028e-03	0.000000e+00	0.000000e+00	0.000000e+00	
651	5.000028e-03	0.000000e+00	0.000000e+00	0.000000e+00	
652	5.000028e-03	0.000000e+00	0.000000e+00	0.000000e+00	
653	5.000028e-03	0.000000e+00	0.000000e+00	0.000000e+00	
654	5.000028e-03	0.000000e+00	0.000000e+00	0.000000e+00	
655	5.000028e-03	0.000000e+00	0.000000e+00	0.000000e+00	
656	5.000028e-03	0.000000e+00	0.000000e+00	0.000000e+00	
657	5.000028e-03	0.000000e+00	0.000000e+00	0.000000e+00	
658	5.000028e-03	0.000000e+00	0.000000e+00	0.000000e+00	
659	5.000029e-03	0.000000e+00	0.000000e+00	0.000000e+00	
660	5.000029e-03	0.000000e+00	0.000000e+00	0.000000e+00	
661	5.000029e-03	0.000000e+00	0.000000e+00	0.000000e+00	
662	5.000029e-03	0.000000e+00	0.000000e+00	0.000000e+00	
663	5.000029e-03	0.000000e+00	0.000000e+00	0.000000e+00	
664	5.000029e-03	0.000000e+00	0.000000e+00	0.000000e+00	
665	5.000029e-03	0.000000e+00	0.000000e+00	0.000000e+00	
666	5.000029e-03	0.000000e+00	0.000000e+00	0.000000e+00	
667	5.000029e-03	0.000000e+00	0.000000e+00	0.000000e+00	
668	5.000029e-03	0.000000e+00	0.000000e+00	0.000000e+00	
669	5.000029e-03	0.000000e+00	0.000000e+00	0.000000e+00	
670	5.000030e-03	0.000000e+00	0.000000e+00	0.000000e+00	
671	5.000030e-03	0.000000e+00	0.000000e+00	0.000000e+00	
672	5.000031e-03	0.000000e+00	0.000000e+00	0.000000e+00	
673	5.000031e-03	0.000000e+00	0.000000e+00	0.000000e+00	
674	5.000031e-03	0.000000e+00	0.000000e+00	0.000000e+00	
675	5.000031e-03	0.000000e+00	0.000000e+00	0.000000e+00	
676	5.000031e-03	0.000000e+00	0.000000e+00	0.000000e+00	
677	5.000031e-03	0.000000e+00	0.000000e+00	0.000000e+00	
678	5.000031e-03	0.000000e+00	0.000000e+00	0.000000e+00	
679	5.000031e-03	0.000000e+00	0.000000e+00	0.000000e+00	
680	5.000031e-03	0.000000e+00	0.000000e+00	0.000000e+00	
681	5.000031e-03	0.000000e+00	0.000000e+00	0.000000e+00	
682	5.000032e-03	0.000000e+00	0.000000e+00	0.000000e+00	
683	5.000032e-03	0.000000e+00	0.000000e+00	0.000000e+00	
684	5.000033e-03	0.000000e+00	0.000000e+00	0.000000e+00	
685	5.000035e-03	0.000000e+00	0.000000e+00	0.000000e+00	
686	5.000039e-03	0.000000e+00	0.000000e+00	0.000000e+00	
687	5.000047e-03	0.000000e+00	0.000000e+00	0.000000e+00	
688	5.000064e-03	0.000000e+00	0.000000e+00	0.000000e+00	
689	5.000097e-03	0.000000e+00	0.000000e+00	0.000000e+00	
690	5.000162e-03	0.000000e+00	0.000000e+00	0.000000e+00	
691	5.000293e-03	0.000000e+00	0.000000e+00	0.000000e+00	
692	5.000555e-03	0.000000e+00	0.000000e+00	0.000000e+00	

Index   time            a6#branch_1_0   a7#branch_1_0   v1#branch       
--------------------------------------------------------------------------------
693	5.001080e-03	0.000000e+00	0.000000e+00	0.000000e+00	
694	5.002128e-03	0.000000e+00	0.000000e+00	0.000000e+00	
695	5.004225e-03	0.000000e+00	0.000000e+00	0.000000e+00	
696	5.008420e-03	0.000000e+00	0.000000e+00	0.000000e+00	
697	5.016808e-03	0.000000e+00	0.000000e+00	0.000000e+00	
698	5.033586e-03	0.000000e+00	0.000000e+00	0.000000e+00	
699	5.067140e-03	0.000000e+00	0.000000e+00	0.000000e+00	
700	5.134249e-03	0.000000e+00	0.000000e+00	0.000000e+00	
701	5.234249e-03	0.000000e+00	0.000000e+00	0.000000e+00	
702	5.334249e-03	0.000000e+00	0.000000e+00	0.000000e+00	
703	5.434249e-03	0.000000e+00	0.000000e+00	0.000000e+00	
704	5.500010e-03	0.000000e+00	0.000000e+00	0.000000e+00	
705	5.500011e-03	0.000000e+00	0.000000e+00	0.000000e+00	
706	5.500013e-03	0.000000e+00	0.000000e+00	0.000000e+00	
707	5.500017e-03	0.000000e+00	0.000000e+00	0.000000e+00	
708	5.500020e-03	0.000000e+00	0.000000e+00	0.000000e+00	
709	5.500021e-03	0.000000e+00	0.000000e+00	0.000000e+00	
710	5.500021e-03	0.000000e+00	0.000000e+00	0.000000e+00	
711	5.500021e-03	0.000000e+00	0.000000e+00	0.000000e+00	
712	5.500021e-03	0.000000e+00	0.000000e+00	0.000000e+00	
713	5.500022e-03	0.000000e+00	0.000000e+00	0.000000e+00	
714	5.500022e-03	0.000000e+00	0.000000e+00	0.000000e+00	
715	5.500022e-03	0.000000e+00	0.000000e+00	0.000000e+00	
716	5.500022e-03	0.000000e+00	0.000000e+00	0.000000e+00	
717	5.500022e-03	0.000000e+00	0.000000e+00	0.000000e+00	
718	5.500023e-03	0.000000e+00	0.000000e+00	0.000000e+00	
719	5.500023e-03	0.000000e+00	0.000000e+00	0.000000e+00	
720	5.500023e-03	0.000000e+00	0.000000e+00	0.000000e+00	
721	5.500023e-03	0.000000e+00	0.000000e+00	0.000000e+00	
722	5.500023e-03	0.000000e+00	0.000000e+00	0.000000e+00	
723	5.500023e-03	0.000000e+00	0.000000e+00	0.000000e+00	
724	5.500023e-03	0.000000e+00	0.000000e+00	0.000000e+00	
725	5.500023e-03	0.000000e+00	0.000000e+00	0.000000e+00	
726	5.500023e-03	0.000000e+00	0.000000e+00	0.000000e+00	
727	5.500023e-03	0.000000e+00	0.000000e+00	0.000000e+00	
728	5.500023e-03	0.000000e+00	0.000000e+00	0.000000e+00	
729	5.500024e-03	0.000000e+00	0.000000e+00	0.000000e+00	
730	5.500024e-03	0.000000e+00	0.000000e+00	0.000000e+00	
731	5.500024e-03	0.000000e+00	0.000000e+00	0.000000e+00	
732	5.500024e-03	0.000000e+00	0.000000e+00	0.000000e+00	
733	5.500024e-03	0.000000e+00	0.000000e+00	0.000000e+00	
734	5.500024e-03	0.000000e+00	0.000000e+00	0.000000e+00	
735	5.500024e-03	0.000000e+00	0.000000e+00	0.000000e+00	
736	5.500024e-03	0.000000e+00	0.000000e+00	0.000000e+00	
737	5.500024e-03	0.000000e+00	0.000000e+00	0.000000e+00	
738	5.500024e-03	0.000000e+00	0.000000e+00	0.000000e+00	
739	5.500024e-03	0.000000e+00	0.000000e+00	0.000000e+00	
740	5.500025e-03	0.000000e+00	0.000000e+00	0.000000e+00	
741	5.500025e-03	0.000000e+00	0.000000e+00	0.000000e+00	
742	5.500025e-03	0.000000e+00	0.000000e+00	0.000000e+00	
743	5.500025e-03	0.000000e+00	0.000000e+00	0.000000e+00	
744	5.500025e-03	0.000000e+00	0.000000e+00	0.000000e+00	
745	5.500025e-03	0.000000e+00	0.000000e+00	0.000000e+00	
746	5.500025e-03	0.000000e+00	0.000000e+00	0.000000e+00	
747	5.500025e-03	0.000000e+00	0.000000e+00	0.000000e+00	
748	5.500025e-03	0.000000e+00	0.000000e+00	0.000000e+00	
749	5.500025e-03	0.000000e+00	0.000000e+00	0.000000e+00	
750	5.500025e-03	0.000000e+00	0.000000e+00	0.000000e+00	

Index   time            a6#branch_1_0   a7#branch_1_0   v1#branch       
--------------------------------------------------------------------------------
751	5.500025e-03	0.000000e+00	0.000000e+00	0.000000e+00	
752	5.500025e-03	0.000000e+00	0.000000e+00	0.000000e+00	
753	5.500026e-03	0.000000e+00	0.000000e+00	0.000000e+00	
754	5.500026e-03	0.000000e+00	0.000000e+00	0.000000e+00	
755	5.500026e-03	0.000000e+00	0.000000e+00	0.000000e+00	
756	5.500026e-03	0.000000e+00	0.000000e+00	0.000000e+00	
757	5.500026e-03	0.000000e+00	0.000000e+00	0.000000e+00	
758	5.500026e-03	0.000000e+00	0.000000e+00	0.000000e+00	
759	5.500026e-03	0.000000e+00	0.000000e+00	0.000000e+00	
760	5.500026e-03	0.000000e+00	0.000000e+00	0.000000e+00	
761	5.500026e-03	0.000000e+00	0.000000e+00	0.000000e+00	
762	5.500026e-03	0.000000e+00	0.000000e+00	0.000000e+00	
763	5.500026e-03	0.000000e+00	0.000000e+00	0.000000e+00	
764	5.500026e-03	0.000000e+00	0.000000e+00	0.000000e+00	
765	5.500026e-03	0.000000e+00	0.000000e+00	0.000000e+00	
766	5.500026e-03	0.000000e+00	0.000000e+00	0.000000e+00	
767	5.500027e-03	0.000000e+00	0.000000e+00	0.000000e+00	
768	5.500027e-03	0.000000e+00	0.000000e+00	0.000000e+00	
769	5.500027e-03	0.000000e+00	0.000000e+00	0.000000e+00	
770	5.500027e-03	0.000000e+00	0.000000e+00	0.000000e+00	
771	5.500027e-03	0.000000e+00	0.000000e+00	0.000000e+00	
772	5.500027e-03	0.000000e+00	0.000000e+00	0.000000e+00	
773	5.500027e-03	0.000000e+00	0.000000e+00	0.000000e+00	
774	5.500027e-03	0.000000e+00	0.000000e+00	0.000000e+00	
775	5.500027e-03	0.000000e+00	0.000000e+00	0.000000e+00	
776	5.500027e-03	0.000000e+00	0.000000e+00	0.000000e+00	
777	5.500027e-03	0.000000e+00	0.000000e+00	0.000000e+00	
778	5.500027e-03	0.000000e+00	0.000000e+00	0.000000e+00	
779	5.500027e-03	0.000000e+00	0.000000e+00	0.000000e+00	
780	5.500028e-03	0.000000e+00	0.000000e+00	0.000000e+00	
781	5.500028e-03	0.000000e+00	0.000000e+00	0.000000e+00	
782	5.500029e-03	0.000000e+00	0.000000e+00	0.000000e+00	
783	5.500029e-03	0.000000e+00	0.000000e+00	0.000000e+00	
784	5.500029e-03	0.000000e+00	0.000000e+00	0.000000e+00	
785	5.500029e-03	0.000000e+00	0.000000e+00	0.000000e+00	
786	5.500029e-03	0.000000e+00	0.000000e+00	0.000000e+00	
787	5.500029e-03	0.000000e+00	0.000000e+00	0.000000e+00	
788	5.500029e-03	0.000000e+00	0.000000e+00	0.000000e+00	
789	5.500029e-03	0.000000e+00	0.000000e+00	0.000000e+00	
790	5.500029e-03	0.000000e+00	0.000000e+00	0.000000e+00	
791	5.500029e-03	0.000000e+00	0.000000e+00	0.000000e+00	
792	5.500030e-03	0.000000e+00	0.000000e+00	0.000000e+00	
793	5.500030e-03	0.000000e+00	0.000000e+00	0.000000e+00	
794	5.500030e-03	0.000000e+00	0.000000e+00	0.000000e+00	
795	5.500030e-03	0.000000e+00	0.000000e+00	0.000000e+00	
796	5.500030e-03	0.000000e+00	0.000000e+00	0.000000e+00	
797	5.500031e-03	0.000000e+00	0.000000e+00	0.000000e+00	
798	5.500031e-03	0.000000e+00	0.000000e+00	0.000000e+00	
799	5.500033e-03	0.000000e+00	0.000000e+00	0.000000e+00	
800	5.500036e-03	0.000000e+00	0.000000e+00	0.000000e+00	
801	5.500043e-03	0.000000e+00	0.000000e+00	0.000000e+00	
802	5.500056e-03	0.000000e+00	0.000000e+00	0.000000e+00	
803	5.500082e-03	0.000000e+00	0.000000e+00	0.000000e+00	
804	5.500135e-03	0.000000e+00	0.000000e+00	0.000000e+00	
805	5.500240e-03	0.000000e+00	0.000000e+00	0.000000e+00	
806	5.500449e-03	0.000000e+00	0.000000e+00	0.000000e+00	
807	5.500869e-03	0.000000e+00	0.000000e+00	0.000000e+00	
808	5.501708e-03	0.000000e+00	0.000000e+00	0.000000e+00	

Index   time            a6#branch_1_0   a7#branch_1_0   v1#branch       
--------------------------------------------------------------------------------
809	5.503385e-03	0.000000e+00	0.000000e+00	0.000000e+00	
810	5.506741e-03	0.000000e+00	0.000000e+00	0.000000e+00	
811	5.513452e-03	0.000000e+00	0.000000e+00	0.000000e+00	
812	5.526873e-03	0.000000e+00	0.000000e+00	0.000000e+00	
813	5.553717e-03	0.000000e+00	0.000000e+00	0.000000e+00	
814	5.607404e-03	0.000000e+00	0.000000e+00	0.000000e+00	
815	5.707404e-03	0.000000e+00	0.000000e+00	0.000000e+00	
816	5.807404e-03	0.000000e+00	0.000000e+00	0.000000e+00	
817	5.907404e-03	0.000000e+00	0.000000e+00	0.000000e+00	
818	6.000000e-03	0.000000e+00	0.000000e+00	0.000000e+00	
819	6.000001e-03	0.000000e+00	0.000000e+00	0.000000e+00	
820	6.000003e-03	0.000000e+00	0.000000e+00	0.000000e+00	
821	6.000007e-03	0.000000e+00	0.000000e+00	0.000000e+00	
822	6.000008e-03	0.000000e+00	0.000000e+00	0.000000e+00	
823	6.000008e-03	0.000000e+00	0.000000e+00	0.000000e+00	
824	6.000008e-03	0.000000e+00	0.000000e+00	0.000000e+00	
825	6.000008e-03	0.000000e+00	0.000000e+00	0.000000e+00	
826	6.000008e-03	0.000000e+00	0.000000e+00	0.000000e+00	
827	6.000008e-03	0.000000e+00	0.000000e+00	0.000000e+00	
828	6.000008e-03	0.000000e+00	0.000000e+00	0.000000e+00	
829	6.000008e-03	0.000000e+00	0.000000e+00	0.000000e+00	
830	6.000008e-03	0.000000e+00	0.000000e+00	0.000000e+00	
831	6.000008e-03	0.000000e+00	0.000000e+00	0.000000e+00	
832	6.000009e-03	0.000000e+00	0.000000e+00	0.000000e+00	
833	6.000009e-03	0.000000e+00	0.000000e+00	0.000000e+00	
834	6.000009e-03	0.000000e+00	0.000000e+00	0.000000e+00	
835	6.000009e-03	0.000000e+00	0.000000e+00	0.000000e+00	
836	6.000009e-03	0.000000e+00	0.000000e+00	0.000000e+00	
837	6.000009e-03	0.000000e+00	0.000000e+00	0.000000e+00	
838	6.000009e-03	0.000000e+00	0.000000e+00	0.000000e+00	
839	6.000009e-03	0.000000e+00	0.000000e+00	0.000000e+00	
840	6.000009e-03	0.000000e+00	0.000000e+00	0.000000e+00	
841	6.000009e-03	0.000000e+00	0.000000e+00	0.000000e+00	
842	6.000009e-03	0.000000e+00	0.000000e+00	0.000000e+00	
843	6.000010e-03	0.000000e+00	0.000000e+00	0.000000e+00	
844	6.000010e-03	0.000000e+00	0.000000e+00	0.000000e+00	
845	6.000010e-03	0.000000e+00	0.000000e+00	0.000000e+00	
846	6.000010e-03	0.000000e+00	0.000000e+00	0.000000e+00	
847	6.000010e-03	0.000000e+00	0.000000e+00	0.000000e+00	
848	6.000011e-03	0.000000e+00	0.000000e+00	0.000000e+00	
849	6.000012e-03	0.000000e+00	0.000000e+00	0.000000e+00	
850	6.000012e-03	0.000000e+00	0.000000e+00	0.000000e+00	
851	6.000012e-03	0.000000e+00	0.000000e+00	0.000000e+00	
852	6.000012e-03	0.000000e+00	0.000000e+00	0.000000e+00	
853	6.000013e-03	0.000000e+00	0.000000e+00	0.000000e+00	
854	6.000013e-03	0.000000e+00	0.000000e+00	0.000000e+00	
855	6.000013e-03	0.000000e+00	0.000000e+00	0.000000e+00	
856	6.000013e-03	0.000000e+00	0.000000e+00	0.000000e+00	
857	6.000013e-03	0.000000e+00	0.000000e+00	0.000000e+00	
858	6.000013e-03	0.000000e+00	0.000000e+00	0.000000e+00	
859	6.000013e-03	0.000000e+00	0.000000e+00	0.000000e+00	
860	6.000013e-03	0.000000e+00	0.000000e+00	0.000000e+00	
861	6.000013e-03	0.000000e+00	0.000000e+00	0.000000e+00	
862	6.000013e-03	0.000000e+00	0.000000e+00	0.000000e+00	
863	6.000013e-03	0.000000e+00	0.000000e+00	0.000000e+00	
864	6.000013e-03	0.000000e+00	0.000000e+00	0.000000e+00	
865	6.000014e-03	0.000000e+00	0.000000e+00	0.000000e+00	
866	6.000014e-03	0.000000e+00	0.000000e+00	0.000000e+00	

Index   time            a6#branch_1_0   a7#branch_1_0   v1#branch       
--------------------------------------------------------------------------------
867	6.000014e-03	0.000000e+00	0.000000e+00	0.000000e+00	
868	6.000014e-03	0.000000e+00	0.000000e+00	0.000000e+00	
869	6.000015e-03	0.000000e+00	0.000000e+00	0.000000e+00	
870	6.000015e-03	0.000000e+00	0.000000e+00	0.000000e+00	
871	6.000015e-03	0.000000e+00	0.000000e+00	0.000000e+00	
872	6.000015e-03	0.000000e+00	0.000000e+00	0.000000e+00	
873	6.000015e-03	0.000000e+00	0.000000e+00	0.000000e+00	
874	6.000016e-03	0.000000e+00	0.000000e+00	0.000000e+00	
875	6.000016e-03	0.000000e+00	0.000000e+00	0.000000e+00	
876	6.000016e-03	0.000000e+00	0.000000e+00	0.000000e+00	
877	6.000016e-03	0.000000e+00	0.000000e+00	0.000000e+00	
878	6.000016e-03	0.000000e+00	0.000000e+00	0.000000e+00	
879	6.000016e-03	0.000000e+00	0.000000e+00	0.000000e+00	
880	6.000016e-03	0.000000e+00	0.000000e+00	0.000000e+00	
881	6.000016e-03	0.000000e+00	0.000000e+00	0.000000e+00	
882	6.000016e-03	0.000000e+00	0.000000e+00	0.000000e+00	
883	6.000016e-03	0.000000e+00	0.000000e+00	0.000000e+00	
884	6.000016e-03	0.000000e+00	0.000000e+00	0.000000e+00	
885	6.000017e-03	0.000000e+00	0.000000e+00	0.000000e+00	
886	6.000017e-03	0.000000e+00	0.000000e+00	0.000000e+00	
887	6.000017e-03	0.000000e+00	0.000000e+00	0.000000e+00	
888	6.000017e-03	0.000000e+00	0.000000e+00	0.000000e+00	
889	6.000017e-03	0.000000e+00	0.000000e+00	0.000000e+00	
890	6.000017e-03	0.000000e+00	0.000000e+00	0.000000e+00	
891	6.000017e-03	0.000000e+00	0.000000e+00	0.000000e+00	
892	6.000017e-03	0.000000e+00	0.000000e+00	0.000000e+00	
893	6.000017e-03	0.000000e+00	0.000000e+00	0.000000e+00	
894	6.000017e-03	0.000000e+00	0.000000e+00	0.000000e+00	
895	6.000017e-03	0.000000e+00	0.000000e+00	0.000000e+00	
896	6.000018e-03	0.000000e+00	0.000000e+00	0.000000e+00	
897	6.000018e-03	0.000000e+00	0.000000e+00	0.000000e+00	
898	6.000018e-03	0.000000e+00	0.000000e+00	0.000000e+00	
899	6.000018e-03	0.000000e+00	0.000000e+00	0.000000e+00	
900	6.000018e-03	0.000000e+00	0.000000e+00	0.000000e+00	
901	6.000019e-03	0.000000e+00	0.000000e+00	0.000000e+00	
902	6.000019e-03	0.000000e+00	0.000000e+00	0.000000e+00	
903	6.000020e-03	0.000000e+00	0.000000e+00	0.000000e+00	
904	6.000020e-03	0.000000e+00	0.000000e+00	0.000000e+00	
905	6.000020e-03	0.000000e+00	0.000000e+00	0.000000e+00	
906	6.000021e-03	0.000000e+00	0.000000e+00	0.000000e+00	
907	6.000021e-03	0.000000e+00	0.000000e+00	0.000000e+00	
908	6.000021e-03	0.000000e+00	0.000000e+00	0.000000e+00	
909	6.000021e-03	0.000000e+00	0.000000e+00	0.000000e+00	
910	6.000022e-03	0.000000e+00	0.000000e+00	0.000000e+00	
911	6.000022e-03	0.000000e+00	0.000000e+00	0.000000e+00	
912	6.000022e-03	0.000000e+00	0.000000e+00	0.000000e+00	
913	6.000022e-03	0.000000e+00	0.000000e+00	0.000000e+00	
914	6.000022e-03	0.000000e+00	0.000000e+00	0.000000e+00	
915	6.000022e-03	0.000000e+00	0.000000e+00	0.000000e+00	
916	6.000022e-03	0.000000e+00	0.000000e+00	0.000000e+00	
917	6.000022e-03	0.000000e+00	0.000000e+00	0.000000e+00	
918	6.000022e-03	0.000000e+00	0.000000e+00	0.000000e+00	
919	6.000022e-03	0.000000e+00	0.000000e+00	0.000000e+00	
920	6.000022e-03	0.000000e+00	0.000000e+00	0.000000e+00	
921	6.000022e-03	0.000000e+00	0.000000e+00	0.000000e+00	
922	6.000023e-03	0.000000e+00	0.000000e+00	0.000000e+00	
923	6.000023e-03	0.000000e+00	0.000000e+00	0.000000e+00	
924	6.000023e-03	0.000000e+00	0.000000e+00	0.000000e+00	

Index   time            a6#branch_1_0   a7#branch_1_0   v1#branch       
--------------------------------------------------------------------------------
925	6.000023e-03	0.000000e+00	0.000000e+00	0.000000e+00	
926	6.000023e-03	0.000000e+00	0.000000e+00	0.000000e+00	
927	6.000023e-03	0.000000e+00	0.000000e+00	0.000000e+00	
928	6.000023e-03	0.000000e+00	0.000000e+00	0.000000e+00	
929	6.000023e-03	0.000000e+00	0.000000e+00	0.000000e+00	
930	6.000023e-03	0.000000e+00	0.000000e+00	0.000000e+00	
931	6.000023e-03	0.000000e+00	0.000000e+00	0.000000e+00	
932	6.000024e-03	0.000000e+00	0.000000e+00	0.000000e+00	
933	6.000024e-03	0.000000e+00	0.000000e+00	0.000000e+00	
934	6.000024e-03	0.000000e+00	0.000000e+00	0.000000e+00	
935	6.000024e-03	0.000000e+00	0.000000e+00	0.000000e+00	
936	6.000024e-03	0.000000e+00	0.000000e+00	0.000000e+00	
937	6.000024e-03	0.000000e+00	0.000000e+00	0.000000e+00	
938	6.000024e-03	0.000000e+00	0.000000e+00	0.000000e+00	
939	6.000024e-03	0.000000e+00	0.000000e+00	0.000000e+00	
940	6.000024e-03	0.000000e+00	0.000000e+00	0.000000e+00	
941	6.000024e-03	0.000000e+00	0.000000e+00	0.000000e+00	
942	6.000024e-03	0.000000e+00	0.000000e+00	0.000000e+00	
943	6.000024e-03	0.000000e+00	0.000000e+00	0.000000e+00	
944	6.000024e-03	0.000000e+00	0.000000e+00	0.000000e+00	
945	6.000025e-03	0.000000e+00	0.000000e+00	0.000000e+00	
946	6.000025e-03	0.000000e+00	0.000000e+00	0.000000e+00	
947	6.000025e-03	0.000000e+00	0.000000e+00	0.000000e+00	
948	6.000025e-03	0.000000e+00	0.000000e+00	0.000000e+00	
949	6.000025e-03	0.000000e+00	0.000000e+00	0.000000e+00	
950	6.000025e-03	0.000000e+00	0.000000e+00	0.000000e+00	
951	6.000025e-03	0.000000e+00	0.000000e+00	0.000000e+00	
952	6.000025e-03	0.000000e+00	0.000000e+00	0.000000e+00	
953	6.000025e-03	0.000000e+00	0.000000e+00	0.000000e+00	
954	6.000025e-03	0.000000e+00	0.000000e+00	0.000000e+00	
955	6.000025e-03	0.000000e+00	0.000000e+00	0.000000e+00	
956	6.000025e-03	0.000000e+00	0.000000e+00	0.000000e+00	
957	6.000025e-03	0.000000e+00	0.000000e+00	0.000000e+00	
958	6.000025e-03	0.000000e+00	0.000000e+00	0.000000e+00	
959	6.000026e-03	0.000000e+00	0.000000e+00	0.000000e+00	
960	6.000026e-03	0.000000e+00	0.000000e+00	0.000000e+00	
961	6.000026e-03	0.000000e+00	0.000000e+00	0.000000e+00	
962	6.000026e-03	0.000000e+00	0.000000e+00	0.000000e+00	
963	6.000026e-03	0.000000e+00	0.000000e+00	0.000000e+00	
964	6.000026e-03	0.000000e+00	0.000000e+00	0.000000e+00	
965	6.000026e-03	0.000000e+00	0.000000e+00	0.000000e+00	
966	6.000026e-03	0.000000e+00	0.000000e+00	0.000000e+00	
967	6.000026e-03	0.000000e+00	0.000000e+00	0.000000e+00	
968	6.000026e-03	0.000000e+00	0.000000e+00	0.000000e+00	
969	6.000026e-03	0.000000e+00	0.000000e+00	0.000000e+00	
970	6.000026e-03	0.000000e+00	0.000000e+00	0.000000e+00	
971	6.000026e-03	0.000000e+00	0.000000e+00	0.000000e+00	
972	6.000026e-03	0.000000e+00	0.000000e+00	0.000000e+00	
973	6.000026e-03	0.000000e+00	0.000000e+00	0.000000e+00	
974	6.000026e-03	0.000000e+00	0.000000e+00	0.000000e+00	
975	6.000026e-03	0.000000e+00	0.000000e+00	0.000000e+00	
976	6.000026e-03	0.000000e+00	0.000000e+00	0.000000e+00	
977	6.000026e-03	0.000000e+00	0.000000e+00	0.000000e+00	
978	6.000026e-03	0.000000e+00	0.000000e+00	0.000000e+00	
979	6.000026e-03	0.000000e+00	0.000000e+00	0.000000e+00	
980	6.000026e-03	0.000000e+00	0.000000e+00	0.000000e+00	
981	6.000026e-03	0.000000e+00	0.000000e+00	0.000000e+00	
982	6.000026e-03	0.000000e+00	0.000000e+00	0.000000e+00	

Index   time            a6#branch_1_0   a7#branch_1_0   v1#branch       
--------------------------------------------------------------------------------
983	6.000026e-03	0.000000e+00	0.000000e+00	0.000000e+00	
984	6.000027e-03	0.000000e+00	0.000000e+00	0.000000e+00	
985	6.000027e-03	0.000000e+00	0.000000e+00	0.000000e+00	
986	6.000027e-03	0.000000e+00	0.000000e+00	0.000000e+00	
987	6.000027e-03	0.000000e+00	0.000000e+00	0.000000e+00	
988	6.000027e-03	0.000000e+00	0.000000e+00	0.000000e+00	
989	6.000028e-03	0.000000e+00	0.000000e+00	0.000000e+00	
990	6.000028e-03	0.000000e+00	0.000000e+00	0.000000e+00	
991	6.000028e-03	0.000000e+00	0.000000e+00	0.000000e+00	
992	6.000028e-03	0.000000e+00	0.000000e+00	0.000000e+00	
993	6.000029e-03	0.000000e+00	0.000000e+00	0.000000e+00	
994	6.000029e-03	0.000000e+00	0.000000e+00	0.000000e+00	
995	6.000029e-03	0.000000e+00	0.000000e+00	0.000000e+00	
996	6.000029e-03	0.000000e+00	0.000000e+00	0.000000e+00	
997	6.000029e-03	0.000000e+00	0.000000e+00	0.000000e+00	
998	6.000029e-03	0.000000e+00	0.000000e+00	0.000000e+00	
999	6.000029e-03	0.000000e+00	0.000000e+00	0.000000e+00	
1000	6.000029e-03	0.000000e+00	0.000000e+00	0.000000e+00	
1001	6.000029e-03	0.000000e+00	0.000000e+00	0.000000e+00	
1002	6.000030e-03	0.000000e+00	0.000000e+00	0.000000e+00	
1003	6.000030e-03	0.000000e+00	0.000000e+00	0.000000e+00	
1004	6.000030e-03	0.000000e+00	0.000000e+00	0.000000e+00	
1005	6.000030e-03	0.000000e+00	0.000000e+00	0.000000e+00	
1006	6.000030e-03	0.000000e+00	0.000000e+00	0.000000e+00	
1007	6.000031e-03	0.000000e+00	0.000000e+00	0.000000e+00	
1008	6.000031e-03	0.000000e+00	0.000000e+00	0.000000e+00	
1009	6.000031e-03	0.000000e+00	0.000000e+00	0.000000e+00	
1010	6.000031e-03	0.000000e+00	0.000000e+00	0.000000e+00	
1011	6.000031e-03	0.000000e+00	0.000000e+00	0.000000e+00	
1012	6.000031e-03	0.000000e+00	0.000000e+00	0.000000e+00	
1013	6.000031e-03	0.000000e+00	0.000000e+00	0.000000e+00	
1014	6.000031e-03	0.000000e+00	0.000000e+00	0.000000e+00	
1015	6.000031e-03	0.000000e+00	0.000000e+00	0.000000e+00	
1016	6.000031e-03	0.000000e+00	0.000000e+00	0.000000e+00	
1017	6.000031e-03	0.000000e+00	0.000000e+00	0.000000e+00	
1018	6.000032e-03	0.000000e+00	0.000000e+00	0.000000e+00	
1019	6.000032e-03	0.000000e+00	0.000000e+00	0.000000e+00	
1020	6.000033e-03	0.000000e+00	0.000000e+00	0.000000e+00	
1021	6.000035e-03	0.000000e+00	0.000000e+00	0.000000e+00	
1022	6.000039e-03	0.000000e+00	0.000000e+00	0.000000e+00	
1023	6.000048e-03	0.000000e+00	0.000000e+00	0.000000e+00	
1024	6.000064e-03	0.000000e+00	0.000000e+00	0.000000e+00	
1025	6.000097e-03	0.000000e+00	0.000000e+00	0.000000e+00	
1026	6.000162e-03	0.000000e+00	0.000000e+00	0.000000e+00	
1027	6.000293e-03	0.000000e+00	0.000000e+00	0.000000e+00	
1028	6.000555e-03	0.000000e+00	0.000000e+00	0.000000e+00	
1029	6.001080e-03	0.000000e+00	0.000000e+00	0.000000e+00	
1030	6.002128e-03	0.000000e+00	0.000000e+00	0.000000e+00	
1031	6.004225e-03	0.000000e+00	0.000000e+00	0.000000e+00	
1032	6.008420e-03	0.000000e+00	0.000000e+00	0.000000e+00	
1033	6.016808e-03	0.000000e+00	0.000000e+00	0.000000e+00	
1034	6.033586e-03	0.000000e+00	0.000000e+00	0.000000e+00	
1035	6.067140e-03	0.000000e+00	0.000000e+00	0.000000e+00	
1036	6.134249e-03	0.000000e+00	0.000000e+00	0.000000e+00	
1037	6.234249e-03	0.000000e+00	0.000000e+00	0.000000e+00	
1038	6.334249e-03	0.000000e+00	0.000000e+00	0.000000e+00	
1039	6.434249e-03	0.000000e+00	0.000000e+00	0.000000e+00	
1040	6.500010e-03	0.000000e+00	0.000000e+00	0.000000e+00	

Index   time            a6#branch_1_0   a7#branch_1_0   v1#branch       
--------------------------------------------------------------------------------
1041	6.500011e-03	0.000000e+00	0.000000e+00	0.000000e+00	
1042	6.500013e-03	0.000000e+00	0.000000e+00	0.000000e+00	
1043	6.500017e-03	0.000000e+00	0.000000e+00	0.000000e+00	
1044	6.500020e-03	0.000000e+00	0.000000e+00	0.000000e+00	
1045	6.500021e-03	0.000000e+00	0.000000e+00	0.000000e+00	
1046	6.500021e-03	0.000000e+00	0.000000e+00	0.000000e+00	
1047	6.500021e-03	0.000000e+00	0.000000e+00	0.000000e+00	
1048	6.500021e-03	0.000000e+00	0.000000e+00	0.000000e+00	
1049	6.500022e-03	0.000000e+00	0.000000e+00	0.000000e+00	
1050	6.500022e-03	0.000000e+00	0.000000e+00	0.000000e+00	
1051	6.500022e-03	0.000000e+00	0.000000e+00	0.000000e+00	
1052	6.500022e-03	0.000000e+00	0.000000e+00	0.000000e+00	
1053	6.500022e-03	0.000000e+00	0.000000e+00	0.000000e+00	
1054	6.500023e-03	0.000000e+00	0.000000e+00	0.000000e+00	
1055	6.500023e-03	0.000000e+00	0.000000e+00	0.000000e+00	
1056	6.500023e-03	0.000000e+00	0.000000e+00	0.000000e+00	
1057	6.500023e-03	0.000000e+00	0.000000e+00	0.000000e+00	
1058	6.500023e-03	0.000000e+00	0.000000e+00	0.000000e+00	
1059	6.500024e-03	0.000000e+00	0.000000e+00	0.000000e+00	
1060	6.500024e-03	0.000000e+00	0.000000e+00	0.000000e+00	
1061	6.500024e-03	0.000000e+00	0.000000e+00	0.000000e+00	
1062	6.500024e-03	0.000000e+00	0.000000e+00	0.000000e+00	
1063	6.500024e-03	0.000000e+00	0.000000e+00	0.000000e+00	
1064	6.500025e-03	0.000000e+00	0.000000e+00	0.000000e+00	
1065	6.500025e-03	0.000000e+00	0.000000e+00	0.000000e+00	
1066	6.500025e-03	0.000000e+00	0.000000e+00	0.000000e+00	
1067	6.500025e-03	0.000000e+00	0.000000e+00	0.000000e+00	
1068	6.500025e-03	0.000000e+00	0.000000e+00	0.000000e+00	
1069	6.500025e-03	0.000000e+00	0.000000e+00	0.000000e+00	
1070	6.500025e-03	0.000000e+00	0.000000e+00	0.000000e+00	
1071	6.500025e-03	0.000000e+00	0.000000e+00	0.000000e+00	
1072	6.500025e-03	0.000000e+00	0.000000e+00	0.000000e+00	
1073	6.500025e-03	0.000000e+00	0.000000e+00	0.000000e+00	
1074	6.500025e-03	0.000000e+00	0.000000e+00	0.000000e+00	
1075	6.500026e-03	0.000000e+00	0.000000e+00	0.000000e+00	
1076	6.500026e-03	0.000000e+00	0.000000e+00	0.000000e+00	
1077	6.500026e-03	0.000000e+00	0.000000e+00	0.000000e+00	
1078	6.500026e-03	0.000000e+00	0.000000e+00	0.000000e+00	
1079	6.500026e-03	0.000000e+00	0.000000e+00	0.000000e+00	
1080	6.500026e-03	0.000000e+00	0.000000e+00	0.000000e+00	
1081	6.500026e-03	0.000000e+00	0.000000e+00	0.000000e+00	
1082	6.500026e-03	0.000000e+00	0.000000e+00	0.000000e+00	
1083	6.500026e-03	0.000000e+00	0.000000e+00	0.000000e+00	
1084	6.500026e-03	0.000000e+00	0.000000e+00	0.000000e+00	
1085	6.500026e-03	0.000000e+00	0.000000e+00	0.000000e+00	
1086	6.500027e-03	0.000000e+00	0.000000e+00	0.000000e+00	
1087	6.500027e-03	0.000000e+00	0.000000e+00	0.000000e+00	
1088	6.500028e-03	0.000000e+00	0.000000e+00	0.000000e+00	
1089	6.500030e-03	0.000000e+00	0.000000e+00	0.000000e+00	
1090	6.500034e-03	0.000000e+00	0.000000e+00	0.000000e+00	
1091	6.500042e-03	0.000000e+00	0.000000e+00	0.000000e+00	
1092	6.500059e-03	0.000000e+00	0.000000e+00	0.000000e+00	
1093	6.500092e-03	0.000000e+00	0.000000e+00	0.000000e+00	
1094	6.500157e-03	0.000000e+00	0.000000e+00	0.000000e+00	
1095	6.500288e-03	0.000000e+00	0.000000e+00	0.000000e+00	
1096	6.500550e-03	0.000000e+00	0.000000e+00	0.000000e+00	
1097	6.501075e-03	0.000000e+00	0.000000e+00	0.000000e+00	
1098	6.502123e-03	0.000000e+00	0.000000e+00	0.000000e+00	

Index   time            a6#branch_1_0   a7#branch_1_0   v1#branch       
--------------------------------------------------------------------------------
1099	6.504220e-03	0.000000e+00	0.000000e+00	0.000000e+00	
1100	6.508415e-03	0.000000e+00	0.000000e+00	0.000000e+00	
1101	6.516803e-03	0.000000e+00	0.000000e+00	0.000000e+00	
1102	6.533581e-03	0.000000e+00	0.000000e+00	0.000000e+00	
1103	6.567135e-03	0.000000e+00	0.000000e+00	0.000000e+00	
1104	6.634244e-03	0.000000e+00	0.000000e+00	0.000000e+00	
1105	6.734244e-03	0.000000e+00	0.000000e+00	0.000000e+00	
1106	6.834244e-03	0.000000e+00	0.000000e+00	0.000000e+00	
1107	6.934244e-03	0.000000e+00	0.000000e+00	0.000000e+00	
1108	7.000000e-03	0.000000e+00	0.000000e+00	0.000000e+00	
1109	7.000001e-03	0.000000e+00	0.000000e+00	0.000000e+00	
1110	7.000003e-03	0.000000e+00	0.000000e+00	0.000000e+00	
1111	7.000007e-03	0.000000e+00	0.000000e+00	0.000000e+00	
1112	7.000009e-03	0.000000e+00	0.000000e+00	0.000000e+00	
1113	7.000009e-03	0.000000e+00	0.000000e+00	0.000000e+00	
1114	7.000009e-03	0.000000e+00	0.000000e+00	0.000000e+00	
1115	7.000009e-03	0.000000e+00	0.000000e+00	0.000000e+00	
1116	7.000009e-03	0.000000e+00	0.000000e+00	0.000000e+00	
1117	7.000009e-03	0.000000e+00	0.000000e+00	0.000000e+00	
1118	7.000009e-03	0.000000e+00	0.000000e+00	0.000000e+00	
1119	7.000009e-03	0.000000e+00	0.000000e+00	0.000000e+00	
1120	7.000009e-03	0.000000e+00	0.000000e+00	0.000000e+00	
1121	7.000009e-03	0.000000e+00	0.000000e+00	0.000000e+00	
1122	7.000010e-03	0.000000e+00	0.000000e+00	0.000000e+00	
1123	7.000010e-03	0.000000e+00	0.000000e+00	0.000000e+00	
1124	7.000010e-03	0.000000e+00	0.000000e+00	0.000000e+00	
1125	7.000010e-03	0.000000e+00	0.000000e+00	0.000000e+00	
1126	7.000010e-03	0.000000e+00	0.000000e+00	0.000000e+00	
1127	7.000011e-03	0.000000e+00	0.000000e+00	0.000000e+00	
1128	7.000012e-03	0.000000e+00	0.000000e+00	0.000000e+00	
1129	7.000012e-03	0.000000e+00	0.000000e+00	0.000000e+00	
1130	7.000012e-03	0.000000e+00	0.000000e+00	0.000000e+00	
1131	7.000012e-03	0.000000e+00	0.000000e+00	0.000000e+00	
1132	7.000013e-03	0.000000e+00	0.000000e+00	0.000000e+00	
1133	7.000013e-03	0.000000e+00	0.000000e+00	0.000000e+00	
1134	7.000013e-03	0.000000e+00	0.000000e+00	0.000000e+00	
1135	7.000013e-03	0.000000e+00	0.000000e+00	0.000000e+00	
1136	7.000013e-03	0.000000e+00	0.000000e+00	0.000000e+00	
1137	7.000013e-03	0.000000e+00	0.000000e+00	0.000000e+00	
1138	7.000013e-03	0.000000e+00	0.000000e+00	0.000000e+00	
1139	7.000013e-03	0.000000e+00	0.000000e+00	0.000000e+00	
1140	7.000013e-03	0.000000e+00	0.000000e+00	0.000000e+00	
1141	7.000014e-03	0.000000e+00	0.000000e+00	0.000000e+00	
1142	7.000014e-03	0.000000e+00	0.000000e+00	0.000000e+00	
1143	7.000014e-03	0.000000e+00	0.000000e+00	0.000000e+00	
1144	7.000014e-03	0.000000e+00	0.000000e+00	0.000000e+00	
1145	7.000015e-03	0.000000e+00	0.000000e+00	0.000000e+00	
1146	7.000015e-03	0.000000e+00	0.000000e+00	0.000000e+00	
1147	7.000017e-03	0.000000e+00	0.000000e+00	0.000000e+00	
1148	7.000020e-03	0.000000e+00	0.000000e+00	0.000000e+00	
1149	7.000020e-03	0.000000e+00	0.000000e+00	0.000000e+00	
1150	7.000020e-03	0.000000e+00	0.000000e+00	0.000000e+00	
1151	7.000021e-03	0.000000e+00	0.000000e+00	0.000000e+00	
1152	7.000022e-03	0.000000e+00	0.000000e+00	0.000000e+00	
1153	7.000022e-03	0.000000e+00	0.000000e+00	0.000000e+00	
1154	7.000022e-03	0.000000e+00	0.000000e+00	0.000000e+00	
1155	7.000022e-03	0.000000e+00	0.000000e+00	0.000000e+00	
1156	7.000023e-03	0.000000e+00	0.000000e+00	0.000000e+00	

Index   time            a6#branch_1_0   a7#branch_1_0   v1#branch       
--------------------------------------------------------------------------------
1157	7.000023e-03	0.000000e+00	0.000000e+00	0.000000e+00	
1158	7.000023e-03	0.000000e+00	0.000000e+00	0.000000e+00	
1159	7.000023e-03	0.000000e+00	0.000000e+00	0.000000e+00	
1160	7.000023e-03	0.000000e+00	0.000000e+00	0.000000e+00	
1161	7.000023e-03	0.000000e+00	0.000000e+00	0.000000e+00	
1162	7.000023e-03	0.000000e+00	0.000000e+00	0.000000e+00	
1163	7.000023e-03	0.000000e+00	0.000000e+00	0.000000e+00	
1164	7.000024e-03	0.000000e+00	0.000000e+00	0.000000e+00	
1165	7.000024e-03	0.000000e+00	0.000000e+00	0.000000e+00	
1166	7.000024e-03	0.000000e+00	0.000000e+00	0.000000e+00	
1167	7.000024e-03	0.000000e+00	0.000000e+00	0.000000e+00	
1168	7.000024e-03	0.000000e+00	0.000000e+00	0.000000e+00	
1169	7.000025e-03	0.000000e+00	0.000000e+00	0.000000e+00	
1170	7.000025e-03	0.000000e+00	0.000000e+00	0.000000e+00	
1171	7.000025e-03	0.000000e+00	0.000000e+00	0.000000e+00	
1172	7.000025e-03	0.000000e+00	0.000000e+00	0.000000e+00	
1173	7.000026e-03	0.000000e+00	0.000000e+00	0.000000e+00	
1174	7.000026e-03	0.000000e+00	0.000000e+00	0.000000e+00	
1175	7.000026e-03	0.000000e+00	0.000000e+00	0.000000e+00	
1176	7.000026e-03	0.000000e+00	0.000000e+00	0.000000e+00	
1177	7.000027e-03	0.000000e+00	0.000000e+00	0.000000e+00	
1178	7.000027e-03	0.000000e+00	0.000000e+00	0.000000e+00	
1179	7.000027e-03	0.000000e+00	0.000000e+00	0.000000e+00	
1180	7.000027e-03	0.000000e+00	0.000000e+00	0.000000e+00	
1181	7.000027e-03	0.000000e+00	0.000000e+00	0.000000e+00	
1182	7.000027e-03	0.000000e+00	0.000000e+00	0.000000e+00	
1183	7.000027e-03	0.000000e+00	0.000000e+00	0.000000e+00	
1184	7.000027e-03	0.000000e+00	0.000000e+00	0.000000e+00	
1185	7.000027e-03	0.000000e+00	0.000000e+00	0.000000e+00	
1186	7.000027e-03	0.000000e+00	0.000000e+00	0.000000e+00	
1187	7.000027e-03	0.000000e+00	0.000000e+00	0.000000e+00	
1188	7.000027e-03	0.000000e+00	0.000000e+00	0.000000e+00	
1189	7.000028e-03	0.000000e+00	0.000000e+00	0.000000e+00	
1190	7.000029e-03	0.000000e+00	0.000000e+00	0.000000e+00	
1191	7.000031e-03	0.000000e+00	0.000000e+00	0.000000e+00	
1192	7.000035e-03	0.000000e+00	0.000000e+00	0.000000e+00	
1193	7.000043e-03	0.000000e+00	0.000000e+00	0.000000e+00	
1194	7.000060e-03	0.000000e+00	0.000000e+00	0.000000e+00	
1195	7.000092e-03	0.000000e+00	0.000000e+00	0.000000e+00	
1196	7.000158e-03	0.000000e+00	0.000000e+00	0.000000e+00	
1197	7.000289e-03	0.000000e+00	0.000000e+00	0.000000e+00	
1198	7.000551e-03	0.000000e+00	0.000000e+00	0.000000e+00	
1199	7.001075e-03	0.000000e+00	0.000000e+00	0.000000e+00	
1200	7.002124e-03	0.000000e+00	0.000000e+00	0.000000e+00	
1201	7.004221e-03	0.000000e+00	0.000000e+00	0.000000e+00	
1202	7.008415e-03	0.000000e+00	0.000000e+00	0.000000e+00	
1203	7.016804e-03	0.000000e+00	0.000000e+00	0.000000e+00	
1204	7.033581e-03	0.000000e+00	0.000000e+00	0.000000e+00	
1205	7.067136e-03	0.000000e+00	0.000000e+00	0.000000e+00	
1206	7.134245e-03	0.000000e+00	0.000000e+00	0.000000e+00	
1207	7.234245e-03	0.000000e+00	0.000000e+00	0.000000e+00	
1208	7.334245e-03	0.000000e+00	0.000000e+00	0.000000e+00	
1209	7.434245e-03	0.000000e+00	0.000000e+00	0.000000e+00	
1210	7.500010e-03	0.000000e+00	0.000000e+00	0.000000e+00	
1211	7.500011e-03	0.000000e+00	0.000000e+00	0.000000e+00	
1212	7.500013e-03	0.000000e+00	0.000000e+00	0.000000e+00	
1213	7.500017e-03	0.000000e+00	0.000000e+00	0.000000e+00	
1214	7.500020e-03	0.000000e+00	0.000000e+00	0.000000e+00	

Index   time            a6#branch_1_0   a7#branch_1_0   v1#branch       
--------------------------------------------------------------------------------
1215	7.500021e-03	0.000000e+00	0.000000e+00	0.000000e+00	
1216	7.500021e-03	0.000000e+00	0.000000e+00	0.000000e+00	
1217	7.500021e-03	0.000000e+00	0.000000e+00	0.000000e+00	
1218	7.500021e-03	0.000000e+00	0.000000e+00	0.000000e+00	
1219	7.500022e-03	0.000000e+00	0.000000e+00	0.000000e+00	
1220	7.500022e-03	0.000000e+00	0.000000e+00	0.000000e+00	
1221	7.500022e-03	0.000000e+00	0.000000e+00	0.000000e+00	
1222	7.500022e-03	0.000000e+00	0.000000e+00	0.000000e+00	
1223	7.500022e-03	0.000000e+00	0.000000e+00	0.000000e+00	
1224	7.500023e-03	0.000000e+00	0.000000e+00	0.000000e+00	
1225	7.500023e-03	0.000000e+00	0.000000e+00	0.000000e+00	
1226	7.500023e-03	0.000000e+00	0.000000e+00	0.000000e+00	
1227	7.500023e-03	0.000000e+00	0.000000e+00	0.000000e+00	
1228	7.500023e-03	0.000000e+00	0.000000e+00	0.000000e+00	
1229	7.500024e-03	0.000000e+00	0.000000e+00	0.000000e+00	
1230	7.500024e-03	0.000000e+00	0.000000e+00	0.000000e+00	
1231	7.500024e-03	0.000000e+00	0.000000e+00	0.000000e+00	
1232	7.500024e-03	0.000000e+00	0.000000e+00	0.000000e+00	
1233	7.500024e-03	0.000000e+00	0.000000e+00	0.000000e+00	
1234	7.500025e-03	0.000000e+00	0.000000e+00	0.000000e+00	
1235	7.500025e-03	0.000000e+00	0.000000e+00	0.000000e+00	
1236	7.500025e-03	0.000000e+00	0.000000e+00	0.000000e+00	
1237	7.500025e-03	0.000000e+00	0.000000e+00	0.000000e+00	
1238	7.500025e-03	0.000000e+00	0.000000e+00	0.000000e+00	
1239	7.500025e-03	0.000000e+00	0.000000e+00	0.000000e+00	
1240	7.500025e-03	0.000000e+00	0.000000e+00	0.000000e+00	
1241	7.500025e-03	0.000000e+00	0.000000e+00	0.000000e+00	
1242	7.500025e-03	0.000000e+00	0.000000e+00	0.000000e+00	
1243	7.500025e-03	0.000000e+00	0.000000e+00	0.000000e+00	
1244	7.500025e-03	0.000000e+00	0.000000e+00	0.000000e+00	
1245	7.500026e-03	0.000000e+00	0.000000e+00	0.000000e+00	
1246	7.500026e-03	0.000000e+00	0.000000e+00	0.000000e+00	
1247	7.500026e-03	0.000000e+00	0.000000e+00	0.000000e+00	
1248	7.500026e-03	0.000000e+00	0.000000e+00	0.000000e+00	
1249	7.500026e-03	0.000000e+00	0.000000e+00	0.000000e+00	
1250	7.500026e-03	0.000000e+00	0.000000e+00	0.000000e+00	
1251	7.500026e-03	0.000000e+00	0.000000e+00	0.000000e+00	
1252	7.500026e-03	0.000000e+00	0.000000e+00	0.000000e+00	
1253	7.500026e-03	0.000000e+00	0.000000e+00	0.000000e+00	
1254	7.500026e-03	0.000000e+00	0.000000e+00	0.000000e+00	
1255	7.500026e-03	0.000000e+00	0.000000e+00	0.000000e+00	
1256	7.500027e-03	0.000000e+00	0.000000e+00	0.000000e+00	
1257	7.500027e-03	0.000000e+00	0.000000e+00	0.000000e+00	
1258	7.500028e-03	0.000000e+00	0.000000e+00	0.000000e+00	
1259	7.500030e-03	0.000000e+00	0.000000e+00	0.000000e+00	
1260	7.500034e-03	0.000000e+00	0.000000e+00	0.000000e+00	
1261	7.500042e-03	0.000000e+00	0.000000e+00	0.000000e+00	
1262	7.500059e-03	0.000000e+00	0.000000e+00	0.000000e+00	
1263	7.500092e-03	0.000000e+00	0.000000e+00	0.000000e+00	
1264	7.500157e-03	0.000000e+00	0.000000e+00	0.000000e+00	
1265	7.500288e-03	0.000000e+00	0.000000e+00	0.000000e+00	
1266	7.500550e-03	0.000000e+00	0.000000e+00	0.000000e+00	
1267	7.501075e-03	0.000000e+00	0.000000e+00	0.000000e+00	
1268	7.502123e-03	0.000000e+00	0.000000e+00	0.000000e+00	
1269	7.504220e-03	0.000000e+00	0.000000e+00	0.000000e+00	
1270	7.508415e-03	0.000000e+00	0.000000e+00	0.000000e+00	
1271	7.516803e-03	0.000000e+00	0.000000e+00	0.000000e+00	
1272	7.533581e-03	0.000000e+00	0.000000e+00	0.000000e+00	

Index   time            a6#branch_1_0   a7#branch_1_0   v1#branch       
--------------------------------------------------------------------------------
1273	7.567135e-03	0.000000e+00	0.000000e+00	0.000000e+00	
1274	7.634244e-03	0.000000e+00	0.000000e+00	0.000000e+00	
1275	7.734244e-03	0.000000e+00	0.000000e+00	0.000000e+00	
1276	7.834244e-03	0.000000e+00	0.000000e+00	0.000000e+00	
1277	7.934244e-03	0.000000e+00	0.000000e+00	0.000000e+00	
1278	8.000000e-03	0.000000e+00	0.000000e+00	0.000000e+00	

                                kicad schematic
                                Transient Analysis  Tue Oct 21 20:02:50  2025
--------------------------------------------------------------------------------
Index   time            v2#branch       v3#branch       v4#branch       
--------------------------------------------------------------------------------
0	3.000000e-03	0.000000e+00	0.000000e+00	0.000000e+00	
1	3.000001e-03	0.000000e+00	0.000000e+00	0.000000e+00	
2	3.000003e-03	0.000000e+00	0.000000e+00	0.000000e+00	
3	3.000007e-03	0.000000e+00	0.000000e+00	0.000000e+00	
4	3.000007e-03	0.000000e+00	0.000000e+00	0.000000e+00	
5	3.000007e-03	0.000000e+00	0.000000e+00	0.000000e+00	
6	3.000007e-03	0.000000e+00	0.000000e+00	0.000000e+00	
7	3.000007e-03	0.000000e+00	0.000000e+00	0.000000e+00	
8	3.000007e-03	0.000000e+00	0.000000e+00	0.000000e+00	
9	3.000007e-03	0.000000e+00	0.000000e+00	0.000000e+00	
10	3.000007e-03	0.000000e+00	0.000000e+00	0.000000e+00	
11	3.000007e-03	0.000000e+00	0.000000e+00	0.000000e+00	
12	3.000007e-03	0.000000e+00	0.000000e+00	0.000000e+00	
13	3.000008e-03	0.000000e+00	0.000000e+00	0.000000e+00	
14	3.000008e-03	0.000000e+00	0.000000e+00	0.000000e+00	
15	3.000009e-03	0.000000e+00	0.000000e+00	0.000000e+00	
16	3.000009e-03	0.000000e+00	0.000000e+00	0.000000e+00	
17	3.000009e-03	0.000000e+00	0.000000e+00	0.000000e+00	
18	3.000010e-03	0.000000e+00	0.000000e+00	0.000000e+00	
19	3.000010e-03	0.000000e+00	0.000000e+00	0.000000e+00	
20	3.000010e-03	0.000000e+00	0.000000e+00	0.000000e+00	
21	3.000010e-03	0.000000e+00	0.000000e+00	0.000000e+00	
22	3.000010e-03	0.000000e+00	0.000000e+00	0.000000e+00	
23	3.000010e-03	0.000000e+00	0.000000e+00	0.000000e+00	
24	3.000010e-03	0.000000e+00	0.000000e+00	0.000000e+00	
25	3.000010e-03	0.000000e+00	0.000000e+00	0.000000e+00	
26	3.000010e-03	0.000000e+00	0.000000e+00	0.000000e+00	
27	3.000010e-03	0.000000e+00	0.000000e+00	0.000000e+00	
28	3.000010e-03	0.000000e+00	0.000000e+00	0.000000e+00	
29	3.000010e-03	0.000000e+00	0.000000e+00	0.000000e+00	
30	3.000010e-03	0.000000e+00	0.000000e+00	0.000000e+00	
31	3.000010e-03	0.000000e+00	0.000000e+00	0.000000e+00	
32	3.000010e-03	0.000000e+00	0.000000e+00	0.000000e+00	
33	3.000010e-03	0.000000e+00	0.000000e+00	0.000000e+00	
34	3.000010e-03	0.000000e+00	0.000000e+00	0.000000e+00	
35	3.000011e-03	0.000000e+00	0.000000e+00	0.000000e+00	
36	3.000011e-03	0.000000e+00	0.000000e+00	0.000000e+00	
37	3.000012e-03	0.000000e+00	0.000000e+00	0.000000e+00	
38	3.000012e-03	0.000000e+00	0.000000e+00	0.000000e+00	
39	3.000012e-03	0.000000e+00	0.000000e+00	0.000000e+00	
40	3.000013e-03	0.000000e+00	0.000000e+00	0.000000e+00	
41	3.000013e-03	0.000000e+00	0.000000e+00	0.000000e+00	
42	3.000013e-03	0.000000e+00	0.000000e+00	0.000000e+00	
43	3.000013e-03	0.000000e+00	0.000000e+00	0.000000e+00	
44	3.000013e-03	0.000000e+00	0.000000e+00	0.000000e+00	
45	3.000013e-03	0.000000e+00	0.000000e+00	0.000000e+00	
46	3.000013e-03	0.000000e+00	0.000000e+00	0.000000e+00	
47	3.000013e-03	0.000000e+00	0.000000e+00	0.000000e+00	
48	3.000013e-03	0.000000e+00	0.000000e+00	0.000000e+00	
49	3.000013e-03	0.000000e+00	0.000000e+00	0.000000e+00	
50	3.000013e-03	0.000000e+00	0.000000e+00	0.000000e+00	
51	3.000013e-03	0.000000e+00	0.000000e+00	0.000000e+00	
52	3.000013e-03	0.000000e+00	0.000000e+00	0.000000e+00	
53	3.000014e-03	0.000000e+00	0.000000e+00	0.000000e+00	
54	3.000014e-03	0.000000e+00	0.000000e+00	0.000000e+00	

Index   time            v2#branch       v3#branch       v4#branch       
--------------------------------------------------------------------------------
55	3.000014e-03	0.000000e+00	0.000000e+00	0.000000e+00	
56	3.000014e-03	0.000000e+00	0.000000e+00	0.000000e+00	
57	3.000014e-03	0.000000e+00	0.000000e+00	0.000000e+00	
58	3.000015e-03	0.000000e+00	0.000000e+00	0.000000e+00	
59	3.000015e-03	0.000000e+00	0.000000e+00	0.000000e+00	
60	3.000015e-03	0.000000e+00	0.000000e+00	0.000000e+00	
61	3.000015e-03	0.000000e+00	0.000000e+00	0.000000e+00	
62	3.000015e-03	0.000000e+00	0.000000e+00	0.000000e+00	
63	3.000016e-03	0.000000e+00	0.000000e+00	0.000000e+00	
64	3.000017e-03	0.000000e+00	0.000000e+00	0.000000e+00	
65	3.000020e-03	0.000000e+00	0.000000e+00	0.000000e+00	
66	3.000020e-03	0.000000e+00	0.000000e+00	0.000000e+00	
67	3.000021e-03	0.000000e+00	0.000000e+00	0.000000e+00	
68	3.000021e-03	0.000000e+00	0.000000e+00	0.000000e+00	
69	3.000021e-03	0.000000e+00	0.000000e+00	0.000000e+00	
70	3.000021e-03	0.000000e+00	0.000000e+00	0.000000e+00	
71	3.000021e-03	0.000000e+00	0.000000e+00	0.000000e+00	
72	3.000021e-03	0.000000e+00	0.000000e+00	0.000000e+00	
73	3.000021e-03	0.000000e+00	0.000000e+00	0.000000e+00	
74	3.000021e-03	0.000000e+00	0.000000e+00	0.000000e+00	
75	3.000021e-03	0.000000e+00	0.000000e+00	0.000000e+00	
76	3.000021e-03	0.000000e+00	0.000000e+00	0.000000e+00	
77	3.000021e-03	0.000000e+00	0.000000e+00	0.000000e+00	
78	3.000022e-03	0.000000e+00	0.000000e+00	0.000000e+00	
79	3.000022e-03	0.000000e+00	0.000000e+00	0.000000e+00	
80	3.000022e-03	0.000000e+00	0.000000e+00	0.000000e+00	
81	3.000022e-03	0.000000e+00	0.000000e+00	0.000000e+00	
82	3.000022e-03	0.000000e+00	0.000000e+00	0.000000e+00	
83	3.000023e-03	0.000000e+00	0.000000e+00	0.000000e+00	
84	3.000023e-03	0.000000e+00	0.000000e+00	0.000000e+00	
85	3.000023e-03	0.000000e+00	0.000000e+00	0.000000e+00	
86	3.000023e-03	0.000000e+00	0.000000e+00	0.000000e+00	
87	3.000023e-03	0.000000e+00	0.000000e+00	0.000000e+00	
88	3.000023e-03	0.000000e+00	0.000000e+00	0.000000e+00	
89	3.000023e-03	0.000000e+00	0.000000e+00	0.000000e+00	
90	3.000023e-03	0.000000e+00	0.000000e+00	0.000000e+00	
91	3.000024e-03	0.000000e+00	0.000000e+00	0.000000e+00	
92	3.000024e-03	0.000000e+00	0.000000e+00	0.000000e+00	
93	3.000024e-03	0.000000e+00	0.000000e+00	0.000000e+00	
94	3.000024e-03	0.000000e+00	0.000000e+00	0.000000e+00	
95	3.000024e-03	0.000000e+00	0.000000e+00	0.000000e+00	
96	3.000025e-03	0.000000e+00	0.000000e+00	0.000000e+00	
97	3.000025e-03	0.000000e+00	0.000000e+00	0.000000e+00	
98	3.000025e-03	0.000000e+00	0.000000e+00	0.000000e+00	
99	3.000025e-03	0.000000e+00	0.000000e+00	0.000000e+00	
100	3.000025e-03	0.000000e+00	0.000000e+00	0.000000e+00	
101	3.000025e-03	0.000000e+00	0.000000e+00	0.000000e+00	
102	3.000025e-03	0.000000e+00	0.000000e+00	0.000000e+00	
103	3.000025e-03	0.000000e+00	0.000000e+00	0.000000e+00	
104	3.000025e-03	0.000000e+00	0.000000e+00	0.000000e+00	
105	3.000025e-03	0.000000e+00	0.000000e+00	0.000000e+00	
106	3.000025e-03	0.000000e+00	0.000000e+00	0.000000e+00	
107	3.000026e-03	0.000000e+00	0.000000e+00	0.000000e+00	
108	3.000026e-03	0.000000e+00	0.000000e+00	0.000000e+00	
109	3.000027e-03	0.000000e+00	0.000000e+00	0.000000e+00	
110	3.000027e-03	0.000000e+00	0.000000e+00	0.000000e+00	
111	3.000027e-03	0.000000e+00	0.000000e+00	0.000000e+00	
112	3.000027e-03	0.000000e+00	0.000000e+00	0.000000e+00	

Index   time            v2#branch       v3#branch       v4#branch       
--------------------------------------------------------------------------------
113	3.000027e-03	0.000000e+00	0.000000e+00	0.000000e+00	
114	3.000027e-03	0.000000e+00	0.000000e+00	0.000000e+00	
115	3.000027e-03	0.000000e+00	0.000000e+00	0.000000e+00	
116	3.000027e-03	0.000000e+00	0.000000e+00	0.000000e+00	
117	3.000027e-03	0.000000e+00	0.000000e+00	0.000000e+00	
118	3.000027e-03	0.000000e+00	0.000000e+00	0.000000e+00	
119	3.000028e-03	0.000000e+00	0.000000e+00	0.000000e+00	
120	3.000028e-03	0.000000e+00	0.000000e+00	0.000000e+00	
121	3.000029e-03	0.000000e+00	0.000000e+00	0.000000e+00	
122	3.000029e-03	0.000000e+00	0.000000e+00	0.000000e+00	
123	3.000029e-03	0.000000e+00	0.000000e+00	0.000000e+00	
124	3.000030e-03	0.000000e+00	0.000000e+00	0.000000e+00	
125	3.000030e-03	0.000000e+00	0.000000e+00	0.000000e+00	
126	3.000030e-03	0.000000e+00	0.000000e+00	0.000000e+00	
127	3.000030e-03	0.000000e+00	0.000000e+00	0.000000e+00	
128	3.000030e-03	0.000000e+00	0.000000e+00	0.000000e+00	
129	3.000031e-03	0.000000e+00	0.000000e+00	0.000000e+00	
130	3.000032e-03	0.000000e+00	0.000000e+00	0.000000e+00	
131	3.000034e-03	0.000000e+00	0.000000e+00	0.000000e+00	
132	3.000039e-03	0.000000e+00	0.000000e+00	0.000000e+00	
133	3.000048e-03	0.000000e+00	0.000000e+00	0.000000e+00	
134	3.000067e-03	0.000000e+00	0.000000e+00	0.000000e+00	
135	3.000104e-03	0.000000e+00	0.000000e+00	0.000000e+00	
136	3.000177e-03	0.000000e+00	0.000000e+00	0.000000e+00	
137	3.000325e-03	0.000000e+00	0.000000e+00	0.000000e+00	
138	3.000620e-03	0.000000e+00	0.000000e+00	0.000000e+00	
139	3.001209e-03	0.000000e+00	0.000000e+00	0.000000e+00	
140	3.002389e-03	0.000000e+00	0.000000e+00	0.000000e+00	
141	3.004748e-03	0.000000e+00	0.000000e+00	0.000000e+00	
142	3.009467e-03	0.000000e+00	0.000000e+00	0.000000e+00	
143	3.018904e-03	0.000000e+00	0.000000e+00	0.000000e+00	
144	3.037779e-03	0.000000e+00	0.000000e+00	0.000000e+00	
145	3.075527e-03	0.000000e+00	0.000000e+00	0.000000e+00	
146	3.151025e-03	0.000000e+00	0.000000e+00	0.000000e+00	
147	3.251025e-03	0.000000e+00	0.000000e+00	0.000000e+00	
148	3.351025e-03	0.000000e+00	0.000000e+00	0.000000e+00	
149	3.451025e-03	0.000000e+00	0.000000e+00	0.000000e+00	
150	3.500010e-03	0.000000e+00	0.000000e+00	0.000000e+00	
151	3.500011e-03	0.000000e+00	0.000000e+00	0.000000e+00	
152	3.500013e-03	0.000000e+00	0.000000e+00	0.000000e+00	
153	3.500017e-03	0.000000e+00	0.000000e+00	0.000000e+00	
154	3.500020e-03	0.000000e+00	0.000000e+00	0.000000e+00	
155	3.500021e-03	0.000000e+00	0.000000e+00	0.000000e+00	
156	3.500021e-03	0.000000e+00	0.000000e+00	0.000000e+00	
157	3.500021e-03	0.000000e+00	0.000000e+00	0.000000e+00	
158	3.500021e-03	0.000000e+00	0.000000e+00	0.000000e+00	
159	3.500022e-03	0.000000e+00	0.000000e+00	0.000000e+00	
160	3.500022e-03	0.000000e+00	0.000000e+00	0.000000e+00	
161	3.500022e-03	0.000000e+00	0.000000e+00	0.000000e+00	
162	3.500022e-03	0.000000e+00	0.000000e+00	0.000000e+00	
163	3.500022e-03	0.000000e+00	0.000000e+00	0.000000e+00	
164	3.500023e-03	0.000000e+00	0.000000e+00	0.000000e+00	
165	3.500023e-03	0.000000e+00	0.000000e+00	0.000000e+00	
166	3.500023e-03	0.000000e+00	0.000000e+00	0.000000e+00	
167	3.500023e-03	0.000000e+00	0.000000e+00	0.000000e+00	
168	3.500023e-03	0.000000e+00	0.000000e+00	0.000000e+00	
169	3.500023e-03	0.000000e+00	0.000000e+00	0.000000e+00	
170	3.500023e-03	0.000000e+00	0.000000e+00	0.000000e+00	

Index   time            v2#branch       v3#branch       v4#branch       
--------------------------------------------------------------------------------
171	3.500023e-03	0.000000e+00	0.000000e+00	0.000000e+00	
172	3.500023e-03	0.000000e+00	0.000000e+00	0.000000e+00	
173	3.500023e-03	0.000000e+00	0.000000e+00	0.000000e+00	
174	3.500023e-03	0.000000e+00	0.000000e+00	0.000000e+00	
175	3.500024e-03	0.000000e+00	0.000000e+00	0.000000e+00	
176	3.500024e-03	0.000000e+00	0.000000e+00	0.000000e+00	
177	3.500024e-03	0.000000e+00	0.000000e+00	0.000000e+00	
178	3.500024e-03	0.000000e+00	0.000000e+00	0.000000e+00	
179	3.500024e-03	0.000000e+00	0.000000e+00	0.000000e+00	
180	3.500024e-03	0.000000e+00	0.000000e+00	0.000000e+00	
181	3.500024e-03	0.000000e+00	0.000000e+00	0.000000e+00	
182	3.500024e-03	0.000000e+00	0.000000e+00	0.000000e+00	
183	3.500024e-03	0.000000e+00	0.000000e+00	0.000000e+00	
184	3.500024e-03	0.000000e+00	0.000000e+00	0.000000e+00	
185	3.500024e-03	0.000000e+00	0.000000e+00	0.000000e+00	
186	3.500025e-03	0.000000e+00	0.000000e+00	0.000000e+00	
187	3.500025e-03	0.000000e+00	0.000000e+00	0.000000e+00	
188	3.500025e-03	0.000000e+00	0.000000e+00	0.000000e+00	
189	3.500025e-03	0.000000e+00	0.000000e+00	0.000000e+00	
190	3.500025e-03	0.000000e+00	0.000000e+00	0.000000e+00	
191	3.500025e-03	0.000000e+00	0.000000e+00	0.000000e+00	
192	3.500025e-03	0.000000e+00	0.000000e+00	0.000000e+00	
193	3.500025e-03	0.000000e+00	0.000000e+00	0.000000e+00	
194	3.500025e-03	0.000000e+00	0.000000e+00	0.000000e+00	
195	3.500025e-03	0.000000e+00	0.000000e+00	0.000000e+00	
196	3.500025e-03	0.000000e+00	0.000000e+00	0.000000e+00	
197	3.500026e-03	0.000000e+00	0.000000e+00	0.000000e+00	
198	3.500026e-03	0.000000e+00	0.000000e+00	0.000000e+00	
199	3.500026e-03	0.000000e+00	0.000000e+00	0.000000e+00	
200	3.500026e-03	0.000000e+00	0.000000e+00	0.000000e+00	
201	3.500026e-03	0.000000e+00	0.000000e+00	0.000000e+00	
202	3.500027e-03	0.000000e+00	0.000000e+00	0.000000e+00	
203	3.500027e-03	0.000000e+00	0.000000e+00	0.000000e+00	
204	3.500027e-03	0.000000e+00	0.000000e+00	0.000000e+00	
205	3.500027e-03	0.000000e+00	0.000000e+00	0.000000e+00	
206	3.500027e-03	0.000000e+00	0.000000e+00	0.000000e+00	
207	3.500027e-03	0.000000e+00	0.000000e+00	0.000000e+00	
208	3.500027e-03	0.000000e+00	0.000000e+00	0.000000e+00	
209	3.500027e-03	0.000000e+00	0.000000e+00	0.000000e+00	
210	3.500027e-03	0.000000e+00	0.000000e+00	0.000000e+00	
211	3.500027e-03	0.000000e+00	0.000000e+00	0.000000e+00	
212	3.500027e-03	0.000000e+00	0.000000e+00	0.000000e+00	
213	3.500027e-03	0.000000e+00	0.000000e+00	0.000000e+00	
214	3.500027e-03	0.000000e+00	0.000000e+00	0.000000e+00	
215	3.500027e-03	0.000000e+00	0.000000e+00	0.000000e+00	
216	3.500027e-03	0.000000e+00	0.000000e+00	0.000000e+00	
217	3.500027e-03	0.000000e+00	0.000000e+00	0.000000e+00	
218	3.500027e-03	0.000000e+00	0.000000e+00	0.000000e+00	
219	3.500028e-03	0.000000e+00	0.000000e+00	0.000000e+00	
220	3.500028e-03	0.000000e+00	0.000000e+00	0.000000e+00	
221	3.500028e-03	0.000000e+00	0.000000e+00	0.000000e+00	
222	3.500028e-03	0.000000e+00	0.000000e+00	0.000000e+00	
223	3.500028e-03	0.000000e+00	0.000000e+00	0.000000e+00	
224	3.500029e-03	0.000000e+00	0.000000e+00	0.000000e+00	
225	3.500029e-03	0.000000e+00	0.000000e+00	0.000000e+00	
226	3.500029e-03	0.000000e+00	0.000000e+00	0.000000e+00	
227	3.500029e-03	0.000000e+00	0.000000e+00	0.000000e+00	
228	3.500029e-03	0.000000e+00	0.000000e+00	0.000000e+00	

Index   time            v2#branch       v3#branch       v4#branch       
--------------------------------------------------------------------------------
229	3.500029e-03	0.000000e+00	0.000000e+00	0.000000e+00	
230	3.500029e-03	0.000000e+00	0.000000e+00	0.000000e+00	
231	3.500029e-03	0.000000e+00	0.000000e+00	0.000000e+00	
232	3.500029e-03	0.000000e+00	0.000000e+00	0.000000e+00	
233	3.500029e-03	0.000000e+00	0.000000e+00	0.000000e+00	
234	3.500030e-03	0.000000e+00	0.000000e+00	0.000000e+00	
235	3.500030e-03	0.000000e+00	0.000000e+00	0.000000e+00	
236	3.500031e-03	0.000000e+00	0.000000e+00	0.000000e+00	
237	3.500033e-03	0.000000e+00	0.000000e+00	0.000000e+00	
238	3.500037e-03	0.000000e+00	0.000000e+00	0.000000e+00	
239	3.500045e-03	0.000000e+00	0.000000e+00	0.000000e+00	
240	3.500062e-03	0.000000e+00	0.000000e+00	0.000000e+00	
241	3.500095e-03	0.000000e+00	0.000000e+00	0.000000e+00	
242	3.500160e-03	0.000000e+00	0.000000e+00	0.000000e+00	
243	3.500291e-03	0.000000e+00	0.000000e+00	0.000000e+00	
244	3.500553e-03	0.000000e+00	0.000000e+00	0.000000e+00	
245	3.501078e-03	0.000000e+00	0.000000e+00	0.000000e+00	
246	3.502126e-03	0.000000e+00	0.000000e+00	0.000000e+00	
247	3.504223e-03	0.000000e+00	0.000000e+00	0.000000e+00	
248	3.508418e-03	0.000000e+00	0.000000e+00	0.000000e+00	
249	3.516806e-03	0.000000e+00	0.000000e+00	0.000000e+00	
250	3.533584e-03	0.000000e+00	0.000000e+00	0.000000e+00	
251	3.567138e-03	0.000000e+00	0.000000e+00	0.000000e+00	
252	3.634247e-03	0.000000e+00	0.000000e+00	0.000000e+00	
253	3.734247e-03	0.000000e+00	0.000000e+00	0.000000e+00	
254	3.834247e-03	0.000000e+00	0.000000e+00	0.000000e+00	
255	3.934247e-03	0.000000e+00	0.000000e+00	0.000000e+00	
256	4.000000e-03	0.000000e+00	0.000000e+00	0.000000e+00	
257	4.000001e-03	0.000000e+00	0.000000e+00	0.000000e+00	
258	4.000003e-03	0.000000e+00	0.000000e+00	0.000000e+00	
259	4.000007e-03	0.000000e+00	0.000000e+00	0.000000e+00	
260	4.000008e-03	0.000000e+00	0.000000e+00	0.000000e+00	
261	4.000008e-03	0.000000e+00	0.000000e+00	0.000000e+00	
262	4.000008e-03	0.000000e+00	0.000000e+00	0.000000e+00	
263	4.000008e-03	0.000000e+00	0.000000e+00	0.000000e+00	
264	4.000008e-03	0.000000e+00	0.000000e+00	0.000000e+00	
265	4.000008e-03	0.000000e+00	0.000000e+00	0.000000e+00	
266	4.000008e-03	0.000000e+00	0.000000e+00	0.000000e+00	
267	4.000008e-03	0.000000e+00	0.000000e+00	0.000000e+00	
268	4.000008e-03	0.000000e+00	0.000000e+00	0.000000e+00	
269	4.000008e-03	0.000000e+00	0.000000e+00	0.000000e+00	
270	4.000009e-03	0.000000e+00	0.000000e+00	0.000000e+00	
271	4.000009e-03	0.000000e+00	0.000000e+00	0.000000e+00	
272	4.000009e-03	0.000000e+00	0.000000e+00	0.000000e+00	
273	4.000009e-03	0.000000e+00	0.000000e+00	0.000000e+00	
274	4.000009e-03	0.000000e+00	0.000000e+00	0.000000e+00	
275	4.000009e-03	0.000000e+00	0.000000e+00	0.000000e+00	
276	4.000009e-03	0.000000e+00	0.000000e+00	0.000000e+00	
277	4.000009e-03	0.000000e+00	0.000000e+00	0.000000e+00	
278	4.000009e-03	0.000000e+00	0.000000e+00	0.000000e+00	
279	4.000009e-03	0.000000e+00	0.000000e+00	0.000000e+00	
280	4.000009e-03	0.000000e+00	0.000000e+00	0.000000e+00	
281	4.000009e-03	0.000000e+00	0.000000e+00	0.000000e+00	
282	4.000009e-03	0.000000e+00	0.000000e+00	0.000000e+00	
283	4.000010e-03	0.000000e+00	0.000000e+00	0.000000e+00	
284	4.000010e-03	0.000000e+00	0.000000e+00	0.000000e+00	
285	4.000010e-03	0.000000e+00	0.000000e+00	0.000000e+00	
286	4.000010e-03	0.000000e+00	0.000000e+00	0.000000e+00	

Index   time            v2#branch       v3#branch       v4#branch       
--------------------------------------------------------------------------------
287	4.000010e-03	0.000000e+00	0.000000e+00	0.000000e+00	
288	4.000011e-03	0.000000e+00	0.000000e+00	0.000000e+00	
289	4.000012e-03	0.000000e+00	0.000000e+00	0.000000e+00	
290	4.000012e-03	0.000000e+00	0.000000e+00	0.000000e+00	
291	4.000012e-03	0.000000e+00	0.000000e+00	0.000000e+00	
292	4.000012e-03	0.000000e+00	0.000000e+00	0.000000e+00	
293	4.000013e-03	0.000000e+00	0.000000e+00	0.000000e+00	
294	4.000013e-03	0.000000e+00	0.000000e+00	0.000000e+00	
295	4.000013e-03	0.000000e+00	0.000000e+00	0.000000e+00	
296	4.000013e-03	0.000000e+00	0.000000e+00	0.000000e+00	
297	4.000013e-03	0.000000e+00	0.000000e+00	0.000000e+00	
298	4.000013e-03	0.000000e+00	0.000000e+00	0.000000e+00	
299	4.000013e-03	0.000000e+00	0.000000e+00	0.000000e+00	
300	4.000013e-03	0.000000e+00	0.000000e+00	0.000000e+00	
301	4.000013e-03	0.000000e+00	0.000000e+00	0.000000e+00	
302	4.000013e-03	0.000000e+00	0.000000e+00	0.000000e+00	
303	4.000013e-03	0.000000e+00	0.000000e+00	0.000000e+00	
304	4.000013e-03	0.000000e+00	0.000000e+00	0.000000e+00	
305	4.000013e-03	0.000000e+00	0.000000e+00	0.000000e+00	
306	4.000014e-03	0.000000e+00	0.000000e+00	0.000000e+00	
307	4.000014e-03	0.000000e+00	0.000000e+00	0.000000e+00	
308	4.000014e-03	0.000000e+00	0.000000e+00	0.000000e+00	
309	4.000014e-03	0.000000e+00	0.000000e+00	0.000000e+00	
310	4.000014e-03	0.000000e+00	0.000000e+00	0.000000e+00	
311	4.000014e-03	0.000000e+00	0.000000e+00	0.000000e+00	
312	4.000014e-03	0.000000e+00	0.000000e+00	0.000000e+00	
313	4.000014e-03	0.000000e+00	0.000000e+00	0.000000e+00	
314	4.000014e-03	0.000000e+00	0.000000e+00	0.000000e+00	
315	4.000014e-03	0.000000e+00	0.000000e+00	0.000000e+00	
316	4.000014e-03	0.000000e+00	0.000000e+00	0.000000e+00	
317	4.000015e-03	0.000000e+00	0.000000e+00	0.000000e+00	
318	4.000015e-03	0.000000e+00	0.000000e+00	0.000000e+00	
319	4.000015e-03	0.000000e+00	0.000000e+00	0.000000e+00	
320	4.000015e-03	0.000000e+00	0.000000e+00	0.000000e+00	
321	4.000015e-03	0.000000e+00	0.000000e+00	0.000000e+00	
322	4.000016e-03	0.000000e+00	0.000000e+00	0.000000e+00	
323	4.000016e-03	0.000000e+00	0.000000e+00	0.000000e+00	
324	4.000018e-03	0.000000e+00	0.000000e+00	0.000000e+00	
325	4.000020e-03	0.000000e+00	0.000000e+00	0.000000e+00	
326	4.000020e-03	0.000000e+00	0.000000e+00	0.000000e+00	
327	4.000021e-03	0.000000e+00	0.000000e+00	0.000000e+00	
328	4.000021e-03	0.000000e+00	0.000000e+00	0.000000e+00	
329	4.000021e-03	0.000000e+00	0.000000e+00	0.000000e+00	
330	4.000022e-03	0.000000e+00	0.000000e+00	0.000000e+00	
331	4.000022e-03	0.000000e+00	0.000000e+00	0.000000e+00	
332	4.000022e-03	0.000000e+00	0.000000e+00	0.000000e+00	
333	4.000022e-03	0.000000e+00	0.000000e+00	0.000000e+00	
334	4.000022e-03	0.000000e+00	0.000000e+00	0.000000e+00	
335	4.000022e-03	0.000000e+00	0.000000e+00	0.000000e+00	
336	4.000022e-03	0.000000e+00	0.000000e+00	0.000000e+00	
337	4.000022e-03	0.000000e+00	0.000000e+00	0.000000e+00	
338	4.000022e-03	0.000000e+00	0.000000e+00	0.000000e+00	
339	4.000022e-03	0.000000e+00	0.000000e+00	0.000000e+00	
340	4.000023e-03	0.000000e+00	0.000000e+00	0.000000e+00	
341	4.000023e-03	0.000000e+00	0.000000e+00	0.000000e+00	
342	4.000023e-03	0.000000e+00	0.000000e+00	0.000000e+00	
343	4.000023e-03	0.000000e+00	0.000000e+00	0.000000e+00	
344	4.000023e-03	0.000000e+00	0.000000e+00	0.000000e+00	

Index   time            v2#branch       v3#branch       v4#branch       
--------------------------------------------------------------------------------
345	4.000023e-03	0.000000e+00	0.000000e+00	0.000000e+00	
346	4.000023e-03	0.000000e+00	0.000000e+00	0.000000e+00	
347	4.000023e-03	0.000000e+00	0.000000e+00	0.000000e+00	
348	4.000023e-03	0.000000e+00	0.000000e+00	0.000000e+00	
349	4.000023e-03	0.000000e+00	0.000000e+00	0.000000e+00	
350	4.000023e-03	0.000000e+00	0.000000e+00	0.000000e+00	
351	4.000023e-03	0.000000e+00	0.000000e+00	0.000000e+00	
352	4.000023e-03	0.000000e+00	0.000000e+00	0.000000e+00	
353	4.000023e-03	0.000000e+00	0.000000e+00	0.000000e+00	
354	4.000023e-03	0.000000e+00	0.000000e+00	0.000000e+00	
355	4.000023e-03	0.000000e+00	0.000000e+00	0.000000e+00	
356	4.000024e-03	0.000000e+00	0.000000e+00	0.000000e+00	
357	4.000024e-03	0.000000e+00	0.000000e+00	0.000000e+00	
358	4.000024e-03	0.000000e+00	0.000000e+00	0.000000e+00	
359	4.000024e-03	0.000000e+00	0.000000e+00	0.000000e+00	
360	4.000024e-03	0.000000e+00	0.000000e+00	0.000000e+00	
361	4.000024e-03	0.000000e+00	0.000000e+00	0.000000e+00	
362	4.000024e-03	0.000000e+00	0.000000e+00	0.000000e+00	
363	4.000024e-03	0.000000e+00	0.000000e+00	0.000000e+00	
364	4.000025e-03	0.000000e+00	0.000000e+00	0.000000e+00	
365	4.000025e-03	0.000000e+00	0.000000e+00	0.000000e+00	
366	4.000025e-03	0.000000e+00	0.000000e+00	0.000000e+00	
367	4.000025e-03	0.000000e+00	0.000000e+00	0.000000e+00	
368	4.000025e-03	0.000000e+00	0.000000e+00	0.000000e+00	
369	4.000025e-03	0.000000e+00	0.000000e+00	0.000000e+00	
370	4.000025e-03	0.000000e+00	0.000000e+00	0.000000e+00	
371	4.000025e-03	0.000000e+00	0.000000e+00	0.000000e+00	
372	4.000025e-03	0.000000e+00	0.000000e+00	0.000000e+00	
373	4.000025e-03	0.000000e+00	0.000000e+00	0.000000e+00	
374	4.000025e-03	0.000000e+00	0.000000e+00	0.000000e+00	
375	4.000025e-03	0.000000e+00	0.000000e+00	0.000000e+00	
376	4.000025e-03	0.000000e+00	0.000000e+00	0.000000e+00	
377	4.000025e-03	0.000000e+00	0.000000e+00	0.000000e+00	
378	4.000025e-03	0.000000e+00	0.000000e+00	0.000000e+00	
379	4.000025e-03	0.000000e+00	0.000000e+00	0.000000e+00	
380	4.000025e-03	0.000000e+00	0.000000e+00	0.000000e+00	
381	4.000026e-03	0.000000e+00	0.000000e+00	0.000000e+00	
382	4.000026e-03	0.000000e+00	0.000000e+00	0.000000e+00	
383	4.000026e-03	0.000000e+00	0.000000e+00	0.000000e+00	
384	4.000026e-03	0.000000e+00	0.000000e+00	0.000000e+00	
385	4.000026e-03	0.000000e+00	0.000000e+00	0.000000e+00	
386	4.000026e-03	0.000000e+00	0.000000e+00	0.000000e+00	
387	4.000026e-03	0.000000e+00	0.000000e+00	0.000000e+00	
388	4.000026e-03	0.000000e+00	0.000000e+00	0.000000e+00	
389	4.000026e-03	0.000000e+00	0.000000e+00	0.000000e+00	
390	4.000026e-03	0.000000e+00	0.000000e+00	0.000000e+00	
391	4.000026e-03	0.000000e+00	0.000000e+00	0.000000e+00	
392	4.000026e-03	0.000000e+00	0.000000e+00	0.000000e+00	
393	4.000026e-03	0.000000e+00	0.000000e+00	0.000000e+00	
394	4.000026e-03	0.000000e+00	0.000000e+00	0.000000e+00	
395	4.000026e-03	0.000000e+00	0.000000e+00	0.000000e+00	
396	4.000026e-03	0.000000e+00	0.000000e+00	0.000000e+00	
397	4.000026e-03	0.000000e+00	0.000000e+00	0.000000e+00	
398	4.000026e-03	0.000000e+00	0.000000e+00	0.000000e+00	
399	4.000026e-03	0.000000e+00	0.000000e+00	0.000000e+00	
400	4.000027e-03	0.000000e+00	0.000000e+00	0.000000e+00	
401	4.000027e-03	0.000000e+00	0.000000e+00	0.000000e+00	
402	4.000027e-03	0.000000e+00	0.000000e+00	0.000000e+00	

Index   time            v2#branch       v3#branch       v4#branch       
--------------------------------------------------------------------------------
403	4.000027e-03	0.000000e+00	0.000000e+00	0.000000e+00	
404	4.000027e-03	0.000000e+00	0.000000e+00	0.000000e+00	
405	4.000027e-03	0.000000e+00	0.000000e+00	0.000000e+00	
406	4.000027e-03	0.000000e+00	0.000000e+00	0.000000e+00	
407	4.000027e-03	0.000000e+00	0.000000e+00	0.000000e+00	
408	4.000027e-03	0.000000e+00	0.000000e+00	0.000000e+00	
409	4.000027e-03	0.000000e+00	0.000000e+00	0.000000e+00	
410	4.000027e-03	0.000000e+00	0.000000e+00	0.000000e+00	
411	4.000028e-03	0.000000e+00	0.000000e+00	0.000000e+00	
412	4.000028e-03	0.000000e+00	0.000000e+00	0.000000e+00	
413	4.000028e-03	0.000000e+00	0.000000e+00	0.000000e+00	
414	4.000028e-03	0.000000e+00	0.000000e+00	0.000000e+00	
415	4.000028e-03	0.000000e+00	0.000000e+00	0.000000e+00	
416	4.000029e-03	0.000000e+00	0.000000e+00	0.000000e+00	
417	4.000030e-03	0.000000e+00	0.000000e+00	0.000000e+00	
418	4.000031e-03	0.000000e+00	0.000000e+00	0.000000e+00	
419	4.000035e-03	0.000000e+00	0.000000e+00	0.000000e+00	
420	4.000041e-03	0.000000e+00	0.000000e+00	0.000000e+00	
421	4.000054e-03	0.000000e+00	0.000000e+00	0.000000e+00	
422	4.000080e-03	0.000000e+00	0.000000e+00	0.000000e+00	
423	4.000133e-03	0.000000e+00	0.000000e+00	0.000000e+00	
424	4.000238e-03	0.000000e+00	0.000000e+00	0.000000e+00	
425	4.000447e-03	0.000000e+00	0.000000e+00	0.000000e+00	
426	4.000867e-03	0.000000e+00	0.000000e+00	0.000000e+00	
427	4.001706e-03	0.000000e+00	0.000000e+00	0.000000e+00	
428	4.003383e-03	0.000000e+00	0.000000e+00	0.000000e+00	
429	4.006739e-03	0.000000e+00	0.000000e+00	0.000000e+00	
430	4.013450e-03	0.000000e+00	0.000000e+00	0.000000e+00	
431	4.026872e-03	0.000000e+00	0.000000e+00	0.000000e+00	
432	4.053715e-03	0.000000e+00	0.000000e+00	0.000000e+00	
433	4.107402e-03	0.000000e+00	0.000000e+00	0.000000e+00	
434	4.207402e-03	0.000000e+00	0.000000e+00	0.000000e+00	
435	4.307402e-03	0.000000e+00	0.000000e+00	0.000000e+00	
436	4.407402e-03	0.000000e+00	0.000000e+00	0.000000e+00	
437	4.500010e-03	0.000000e+00	0.000000e+00	0.000000e+00	
438	4.500011e-03	0.000000e+00	0.000000e+00	0.000000e+00	
439	4.500013e-03	0.000000e+00	0.000000e+00	0.000000e+00	
440	4.500017e-03	0.000000e+00	0.000000e+00	0.000000e+00	
441	4.500020e-03	0.000000e+00	0.000000e+00	0.000000e+00	
442	4.500021e-03	0.000000e+00	0.000000e+00	0.000000e+00	
443	4.500021e-03	0.000000e+00	0.000000e+00	0.000000e+00	
444	4.500021e-03	0.000000e+00	0.000000e+00	0.000000e+00	
445	4.500021e-03	0.000000e+00	0.000000e+00	0.000000e+00	
446	4.500022e-03	0.000000e+00	0.000000e+00	0.000000e+00	
447	4.500022e-03	0.000000e+00	0.000000e+00	0.000000e+00	
448	4.500022e-03	0.000000e+00	0.000000e+00	0.000000e+00	
449	4.500022e-03	0.000000e+00	0.000000e+00	0.000000e+00	
450	4.500022e-03	0.000000e+00	0.000000e+00	0.000000e+00	
451	4.500023e-03	0.000000e+00	0.000000e+00	0.000000e+00	
452	4.500023e-03	0.000000e+00	0.000000e+00	0.000000e+00	
453	4.500023e-03	0.000000e+00	0.000000e+00	0.000000e+00	
454	4.500023e-03	0.000000e+00	0.000000e+00	0.000000e+00	
455	4.500023e-03	0.000000e+00	0.000000e+00	0.000000e+00	
456	4.500023e-03	0.000000e+00	0.000000e+00	0.000000e+00	
457	4.500023e-03	0.000000e+00	0.000000e+00	0.000000e+00	
458	4.500023e-03	0.000000e+00	0.000000e+00	0.000000e+00	
459	4.500023e-03	0.000000e+00	0.000000e+00	0.000000e+00	
460	4.500023e-03	0.000000e+00	0.000000e+00	0.000000e+00	

Index   time            v2#branch       v3#branch       v4#branch       
--------------------------------------------------------------------------------
461	4.500023e-03	0.000000e+00	0.000000e+00	0.000000e+00	
462	4.500024e-03	0.000000e+00	0.000000e+00	0.000000e+00	
463	4.500024e-03	0.000000e+00	0.000000e+00	0.000000e+00	
464	4.500024e-03	0.000000e+00	0.000000e+00	0.000000e+00	
465	4.500024e-03	0.000000e+00	0.000000e+00	0.000000e+00	
466	4.500024e-03	0.000000e+00	0.000000e+00	0.000000e+00	
467	4.500025e-03	0.000000e+00	0.000000e+00	0.000000e+00	
468	4.500025e-03	0.000000e+00	0.000000e+00	0.000000e+00	
469	4.500025e-03	0.000000e+00	0.000000e+00	0.000000e+00	
470	4.500025e-03	0.000000e+00	0.000000e+00	0.000000e+00	
471	4.500025e-03	0.000000e+00	0.000000e+00	0.000000e+00	
472	4.500025e-03	0.000000e+00	0.000000e+00	0.000000e+00	
473	4.500025e-03	0.000000e+00	0.000000e+00	0.000000e+00	
474	4.500025e-03	0.000000e+00	0.000000e+00	0.000000e+00	
475	4.500025e-03	0.000000e+00	0.000000e+00	0.000000e+00	
476	4.500025e-03	0.000000e+00	0.000000e+00	0.000000e+00	
477	4.500025e-03	0.000000e+00	0.000000e+00	0.000000e+00	
478	4.500025e-03	0.000000e+00	0.000000e+00	0.000000e+00	
479	4.500025e-03	0.000000e+00	0.000000e+00	0.000000e+00	
480	4.500026e-03	0.000000e+00	0.000000e+00	0.000000e+00	
481	4.500026e-03	0.000000e+00	0.000000e+00	0.000000e+00	
482	4.500026e-03	0.000000e+00	0.000000e+00	0.000000e+00	
483	4.500026e-03	0.000000e+00	0.000000e+00	0.000000e+00	
484	4.500026e-03	0.000000e+00	0.000000e+00	0.000000e+00	
485	4.500027e-03	0.000000e+00	0.000000e+00	0.000000e+00	
486	4.500027e-03	0.000000e+00	0.000000e+00	0.000000e+00	
487	4.500027e-03	0.000000e+00	0.000000e+00	0.000000e+00	
488	4.500027e-03	0.000000e+00	0.000000e+00	0.000000e+00	
489	4.500027e-03	0.000000e+00	0.000000e+00	0.000000e+00	
490	4.500027e-03	0.000000e+00	0.000000e+00	0.000000e+00	
491	4.500027e-03	0.000000e+00	0.000000e+00	0.000000e+00	
492	4.500027e-03	0.000000e+00	0.000000e+00	0.000000e+00	
493	4.500027e-03	0.000000e+00	0.000000e+00	0.000000e+00	
494	4.500027e-03	0.000000e+00	0.000000e+00	0.000000e+00	
495	4.500027e-03	0.000000e+00	0.000000e+00	0.000000e+00	
496	4.500027e-03	0.000000e+00	0.000000e+00	0.000000e+00	
497	4.500027e-03	0.000000e+00	0.000000e+00	0.000000e+00	
498	4.500028e-03	0.000000e+00	0.000000e+00	0.000000e+00	
499	4.500028e-03	0.000000e+00	0.000000e+00	0.000000e+00	
500	4.500029e-03	0.000000e+00	0.000000e+00	0.000000e+00	
501	4.500031e-03	0.000000e+00	0.000000e+00	0.000000e+00	
502	4.500035e-03	0.000000e+00	0.000000e+00	0.000000e+00	
503	4.500043e-03	0.000000e+00	0.000000e+00	0.000000e+00	
504	4.500060e-03	0.000000e+00	0.000000e+00	0.000000e+00	
505	4.500093e-03	0.000000e+00	0.000000e+00	0.000000e+00	
506	4.500158e-03	0.000000e+00	0.000000e+00	0.000000e+00	
507	4.500289e-03	0.000000e+00	0.000000e+00	0.000000e+00	
508	4.500551e-03	0.000000e+00	0.000000e+00	0.000000e+00	
509	4.501076e-03	0.000000e+00	0.000000e+00	0.000000e+00	
510	4.502124e-03	0.000000e+00	0.000000e+00	0.000000e+00	
511	4.504221e-03	0.000000e+00	0.000000e+00	0.000000e+00	
512	4.508416e-03	0.000000e+00	0.000000e+00	0.000000e+00	
513	4.516804e-03	0.000000e+00	0.000000e+00	0.000000e+00	
514	4.533582e-03	0.000000e+00	0.000000e+00	0.000000e+00	
515	4.567136e-03	0.000000e+00	0.000000e+00	0.000000e+00	
516	4.634245e-03	0.000000e+00	0.000000e+00	0.000000e+00	
517	4.734245e-03	0.000000e+00	0.000000e+00	0.000000e+00	
518	4.834245e-03	0.000000e+00	0.000000e+00	0.000000e+00	

Index   time            v2#branch       v3#branch       v4#branch       
--------------------------------------------------------------------------------
519	4.934245e-03	0.000000e+00	0.000000e+00	0.000000e+00	
520	5.000000e-03	0.000000e+00	0.000000e+00	0.000000e+00	
521	5.000001e-03	0.000000e+00	0.000000e+00	0.000000e+00	
522	5.000003e-03	0.000000e+00	0.000000e+00	0.000000e+00	
523	5.000007e-03	0.000000e+00	0.000000e+00	0.000000e+00	
524	5.000009e-03	0.000000e+00	0.000000e+00	0.000000e+00	
525	5.000009e-03	0.000000e+00	0.000000e+00	0.000000e+00	
526	5.000009e-03	0.000000e+00	0.000000e+00	0.000000e+00	
527	5.000009e-03	0.000000e+00	0.000000e+00	0.000000e+00	
528	5.000009e-03	0.000000e+00	0.000000e+00	0.000000e+00	
529	5.000009e-03	0.000000e+00	0.000000e+00	0.000000e+00	
530	5.000009e-03	0.000000e+00	0.000000e+00	0.000000e+00	
531	5.000009e-03	0.000000e+00	0.000000e+00	0.000000e+00	
532	5.000009e-03	0.000000e+00	0.000000e+00	0.000000e+00	
533	5.000009e-03	0.000000e+00	0.000000e+00	0.000000e+00	
534	5.000010e-03	0.000000e+00	0.000000e+00	0.000000e+00	
535	5.000010e-03	0.000000e+00	0.000000e+00	0.000000e+00	
536	5.000010e-03	0.000000e+00	0.000000e+00	0.000000e+00	
537	5.000010e-03	0.000000e+00	0.000000e+00	0.000000e+00	
538	5.000010e-03	0.000000e+00	0.000000e+00	0.000000e+00	
539	5.000010e-03	0.000000e+00	0.000000e+00	0.000000e+00	
540	5.000010e-03	0.000000e+00	0.000000e+00	0.000000e+00	
541	5.000010e-03	0.000000e+00	0.000000e+00	0.000000e+00	
542	5.000010e-03	0.000000e+00	0.000000e+00	0.000000e+00	
543	5.000010e-03	0.000000e+00	0.000000e+00	0.000000e+00	
544	5.000010e-03	0.000000e+00	0.000000e+00	0.000000e+00	
545	5.000010e-03	0.000000e+00	0.000000e+00	0.000000e+00	
546	5.000010e-03	0.000000e+00	0.000000e+00	0.000000e+00	
547	5.000010e-03	0.000000e+00	0.000000e+00	0.000000e+00	
548	5.000010e-03	0.000000e+00	0.000000e+00	0.000000e+00	
549	5.000011e-03	0.000000e+00	0.000000e+00	0.000000e+00	
550	5.000011e-03	0.000000e+00	0.000000e+00	0.000000e+00	
551	5.000012e-03	0.000000e+00	0.000000e+00	0.000000e+00	
552	5.000012e-03	0.000000e+00	0.000000e+00	0.000000e+00	
553	5.000012e-03	0.000000e+00	0.000000e+00	0.000000e+00	
554	5.000012e-03	0.000000e+00	0.000000e+00	0.000000e+00	
555	5.000013e-03	0.000000e+00	0.000000e+00	0.000000e+00	
556	5.000013e-03	0.000000e+00	0.000000e+00	0.000000e+00	
557	5.000013e-03	0.000000e+00	0.000000e+00	0.000000e+00	
558	5.000013e-03	0.000000e+00	0.000000e+00	0.000000e+00	
559	5.000013e-03	0.000000e+00	0.000000e+00	0.000000e+00	
560	5.000013e-03	0.000000e+00	0.000000e+00	0.000000e+00	
561	5.000013e-03	0.000000e+00	0.000000e+00	0.000000e+00	
562	5.000013e-03	0.000000e+00	0.000000e+00	0.000000e+00	
563	5.000013e-03	0.000000e+00	0.000000e+00	0.000000e+00	
564	5.000013e-03	0.000000e+00	0.000000e+00	0.000000e+00	
565	5.000013e-03	0.000000e+00	0.000000e+00	0.000000e+00	
566	5.000013e-03	0.000000e+00	0.000000e+00	0.000000e+00	
567	5.000013e-03	0.000000e+00	0.000000e+00	0.000000e+00	
568	5.000014e-03	0.000000e+00	0.000000e+00	0.000000e+00	
569	5.000014e-03	0.000000e+00	0.000000e+00	0.000000e+00	
570	5.000014e-03	0.000000e+00	0.000000e+00	0.000000e+00	
571	5.000014e-03	0.000000e+00	0.000000e+00	0.000000e+00	
572	5.000014e-03	0.000000e+00	0.000000e+00	0.000000e+00	
573	5.000015e-03	0.000000e+00	0.000000e+00	0.000000e+00	
574	5.000015e-03	0.000000e+00	0.000000e+00	0.000000e+00	
575	5.000015e-03	0.000000e+00	0.000000e+00	0.000000e+00	
576	5.000015e-03	0.000000e+00	0.000000e+00	0.000000e+00	

Index   time            v2#branch       v3#branch       v4#branch       
--------------------------------------------------------------------------------
577	5.000015e-03	0.000000e+00	0.000000e+00	0.000000e+00	
578	5.000016e-03	0.000000e+00	0.000000e+00	0.000000e+00	
579	5.000017e-03	0.000000e+00	0.000000e+00	0.000000e+00	
580	5.000020e-03	0.000000e+00	0.000000e+00	0.000000e+00	
581	5.000020e-03	0.000000e+00	0.000000e+00	0.000000e+00	
582	5.000021e-03	0.000000e+00	0.000000e+00	0.000000e+00	
583	5.000021e-03	0.000000e+00	0.000000e+00	0.000000e+00	
584	5.000021e-03	0.000000e+00	0.000000e+00	0.000000e+00	
585	5.000021e-03	0.000000e+00	0.000000e+00	0.000000e+00	
586	5.000021e-03	0.000000e+00	0.000000e+00	0.000000e+00	
587	5.000021e-03	0.000000e+00	0.000000e+00	0.000000e+00	
588	5.000021e-03	0.000000e+00	0.000000e+00	0.000000e+00	
589	5.000021e-03	0.000000e+00	0.000000e+00	0.000000e+00	
590	5.000021e-03	0.000000e+00	0.000000e+00	0.000000e+00	
591	5.000021e-03	0.000000e+00	0.000000e+00	0.000000e+00	
592	5.000021e-03	0.000000e+00	0.000000e+00	0.000000e+00	
593	5.000022e-03	0.000000e+00	0.000000e+00	0.000000e+00	
594	5.000022e-03	0.000000e+00	0.000000e+00	0.000000e+00	
595	5.000022e-03	0.000000e+00	0.000000e+00	0.000000e+00	
596	5.000022e-03	0.000000e+00	0.000000e+00	0.000000e+00	
597	5.000022e-03	0.000000e+00	0.000000e+00	0.000000e+00	
598	5.000023e-03	0.000000e+00	0.000000e+00	0.000000e+00	
599	5.000023e-03	0.000000e+00	0.000000e+00	0.000000e+00	
600	5.000023e-03	0.000000e+00	0.000000e+00	0.000000e+00	
601	5.000023e-03	0.000000e+00	0.000000e+00	0.000000e+00	
602	5.000023e-03	0.000000e+00	0.000000e+00	0.000000e+00	
603	5.000023e-03	0.000000e+00	0.000000e+00	0.000000e+00	
604	5.000023e-03	0.000000e+00	0.000000e+00	0.000000e+00	
605	5.000023e-03	0.000000e+00	0.000000e+00	0.000000e+00	
606	5.000023e-03	0.000000e+00	0.000000e+00	0.000000e+00	
607	5.000023e-03	0.000000e+00	0.000000e+00	0.000000e+00	
608	5.000023e-03	0.000000e+00	0.000000e+00	0.000000e+00	
609	5.000023e-03	0.000000e+00	0.000000e+00	0.000000e+00	
610	5.000023e-03	0.000000e+00	0.000000e+00	0.000000e+00	
611	5.000024e-03	0.000000e+00	0.000000e+00	0.000000e+00	
612	5.000024e-03	0.000000e+00	0.000000e+00	0.000000e+00	
613	5.000024e-03	0.000000e+00	0.000000e+00	0.000000e+00	
614	5.000024e-03	0.000000e+00	0.000000e+00	0.000000e+00	
615	5.000024e-03	0.000000e+00	0.000000e+00	0.000000e+00	
616	5.000025e-03	0.000000e+00	0.000000e+00	0.000000e+00	
617	5.000025e-03	0.000000e+00	0.000000e+00	0.000000e+00	
618	5.000025e-03	0.000000e+00	0.000000e+00	0.000000e+00	
619	5.000025e-03	0.000000e+00	0.000000e+00	0.000000e+00	
620	5.000025e-03	0.000000e+00	0.000000e+00	0.000000e+00	
621	5.000025e-03	0.000000e+00	0.000000e+00	0.000000e+00	
622	5.000025e-03	0.000000e+00	0.000000e+00	0.000000e+00	
623	5.000025e-03	0.000000e+00	0.000000e+00	0.000000e+00	
624	5.000025e-03	0.000000e+00	0.000000e+00	0.000000e+00	
625	5.000025e-03	0.000000e+00	0.000000e+00	0.000000e+00	
626	5.000025e-03	0.000000e+00	0.000000e+00	0.000000e+00	
627	5.000025e-03	0.000000e+00	0.000000e+00	0.000000e+00	
628	5.000025e-03	0.000000e+00	0.000000e+00	0.000000e+00	
629	5.000025e-03	0.000000e+00	0.000000e+00	0.000000e+00	
630	5.000025e-03	0.000000e+00	0.000000e+00	0.000000e+00	
631	5.000025e-03	0.000000e+00	0.000000e+00	0.000000e+00	
632	5.000025e-03	0.000000e+00	0.000000e+00	0.000000e+00	
633	5.000025e-03	0.000000e+00	0.000000e+00	0.000000e+00	
634	5.000025e-03	0.000000e+00	0.000000e+00	0.000000e+00	

Index   time            v2#branch       v3#branch       v4#branch       
--------------------------------------------------------------------------------
635	5.000025e-03	0.000000e+00	0.000000e+00	0.000000e+00	
636	5.000025e-03	0.000000e+00	0.000000e+00	0.000000e+00	
637	5.000025e-03	0.000000e+00	0.000000e+00	0.000000e+00	
638	5.000026e-03	0.000000e+00	0.000000e+00	0.000000e+00	
639	5.000026e-03	0.000000e+00	0.000000e+00	0.000000e+00	
640	5.000026e-03	0.000000e+00	0.000000e+00	0.000000e+00	
641	5.000026e-03	0.000000e+00	0.000000e+00	0.000000e+00	
642	5.000026e-03	0.000000e+00	0.000000e+00	0.000000e+00	
643	5.000027e-03	0.000000e+00	0.000000e+00	0.000000e+00	
644	5.000027e-03	0.000000e+00	0.000000e+00	0.000000e+00	
645	5.000027e-03	0.000000e+00	0.000000e+00	0.000000e+00	
646	5.000027e-03	0.000000e+00	0.000000e+00	0.000000e+00	
647	5.000027e-03	0.000000e+00	0.000000e+00	0.000000e+00	
648	5.000028e-03	0.000000e+00	0.000000e+00	0.000000e+00	
649	5.000028e-03	0.000000e+00	0.000000e+00	0.000000e+00	
650	5.000028e-03	0.000000e+00	0.000000e+00	0.000000e+00	
651	5.000028e-03	0.000000e+00	0.000000e+00	0.000000e+00	
652	5.000028e-03	0.000000e+00	0.000000e+00	0.000000e+00	
653	5.000028e-03	0.000000e+00	0.000000e+00	0.000000e+00	
654	5.000028e-03	0.000000e+00	0.000000e+00	0.000000e+00	
655	5.000028e-03	0.000000e+00	0.000000e+00	0.000000e+00	
656	5.000028e-03	0.000000e+00	0.000000e+00	0.000000e+00	
657	5.000028e-03	0.000000e+00	0.000000e+00	0.000000e+00	
658	5.000028e-03	0.000000e+00	0.000000e+00	0.000000e+00	
659	5.000029e-03	0.000000e+00	0.000000e+00	0.000000e+00	
660	5.000029e-03	0.000000e+00	0.000000e+00	0.000000e+00	
661	5.000029e-03	0.000000e+00	0.000000e+00	0.000000e+00	
662	5.000029e-03	0.000000e+00	0.000000e+00	0.000000e+00	
663	5.000029e-03	0.000000e+00	0.000000e+00	0.000000e+00	
664	5.000029e-03	0.000000e+00	0.000000e+00	0.000000e+00	
665	5.000029e-03	0.000000e+00	0.000000e+00	0.000000e+00	
666	5.000029e-03	0.000000e+00	0.000000e+00	0.000000e+00	
667	5.000029e-03	0.000000e+00	0.000000e+00	0.000000e+00	
668	5.000029e-03	0.000000e+00	0.000000e+00	0.000000e+00	
669	5.000029e-03	0.000000e+00	0.000000e+00	0.000000e+00	
670	5.000030e-03	0.000000e+00	0.000000e+00	0.000000e+00	
671	5.000030e-03	0.000000e+00	0.000000e+00	0.000000e+00	
672	5.000031e-03	0.000000e+00	0.000000e+00	0.000000e+00	
673	5.000031e-03	0.000000e+00	0.000000e+00	0.000000e+00	
674	5.000031e-03	0.000000e+00	0.000000e+00	0.000000e+00	
675	5.000031e-03	0.000000e+00	0.000000e+00	0.000000e+00	
676	5.000031e-03	0.000000e+00	0.000000e+00	0.000000e+00	
677	5.000031e-03	0.000000e+00	0.000000e+00	0.000000e+00	
678	5.000031e-03	0.000000e+00	0.000000e+00	0.000000e+00	
679	5.000031e-03	0.000000e+00	0.000000e+00	0.000000e+00	
680	5.000031e-03	0.000000e+00	0.000000e+00	0.000000e+00	
681	5.000031e-03	0.000000e+00	0.000000e+00	0.000000e+00	
682	5.000032e-03	0.000000e+00	0.000000e+00	0.000000e+00	
683	5.000032e-03	0.000000e+00	0.000000e+00	0.000000e+00	
684	5.000033e-03	0.000000e+00	0.000000e+00	0.000000e+00	
685	5.000035e-03	0.000000e+00	0.000000e+00	0.000000e+00	
686	5.000039e-03	0.000000e+00	0.000000e+00	0.000000e+00	
687	5.000047e-03	0.000000e+00	0.000000e+00	0.000000e+00	
688	5.000064e-03	0.000000e+00	0.000000e+00	0.000000e+00	
689	5.000097e-03	0.000000e+00	0.000000e+00	0.000000e+00	
690	5.000162e-03	0.000000e+00	0.000000e+00	0.000000e+00	
691	5.000293e-03	0.000000e+00	0.000000e+00	0.000000e+00	
692	5.000555e-03	0.000000e+00	0.000000e+00	0.000000e+00	

Index   time            v2#branch       v3#branch       v4#branch       
--------------------------------------------------------------------------------
693	5.001080e-03	0.000000e+00	0.000000e+00	0.000000e+00	
694	5.002128e-03	0.000000e+00	0.000000e+00	0.000000e+00	
695	5.004225e-03	0.000000e+00	0.000000e+00	0.000000e+00	
696	5.008420e-03	0.000000e+00	0.000000e+00	0.000000e+00	
697	5.016808e-03	0.000000e+00	0.000000e+00	0.000000e+00	
698	5.033586e-03	0.000000e+00	0.000000e+00	0.000000e+00	
699	5.067140e-03	0.000000e+00	0.000000e+00	0.000000e+00	
700	5.134249e-03	0.000000e+00	0.000000e+00	0.000000e+00	
701	5.234249e-03	0.000000e+00	0.000000e+00	0.000000e+00	
702	5.334249e-03	0.000000e+00	0.000000e+00	0.000000e+00	
703	5.434249e-03	0.000000e+00	0.000000e+00	0.000000e+00	
704	5.500010e-03	0.000000e+00	0.000000e+00	0.000000e+00	
705	5.500011e-03	0.000000e+00	0.000000e+00	0.000000e+00	
706	5.500013e-03	0.000000e+00	0.000000e+00	0.000000e+00	
707	5.500017e-03	0.000000e+00	0.000000e+00	0.000000e+00	
708	5.500020e-03	0.000000e+00	0.000000e+00	0.000000e+00	
709	5.500021e-03	0.000000e+00	0.000000e+00	0.000000e+00	
710	5.500021e-03	0.000000e+00	0.000000e+00	0.000000e+00	
711	5.500021e-03	0.000000e+00	0.000000e+00	0.000000e+00	
712	5.500021e-03	0.000000e+00	0.000000e+00	0.000000e+00	
713	5.500022e-03	0.000000e+00	0.000000e+00	0.000000e+00	
714	5.500022e-03	0.000000e+00	0.000000e+00	0.000000e+00	
715	5.500022e-03	0.000000e+00	0.000000e+00	0.000000e+00	
716	5.500022e-03	0.000000e+00	0.000000e+00	0.000000e+00	
717	5.500022e-03	0.000000e+00	0.000000e+00	0.000000e+00	
718	5.500023e-03	0.000000e+00	0.000000e+00	0.000000e+00	
719	5.500023e-03	0.000000e+00	0.000000e+00	0.000000e+00	
720	5.500023e-03	0.000000e+00	0.000000e+00	0.000000e+00	
721	5.500023e-03	0.000000e+00	0.000000e+00	0.000000e+00	
722	5.500023e-03	0.000000e+00	0.000000e+00	0.000000e+00	
723	5.500023e-03	0.000000e+00	0.000000e+00	0.000000e+00	
724	5.500023e-03	0.000000e+00	0.000000e+00	0.000000e+00	
725	5.500023e-03	0.000000e+00	0.000000e+00	0.000000e+00	
726	5.500023e-03	0.000000e+00	0.000000e+00	0.000000e+00	
727	5.500023e-03	0.000000e+00	0.000000e+00	0.000000e+00	
728	5.500023e-03	0.000000e+00	0.000000e+00	0.000000e+00	
729	5.500024e-03	0.000000e+00	0.000000e+00	0.000000e+00	
730	5.500024e-03	0.000000e+00	0.000000e+00	0.000000e+00	
731	5.500024e-03	0.000000e+00	0.000000e+00	0.000000e+00	
732	5.500024e-03	0.000000e+00	0.000000e+00	0.000000e+00	
733	5.500024e-03	0.000000e+00	0.000000e+00	0.000000e+00	
734	5.500024e-03	0.000000e+00	0.000000e+00	0.000000e+00	
735	5.500024e-03	0.000000e+00	0.000000e+00	0.000000e+00	
736	5.500024e-03	0.000000e+00	0.000000e+00	0.000000e+00	
737	5.500024e-03	0.000000e+00	0.000000e+00	0.000000e+00	
738	5.500024e-03	0.000000e+00	0.000000e+00	0.000000e+00	
739	5.500024e-03	0.000000e+00	0.000000e+00	0.000000e+00	
740	5.500025e-03	0.000000e+00	0.000000e+00	0.000000e+00	
741	5.500025e-03	0.000000e+00	0.000000e+00	0.000000e+00	
742	5.500025e-03	0.000000e+00	0.000000e+00	0.000000e+00	
743	5.500025e-03	0.000000e+00	0.000000e+00	0.000000e+00	
744	5.500025e-03	0.000000e+00	0.000000e+00	0.000000e+00	
745	5.500025e-03	0.000000e+00	0.000000e+00	0.000000e+00	
746	5.500025e-03	0.000000e+00	0.000000e+00	0.000000e+00	
747	5.500025e-03	0.000000e+00	0.000000e+00	0.000000e+00	
748	5.500025e-03	0.000000e+00	0.000000e+00	0.000000e+00	
749	5.500025e-03	0.000000e+00	0.000000e+00	0.000000e+00	
750	5.500025e-03	0.000000e+00	0.000000e+00	0.000000e+00	

Index   time            v2#branch       v3#branch       v4#branch       
--------------------------------------------------------------------------------
751	5.500025e-03	0.000000e+00	0.000000e+00	0.000000e+00	
752	5.500025e-03	0.000000e+00	0.000000e+00	0.000000e+00	
753	5.500026e-03	0.000000e+00	0.000000e+00	0.000000e+00	
754	5.500026e-03	0.000000e+00	0.000000e+00	0.000000e+00	
755	5.500026e-03	0.000000e+00	0.000000e+00	0.000000e+00	
756	5.500026e-03	0.000000e+00	0.000000e+00	0.000000e+00	
757	5.500026e-03	0.000000e+00	0.000000e+00	0.000000e+00	
758	5.500026e-03	0.000000e+00	0.000000e+00	0.000000e+00	
759	5.500026e-03	0.000000e+00	0.000000e+00	0.000000e+00	
760	5.500026e-03	0.000000e+00	0.000000e+00	0.000000e+00	
761	5.500026e-03	0.000000e+00	0.000000e+00	0.000000e+00	
762	5.500026e-03	0.000000e+00	0.000000e+00	0.000000e+00	
763	5.500026e-03	0.000000e+00	0.000000e+00	0.000000e+00	
764	5.500026e-03	0.000000e+00	0.000000e+00	0.000000e+00	
765	5.500026e-03	0.000000e+00	0.000000e+00	0.000000e+00	
766	5.500026e-03	0.000000e+00	0.000000e+00	0.000000e+00	
767	5.500027e-03	0.000000e+00	0.000000e+00	0.000000e+00	
768	5.500027e-03	0.000000e+00	0.000000e+00	0.000000e+00	
769	5.500027e-03	0.000000e+00	0.000000e+00	0.000000e+00	
770	5.500027e-03	0.000000e+00	0.000000e+00	0.000000e+00	
771	5.500027e-03	0.000000e+00	0.000000e+00	0.000000e+00	
772	5.500027e-03	0.000000e+00	0.000000e+00	0.000000e+00	
773	5.500027e-03	0.000000e+00	0.000000e+00	0.000000e+00	
774	5.500027e-03	0.000000e+00	0.000000e+00	0.000000e+00	
775	5.500027e-03	0.000000e+00	0.000000e+00	0.000000e+00	
776	5.500027e-03	0.000000e+00	0.000000e+00	0.000000e+00	
777	5.500027e-03	0.000000e+00	0.000000e+00	0.000000e+00	
778	5.500027e-03	0.000000e+00	0.000000e+00	0.000000e+00	
779	5.500027e-03	0.000000e+00	0.000000e+00	0.000000e+00	
780	5.500028e-03	0.000000e+00	0.000000e+00	0.000000e+00	
781	5.500028e-03	0.000000e+00	0.000000e+00	0.000000e+00	
782	5.500029e-03	0.000000e+00	0.000000e+00	0.000000e+00	
783	5.500029e-03	0.000000e+00	0.000000e+00	0.000000e+00	
784	5.500029e-03	0.000000e+00	0.000000e+00	0.000000e+00	
785	5.500029e-03	0.000000e+00	0.000000e+00	0.000000e+00	
786	5.500029e-03	0.000000e+00	0.000000e+00	0.000000e+00	
787	5.500029e-03	0.000000e+00	0.000000e+00	0.000000e+00	
788	5.500029e-03	0.000000e+00	0.000000e+00	0.000000e+00	
789	5.500029e-03	0.000000e+00	0.000000e+00	0.000000e+00	
790	5.500029e-03	0.000000e+00	0.000000e+00	0.000000e+00	
791	5.500029e-03	0.000000e+00	0.000000e+00	0.000000e+00	
792	5.500030e-03	0.000000e+00	0.000000e+00	0.000000e+00	
793	5.500030e-03	0.000000e+00	0.000000e+00	0.000000e+00	
794	5.500030e-03	0.000000e+00	0.000000e+00	0.000000e+00	
795	5.500030e-03	0.000000e+00	0.000000e+00	0.000000e+00	
796	5.500030e-03	0.000000e+00	0.000000e+00	0.000000e+00	
797	5.500031e-03	0.000000e+00	0.000000e+00	0.000000e+00	
798	5.500031e-03	0.000000e+00	0.000000e+00	0.000000e+00	
799	5.500033e-03	0.000000e+00	0.000000e+00	0.000000e+00	
800	5.500036e-03	0.000000e+00	0.000000e+00	0.000000e+00	
801	5.500043e-03	0.000000e+00	0.000000e+00	0.000000e+00	
802	5.500056e-03	0.000000e+00	0.000000e+00	0.000000e+00	
803	5.500082e-03	0.000000e+00	0.000000e+00	0.000000e+00	
804	5.500135e-03	0.000000e+00	0.000000e+00	0.000000e+00	
805	5.500240e-03	0.000000e+00	0.000000e+00	0.000000e+00	
806	5.500449e-03	0.000000e+00	0.000000e+00	0.000000e+00	
807	5.500869e-03	0.000000e+00	0.000000e+00	0.000000e+00	
808	5.501708e-03	0.000000e+00	0.000000e+00	0.000000e+00	

Index   time            v2#branch       v3#branch       v4#branch       
--------------------------------------------------------------------------------
809	5.503385e-03	0.000000e+00	0.000000e+00	0.000000e+00	
810	5.506741e-03	0.000000e+00	0.000000e+00	0.000000e+00	
811	5.513452e-03	0.000000e+00	0.000000e+00	0.000000e+00	
812	5.526873e-03	0.000000e+00	0.000000e+00	0.000000e+00	
813	5.553717e-03	0.000000e+00	0.000000e+00	0.000000e+00	
814	5.607404e-03	0.000000e+00	0.000000e+00	0.000000e+00	
815	5.707404e-03	0.000000e+00	0.000000e+00	0.000000e+00	
816	5.807404e-03	0.000000e+00	0.000000e+00	0.000000e+00	
817	5.907404e-03	0.000000e+00	0.000000e+00	0.000000e+00	
818	6.000000e-03	0.000000e+00	0.000000e+00	0.000000e+00	
819	6.000001e-03	0.000000e+00	0.000000e+00	0.000000e+00	
820	6.000003e-03	0.000000e+00	0.000000e+00	0.000000e+00	
821	6.000007e-03	0.000000e+00	0.000000e+00	0.000000e+00	
822	6.000008e-03	0.000000e+00	0.000000e+00	0.000000e+00	
823	6.000008e-03	0.000000e+00	0.000000e+00	0.000000e+00	
824	6.000008e-03	0.000000e+00	0.000000e+00	0.000000e+00	
825	6.000008e-03	0.000000e+00	0.000000e+00	0.000000e+00	
826	6.000008e-03	0.000000e+00	0.000000e+00	0.000000e+00	
827	6.000008e-03	0.000000e+00	0.000000e+00	0.000000e+00	
828	6.000008e-03	0.000000e+00	0.000000e+00	0.000000e+00	
829	6.000008e-03	0.000000e+00	0.000000e+00	0.000000e+00	
830	6.000008e-03	0.000000e+00	0.000000e+00	0.000000e+00	
831	6.000008e-03	0.000000e+00	0.000000e+00	0.000000e+00	
832	6.000009e-03	0.000000e+00	0.000000e+00	0.000000e+00	
833	6.000009e-03	0.000000e+00	0.000000e+00	0.000000e+00	
834	6.000009e-03	0.000000e+00	0.000000e+00	0.000000e+00	
835	6.000009e-03	0.000000e+00	0.000000e+00	0.000000e+00	
836	6.000009e-03	0.000000e+00	0.000000e+00	0.000000e+00	
837	6.000009e-03	0.000000e+00	0.000000e+00	0.000000e+00	
838	6.000009e-03	0.000000e+00	0.000000e+00	0.000000e+00	
839	6.000009e-03	0.000000e+00	0.000000e+00	0.000000e+00	
840	6.000009e-03	0.000000e+00	0.000000e+00	0.000000e+00	
841	6.000009e-03	0.000000e+00	0.000000e+00	0.000000e+00	
842	6.000009e-03	0.000000e+00	0.000000e+00	0.000000e+00	
843	6.000010e-03	0.000000e+00	0.000000e+00	0.000000e+00	
844	6.000010e-03	0.000000e+00	0.000000e+00	0.000000e+00	
845	6.000010e-03	0.000000e+00	0.000000e+00	0.000000e+00	
846	6.000010e-03	0.000000e+00	0.000000e+00	0.000000e+00	
847	6.000010e-03	0.000000e+00	0.000000e+00	0.000000e+00	
848	6.000011e-03	0.000000e+00	0.000000e+00	0.000000e+00	
849	6.000012e-03	0.000000e+00	0.000000e+00	0.000000e+00	
850	6.000012e-03	0.000000e+00	0.000000e+00	0.000000e+00	
851	6.000012e-03	0.000000e+00	0.000000e+00	0.000000e+00	
852	6.000012e-03	0.000000e+00	0.000000e+00	0.000000e+00	
853	6.000013e-03	0.000000e+00	0.000000e+00	0.000000e+00	
854	6.000013e-03	0.000000e+00	0.000000e+00	0.000000e+00	
855	6.000013e-03	0.000000e+00	0.000000e+00	0.000000e+00	
856	6.000013e-03	0.000000e+00	0.000000e+00	0.000000e+00	
857	6.000013e-03	0.000000e+00	0.000000e+00	0.000000e+00	
858	6.000013e-03	0.000000e+00	0.000000e+00	0.000000e+00	
859	6.000013e-03	0.000000e+00	0.000000e+00	0.000000e+00	
860	6.000013e-03	0.000000e+00	0.000000e+00	0.000000e+00	
861	6.000013e-03	0.000000e+00	0.000000e+00	0.000000e+00	
862	6.000013e-03	0.000000e+00	0.000000e+00	0.000000e+00	
863	6.000013e-03	0.000000e+00	0.000000e+00	0.000000e+00	
864	6.000013e-03	0.000000e+00	0.000000e+00	0.000000e+00	
865	6.000014e-03	0.000000e+00	0.000000e+00	0.000000e+00	
866	6.000014e-03	0.000000e+00	0.000000e+00	0.000000e+00	

Index   time            v2#branch       v3#branch       v4#branch       
--------------------------------------------------------------------------------
867	6.000014e-03	0.000000e+00	0.000000e+00	0.000000e+00	
868	6.000014e-03	0.000000e+00	0.000000e+00	0.000000e+00	
869	6.000015e-03	0.000000e+00	0.000000e+00	0.000000e+00	
870	6.000015e-03	0.000000e+00	0.000000e+00	0.000000e+00	
871	6.000015e-03	0.000000e+00	0.000000e+00	0.000000e+00	
872	6.000015e-03	0.000000e+00	0.000000e+00	0.000000e+00	
873	6.000015e-03	0.000000e+00	0.000000e+00	0.000000e+00	
874	6.000016e-03	0.000000e+00	0.000000e+00	0.000000e+00	
875	6.000016e-03	0.000000e+00	0.000000e+00	0.000000e+00	
876	6.000016e-03	0.000000e+00	0.000000e+00	0.000000e+00	
877	6.000016e-03	0.000000e+00	0.000000e+00	0.000000e+00	
878	6.000016e-03	0.000000e+00	0.000000e+00	0.000000e+00	
879	6.000016e-03	0.000000e+00	0.000000e+00	0.000000e+00	
880	6.000016e-03	0.000000e+00	0.000000e+00	0.000000e+00	
881	6.000016e-03	0.000000e+00	0.000000e+00	0.000000e+00	
882	6.000016e-03	0.000000e+00	0.000000e+00	0.000000e+00	
883	6.000016e-03	0.000000e+00	0.000000e+00	0.000000e+00	
884	6.000016e-03	0.000000e+00	0.000000e+00	0.000000e+00	
885	6.000017e-03	0.000000e+00	0.000000e+00	0.000000e+00	
886	6.000017e-03	0.000000e+00	0.000000e+00	0.000000e+00	
887	6.000017e-03	0.000000e+00	0.000000e+00	0.000000e+00	
888	6.000017e-03	0.000000e+00	0.000000e+00	0.000000e+00	
889	6.000017e-03	0.000000e+00	0.000000e+00	0.000000e+00	
890	6.000017e-03	0.000000e+00	0.000000e+00	0.000000e+00	
891	6.000017e-03	0.000000e+00	0.000000e+00	0.000000e+00	
892	6.000017e-03	0.000000e+00	0.000000e+00	0.000000e+00	
893	6.000017e-03	0.000000e+00	0.000000e+00	0.000000e+00	
894	6.000017e-03	0.000000e+00	0.000000e+00	0.000000e+00	
895	6.000017e-03	0.000000e+00	0.000000e+00	0.000000e+00	
896	6.000018e-03	0.000000e+00	0.000000e+00	0.000000e+00	
897	6.000018e-03	0.000000e+00	0.000000e+00	0.000000e+00	
898	6.000018e-03	0.000000e+00	0.000000e+00	0.000000e+00	
899	6.000018e-03	0.000000e+00	0.000000e+00	0.000000e+00	
900	6.000018e-03	0.000000e+00	0.000000e+00	0.000000e+00	
901	6.000019e-03	0.000000e+00	0.000000e+00	0.000000e+00	
902	6.000019e-03	0.000000e+00	0.000000e+00	0.000000e+00	
903	6.000020e-03	0.000000e+00	0.000000e+00	0.000000e+00	
904	6.000020e-03	0.000000e+00	0.000000e+00	0.000000e+00	
905	6.000020e-03	0.000000e+00	0.000000e+00	0.000000e+00	
906	6.000021e-03	0.000000e+00	0.000000e+00	0.000000e+00	
907	6.000021e-03	0.000000e+00	0.000000e+00	0.000000e+00	
908	6.000021e-03	0.000000e+00	0.000000e+00	0.000000e+00	
909	6.000021e-03	0.000000e+00	0.000000e+00	0.000000e+00	
910	6.000022e-03	0.000000e+00	0.000000e+00	0.000000e+00	
911	6.000022e-03	0.000000e+00	0.000000e+00	0.000000e+00	
912	6.000022e-03	0.000000e+00	0.000000e+00	0.000000e+00	
913	6.000022e-03	0.000000e+00	0.000000e+00	0.000000e+00	
914	6.000022e-03	0.000000e+00	0.000000e+00	0.000000e+00	
915	6.000022e-03	0.000000e+00	0.000000e+00	0.000000e+00	
916	6.000022e-03	0.000000e+00	0.000000e+00	0.000000e+00	
917	6.000022e-03	0.000000e+00	0.000000e+00	0.000000e+00	
918	6.000022e-03	0.000000e+00	0.000000e+00	0.000000e+00	
919	6.000022e-03	0.000000e+00	0.000000e+00	0.000000e+00	
920	6.000022e-03	0.000000e+00	0.000000e+00	0.000000e+00	
921	6.000022e-03	0.000000e+00	0.000000e+00	0.000000e+00	
922	6.000023e-03	0.000000e+00	0.000000e+00	0.000000e+00	
923	6.000023e-03	0.000000e+00	0.000000e+00	0.000000e+00	
924	6.000023e-03	0.000000e+00	0.000000e+00	0.000000e+00	

Index   time            v2#branch       v3#branch       v4#branch       
--------------------------------------------------------------------------------
925	6.000023e-03	0.000000e+00	0.000000e+00	0.000000e+00	
926	6.000023e-03	0.000000e+00	0.000000e+00	0.000000e+00	
927	6.000023e-03	0.000000e+00	0.000000e+00	0.000000e+00	
928	6.000023e-03	0.000000e+00	0.000000e+00	0.000000e+00	
929	6.000023e-03	0.000000e+00	0.000000e+00	0.000000e+00	
930	6.000023e-03	0.000000e+00	0.000000e+00	0.000000e+00	
931	6.000023e-03	0.000000e+00	0.000000e+00	0.000000e+00	
932	6.000024e-03	0.000000e+00	0.000000e+00	0.000000e+00	
933	6.000024e-03	0.000000e+00	0.000000e+00	0.000000e+00	
934	6.000024e-03	0.000000e+00	0.000000e+00	0.000000e+00	
935	6.000024e-03	0.000000e+00	0.000000e+00	0.000000e+00	
936	6.000024e-03	0.000000e+00	0.000000e+00	0.000000e+00	
937	6.000024e-03	0.000000e+00	0.000000e+00	0.000000e+00	
938	6.000024e-03	0.000000e+00	0.000000e+00	0.000000e+00	
939	6.000024e-03	0.000000e+00	0.000000e+00	0.000000e+00	
940	6.000024e-03	0.000000e+00	0.000000e+00	0.000000e+00	
941	6.000024e-03	0.000000e+00	0.000000e+00	0.000000e+00	
942	6.000024e-03	0.000000e+00	0.000000e+00	0.000000e+00	
943	6.000024e-03	0.000000e+00	0.000000e+00	0.000000e+00	
944	6.000024e-03	0.000000e+00	0.000000e+00	0.000000e+00	
945	6.000025e-03	0.000000e+00	0.000000e+00	0.000000e+00	
946	6.000025e-03	0.000000e+00	0.000000e+00	0.000000e+00	
947	6.000025e-03	0.000000e+00	0.000000e+00	0.000000e+00	
948	6.000025e-03	0.000000e+00	0.000000e+00	0.000000e+00	
949	6.000025e-03	0.000000e+00	0.000000e+00	0.000000e+00	
950	6.000025e-03	0.000000e+00	0.000000e+00	0.000000e+00	
951	6.000025e-03	0.000000e+00	0.000000e+00	0.000000e+00	
952	6.000025e-03	0.000000e+00	0.000000e+00	0.000000e+00	
953	6.000025e-03	0.000000e+00	0.000000e+00	0.000000e+00	
954	6.000025e-03	0.000000e+00	0.000000e+00	0.000000e+00	
955	6.000025e-03	0.000000e+00	0.000000e+00	0.000000e+00	
956	6.000025e-03	0.000000e+00	0.000000e+00	0.000000e+00	
957	6.000025e-03	0.000000e+00	0.000000e+00	0.000000e+00	
958	6.000025e-03	0.000000e+00	0.000000e+00	0.000000e+00	
959	6.000026e-03	0.000000e+00	0.000000e+00	0.000000e+00	
960	6.000026e-03	0.000000e+00	0.000000e+00	0.000000e+00	
961	6.000026e-03	0.000000e+00	0.000000e+00	0.000000e+00	
962	6.000026e-03	0.000000e+00	0.000000e+00	0.000000e+00	
963	6.000026e-03	0.000000e+00	0.000000e+00	0.000000e+00	
964	6.000026e-03	0.000000e+00	0.000000e+00	0.000000e+00	
965	6.000026e-03	0.000000e+00	0.000000e+00	0.000000e+00	
966	6.000026e-03	0.000000e+00	0.000000e+00	0.000000e+00	
967	6.000026e-03	0.000000e+00	0.000000e+00	0.000000e+00	
968	6.000026e-03	0.000000e+00	0.000000e+00	0.000000e+00	
969	6.000026e-03	0.000000e+00	0.000000e+00	0.000000e+00	
970	6.000026e-03	0.000000e+00	0.000000e+00	0.000000e+00	
971	6.000026e-03	0.000000e+00	0.000000e+00	0.000000e+00	
972	6.000026e-03	0.000000e+00	0.000000e+00	0.000000e+00	
973	6.000026e-03	0.000000e+00	0.000000e+00	0.000000e+00	
974	6.000026e-03	0.000000e+00	0.000000e+00	0.000000e+00	
975	6.000026e-03	0.000000e+00	0.000000e+00	0.000000e+00	
976	6.000026e-03	0.000000e+00	0.000000e+00	0.000000e+00	
977	6.000026e-03	0.000000e+00	0.000000e+00	0.000000e+00	
978	6.000026e-03	0.000000e+00	0.000000e+00	0.000000e+00	
979	6.000026e-03	0.000000e+00	0.000000e+00	0.000000e+00	
980	6.000026e-03	0.000000e+00	0.000000e+00	0.000000e+00	
981	6.000026e-03	0.000000e+00	0.000000e+00	0.000000e+00	
982	6.000026e-03	0.000000e+00	0.000000e+00	0.000000e+00	

Index   time            v2#branch       v3#branch       v4#branch       
--------------------------------------------------------------------------------
983	6.000026e-03	0.000000e+00	0.000000e+00	0.000000e+00	
984	6.000027e-03	0.000000e+00	0.000000e+00	0.000000e+00	
985	6.000027e-03	0.000000e+00	0.000000e+00	0.000000e+00	
986	6.000027e-03	0.000000e+00	0.000000e+00	0.000000e+00	
987	6.000027e-03	0.000000e+00	0.000000e+00	0.000000e+00	
988	6.000027e-03	0.000000e+00	0.000000e+00	0.000000e+00	
989	6.000028e-03	0.000000e+00	0.000000e+00	0.000000e+00	
990	6.000028e-03	0.000000e+00	0.000000e+00	0.000000e+00	
991	6.000028e-03	0.000000e+00	0.000000e+00	0.000000e+00	
992	6.000028e-03	0.000000e+00	0.000000e+00	0.000000e+00	
993	6.000029e-03	0.000000e+00	0.000000e+00	0.000000e+00	
994	6.000029e-03	0.000000e+00	0.000000e+00	0.000000e+00	
995	6.000029e-03	0.000000e+00	0.000000e+00	0.000000e+00	
996	6.000029e-03	0.000000e+00	0.000000e+00	0.000000e+00	
997	6.000029e-03	0.000000e+00	0.000000e+00	0.000000e+00	
998	6.000029e-03	0.000000e+00	0.000000e+00	0.000000e+00	
999	6.000029e-03	0.000000e+00	0.000000e+00	0.000000e+00	
1000	6.000029e-03	0.000000e+00	0.000000e+00	0.000000e+00	
1001	6.000029e-03	0.000000e+00	0.000000e+00	0.000000e+00	
1002	6.000030e-03	0.000000e+00	0.000000e+00	0.000000e+00	
1003	6.000030e-03	0.000000e+00	0.000000e+00	0.000000e+00	
1004	6.000030e-03	0.000000e+00	0.000000e+00	0.000000e+00	
1005	6.000030e-03	0.000000e+00	0.000000e+00	0.000000e+00	
1006	6.000030e-03	0.000000e+00	0.000000e+00	0.000000e+00	
1007	6.000031e-03	0.000000e+00	0.000000e+00	0.000000e+00	
1008	6.000031e-03	0.000000e+00	0.000000e+00	0.000000e+00	
1009	6.000031e-03	0.000000e+00	0.000000e+00	0.000000e+00	
1010	6.000031e-03	0.000000e+00	0.000000e+00	0.000000e+00	
1011	6.000031e-03	0.000000e+00	0.000000e+00	0.000000e+00	
1012	6.000031e-03	0.000000e+00	0.000000e+00	0.000000e+00	
1013	6.000031e-03	0.000000e+00	0.000000e+00	0.000000e+00	
1014	6.000031e-03	0.000000e+00	0.000000e+00	0.000000e+00	
1015	6.000031e-03	0.000000e+00	0.000000e+00	0.000000e+00	
1016	6.000031e-03	0.000000e+00	0.000000e+00	0.000000e+00	
1017	6.000031e-03	0.000000e+00	0.000000e+00	0.000000e+00	
1018	6.000032e-03	0.000000e+00	0.000000e+00	0.000000e+00	
1019	6.000032e-03	0.000000e+00	0.000000e+00	0.000000e+00	
1020	6.000033e-03	0.000000e+00	0.000000e+00	0.000000e+00	
1021	6.000035e-03	0.000000e+00	0.000000e+00	0.000000e+00	
1022	6.000039e-03	0.000000e+00	0.000000e+00	0.000000e+00	
1023	6.000048e-03	0.000000e+00	0.000000e+00	0.000000e+00	
1024	6.000064e-03	0.000000e+00	0.000000e+00	0.000000e+00	
1025	6.000097e-03	0.000000e+00	0.000000e+00	0.000000e+00	
1026	6.000162e-03	0.000000e+00	0.000000e+00	0.000000e+00	
1027	6.000293e-03	0.000000e+00	0.000000e+00	0.000000e+00	
1028	6.000555e-03	0.000000e+00	0.000000e+00	0.000000e+00	
1029	6.001080e-03	0.000000e+00	0.000000e+00	0.000000e+00	
1030	6.002128e-03	0.000000e+00	0.000000e+00	0.000000e+00	
1031	6.004225e-03	0.000000e+00	0.000000e+00	0.000000e+00	
1032	6.008420e-03	0.000000e+00	0.000000e+00	0.000000e+00	
1033	6.016808e-03	0.000000e+00	0.000000e+00	0.000000e+00	
1034	6.033586e-03	0.000000e+00	0.000000e+00	0.000000e+00	
1035	6.067140e-03	0.000000e+00	0.000000e+00	0.000000e+00	
1036	6.134249e-03	0.000000e+00	0.000000e+00	0.000000e+00	
1037	6.234249e-03	0.000000e+00	0.000000e+00	0.000000e+00	
1038	6.334249e-03	0.000000e+00	0.000000e+00	0.000000e+00	
1039	6.434249e-03	0.000000e+00	0.000000e+00	0.000000e+00	
1040	6.500010e-03	0.000000e+00	0.000000e+00	0.000000e+00	

Index   time            v2#branch       v3#branch       v4#branch       
--------------------------------------------------------------------------------
1041	6.500011e-03	0.000000e+00	0.000000e+00	0.000000e+00	
1042	6.500013e-03	0.000000e+00	0.000000e+00	0.000000e+00	
1043	6.500017e-03	0.000000e+00	0.000000e+00	0.000000e+00	
1044	6.500020e-03	0.000000e+00	0.000000e+00	0.000000e+00	
1045	6.500021e-03	0.000000e+00	0.000000e+00	0.000000e+00	
1046	6.500021e-03	0.000000e+00	0.000000e+00	0.000000e+00	
1047	6.500021e-03	0.000000e+00	0.000000e+00	0.000000e+00	
1048	6.500021e-03	0.000000e+00	0.000000e+00	0.000000e+00	
1049	6.500022e-03	0.000000e+00	0.000000e+00	0.000000e+00	
1050	6.500022e-03	0.000000e+00	0.000000e+00	0.000000e+00	
1051	6.500022e-03	0.000000e+00	0.000000e+00	0.000000e+00	
1052	6.500022e-03	0.000000e+00	0.000000e+00	0.000000e+00	
1053	6.500022e-03	0.000000e+00	0.000000e+00	0.000000e+00	
1054	6.500023e-03	0.000000e+00	0.000000e+00	0.000000e+00	
1055	6.500023e-03	0.000000e+00	0.000000e+00	0.000000e+00	
1056	6.500023e-03	0.000000e+00	0.000000e+00	0.000000e+00	
1057	6.500023e-03	0.000000e+00	0.000000e+00	0.000000e+00	
1058	6.500023e-03	0.000000e+00	0.000000e+00	0.000000e+00	
1059	6.500024e-03	0.000000e+00	0.000000e+00	0.000000e+00	
1060	6.500024e-03	0.000000e+00	0.000000e+00	0.000000e+00	
1061	6.500024e-03	0.000000e+00	0.000000e+00	0.000000e+00	
1062	6.500024e-03	0.000000e+00	0.000000e+00	0.000000e+00	
1063	6.500024e-03	0.000000e+00	0.000000e+00	0.000000e+00	
1064	6.500025e-03	0.000000e+00	0.000000e+00	0.000000e+00	
1065	6.500025e-03	0.000000e+00	0.000000e+00	0.000000e+00	
1066	6.500025e-03	0.000000e+00	0.000000e+00	0.000000e+00	
1067	6.500025e-03	0.000000e+00	0.000000e+00	0.000000e+00	
1068	6.500025e-03	0.000000e+00	0.000000e+00	0.000000e+00	
1069	6.500025e-03	0.000000e+00	0.000000e+00	0.000000e+00	
1070	6.500025e-03	0.000000e+00	0.000000e+00	0.000000e+00	
1071	6.500025e-03	0.000000e+00	0.000000e+00	0.000000e+00	
1072	6.500025e-03	0.000000e+00	0.000000e+00	0.000000e+00	
1073	6.500025e-03	0.000000e+00	0.000000e+00	0.000000e+00	
1074	6.500025e-03	0.000000e+00	0.000000e+00	0.000000e+00	
1075	6.500026e-03	0.000000e+00	0.000000e+00	0.000000e+00	
1076	6.500026e-03	0.000000e+00	0.000000e+00	0.000000e+00	
1077	6.500026e-03	0.000000e+00	0.000000e+00	0.000000e+00	
1078	6.500026e-03	0.000000e+00	0.000000e+00	0.000000e+00	
1079	6.500026e-03	0.000000e+00	0.000000e+00	0.000000e+00	
1080	6.500026e-03	0.000000e+00	0.000000e+00	0.000000e+00	
1081	6.500026e-03	0.000000e+00	0.000000e+00	0.000000e+00	
1082	6.500026e-03	0.000000e+00	0.000000e+00	0.000000e+00	
1083	6.500026e-03	0.000000e+00	0.000000e+00	0.000000e+00	
1084	6.500026e-03	0.000000e+00	0.000000e+00	0.000000e+00	
1085	6.500026e-03	0.000000e+00	0.000000e+00	0.000000e+00	
1086	6.500027e-03	0.000000e+00	0.000000e+00	0.000000e+00	
1087	6.500027e-03	0.000000e+00	0.000000e+00	0.000000e+00	
1088	6.500028e-03	0.000000e+00	0.000000e+00	0.000000e+00	
1089	6.500030e-03	0.000000e+00	0.000000e+00	0.000000e+00	
1090	6.500034e-03	0.000000e+00	0.000000e+00	0.000000e+00	
1091	6.500042e-03	0.000000e+00	0.000000e+00	0.000000e+00	
1092	6.500059e-03	0.000000e+00	0.000000e+00	0.000000e+00	
1093	6.500092e-03	0.000000e+00	0.000000e+00	0.000000e+00	
1094	6.500157e-03	0.000000e+00	0.000000e+00	0.000000e+00	
1095	6.500288e-03	0.000000e+00	0.000000e+00	0.000000e+00	
1096	6.500550e-03	0.000000e+00	0.000000e+00	0.000000e+00	
1097	6.501075e-03	0.000000e+00	0.000000e+00	0.000000e+00	
1098	6.502123e-03	0.000000e+00	0.000000e+00	0.000000e+00	

Index   time            v2#branch       v3#branch       v4#branch       
--------------------------------------------------------------------------------
1099	6.504220e-03	0.000000e+00	0.000000e+00	0.000000e+00	
1100	6.508415e-03	0.000000e+00	0.000000e+00	0.000000e+00	
1101	6.516803e-03	0.000000e+00	0.000000e+00	0.000000e+00	
1102	6.533581e-03	0.000000e+00	0.000000e+00	0.000000e+00	
1103	6.567135e-03	0.000000e+00	0.000000e+00	0.000000e+00	
1104	6.634244e-03	0.000000e+00	0.000000e+00	0.000000e+00	
1105	6.734244e-03	0.000000e+00	0.000000e+00	0.000000e+00	
1106	6.834244e-03	0.000000e+00	0.000000e+00	0.000000e+00	
1107	6.934244e-03	0.000000e+00	0.000000e+00	0.000000e+00	
1108	7.000000e-03	0.000000e+00	0.000000e+00	0.000000e+00	
1109	7.000001e-03	0.000000e+00	0.000000e+00	0.000000e+00	
1110	7.000003e-03	0.000000e+00	0.000000e+00	0.000000e+00	
1111	7.000007e-03	0.000000e+00	0.000000e+00	0.000000e+00	
1112	7.000009e-03	0.000000e+00	0.000000e+00	0.000000e+00	
1113	7.000009e-03	0.000000e+00	0.000000e+00	0.000000e+00	
1114	7.000009e-03	0.000000e+00	0.000000e+00	0.000000e+00	
1115	7.000009e-03	0.000000e+00	0.000000e+00	0.000000e+00	
1116	7.000009e-03	0.000000e+00	0.000000e+00	0.000000e+00	
1117	7.000009e-03	0.000000e+00	0.000000e+00	0.000000e+00	
1118	7.000009e-03	0.000000e+00	0.000000e+00	0.000000e+00	
1119	7.000009e-03	0.000000e+00	0.000000e+00	0.000000e+00	
1120	7.000009e-03	0.000000e+00	0.000000e+00	0.000000e+00	
1121	7.000009e-03	0.000000e+00	0.000000e+00	0.000000e+00	
1122	7.000010e-03	0.000000e+00	0.000000e+00	0.000000e+00	
1123	7.000010e-03	0.000000e+00	0.000000e+00	0.000000e+00	
1124	7.000010e-03	0.000000e+00	0.000000e+00	0.000000e+00	
1125	7.000010e-03	0.000000e+00	0.000000e+00	0.000000e+00	
1126	7.000010e-03	0.000000e+00	0.000000e+00	0.000000e+00	
1127	7.000011e-03	0.000000e+00	0.000000e+00	0.000000e+00	
1128	7.000012e-03	0.000000e+00	0.000000e+00	0.000000e+00	
1129	7.000012e-03	0.000000e+00	0.000000e+00	0.000000e+00	
1130	7.000012e-03	0.000000e+00	0.000000e+00	0.000000e+00	
1131	7.000012e-03	0.000000e+00	0.000000e+00	0.000000e+00	
1132	7.000013e-03	0.000000e+00	0.000000e+00	0.000000e+00	
1133	7.000013e-03	0.000000e+00	0.000000e+00	0.000000e+00	
1134	7.000013e-03	0.000000e+00	0.000000e+00	0.000000e+00	
1135	7.000013e-03	0.000000e+00	0.000000e+00	0.000000e+00	
1136	7.000013e-03	0.000000e+00	0.000000e+00	0.000000e+00	
1137	7.000013e-03	0.000000e+00	0.000000e+00	0.000000e+00	
1138	7.000013e-03	0.000000e+00	0.000000e+00	0.000000e+00	
1139	7.000013e-03	0.000000e+00	0.000000e+00	0.000000e+00	
1140	7.000013e-03	0.000000e+00	0.000000e+00	0.000000e+00	
1141	7.000014e-03	0.000000e+00	0.000000e+00	0.000000e+00	
1142	7.000014e-03	0.000000e+00	0.000000e+00	0.000000e+00	
1143	7.000014e-03	0.000000e+00	0.000000e+00	0.000000e+00	
1144	7.000014e-03	0.000000e+00	0.000000e+00	0.000000e+00	
1145	7.000015e-03	0.000000e+00	0.000000e+00	0.000000e+00	
1146	7.000015e-03	0.000000e+00	0.000000e+00	0.000000e+00	
1147	7.000017e-03	0.000000e+00	0.000000e+00	0.000000e+00	
1148	7.000020e-03	0.000000e+00	0.000000e+00	0.000000e+00	
1149	7.000020e-03	0.000000e+00	0.000000e+00	0.000000e+00	
1150	7.000020e-03	0.000000e+00	0.000000e+00	0.000000e+00	
1151	7.000021e-03	0.000000e+00	0.000000e+00	0.000000e+00	
1152	7.000022e-03	0.000000e+00	0.000000e+00	0.000000e+00	
1153	7.000022e-03	0.000000e+00	0.000000e+00	0.000000e+00	
1154	7.000022e-03	0.000000e+00	0.000000e+00	0.000000e+00	
1155	7.000022e-03	0.000000e+00	0.000000e+00	0.000000e+00	
1156	7.000023e-03	0.000000e+00	0.000000e+00	0.000000e+00	

Index   time            v2#branch       v3#branch       v4#branch       
--------------------------------------------------------------------------------
1157	7.000023e-03	0.000000e+00	0.000000e+00	0.000000e+00	
1158	7.000023e-03	0.000000e+00	0.000000e+00	0.000000e+00	
1159	7.000023e-03	0.000000e+00	0.000000e+00	0.000000e+00	
1160	7.000023e-03	0.000000e+00	0.000000e+00	0.000000e+00	
1161	7.000023e-03	0.000000e+00	0.000000e+00	0.000000e+00	
1162	7.000023e-03	0.000000e+00	0.000000e+00	0.000000e+00	
1163	7.000023e-03	0.000000e+00	0.000000e+00	0.000000e+00	
1164	7.000024e-03	0.000000e+00	0.000000e+00	0.000000e+00	
1165	7.000024e-03	0.000000e+00	0.000000e+00	0.000000e+00	
1166	7.000024e-03	0.000000e+00	0.000000e+00	0.000000e+00	
1167	7.000024e-03	0.000000e+00	0.000000e+00	0.000000e+00	
1168	7.000024e-03	0.000000e+00	0.000000e+00	0.000000e+00	
1169	7.000025e-03	0.000000e+00	0.000000e+00	0.000000e+00	
1170	7.000025e-03	0.000000e+00	0.000000e+00	0.000000e+00	
1171	7.000025e-03	0.000000e+00	0.000000e+00	0.000000e+00	
1172	7.000025e-03	0.000000e+00	0.000000e+00	0.000000e+00	
1173	7.000026e-03	0.000000e+00	0.000000e+00	0.000000e+00	
1174	7.000026e-03	0.000000e+00	0.000000e+00	0.000000e+00	
1175	7.000026e-03	0.000000e+00	0.000000e+00	0.000000e+00	
1176	7.000026e-03	0.000000e+00	0.000000e+00	0.000000e+00	
1177	7.000027e-03	0.000000e+00	0.000000e+00	0.000000e+00	
1178	7.000027e-03	0.000000e+00	0.000000e+00	0.000000e+00	
1179	7.000027e-03	0.000000e+00	0.000000e+00	0.000000e+00	
1180	7.000027e-03	0.000000e+00	0.000000e+00	0.000000e+00	
1181	7.000027e-03	0.000000e+00	0.000000e+00	0.000000e+00	
1182	7.000027e-03	0.000000e+00	0.000000e+00	0.000000e+00	
1183	7.000027e-03	0.000000e+00	0.000000e+00	0.000000e+00	
1184	7.000027e-03	0.000000e+00	0.000000e+00	0.000000e+00	
1185	7.000027e-03	0.000000e+00	0.000000e+00	0.000000e+00	
1186	7.000027e-03	0.000000e+00	0.000000e+00	0.000000e+00	
1187	7.000027e-03	0.000000e+00	0.000000e+00	0.000000e+00	
1188	7.000027e-03	0.000000e+00	0.000000e+00	0.000000e+00	
1189	7.000028e-03	0.000000e+00	0.000000e+00	0.000000e+00	
1190	7.000029e-03	0.000000e+00	0.000000e+00	0.000000e+00	
1191	7.000031e-03	0.000000e+00	0.000000e+00	0.000000e+00	
1192	7.000035e-03	0.000000e+00	0.000000e+00	0.000000e+00	
1193	7.000043e-03	0.000000e+00	0.000000e+00	0.000000e+00	
1194	7.000060e-03	0.000000e+00	0.000000e+00	0.000000e+00	
1195	7.000092e-03	0.000000e+00	0.000000e+00	0.000000e+00	
1196	7.000158e-03	0.000000e+00	0.000000e+00	0.000000e+00	
1197	7.000289e-03	0.000000e+00	0.000000e+00	0.000000e+00	
1198	7.000551e-03	0.000000e+00	0.000000e+00	0.000000e+00	
1199	7.001075e-03	0.000000e+00	0.000000e+00	0.000000e+00	
1200	7.002124e-03	0.000000e+00	0.000000e+00	0.000000e+00	
1201	7.004221e-03	0.000000e+00	0.000000e+00	0.000000e+00	
1202	7.008415e-03	0.000000e+00	0.000000e+00	0.000000e+00	
1203	7.016804e-03	0.000000e+00	0.000000e+00	0.000000e+00	
1204	7.033581e-03	0.000000e+00	0.000000e+00	0.000000e+00	
1205	7.067136e-03	0.000000e+00	0.000000e+00	0.000000e+00	
1206	7.134245e-03	0.000000e+00	0.000000e+00	0.000000e+00	
1207	7.234245e-03	0.000000e+00	0.000000e+00	0.000000e+00	
1208	7.334245e-03	0.000000e+00	0.000000e+00	0.000000e+00	
1209	7.434245e-03	0.000000e+00	0.000000e+00	0.000000e+00	
1210	7.500010e-03	0.000000e+00	0.000000e+00	0.000000e+00	
1211	7.500011e-03	0.000000e+00	0.000000e+00	0.000000e+00	
1212	7.500013e-03	0.000000e+00	0.000000e+00	0.000000e+00	
1213	7.500017e-03	0.000000e+00	0.000000e+00	0.000000e+00	
1214	7.500020e-03	0.000000e+00	0.000000e+00	0.000000e+00	

Index   time            v2#branch       v3#branch       v4#branch       
--------------------------------------------------------------------------------
1215	7.500021e-03	0.000000e+00	0.000000e+00	0.000000e+00	
1216	7.500021e-03	0.000000e+00	0.000000e+00	0.000000e+00	
1217	7.500021e-03	0.000000e+00	0.000000e+00	0.000000e+00	
1218	7.500021e-03	0.000000e+00	0.000000e+00	0.000000e+00	
1219	7.500022e-03	0.000000e+00	0.000000e+00	0.000000e+00	
1220	7.500022e-03	0.000000e+00	0.000000e+00	0.000000e+00	
1221	7.500022e-03	0.000000e+00	0.000000e+00	0.000000e+00	
1222	7.500022e-03	0.000000e+00	0.000000e+00	0.000000e+00	
1223	7.500022e-03	0.000000e+00	0.000000e+00	0.000000e+00	
1224	7.500023e-03	0.000000e+00	0.000000e+00	0.000000e+00	
1225	7.500023e-03	0.000000e+00	0.000000e+00	0.000000e+00	
1226	7.500023e-03	0.000000e+00	0.000000e+00	0.000000e+00	
1227	7.500023e-03	0.000000e+00	0.000000e+00	0.000000e+00	
1228	7.500023e-03	0.000000e+00	0.000000e+00	0.000000e+00	
1229	7.500024e-03	0.000000e+00	0.000000e+00	0.000000e+00	
1230	7.500024e-03	0.000000e+00	0.000000e+00	0.000000e+00	
1231	7.500024e-03	0.000000e+00	0.000000e+00	0.000000e+00	
1232	7.500024e-03	0.000000e+00	0.000000e+00	0.000000e+00	
1233	7.500024e-03	0.000000e+00	0.000000e+00	0.000000e+00	
1234	7.500025e-03	0.000000e+00	0.000000e+00	0.000000e+00	
1235	7.500025e-03	0.000000e+00	0.000000e+00	0.000000e+00	
1236	7.500025e-03	0.000000e+00	0.000000e+00	0.000000e+00	
1237	7.500025e-03	0.000000e+00	0.000000e+00	0.000000e+00	
1238	7.500025e-03	0.000000e+00	0.000000e+00	0.000000e+00	
1239	7.500025e-03	0.000000e+00	0.000000e+00	0.000000e+00	
1240	7.500025e-03	0.000000e+00	0.000000e+00	0.000000e+00	
1241	7.500025e-03	0.000000e+00	0.000000e+00	0.000000e+00	
1242	7.500025e-03	0.000000e+00	0.000000e+00	0.000000e+00	
1243	7.500025e-03	0.000000e+00	0.000000e+00	0.000000e+00	
1244	7.500025e-03	0.000000e+00	0.000000e+00	0.000000e+00	
1245	7.500026e-03	0.000000e+00	0.000000e+00	0.000000e+00	
1246	7.500026e-03	0.000000e+00	0.000000e+00	0.000000e+00	
1247	7.500026e-03	0.000000e+00	0.000000e+00	0.000000e+00	
1248	7.500026e-03	0.000000e+00	0.000000e+00	0.000000e+00	
1249	7.500026e-03	0.000000e+00	0.000000e+00	0.000000e+00	
1250	7.500026e-03	0.000000e+00	0.000000e+00	0.000000e+00	
1251	7.500026e-03	0.000000e+00	0.000000e+00	0.000000e+00	
1252	7.500026e-03	0.000000e+00	0.000000e+00	0.000000e+00	
1253	7.500026e-03	0.000000e+00	0.000000e+00	0.000000e+00	
1254	7.500026e-03	0.000000e+00	0.000000e+00	0.000000e+00	
1255	7.500026e-03	0.000000e+00	0.000000e+00	0.000000e+00	
1256	7.500027e-03	0.000000e+00	0.000000e+00	0.000000e+00	
1257	7.500027e-03	0.000000e+00	0.000000e+00	0.000000e+00	
1258	7.500028e-03	0.000000e+00	0.000000e+00	0.000000e+00	
1259	7.500030e-03	0.000000e+00	0.000000e+00	0.000000e+00	
1260	7.500034e-03	0.000000e+00	0.000000e+00	0.000000e+00	
1261	7.500042e-03	0.000000e+00	0.000000e+00	0.000000e+00	
1262	7.500059e-03	0.000000e+00	0.000000e+00	0.000000e+00	
1263	7.500092e-03	0.000000e+00	0.000000e+00	0.000000e+00	
1264	7.500157e-03	0.000000e+00	0.000000e+00	0.000000e+00	
1265	7.500288e-03	0.000000e+00	0.000000e+00	0.000000e+00	
1266	7.500550e-03	0.000000e+00	0.000000e+00	0.000000e+00	
1267	7.501075e-03	0.000000e+00	0.000000e+00	0.000000e+00	
1268	7.502123e-03	0.000000e+00	0.000000e+00	0.000000e+00	
1269	7.504220e-03	0.000000e+00	0.000000e+00	0.000000e+00	
1270	7.508415e-03	0.000000e+00	0.000000e+00	0.000000e+00	
1271	7.516803e-03	0.000000e+00	0.000000e+00	0.000000e+00	
1272	7.533581e-03	0.000000e+00	0.000000e+00	0.000000e+00	

Index   time            v2#branch       v3#branch       v4#branch       
--------------------------------------------------------------------------------
1273	7.567135e-03	0.000000e+00	0.000000e+00	0.000000e+00	
1274	7.634244e-03	0.000000e+00	0.000000e+00	0.000000e+00	
1275	7.734244e-03	0.000000e+00	0.000000e+00	0.000000e+00	
1276	7.834244e-03	0.000000e+00	0.000000e+00	0.000000e+00	
1277	7.934244e-03	0.000000e+00	0.000000e+00	0.000000e+00	
1278	8.000000e-03	0.000000e+00	0.000000e+00	0.000000e+00	

                                kicad schematic
                                Transient Analysis  Tue Oct 21 20:02:50  2025
--------------------------------------------------------------------------------
Index   time            v5#branch       v6#branch       v7#branch       
--------------------------------------------------------------------------------
0	3.000000e-03	0.000000e+00	0.000000e+00	0.000000e+00	
1	3.000001e-03	0.000000e+00	0.000000e+00	0.000000e+00	
2	3.000003e-03	0.000000e+00	0.000000e+00	0.000000e+00	
3	3.000007e-03	0.000000e+00	0.000000e+00	0.000000e+00	
4	3.000007e-03	0.000000e+00	0.000000e+00	0.000000e+00	
5	3.000007e-03	0.000000e+00	0.000000e+00	0.000000e+00	
6	3.000007e-03	0.000000e+00	0.000000e+00	0.000000e+00	
7	3.000007e-03	0.000000e+00	0.000000e+00	0.000000e+00	
8	3.000007e-03	0.000000e+00	0.000000e+00	0.000000e+00	
9	3.000007e-03	0.000000e+00	0.000000e+00	0.000000e+00	
10	3.000007e-03	0.000000e+00	0.000000e+00	0.000000e+00	
11	3.000007e-03	0.000000e+00	0.000000e+00	0.000000e+00	
12	3.000007e-03	0.000000e+00	0.000000e+00	0.000000e+00	
13	3.000008e-03	0.000000e+00	0.000000e+00	0.000000e+00	
14	3.000008e-03	0.000000e+00	0.000000e+00	0.000000e+00	
15	3.000009e-03	0.000000e+00	0.000000e+00	0.000000e+00	
16	3.000009e-03	0.000000e+00	0.000000e+00	0.000000e+00	
17	3.000009e-03	0.000000e+00	0.000000e+00	0.000000e+00	
18	3.000010e-03	0.000000e+00	0.000000e+00	0.000000e+00	
19	3.000010e-03	0.000000e+00	0.000000e+00	0.000000e+00	
20	3.000010e-03	0.000000e+00	0.000000e+00	0.000000e+00	
21	3.000010e-03	0.000000e+00	0.000000e+00	0.000000e+00	
22	3.000010e-03	0.000000e+00	0.000000e+00	0.000000e+00	
23	3.000010e-03	0.000000e+00	0.000000e+00	0.000000e+00	
24	3.000010e-03	0.000000e+00	0.000000e+00	0.000000e+00	
25	3.000010e-03	0.000000e+00	0.000000e+00	0.000000e+00	
26	3.000010e-03	0.000000e+00	0.000000e+00	0.000000e+00	
27	3.000010e-03	0.000000e+00	0.000000e+00	0.000000e+00	
28	3.000010e-03	0.000000e+00	0.000000e+00	0.000000e+00	
29	3.000010e-03	0.000000e+00	0.000000e+00	0.000000e+00	
30	3.000010e-03	0.000000e+00	0.000000e+00	0.000000e+00	
31	3.000010e-03	0.000000e+00	0.000000e+00	0.000000e+00	
32	3.000010e-03	0.000000e+00	0.000000e+00	0.000000e+00	
33	3.000010e-03	0.000000e+00	0.000000e+00	0.000000e+00	
34	3.000010e-03	0.000000e+00	0.000000e+00	0.000000e+00	
35	3.000011e-03	0.000000e+00	0.000000e+00	0.000000e+00	
36	3.000011e-03	0.000000e+00	0.000000e+00	0.000000e+00	
37	3.000012e-03	0.000000e+00	0.000000e+00	0.000000e+00	
38	3.000012e-03	0.000000e+00	0.000000e+00	0.000000e+00	
39	3.000012e-03	0.000000e+00	0.000000e+00	0.000000e+00	
40	3.000013e-03	0.000000e+00	0.000000e+00	0.000000e+00	
41	3.000013e-03	0.000000e+00	0.000000e+00	0.000000e+00	
42	3.000013e-03	0.000000e+00	0.000000e+00	0.000000e+00	
43	3.000013e-03	0.000000e+00	0.000000e+00	0.000000e+00	
44	3.000013e-03	0.000000e+00	0.000000e+00	0.000000e+00	
45	3.000013e-03	0.000000e+00	0.000000e+00	0.000000e+00	
46	3.000013e-03	0.000000e+00	0.000000e+00	0.000000e+00	
47	3.000013e-03	0.000000e+00	0.000000e+00	0.000000e+00	
48	3.000013e-03	0.000000e+00	0.000000e+00	0.000000e+00	
49	3.000013e-03	0.000000e+00	0.000000e+00	0.000000e+00	
50	3.000013e-03	0.000000e+00	0.000000e+00	0.000000e+00	
51	3.000013e-03	0.000000e+00	0.000000e+00	0.000000e+00	
52	3.000013e-03	0.000000e+00	0.000000e+00	0.000000e+00	
53	3.000014e-03	0.000000e+00	0.000000e+00	0.000000e+00	
54	3.000014e-03	0.000000e+00	0.000000e+00	0.000000e+00	

Index   time            v5#branch       v6#branch       v7#branch       
--------------------------------------------------------------------------------
55	3.000014e-03	0.000000e+00	0.000000e+00	0.000000e+00	
56	3.000014e-03	0.000000e+00	0.000000e+00	0.000000e+00	
57	3.000014e-03	0.000000e+00	0.000000e+00	0.000000e+00	
58	3.000015e-03	0.000000e+00	0.000000e+00	0.000000e+00	
59	3.000015e-03	0.000000e+00	0.000000e+00	0.000000e+00	
60	3.000015e-03	0.000000e+00	0.000000e+00	0.000000e+00	
61	3.000015e-03	0.000000e+00	0.000000e+00	0.000000e+00	
62	3.000015e-03	0.000000e+00	0.000000e+00	0.000000e+00	
63	3.000016e-03	0.000000e+00	0.000000e+00	0.000000e+00	
64	3.000017e-03	0.000000e+00	0.000000e+00	0.000000e+00	
65	3.000020e-03	0.000000e+00	0.000000e+00	0.000000e+00	
66	3.000020e-03	0.000000e+00	0.000000e+00	0.000000e+00	
67	3.000021e-03	0.000000e+00	0.000000e+00	0.000000e+00	
68	3.000021e-03	0.000000e+00	0.000000e+00	0.000000e+00	
69	3.000021e-03	0.000000e+00	0.000000e+00	0.000000e+00	
70	3.000021e-03	0.000000e+00	0.000000e+00	0.000000e+00	
71	3.000021e-03	0.000000e+00	0.000000e+00	0.000000e+00	
72	3.000021e-03	0.000000e+00	0.000000e+00	0.000000e+00	
73	3.000021e-03	0.000000e+00	0.000000e+00	0.000000e+00	
74	3.000021e-03	0.000000e+00	0.000000e+00	0.000000e+00	
75	3.000021e-03	0.000000e+00	0.000000e+00	0.000000e+00	
76	3.000021e-03	0.000000e+00	0.000000e+00	0.000000e+00	
77	3.000021e-03	0.000000e+00	0.000000e+00	0.000000e+00	
78	3.000022e-03	0.000000e+00	0.000000e+00	0.000000e+00	
79	3.000022e-03	0.000000e+00	0.000000e+00	0.000000e+00	
80	3.000022e-03	0.000000e+00	0.000000e+00	0.000000e+00	
81	3.000022e-03	0.000000e+00	0.000000e+00	0.000000e+00	
82	3.000022e-03	0.000000e+00	0.000000e+00	0.000000e+00	
83	3.000023e-03	0.000000e+00	0.000000e+00	0.000000e+00	
84	3.000023e-03	0.000000e+00	0.000000e+00	0.000000e+00	
85	3.000023e-03	0.000000e+00	0.000000e+00	0.000000e+00	
86	3.000023e-03	0.000000e+00	0.000000e+00	0.000000e+00	
87	3.000023e-03	0.000000e+00	0.000000e+00	0.000000e+00	
88	3.000023e-03	0.000000e+00	0.000000e+00	0.000000e+00	
89	3.000023e-03	0.000000e+00	0.000000e+00	0.000000e+00	
90	3.000023e-03	0.000000e+00	0.000000e+00	0.000000e+00	
91	3.000024e-03	0.000000e+00	0.000000e+00	0.000000e+00	
92	3.000024e-03	0.000000e+00	0.000000e+00	0.000000e+00	
93	3.000024e-03	0.000000e+00	0.000000e+00	0.000000e+00	
94	3.000024e-03	0.000000e+00	0.000000e+00	0.000000e+00	
95	3.000024e-03	0.000000e+00	0.000000e+00	0.000000e+00	
96	3.000025e-03	0.000000e+00	0.000000e+00	0.000000e+00	
97	3.000025e-03	0.000000e+00	0.000000e+00	0.000000e+00	
98	3.000025e-03	0.000000e+00	0.000000e+00	0.000000e+00	
99	3.000025e-03	0.000000e+00	0.000000e+00	0.000000e+00	
100	3.000025e-03	0.000000e+00	0.000000e+00	0.000000e+00	
101	3.000025e-03	0.000000e+00	0.000000e+00	0.000000e+00	
102	3.000025e-03	0.000000e+00	0.000000e+00	0.000000e+00	
103	3.000025e-03	0.000000e+00	0.000000e+00	0.000000e+00	
104	3.000025e-03	0.000000e+00	0.000000e+00	0.000000e+00	
105	3.000025e-03	0.000000e+00	0.000000e+00	0.000000e+00	
106	3.000025e-03	0.000000e+00	0.000000e+00	0.000000e+00	
107	3.000026e-03	0.000000e+00	0.000000e+00	0.000000e+00	
108	3.000026e-03	0.000000e+00	0.000000e+00	0.000000e+00	
109	3.000027e-03	0.000000e+00	0.000000e+00	0.000000e+00	
110	3.000027e-03	0.000000e+00	0.000000e+00	0.000000e+00	
111	3.000027e-03	0.000000e+00	0.000000e+00	0.000000e+00	
112	3.000027e-03	0.000000e+00	0.000000e+00	0.000000e+00	

Index   time            v5#branch       v6#branch       v7#branch       
--------------------------------------------------------------------------------
113	3.000027e-03	0.000000e+00	0.000000e+00	0.000000e+00	
114	3.000027e-03	0.000000e+00	0.000000e+00	0.000000e+00	
115	3.000027e-03	0.000000e+00	0.000000e+00	0.000000e+00	
116	3.000027e-03	0.000000e+00	0.000000e+00	0.000000e+00	
117	3.000027e-03	0.000000e+00	0.000000e+00	0.000000e+00	
118	3.000027e-03	0.000000e+00	0.000000e+00	0.000000e+00	
119	3.000028e-03	0.000000e+00	0.000000e+00	0.000000e+00	
120	3.000028e-03	0.000000e+00	0.000000e+00	0.000000e+00	
121	3.000029e-03	0.000000e+00	0.000000e+00	0.000000e+00	
122	3.000029e-03	0.000000e+00	0.000000e+00	0.000000e+00	
123	3.000029e-03	0.000000e+00	0.000000e+00	0.000000e+00	
124	3.000030e-03	0.000000e+00	0.000000e+00	0.000000e+00	
125	3.000030e-03	0.000000e+00	0.000000e+00	0.000000e+00	
126	3.000030e-03	0.000000e+00	0.000000e+00	0.000000e+00	
127	3.000030e-03	0.000000e+00	0.000000e+00	0.000000e+00	
128	3.000030e-03	0.000000e+00	0.000000e+00	0.000000e+00	
129	3.000031e-03	0.000000e+00	0.000000e+00	0.000000e+00	
130	3.000032e-03	0.000000e+00	0.000000e+00	0.000000e+00	
131	3.000034e-03	0.000000e+00	0.000000e+00	0.000000e+00	
132	3.000039e-03	0.000000e+00	0.000000e+00	0.000000e+00	
133	3.000048e-03	0.000000e+00	0.000000e+00	0.000000e+00	
134	3.000067e-03	0.000000e+00	0.000000e+00	0.000000e+00	
135	3.000104e-03	0.000000e+00	0.000000e+00	0.000000e+00	
136	3.000177e-03	0.000000e+00	0.000000e+00	0.000000e+00	
137	3.000325e-03	0.000000e+00	0.000000e+00	0.000000e+00	
138	3.000620e-03	0.000000e+00	0.000000e+00	0.000000e+00	
139	3.001209e-03	0.000000e+00	0.000000e+00	0.000000e+00	
140	3.002389e-03	0.000000e+00	0.000000e+00	0.000000e+00	
141	3.004748e-03	0.000000e+00	0.000000e+00	0.000000e+00	
142	3.009467e-03	0.000000e+00	0.000000e+00	0.000000e+00	
143	3.018904e-03	0.000000e+00	0.000000e+00	0.000000e+00	
144	3.037779e-03	0.000000e+00	0.000000e+00	0.000000e+00	
145	3.075527e-03	0.000000e+00	0.000000e+00	0.000000e+00	
146	3.151025e-03	0.000000e+00	0.000000e+00	0.000000e+00	
147	3.251025e-03	0.000000e+00	0.000000e+00	0.000000e+00	
148	3.351025e-03	0.000000e+00	0.000000e+00	0.000000e+00	
149	3.451025e-03	0.000000e+00	0.000000e+00	0.000000e+00	
150	3.500010e-03	0.000000e+00	0.000000e+00	0.000000e+00	
151	3.500011e-03	0.000000e+00	0.000000e+00	0.000000e+00	
152	3.500013e-03	0.000000e+00	0.000000e+00	0.000000e+00	
153	3.500017e-03	0.000000e+00	0.000000e+00	0.000000e+00	
154	3.500020e-03	0.000000e+00	0.000000e+00	0.000000e+00	
155	3.500021e-03	0.000000e+00	0.000000e+00	0.000000e+00	
156	3.500021e-03	0.000000e+00	0.000000e+00	0.000000e+00	
157	3.500021e-03	0.000000e+00	0.000000e+00	0.000000e+00	
158	3.500021e-03	0.000000e+00	0.000000e+00	0.000000e+00	
159	3.500022e-03	0.000000e+00	0.000000e+00	0.000000e+00	
160	3.500022e-03	0.000000e+00	0.000000e+00	0.000000e+00	
161	3.500022e-03	0.000000e+00	0.000000e+00	0.000000e+00	
162	3.500022e-03	0.000000e+00	0.000000e+00	0.000000e+00	
163	3.500022e-03	0.000000e+00	0.000000e+00	0.000000e+00	
164	3.500023e-03	0.000000e+00	0.000000e+00	0.000000e+00	
165	3.500023e-03	0.000000e+00	0.000000e+00	0.000000e+00	
166	3.500023e-03	0.000000e+00	0.000000e+00	0.000000e+00	
167	3.500023e-03	0.000000e+00	0.000000e+00	0.000000e+00	
168	3.500023e-03	0.000000e+00	0.000000e+00	0.000000e+00	
169	3.500023e-03	0.000000e+00	0.000000e+00	0.000000e+00	
170	3.500023e-03	0.000000e+00	0.000000e+00	0.000000e+00	

Index   time            v5#branch       v6#branch       v7#branch       
--------------------------------------------------------------------------------
171	3.500023e-03	0.000000e+00	0.000000e+00	0.000000e+00	
172	3.500023e-03	0.000000e+00	0.000000e+00	0.000000e+00	
173	3.500023e-03	0.000000e+00	0.000000e+00	0.000000e+00	
174	3.500023e-03	0.000000e+00	0.000000e+00	0.000000e+00	
175	3.500024e-03	0.000000e+00	0.000000e+00	0.000000e+00	
176	3.500024e-03	0.000000e+00	0.000000e+00	0.000000e+00	
177	3.500024e-03	0.000000e+00	0.000000e+00	0.000000e+00	
178	3.500024e-03	0.000000e+00	0.000000e+00	0.000000e+00	
179	3.500024e-03	0.000000e+00	0.000000e+00	0.000000e+00	
180	3.500024e-03	0.000000e+00	0.000000e+00	0.000000e+00	
181	3.500024e-03	0.000000e+00	0.000000e+00	0.000000e+00	
182	3.500024e-03	0.000000e+00	0.000000e+00	0.000000e+00	
183	3.500024e-03	0.000000e+00	0.000000e+00	0.000000e+00	
184	3.500024e-03	0.000000e+00	0.000000e+00	0.000000e+00	
185	3.500024e-03	0.000000e+00	0.000000e+00	0.000000e+00	
186	3.500025e-03	0.000000e+00	0.000000e+00	0.000000e+00	
187	3.500025e-03	0.000000e+00	0.000000e+00	0.000000e+00	
188	3.500025e-03	0.000000e+00	0.000000e+00	0.000000e+00	
189	3.500025e-03	0.000000e+00	0.000000e+00	0.000000e+00	
190	3.500025e-03	0.000000e+00	0.000000e+00	0.000000e+00	
191	3.500025e-03	0.000000e+00	0.000000e+00	0.000000e+00	
192	3.500025e-03	0.000000e+00	0.000000e+00	0.000000e+00	
193	3.500025e-03	0.000000e+00	0.000000e+00	0.000000e+00	
194	3.500025e-03	0.000000e+00	0.000000e+00	0.000000e+00	
195	3.500025e-03	0.000000e+00	0.000000e+00	0.000000e+00	
196	3.500025e-03	0.000000e+00	0.000000e+00	0.000000e+00	
197	3.500026e-03	0.000000e+00	0.000000e+00	0.000000e+00	
198	3.500026e-03	0.000000e+00	0.000000e+00	0.000000e+00	
199	3.500026e-03	0.000000e+00	0.000000e+00	0.000000e+00	
200	3.500026e-03	0.000000e+00	0.000000e+00	0.000000e+00	
201	3.500026e-03	0.000000e+00	0.000000e+00	0.000000e+00	
202	3.500027e-03	0.000000e+00	0.000000e+00	0.000000e+00	
203	3.500027e-03	0.000000e+00	0.000000e+00	0.000000e+00	
204	3.500027e-03	0.000000e+00	0.000000e+00	0.000000e+00	
205	3.500027e-03	0.000000e+00	0.000000e+00	0.000000e+00	
206	3.500027e-03	0.000000e+00	0.000000e+00	0.000000e+00	
207	3.500027e-03	0.000000e+00	0.000000e+00	0.000000e+00	
208	3.500027e-03	0.000000e+00	0.000000e+00	0.000000e+00	
209	3.500027e-03	0.000000e+00	0.000000e+00	0.000000e+00	
210	3.500027e-03	0.000000e+00	0.000000e+00	0.000000e+00	
211	3.500027e-03	0.000000e+00	0.000000e+00	0.000000e+00	
212	3.500027e-03	0.000000e+00	0.000000e+00	0.000000e+00	
213	3.500027e-03	0.000000e+00	0.000000e+00	0.000000e+00	
214	3.500027e-03	0.000000e+00	0.000000e+00	0.000000e+00	
215	3.500027e-03	0.000000e+00	0.000000e+00	0.000000e+00	
216	3.500027e-03	0.000000e+00	0.000000e+00	0.000000e+00	
217	3.500027e-03	0.000000e+00	0.000000e+00	0.000000e+00	
218	3.500027e-03	0.000000e+00	0.000000e+00	0.000000e+00	
219	3.500028e-03	0.000000e+00	0.000000e+00	0.000000e+00	
220	3.500028e-03	0.000000e+00	0.000000e+00	0.000000e+00	
221	3.500028e-03	0.000000e+00	0.000000e+00	0.000000e+00	
222	3.500028e-03	0.000000e+00	0.000000e+00	0.000000e+00	
223	3.500028e-03	0.000000e+00	0.000000e+00	0.000000e+00	
224	3.500029e-03	0.000000e+00	0.000000e+00	0.000000e+00	
225	3.500029e-03	0.000000e+00	0.000000e+00	0.000000e+00	
226	3.500029e-03	0.000000e+00	0.000000e+00	0.000000e+00	
227	3.500029e-03	0.000000e+00	0.000000e+00	0.000000e+00	
228	3.500029e-03	0.000000e+00	0.000000e+00	0.000000e+00	

Index   time            v5#branch       v6#branch       v7#branch       
--------------------------------------------------------------------------------
229	3.500029e-03	0.000000e+00	0.000000e+00	0.000000e+00	
230	3.500029e-03	0.000000e+00	0.000000e+00	0.000000e+00	
231	3.500029e-03	0.000000e+00	0.000000e+00	0.000000e+00	
232	3.500029e-03	0.000000e+00	0.000000e+00	0.000000e+00	
233	3.500029e-03	0.000000e+00	0.000000e+00	0.000000e+00	
234	3.500030e-03	0.000000e+00	0.000000e+00	0.000000e+00	
235	3.500030e-03	0.000000e+00	0.000000e+00	0.000000e+00	
236	3.500031e-03	0.000000e+00	0.000000e+00	0.000000e+00	
237	3.500033e-03	0.000000e+00	0.000000e+00	0.000000e+00	
238	3.500037e-03	0.000000e+00	0.000000e+00	0.000000e+00	
239	3.500045e-03	0.000000e+00	0.000000e+00	0.000000e+00	
240	3.500062e-03	0.000000e+00	0.000000e+00	0.000000e+00	
241	3.500095e-03	0.000000e+00	0.000000e+00	0.000000e+00	
242	3.500160e-03	0.000000e+00	0.000000e+00	0.000000e+00	
243	3.500291e-03	0.000000e+00	0.000000e+00	0.000000e+00	
244	3.500553e-03	0.000000e+00	0.000000e+00	0.000000e+00	
245	3.501078e-03	0.000000e+00	0.000000e+00	0.000000e+00	
246	3.502126e-03	0.000000e+00	0.000000e+00	0.000000e+00	
247	3.504223e-03	0.000000e+00	0.000000e+00	0.000000e+00	
248	3.508418e-03	0.000000e+00	0.000000e+00	0.000000e+00	
249	3.516806e-03	0.000000e+00	0.000000e+00	0.000000e+00	
250	3.533584e-03	0.000000e+00	0.000000e+00	0.000000e+00	
251	3.567138e-03	0.000000e+00	0.000000e+00	0.000000e+00	
252	3.634247e-03	0.000000e+00	0.000000e+00	0.000000e+00	
253	3.734247e-03	0.000000e+00	0.000000e+00	0.000000e+00	
254	3.834247e-03	0.000000e+00	0.000000e+00	0.000000e+00	
255	3.934247e-03	0.000000e+00	0.000000e+00	0.000000e+00	
256	4.000000e-03	0.000000e+00	0.000000e+00	0.000000e+00	
257	4.000001e-03	0.000000e+00	0.000000e+00	0.000000e+00	
258	4.000003e-03	0.000000e+00	0.000000e+00	0.000000e+00	
259	4.000007e-03	0.000000e+00	0.000000e+00	0.000000e+00	
260	4.000008e-03	0.000000e+00	0.000000e+00	0.000000e+00	
261	4.000008e-03	0.000000e+00	0.000000e+00	0.000000e+00	
262	4.000008e-03	0.000000e+00	0.000000e+00	0.000000e+00	
263	4.000008e-03	0.000000e+00	0.000000e+00	0.000000e+00	
264	4.000008e-03	0.000000e+00	0.000000e+00	0.000000e+00	
265	4.000008e-03	0.000000e+00	0.000000e+00	0.000000e+00	
266	4.000008e-03	0.000000e+00	0.000000e+00	0.000000e+00	
267	4.000008e-03	0.000000e+00	0.000000e+00	0.000000e+00	
268	4.000008e-03	0.000000e+00	0.000000e+00	0.000000e+00	
269	4.000008e-03	0.000000e+00	0.000000e+00	0.000000e+00	
270	4.000009e-03	0.000000e+00	0.000000e+00	0.000000e+00	
271	4.000009e-03	0.000000e+00	0.000000e+00	0.000000e+00	
272	4.000009e-03	0.000000e+00	0.000000e+00	0.000000e+00	
273	4.000009e-03	0.000000e+00	0.000000e+00	0.000000e+00	
274	4.000009e-03	0.000000e+00	0.000000e+00	0.000000e+00	
275	4.000009e-03	0.000000e+00	0.000000e+00	0.000000e+00	
276	4.000009e-03	0.000000e+00	0.000000e+00	0.000000e+00	
277	4.000009e-03	0.000000e+00	0.000000e+00	0.000000e+00	
278	4.000009e-03	0.000000e+00	0.000000e+00	0.000000e+00	
279	4.000009e-03	0.000000e+00	0.000000e+00	0.000000e+00	
280	4.000009e-03	0.000000e+00	0.000000e+00	0.000000e+00	
281	4.000009e-03	0.000000e+00	0.000000e+00	0.000000e+00	
282	4.000009e-03	0.000000e+00	0.000000e+00	0.000000e+00	
283	4.000010e-03	0.000000e+00	0.000000e+00	0.000000e+00	
284	4.000010e-03	0.000000e+00	0.000000e+00	0.000000e+00	
285	4.000010e-03	0.000000e+00	0.000000e+00	0.000000e+00	
286	4.000010e-03	0.000000e+00	0.000000e+00	0.000000e+00	

Index   time            v5#branch       v6#branch       v7#branch       
--------------------------------------------------------------------------------
287	4.000010e-03	0.000000e+00	0.000000e+00	0.000000e+00	
288	4.000011e-03	0.000000e+00	0.000000e+00	0.000000e+00	
289	4.000012e-03	0.000000e+00	0.000000e+00	0.000000e+00	
290	4.000012e-03	0.000000e+00	0.000000e+00	0.000000e+00	
291	4.000012e-03	0.000000e+00	0.000000e+00	0.000000e+00	
292	4.000012e-03	0.000000e+00	0.000000e+00	0.000000e+00	
293	4.000013e-03	0.000000e+00	0.000000e+00	0.000000e+00	
294	4.000013e-03	0.000000e+00	0.000000e+00	0.000000e+00	
295	4.000013e-03	0.000000e+00	0.000000e+00	0.000000e+00	
296	4.000013e-03	0.000000e+00	0.000000e+00	0.000000e+00	
297	4.000013e-03	0.000000e+00	0.000000e+00	0.000000e+00	
298	4.000013e-03	0.000000e+00	0.000000e+00	0.000000e+00	
299	4.000013e-03	0.000000e+00	0.000000e+00	0.000000e+00	
300	4.000013e-03	0.000000e+00	0.000000e+00	0.000000e+00	
301	4.000013e-03	0.000000e+00	0.000000e+00	0.000000e+00	
302	4.000013e-03	0.000000e+00	0.000000e+00	0.000000e+00	
303	4.000013e-03	0.000000e+00	0.000000e+00	0.000000e+00	
304	4.000013e-03	0.000000e+00	0.000000e+00	0.000000e+00	
305	4.000013e-03	0.000000e+00	0.000000e+00	0.000000e+00	
306	4.000014e-03	0.000000e+00	0.000000e+00	0.000000e+00	
307	4.000014e-03	0.000000e+00	0.000000e+00	0.000000e+00	
308	4.000014e-03	0.000000e+00	0.000000e+00	0.000000e+00	
309	4.000014e-03	0.000000e+00	0.000000e+00	0.000000e+00	
310	4.000014e-03	0.000000e+00	0.000000e+00	0.000000e+00	
311	4.000014e-03	0.000000e+00	0.000000e+00	0.000000e+00	
312	4.000014e-03	0.000000e+00	0.000000e+00	0.000000e+00	
313	4.000014e-03	0.000000e+00	0.000000e+00	0.000000e+00	
314	4.000014e-03	0.000000e+00	0.000000e+00	0.000000e+00	
315	4.000014e-03	0.000000e+00	0.000000e+00	0.000000e+00	
316	4.000014e-03	0.000000e+00	0.000000e+00	0.000000e+00	
317	4.000015e-03	0.000000e+00	0.000000e+00	0.000000e+00	
318	4.000015e-03	0.000000e+00	0.000000e+00	0.000000e+00	
319	4.000015e-03	0.000000e+00	0.000000e+00	0.000000e+00	
320	4.000015e-03	0.000000e+00	0.000000e+00	0.000000e+00	
321	4.000015e-03	0.000000e+00	0.000000e+00	0.000000e+00	
322	4.000016e-03	0.000000e+00	0.000000e+00	0.000000e+00	
323	4.000016e-03	0.000000e+00	0.000000e+00	0.000000e+00	
324	4.000018e-03	0.000000e+00	0.000000e+00	0.000000e+00	
325	4.000020e-03	0.000000e+00	0.000000e+00	0.000000e+00	
326	4.000020e-03	0.000000e+00	0.000000e+00	0.000000e+00	
327	4.000021e-03	0.000000e+00	0.000000e+00	0.000000e+00	
328	4.000021e-03	0.000000e+00	0.000000e+00	0.000000e+00	
329	4.000021e-03	0.000000e+00	0.000000e+00	0.000000e+00	
330	4.000022e-03	0.000000e+00	0.000000e+00	0.000000e+00	
331	4.000022e-03	0.000000e+00	0.000000e+00	0.000000e+00	
332	4.000022e-03	0.000000e+00	0.000000e+00	0.000000e+00	
333	4.000022e-03	0.000000e+00	0.000000e+00	0.000000e+00	
334	4.000022e-03	0.000000e+00	0.000000e+00	0.000000e+00	
335	4.000022e-03	0.000000e+00	0.000000e+00	0.000000e+00	
336	4.000022e-03	0.000000e+00	0.000000e+00	0.000000e+00	
337	4.000022e-03	0.000000e+00	0.000000e+00	0.000000e+00	
338	4.000022e-03	0.000000e+00	0.000000e+00	0.000000e+00	
339	4.000022e-03	0.000000e+00	0.000000e+00	0.000000e+00	
340	4.000023e-03	0.000000e+00	0.000000e+00	0.000000e+00	
341	4.000023e-03	0.000000e+00	0.000000e+00	0.000000e+00	
342	4.000023e-03	0.000000e+00	0.000000e+00	0.000000e+00	
343	4.000023e-03	0.000000e+00	0.000000e+00	0.000000e+00	
344	4.000023e-03	0.000000e+00	0.000000e+00	0.000000e+00	

Index   time            v5#branch       v6#branch       v7#branch       
--------------------------------------------------------------------------------
345	4.000023e-03	0.000000e+00	0.000000e+00	0.000000e+00	
346	4.000023e-03	0.000000e+00	0.000000e+00	0.000000e+00	
347	4.000023e-03	0.000000e+00	0.000000e+00	0.000000e+00	
348	4.000023e-03	0.000000e+00	0.000000e+00	0.000000e+00	
349	4.000023e-03	0.000000e+00	0.000000e+00	0.000000e+00	
350	4.000023e-03	0.000000e+00	0.000000e+00	0.000000e+00	
351	4.000023e-03	0.000000e+00	0.000000e+00	0.000000e+00	
352	4.000023e-03	0.000000e+00	0.000000e+00	0.000000e+00	
353	4.000023e-03	0.000000e+00	0.000000e+00	0.000000e+00	
354	4.000023e-03	0.000000e+00	0.000000e+00	0.000000e+00	
355	4.000023e-03	0.000000e+00	0.000000e+00	0.000000e+00	
356	4.000024e-03	0.000000e+00	0.000000e+00	0.000000e+00	
357	4.000024e-03	0.000000e+00	0.000000e+00	0.000000e+00	
358	4.000024e-03	0.000000e+00	0.000000e+00	0.000000e+00	
359	4.000024e-03	0.000000e+00	0.000000e+00	0.000000e+00	
360	4.000024e-03	0.000000e+00	0.000000e+00	0.000000e+00	
361	4.000024e-03	0.000000e+00	0.000000e+00	0.000000e+00	
362	4.000024e-03	0.000000e+00	0.000000e+00	0.000000e+00	
363	4.000024e-03	0.000000e+00	0.000000e+00	0.000000e+00	
364	4.000025e-03	0.000000e+00	0.000000e+00	0.000000e+00	
365	4.000025e-03	0.000000e+00	0.000000e+00	0.000000e+00	
366	4.000025e-03	0.000000e+00	0.000000e+00	0.000000e+00	
367	4.000025e-03	0.000000e+00	0.000000e+00	0.000000e+00	
368	4.000025e-03	0.000000e+00	0.000000e+00	0.000000e+00	
369	4.000025e-03	0.000000e+00	0.000000e+00	0.000000e+00	
370	4.000025e-03	0.000000e+00	0.000000e+00	0.000000e+00	
371	4.000025e-03	0.000000e+00	0.000000e+00	0.000000e+00	
372	4.000025e-03	0.000000e+00	0.000000e+00	0.000000e+00	
373	4.000025e-03	0.000000e+00	0.000000e+00	0.000000e+00	
374	4.000025e-03	0.000000e+00	0.000000e+00	0.000000e+00	
375	4.000025e-03	0.000000e+00	0.000000e+00	0.000000e+00	
376	4.000025e-03	0.000000e+00	0.000000e+00	0.000000e+00	
377	4.000025e-03	0.000000e+00	0.000000e+00	0.000000e+00	
378	4.000025e-03	0.000000e+00	0.000000e+00	0.000000e+00	
379	4.000025e-03	0.000000e+00	0.000000e+00	0.000000e+00	
380	4.000025e-03	0.000000e+00	0.000000e+00	0.000000e+00	
381	4.000026e-03	0.000000e+00	0.000000e+00	0.000000e+00	
382	4.000026e-03	0.000000e+00	0.000000e+00	0.000000e+00	
383	4.000026e-03	0.000000e+00	0.000000e+00	0.000000e+00	
384	4.000026e-03	0.000000e+00	0.000000e+00	0.000000e+00	
385	4.000026e-03	0.000000e+00	0.000000e+00	0.000000e+00	
386	4.000026e-03	0.000000e+00	0.000000e+00	0.000000e+00	
387	4.000026e-03	0.000000e+00	0.000000e+00	0.000000e+00	
388	4.000026e-03	0.000000e+00	0.000000e+00	0.000000e+00	
389	4.000026e-03	0.000000e+00	0.000000e+00	0.000000e+00	
390	4.000026e-03	0.000000e+00	0.000000e+00	0.000000e+00	
391	4.000026e-03	0.000000e+00	0.000000e+00	0.000000e+00	
392	4.000026e-03	0.000000e+00	0.000000e+00	0.000000e+00	
393	4.000026e-03	0.000000e+00	0.000000e+00	0.000000e+00	
394	4.000026e-03	0.000000e+00	0.000000e+00	0.000000e+00	
395	4.000026e-03	0.000000e+00	0.000000e+00	0.000000e+00	
396	4.000026e-03	0.000000e+00	0.000000e+00	0.000000e+00	
397	4.000026e-03	0.000000e+00	0.000000e+00	0.000000e+00	
398	4.000026e-03	0.000000e+00	0.000000e+00	0.000000e+00	
399	4.000026e-03	0.000000e+00	0.000000e+00	0.000000e+00	
400	4.000027e-03	0.000000e+00	0.000000e+00	0.000000e+00	
401	4.000027e-03	0.000000e+00	0.000000e+00	0.000000e+00	
402	4.000027e-03	0.000000e+00	0.000000e+00	0.000000e+00	

Index   time            v5#branch       v6#branch       v7#branch       
--------------------------------------------------------------------------------
403	4.000027e-03	0.000000e+00	0.000000e+00	0.000000e+00	
404	4.000027e-03	0.000000e+00	0.000000e+00	0.000000e+00	
405	4.000027e-03	0.000000e+00	0.000000e+00	0.000000e+00	
406	4.000027e-03	0.000000e+00	0.000000e+00	0.000000e+00	
407	4.000027e-03	0.000000e+00	0.000000e+00	0.000000e+00	
408	4.000027e-03	0.000000e+00	0.000000e+00	0.000000e+00	
409	4.000027e-03	0.000000e+00	0.000000e+00	0.000000e+00	
410	4.000027e-03	0.000000e+00	0.000000e+00	0.000000e+00	
411	4.000028e-03	0.000000e+00	0.000000e+00	0.000000e+00	
412	4.000028e-03	0.000000e+00	0.000000e+00	0.000000e+00	
413	4.000028e-03	0.000000e+00	0.000000e+00	0.000000e+00	
414	4.000028e-03	0.000000e+00	0.000000e+00	0.000000e+00	
415	4.000028e-03	0.000000e+00	0.000000e+00	0.000000e+00	
416	4.000029e-03	0.000000e+00	0.000000e+00	0.000000e+00	
417	4.000030e-03	0.000000e+00	0.000000e+00	0.000000e+00	
418	4.000031e-03	0.000000e+00	0.000000e+00	0.000000e+00	
419	4.000035e-03	0.000000e+00	0.000000e+00	0.000000e+00	
420	4.000041e-03	0.000000e+00	0.000000e+00	0.000000e+00	
421	4.000054e-03	0.000000e+00	0.000000e+00	0.000000e+00	
422	4.000080e-03	0.000000e+00	0.000000e+00	0.000000e+00	
423	4.000133e-03	0.000000e+00	0.000000e+00	0.000000e+00	
424	4.000238e-03	0.000000e+00	0.000000e+00	0.000000e+00	
425	4.000447e-03	0.000000e+00	0.000000e+00	0.000000e+00	
426	4.000867e-03	0.000000e+00	0.000000e+00	0.000000e+00	
427	4.001706e-03	0.000000e+00	0.000000e+00	0.000000e+00	
428	4.003383e-03	0.000000e+00	0.000000e+00	0.000000e+00	
429	4.006739e-03	0.000000e+00	0.000000e+00	0.000000e+00	
430	4.013450e-03	0.000000e+00	0.000000e+00	0.000000e+00	
431	4.026872e-03	0.000000e+00	0.000000e+00	0.000000e+00	
432	4.053715e-03	0.000000e+00	0.000000e+00	0.000000e+00	
433	4.107402e-03	0.000000e+00	0.000000e+00	0.000000e+00	
434	4.207402e-03	0.000000e+00	0.000000e+00	0.000000e+00	
435	4.307402e-03	0.000000e+00	0.000000e+00	0.000000e+00	
436	4.407402e-03	0.000000e+00	0.000000e+00	0.000000e+00	
437	4.500010e-03	0.000000e+00	0.000000e+00	0.000000e+00	
438	4.500011e-03	0.000000e+00	0.000000e+00	0.000000e+00	
439	4.500013e-03	0.000000e+00	0.000000e+00	0.000000e+00	
440	4.500017e-03	0.000000e+00	0.000000e+00	0.000000e+00	
441	4.500020e-03	0.000000e+00	0.000000e+00	0.000000e+00	
442	4.500021e-03	0.000000e+00	0.000000e+00	0.000000e+00	
443	4.500021e-03	0.000000e+00	0.000000e+00	0.000000e+00	
444	4.500021e-03	0.000000e+00	0.000000e+00	0.000000e+00	
445	4.500021e-03	0.000000e+00	0.000000e+00	0.000000e+00	
446	4.500022e-03	0.000000e+00	0.000000e+00	0.000000e+00	
447	4.500022e-03	0.000000e+00	0.000000e+00	0.000000e+00	
448	4.500022e-03	0.000000e+00	0.000000e+00	0.000000e+00	
449	4.500022e-03	0.000000e+00	0.000000e+00	0.000000e+00	
450	4.500022e-03	0.000000e+00	0.000000e+00	0.000000e+00	
451	4.500023e-03	0.000000e+00	0.000000e+00	0.000000e+00	
452	4.500023e-03	0.000000e+00	0.000000e+00	0.000000e+00	
453	4.500023e-03	0.000000e+00	0.000000e+00	0.000000e+00	
454	4.500023e-03	0.000000e+00	0.000000e+00	0.000000e+00	
455	4.500023e-03	0.000000e+00	0.000000e+00	0.000000e+00	
456	4.500023e-03	0.000000e+00	0.000000e+00	0.000000e+00	
457	4.500023e-03	0.000000e+00	0.000000e+00	0.000000e+00	
458	4.500023e-03	0.000000e+00	0.000000e+00	0.000000e+00	
459	4.500023e-03	0.000000e+00	0.000000e+00	0.000000e+00	
460	4.500023e-03	0.000000e+00	0.000000e+00	0.000000e+00	

Index   time            v5#branch       v6#branch       v7#branch       
--------------------------------------------------------------------------------
461	4.500023e-03	0.000000e+00	0.000000e+00	0.000000e+00	
462	4.500024e-03	0.000000e+00	0.000000e+00	0.000000e+00	
463	4.500024e-03	0.000000e+00	0.000000e+00	0.000000e+00	
464	4.500024e-03	0.000000e+00	0.000000e+00	0.000000e+00	
465	4.500024e-03	0.000000e+00	0.000000e+00	0.000000e+00	
466	4.500024e-03	0.000000e+00	0.000000e+00	0.000000e+00	
467	4.500025e-03	0.000000e+00	0.000000e+00	0.000000e+00	
468	4.500025e-03	0.000000e+00	0.000000e+00	0.000000e+00	
469	4.500025e-03	0.000000e+00	0.000000e+00	0.000000e+00	
470	4.500025e-03	0.000000e+00	0.000000e+00	0.000000e+00	
471	4.500025e-03	0.000000e+00	0.000000e+00	0.000000e+00	
472	4.500025e-03	0.000000e+00	0.000000e+00	0.000000e+00	
473	4.500025e-03	0.000000e+00	0.000000e+00	0.000000e+00	
474	4.500025e-03	0.000000e+00	0.000000e+00	0.000000e+00	
475	4.500025e-03	0.000000e+00	0.000000e+00	0.000000e+00	
476	4.500025e-03	0.000000e+00	0.000000e+00	0.000000e+00	
477	4.500025e-03	0.000000e+00	0.000000e+00	0.000000e+00	
478	4.500025e-03	0.000000e+00	0.000000e+00	0.000000e+00	
479	4.500025e-03	0.000000e+00	0.000000e+00	0.000000e+00	
480	4.500026e-03	0.000000e+00	0.000000e+00	0.000000e+00	
481	4.500026e-03	0.000000e+00	0.000000e+00	0.000000e+00	
482	4.500026e-03	0.000000e+00	0.000000e+00	0.000000e+00	
483	4.500026e-03	0.000000e+00	0.000000e+00	0.000000e+00	
484	4.500026e-03	0.000000e+00	0.000000e+00	0.000000e+00	
485	4.500027e-03	0.000000e+00	0.000000e+00	0.000000e+00	
486	4.500027e-03	0.000000e+00	0.000000e+00	0.000000e+00	
487	4.500027e-03	0.000000e+00	0.000000e+00	0.000000e+00	
488	4.500027e-03	0.000000e+00	0.000000e+00	0.000000e+00	
489	4.500027e-03	0.000000e+00	0.000000e+00	0.000000e+00	
490	4.500027e-03	0.000000e+00	0.000000e+00	0.000000e+00	
491	4.500027e-03	0.000000e+00	0.000000e+00	0.000000e+00	
492	4.500027e-03	0.000000e+00	0.000000e+00	0.000000e+00	
493	4.500027e-03	0.000000e+00	0.000000e+00	0.000000e+00	
494	4.500027e-03	0.000000e+00	0.000000e+00	0.000000e+00	
495	4.500027e-03	0.000000e+00	0.000000e+00	0.000000e+00	
496	4.500027e-03	0.000000e+00	0.000000e+00	0.000000e+00	
497	4.500027e-03	0.000000e+00	0.000000e+00	0.000000e+00	
498	4.500028e-03	0.000000e+00	0.000000e+00	0.000000e+00	
499	4.500028e-03	0.000000e+00	0.000000e+00	0.000000e+00	
500	4.500029e-03	0.000000e+00	0.000000e+00	0.000000e+00	
501	4.500031e-03	0.000000e+00	0.000000e+00	0.000000e+00	
502	4.500035e-03	0.000000e+00	0.000000e+00	0.000000e+00	
503	4.500043e-03	0.000000e+00	0.000000e+00	0.000000e+00	
504	4.500060e-03	0.000000e+00	0.000000e+00	0.000000e+00	
505	4.500093e-03	0.000000e+00	0.000000e+00	0.000000e+00	
506	4.500158e-03	0.000000e+00	0.000000e+00	0.000000e+00	
507	4.500289e-03	0.000000e+00	0.000000e+00	0.000000e+00	
508	4.500551e-03	0.000000e+00	0.000000e+00	0.000000e+00	
509	4.501076e-03	0.000000e+00	0.000000e+00	0.000000e+00	
510	4.502124e-03	0.000000e+00	0.000000e+00	0.000000e+00	
511	4.504221e-03	0.000000e+00	0.000000e+00	0.000000e+00	
512	4.508416e-03	0.000000e+00	0.000000e+00	0.000000e+00	
513	4.516804e-03	0.000000e+00	0.000000e+00	0.000000e+00	
514	4.533582e-03	0.000000e+00	0.000000e+00	0.000000e+00	
515	4.567136e-03	0.000000e+00	0.000000e+00	0.000000e+00	
516	4.634245e-03	0.000000e+00	0.000000e+00	0.000000e+00	
517	4.734245e-03	0.000000e+00	0.000000e+00	0.000000e+00	
518	4.834245e-03	0.000000e+00	0.000000e+00	0.000000e+00	

Index   time            v5#branch       v6#branch       v7#branch       
--------------------------------------------------------------------------------
519	4.934245e-03	0.000000e+00	0.000000e+00	0.000000e+00	
520	5.000000e-03	0.000000e+00	0.000000e+00	0.000000e+00	
521	5.000001e-03	0.000000e+00	0.000000e+00	0.000000e+00	
522	5.000003e-03	0.000000e+00	0.000000e+00	0.000000e+00	
523	5.000007e-03	0.000000e+00	0.000000e+00	0.000000e+00	
524	5.000009e-03	0.000000e+00	0.000000e+00	0.000000e+00	
525	5.000009e-03	0.000000e+00	0.000000e+00	0.000000e+00	
526	5.000009e-03	0.000000e+00	0.000000e+00	0.000000e+00	
527	5.000009e-03	0.000000e+00	0.000000e+00	0.000000e+00	
528	5.000009e-03	0.000000e+00	0.000000e+00	0.000000e+00	
529	5.000009e-03	0.000000e+00	0.000000e+00	0.000000e+00	
530	5.000009e-03	0.000000e+00	0.000000e+00	0.000000e+00	
531	5.000009e-03	0.000000e+00	0.000000e+00	0.000000e+00	
532	5.000009e-03	0.000000e+00	0.000000e+00	0.000000e+00	
533	5.000009e-03	0.000000e+00	0.000000e+00	0.000000e+00	
534	5.000010e-03	0.000000e+00	0.000000e+00	0.000000e+00	
535	5.000010e-03	0.000000e+00	0.000000e+00	0.000000e+00	
536	5.000010e-03	0.000000e+00	0.000000e+00	0.000000e+00	
537	5.000010e-03	0.000000e+00	0.000000e+00	0.000000e+00	
538	5.000010e-03	0.000000e+00	0.000000e+00	0.000000e+00	
539	5.000010e-03	0.000000e+00	0.000000e+00	0.000000e+00	
540	5.000010e-03	0.000000e+00	0.000000e+00	0.000000e+00	
541	5.000010e-03	0.000000e+00	0.000000e+00	0.000000e+00	
542	5.000010e-03	0.000000e+00	0.000000e+00	0.000000e+00	
543	5.000010e-03	0.000000e+00	0.000000e+00	0.000000e+00	
544	5.000010e-03	0.000000e+00	0.000000e+00	0.000000e+00	
545	5.000010e-03	0.000000e+00	0.000000e+00	0.000000e+00	
546	5.000010e-03	0.000000e+00	0.000000e+00	0.000000e+00	
547	5.000010e-03	0.000000e+00	0.000000e+00	0.000000e+00	
548	5.000010e-03	0.000000e+00	0.000000e+00	0.000000e+00	
549	5.000011e-03	0.000000e+00	0.000000e+00	0.000000e+00	
550	5.000011e-03	0.000000e+00	0.000000e+00	0.000000e+00	
551	5.000012e-03	0.000000e+00	0.000000e+00	0.000000e+00	
552	5.000012e-03	0.000000e+00	0.000000e+00	0.000000e+00	
553	5.000012e-03	0.000000e+00	0.000000e+00	0.000000e+00	
554	5.000012e-03	0.000000e+00	0.000000e+00	0.000000e+00	
555	5.000013e-03	0.000000e+00	0.000000e+00	0.000000e+00	
556	5.000013e-03	0.000000e+00	0.000000e+00	0.000000e+00	
557	5.000013e-03	0.000000e+00	0.000000e+00	0.000000e+00	
558	5.000013e-03	0.000000e+00	0.000000e+00	0.000000e+00	
559	5.000013e-03	0.000000e+00	0.000000e+00	0.000000e+00	
560	5.000013e-03	0.000000e+00	0.000000e+00	0.000000e+00	
561	5.000013e-03	0.000000e+00	0.000000e+00	0.000000e+00	
562	5.000013e-03	0.000000e+00	0.000000e+00	0.000000e+00	
563	5.000013e-03	0.000000e+00	0.000000e+00	0.000000e+00	
564	5.000013e-03	0.000000e+00	0.000000e+00	0.000000e+00	
565	5.000013e-03	0.000000e+00	0.000000e+00	0.000000e+00	
566	5.000013e-03	0.000000e+00	0.000000e+00	0.000000e+00	
567	5.000013e-03	0.000000e+00	0.000000e+00	0.000000e+00	
568	5.000014e-03	0.000000e+00	0.000000e+00	0.000000e+00	
569	5.000014e-03	0.000000e+00	0.000000e+00	0.000000e+00	
570	5.000014e-03	0.000000e+00	0.000000e+00	0.000000e+00	
571	5.000014e-03	0.000000e+00	0.000000e+00	0.000000e+00	
572	5.000014e-03	0.000000e+00	0.000000e+00	0.000000e+00	
573	5.000015e-03	0.000000e+00	0.000000e+00	0.000000e+00	
574	5.000015e-03	0.000000e+00	0.000000e+00	0.000000e+00	
575	5.000015e-03	0.000000e+00	0.000000e+00	0.000000e+00	
576	5.000015e-03	0.000000e+00	0.000000e+00	0.000000e+00	

Index   time            v5#branch       v6#branch       v7#branch       
--------------------------------------------------------------------------------
577	5.000015e-03	0.000000e+00	0.000000e+00	0.000000e+00	
578	5.000016e-03	0.000000e+00	0.000000e+00	0.000000e+00	
579	5.000017e-03	0.000000e+00	0.000000e+00	0.000000e+00	
580	5.000020e-03	0.000000e+00	0.000000e+00	0.000000e+00	
581	5.000020e-03	0.000000e+00	0.000000e+00	0.000000e+00	
582	5.000021e-03	0.000000e+00	0.000000e+00	0.000000e+00	
583	5.000021e-03	0.000000e+00	0.000000e+00	0.000000e+00	
584	5.000021e-03	0.000000e+00	0.000000e+00	0.000000e+00	
585	5.000021e-03	0.000000e+00	0.000000e+00	0.000000e+00	
586	5.000021e-03	0.000000e+00	0.000000e+00	0.000000e+00	
587	5.000021e-03	0.000000e+00	0.000000e+00	0.000000e+00	
588	5.000021e-03	0.000000e+00	0.000000e+00	0.000000e+00	
589	5.000021e-03	0.000000e+00	0.000000e+00	0.000000e+00	
590	5.000021e-03	0.000000e+00	0.000000e+00	0.000000e+00	
591	5.000021e-03	0.000000e+00	0.000000e+00	0.000000e+00	
592	5.000021e-03	0.000000e+00	0.000000e+00	0.000000e+00	
593	5.000022e-03	0.000000e+00	0.000000e+00	0.000000e+00	
594	5.000022e-03	0.000000e+00	0.000000e+00	0.000000e+00	
595	5.000022e-03	0.000000e+00	0.000000e+00	0.000000e+00	
596	5.000022e-03	0.000000e+00	0.000000e+00	0.000000e+00	
597	5.000022e-03	0.000000e+00	0.000000e+00	0.000000e+00	
598	5.000023e-03	0.000000e+00	0.000000e+00	0.000000e+00	
599	5.000023e-03	0.000000e+00	0.000000e+00	0.000000e+00	
600	5.000023e-03	0.000000e+00	0.000000e+00	0.000000e+00	
601	5.000023e-03	0.000000e+00	0.000000e+00	0.000000e+00	
602	5.000023e-03	0.000000e+00	0.000000e+00	0.000000e+00	
603	5.000023e-03	0.000000e+00	0.000000e+00	0.000000e+00	
604	5.000023e-03	0.000000e+00	0.000000e+00	0.000000e+00	
605	5.000023e-03	0.000000e+00	0.000000e+00	0.000000e+00	
606	5.000023e-03	0.000000e+00	0.000000e+00	0.000000e+00	
607	5.000023e-03	0.000000e+00	0.000000e+00	0.000000e+00	
608	5.000023e-03	0.000000e+00	0.000000e+00	0.000000e+00	
609	5.000023e-03	0.000000e+00	0.000000e+00	0.000000e+00	
610	5.000023e-03	0.000000e+00	0.000000e+00	0.000000e+00	
611	5.000024e-03	0.000000e+00	0.000000e+00	0.000000e+00	
612	5.000024e-03	0.000000e+00	0.000000e+00	0.000000e+00	
613	5.000024e-03	0.000000e+00	0.000000e+00	0.000000e+00	
614	5.000024e-03	0.000000e+00	0.000000e+00	0.000000e+00	
615	5.000024e-03	0.000000e+00	0.000000e+00	0.000000e+00	
616	5.000025e-03	0.000000e+00	0.000000e+00	0.000000e+00	
617	5.000025e-03	0.000000e+00	0.000000e+00	0.000000e+00	
618	5.000025e-03	0.000000e+00	0.000000e+00	0.000000e+00	
619	5.000025e-03	0.000000e+00	0.000000e+00	0.000000e+00	
620	5.000025e-03	0.000000e+00	0.000000e+00	0.000000e+00	
621	5.000025e-03	0.000000e+00	0.000000e+00	0.000000e+00	
622	5.000025e-03	0.000000e+00	0.000000e+00	0.000000e+00	
623	5.000025e-03	0.000000e+00	0.000000e+00	0.000000e+00	
624	5.000025e-03	0.000000e+00	0.000000e+00	0.000000e+00	
625	5.000025e-03	0.000000e+00	0.000000e+00	0.000000e+00	
626	5.000025e-03	0.000000e+00	0.000000e+00	0.000000e+00	
627	5.000025e-03	0.000000e+00	0.000000e+00	0.000000e+00	
628	5.000025e-03	0.000000e+00	0.000000e+00	0.000000e+00	
629	5.000025e-03	0.000000e+00	0.000000e+00	0.000000e+00	
630	5.000025e-03	0.000000e+00	0.000000e+00	0.000000e+00	
631	5.000025e-03	0.000000e+00	0.000000e+00	0.000000e+00	
632	5.000025e-03	0.000000e+00	0.000000e+00	0.000000e+00	
633	5.000025e-03	0.000000e+00	0.000000e+00	0.000000e+00	
634	5.000025e-03	0.000000e+00	0.000000e+00	0.000000e+00	

Index   time            v5#branch       v6#branch       v7#branch       
--------------------------------------------------------------------------------
635	5.000025e-03	0.000000e+00	0.000000e+00	0.000000e+00	
636	5.000025e-03	0.000000e+00	0.000000e+00	0.000000e+00	
637	5.000025e-03	0.000000e+00	0.000000e+00	0.000000e+00	
638	5.000026e-03	0.000000e+00	0.000000e+00	0.000000e+00	
639	5.000026e-03	0.000000e+00	0.000000e+00	0.000000e+00	
640	5.000026e-03	0.000000e+00	0.000000e+00	0.000000e+00	
641	5.000026e-03	0.000000e+00	0.000000e+00	0.000000e+00	
642	5.000026e-03	0.000000e+00	0.000000e+00	0.000000e+00	
643	5.000027e-03	0.000000e+00	0.000000e+00	0.000000e+00	
644	5.000027e-03	0.000000e+00	0.000000e+00	0.000000e+00	
645	5.000027e-03	0.000000e+00	0.000000e+00	0.000000e+00	
646	5.000027e-03	0.000000e+00	0.000000e+00	0.000000e+00	
647	5.000027e-03	0.000000e+00	0.000000e+00	0.000000e+00	
648	5.000028e-03	0.000000e+00	0.000000e+00	0.000000e+00	
649	5.000028e-03	0.000000e+00	0.000000e+00	0.000000e+00	
650	5.000028e-03	0.000000e+00	0.000000e+00	0.000000e+00	
651	5.000028e-03	0.000000e+00	0.000000e+00	0.000000e+00	
652	5.000028e-03	0.000000e+00	0.000000e+00	0.000000e+00	
653	5.000028e-03	0.000000e+00	0.000000e+00	0.000000e+00	
654	5.000028e-03	0.000000e+00	0.000000e+00	0.000000e+00	
655	5.000028e-03	0.000000e+00	0.000000e+00	0.000000e+00	
656	5.000028e-03	0.000000e+00	0.000000e+00	0.000000e+00	
657	5.000028e-03	0.000000e+00	0.000000e+00	0.000000e+00	
658	5.000028e-03	0.000000e+00	0.000000e+00	0.000000e+00	
659	5.000029e-03	0.000000e+00	0.000000e+00	0.000000e+00	
660	5.000029e-03	0.000000e+00	0.000000e+00	0.000000e+00	
661	5.000029e-03	0.000000e+00	0.000000e+00	0.000000e+00	
662	5.000029e-03	0.000000e+00	0.000000e+00	0.000000e+00	
663	5.000029e-03	0.000000e+00	0.000000e+00	0.000000e+00	
664	5.000029e-03	0.000000e+00	0.000000e+00	0.000000e+00	
665	5.000029e-03	0.000000e+00	0.000000e+00	0.000000e+00	
666	5.000029e-03	0.000000e+00	0.000000e+00	0.000000e+00	
667	5.000029e-03	0.000000e+00	0.000000e+00	0.000000e+00	
668	5.000029e-03	0.000000e+00	0.000000e+00	0.000000e+00	
669	5.000029e-03	0.000000e+00	0.000000e+00	0.000000e+00	
670	5.000030e-03	0.000000e+00	0.000000e+00	0.000000e+00	
671	5.000030e-03	0.000000e+00	0.000000e+00	0.000000e+00	
672	5.000031e-03	0.000000e+00	0.000000e+00	0.000000e+00	
673	5.000031e-03	0.000000e+00	0.000000e+00	0.000000e+00	
674	5.000031e-03	0.000000e+00	0.000000e+00	0.000000e+00	
675	5.000031e-03	0.000000e+00	0.000000e+00	0.000000e+00	
676	5.000031e-03	0.000000e+00	0.000000e+00	0.000000e+00	
677	5.000031e-03	0.000000e+00	0.000000e+00	0.000000e+00	
678	5.000031e-03	0.000000e+00	0.000000e+00	0.000000e+00	
679	5.000031e-03	0.000000e+00	0.000000e+00	0.000000e+00	
680	5.000031e-03	0.000000e+00	0.000000e+00	0.000000e+00	
681	5.000031e-03	0.000000e+00	0.000000e+00	0.000000e+00	
682	5.000032e-03	0.000000e+00	0.000000e+00	0.000000e+00	
683	5.000032e-03	0.000000e+00	0.000000e+00	0.000000e+00	
684	5.000033e-03	0.000000e+00	0.000000e+00	0.000000e+00	
685	5.000035e-03	0.000000e+00	0.000000e+00	0.000000e+00	
686	5.000039e-03	0.000000e+00	0.000000e+00	0.000000e+00	
687	5.000047e-03	0.000000e+00	0.000000e+00	0.000000e+00	
688	5.000064e-03	0.000000e+00	0.000000e+00	0.000000e+00	
689	5.000097e-03	0.000000e+00	0.000000e+00	0.000000e+00	
690	5.000162e-03	0.000000e+00	0.000000e+00	0.000000e+00	
691	5.000293e-03	0.000000e+00	0.000000e+00	0.000000e+00	
692	5.000555e-03	0.000000e+00	0.000000e+00	0.000000e+00	

Index   time            v5#branch       v6#branch       v7#branch       
--------------------------------------------------------------------------------
693	5.001080e-03	0.000000e+00	0.000000e+00	0.000000e+00	
694	5.002128e-03	0.000000e+00	0.000000e+00	0.000000e+00	
695	5.004225e-03	0.000000e+00	0.000000e+00	0.000000e+00	
696	5.008420e-03	0.000000e+00	0.000000e+00	0.000000e+00	
697	5.016808e-03	0.000000e+00	0.000000e+00	0.000000e+00	
698	5.033586e-03	0.000000e+00	0.000000e+00	0.000000e+00	
699	5.067140e-03	0.000000e+00	0.000000e+00	0.000000e+00	
700	5.134249e-03	0.000000e+00	0.000000e+00	0.000000e+00	
701	5.234249e-03	0.000000e+00	0.000000e+00	0.000000e+00	
702	5.334249e-03	0.000000e+00	0.000000e+00	0.000000e+00	
703	5.434249e-03	0.000000e+00	0.000000e+00	0.000000e+00	
704	5.500010e-03	0.000000e+00	0.000000e+00	0.000000e+00	
705	5.500011e-03	0.000000e+00	0.000000e+00	0.000000e+00	
706	5.500013e-03	0.000000e+00	0.000000e+00	0.000000e+00	
707	5.500017e-03	0.000000e+00	0.000000e+00	0.000000e+00	
708	5.500020e-03	0.000000e+00	0.000000e+00	0.000000e+00	
709	5.500021e-03	0.000000e+00	0.000000e+00	0.000000e+00	
710	5.500021e-03	0.000000e+00	0.000000e+00	0.000000e+00	
711	5.500021e-03	0.000000e+00	0.000000e+00	0.000000e+00	
712	5.500021e-03	0.000000e+00	0.000000e+00	0.000000e+00	
713	5.500022e-03	0.000000e+00	0.000000e+00	0.000000e+00	
714	5.500022e-03	0.000000e+00	0.000000e+00	0.000000e+00	
715	5.500022e-03	0.000000e+00	0.000000e+00	0.000000e+00	
716	5.500022e-03	0.000000e+00	0.000000e+00	0.000000e+00	
717	5.500022e-03	0.000000e+00	0.000000e+00	0.000000e+00	
718	5.500023e-03	0.000000e+00	0.000000e+00	0.000000e+00	
719	5.500023e-03	0.000000e+00	0.000000e+00	0.000000e+00	
720	5.500023e-03	0.000000e+00	0.000000e+00	0.000000e+00	
721	5.500023e-03	0.000000e+00	0.000000e+00	0.000000e+00	
722	5.500023e-03	0.000000e+00	0.000000e+00	0.000000e+00	
723	5.500023e-03	0.000000e+00	0.000000e+00	0.000000e+00	
724	5.500023e-03	0.000000e+00	0.000000e+00	0.000000e+00	
725	5.500023e-03	0.000000e+00	0.000000e+00	0.000000e+00	
726	5.500023e-03	0.000000e+00	0.000000e+00	0.000000e+00	
727	5.500023e-03	0.000000e+00	0.000000e+00	0.000000e+00	
728	5.500023e-03	0.000000e+00	0.000000e+00	0.000000e+00	
729	5.500024e-03	0.000000e+00	0.000000e+00	0.000000e+00	
730	5.500024e-03	0.000000e+00	0.000000e+00	0.000000e+00	
731	5.500024e-03	0.000000e+00	0.000000e+00	0.000000e+00	
732	5.500024e-03	0.000000e+00	0.000000e+00	0.000000e+00	
733	5.500024e-03	0.000000e+00	0.000000e+00	0.000000e+00	
734	5.500024e-03	0.000000e+00	0.000000e+00	0.000000e+00	
735	5.500024e-03	0.000000e+00	0.000000e+00	0.000000e+00	
736	5.500024e-03	0.000000e+00	0.000000e+00	0.000000e+00	
737	5.500024e-03	0.000000e+00	0.000000e+00	0.000000e+00	
738	5.500024e-03	0.000000e+00	0.000000e+00	0.000000e+00	
739	5.500024e-03	0.000000e+00	0.000000e+00	0.000000e+00	
740	5.500025e-03	0.000000e+00	0.000000e+00	0.000000e+00	
741	5.500025e-03	0.000000e+00	0.000000e+00	0.000000e+00	
742	5.500025e-03	0.000000e+00	0.000000e+00	0.000000e+00	
743	5.500025e-03	0.000000e+00	0.000000e+00	0.000000e+00	
744	5.500025e-03	0.000000e+00	0.000000e+00	0.000000e+00	
745	5.500025e-03	0.000000e+00	0.000000e+00	0.000000e+00	
746	5.500025e-03	0.000000e+00	0.000000e+00	0.000000e+00	
747	5.500025e-03	0.000000e+00	0.000000e+00	0.000000e+00	
748	5.500025e-03	0.000000e+00	0.000000e+00	0.000000e+00	
749	5.500025e-03	0.000000e+00	0.000000e+00	0.000000e+00	
750	5.500025e-03	0.000000e+00	0.000000e+00	0.000000e+00	

Index   time            v5#branch       v6#branch       v7#branch       
--------------------------------------------------------------------------------
751	5.500025e-03	0.000000e+00	0.000000e+00	0.000000e+00	
752	5.500025e-03	0.000000e+00	0.000000e+00	0.000000e+00	
753	5.500026e-03	0.000000e+00	0.000000e+00	0.000000e+00	
754	5.500026e-03	0.000000e+00	0.000000e+00	0.000000e+00	
755	5.500026e-03	0.000000e+00	0.000000e+00	0.000000e+00	
756	5.500026e-03	0.000000e+00	0.000000e+00	0.000000e+00	
757	5.500026e-03	0.000000e+00	0.000000e+00	0.000000e+00	
758	5.500026e-03	0.000000e+00	0.000000e+00	0.000000e+00	
759	5.500026e-03	0.000000e+00	0.000000e+00	0.000000e+00	
760	5.500026e-03	0.000000e+00	0.000000e+00	0.000000e+00	
761	5.500026e-03	0.000000e+00	0.000000e+00	0.000000e+00	
762	5.500026e-03	0.000000e+00	0.000000e+00	0.000000e+00	
763	5.500026e-03	0.000000e+00	0.000000e+00	0.000000e+00	
764	5.500026e-03	0.000000e+00	0.000000e+00	0.000000e+00	
765	5.500026e-03	0.000000e+00	0.000000e+00	0.000000e+00	
766	5.500026e-03	0.000000e+00	0.000000e+00	0.000000e+00	
767	5.500027e-03	0.000000e+00	0.000000e+00	0.000000e+00	
768	5.500027e-03	0.000000e+00	0.000000e+00	0.000000e+00	
769	5.500027e-03	0.000000e+00	0.000000e+00	0.000000e+00	
770	5.500027e-03	0.000000e+00	0.000000e+00	0.000000e+00	
771	5.500027e-03	0.000000e+00	0.000000e+00	0.000000e+00	
772	5.500027e-03	0.000000e+00	0.000000e+00	0.000000e+00	
773	5.500027e-03	0.000000e+00	0.000000e+00	0.000000e+00	
774	5.500027e-03	0.000000e+00	0.000000e+00	0.000000e+00	
775	5.500027e-03	0.000000e+00	0.000000e+00	0.000000e+00	
776	5.500027e-03	0.000000e+00	0.000000e+00	0.000000e+00	
777	5.500027e-03	0.000000e+00	0.000000e+00	0.000000e+00	
778	5.500027e-03	0.000000e+00	0.000000e+00	0.000000e+00	
779	5.500027e-03	0.000000e+00	0.000000e+00	0.000000e+00	
780	5.500028e-03	0.000000e+00	0.000000e+00	0.000000e+00	
781	5.500028e-03	0.000000e+00	0.000000e+00	0.000000e+00	
782	5.500029e-03	0.000000e+00	0.000000e+00	0.000000e+00	
783	5.500029e-03	0.000000e+00	0.000000e+00	0.000000e+00	
784	5.500029e-03	0.000000e+00	0.000000e+00	0.000000e+00	
785	5.500029e-03	0.000000e+00	0.000000e+00	0.000000e+00	
786	5.500029e-03	0.000000e+00	0.000000e+00	0.000000e+00	
787	5.500029e-03	0.000000e+00	0.000000e+00	0.000000e+00	
788	5.500029e-03	0.000000e+00	0.000000e+00	0.000000e+00	
789	5.500029e-03	0.000000e+00	0.000000e+00	0.000000e+00	
790	5.500029e-03	0.000000e+00	0.000000e+00	0.000000e+00	
791	5.500029e-03	0.000000e+00	0.000000e+00	0.000000e+00	
792	5.500030e-03	0.000000e+00	0.000000e+00	0.000000e+00	
793	5.500030e-03	0.000000e+00	0.000000e+00	0.000000e+00	
794	5.500030e-03	0.000000e+00	0.000000e+00	0.000000e+00	
795	5.500030e-03	0.000000e+00	0.000000e+00	0.000000e+00	
796	5.500030e-03	0.000000e+00	0.000000e+00	0.000000e+00	
797	5.500031e-03	0.000000e+00	0.000000e+00	0.000000e+00	
798	5.500031e-03	0.000000e+00	0.000000e+00	0.000000e+00	
799	5.500033e-03	0.000000e+00	0.000000e+00	0.000000e+00	
800	5.500036e-03	0.000000e+00	0.000000e+00	0.000000e+00	
801	5.500043e-03	0.000000e+00	0.000000e+00	0.000000e+00	
802	5.500056e-03	0.000000e+00	0.000000e+00	0.000000e+00	
803	5.500082e-03	0.000000e+00	0.000000e+00	0.000000e+00	
804	5.500135e-03	0.000000e+00	0.000000e+00	0.000000e+00	
805	5.500240e-03	0.000000e+00	0.000000e+00	0.000000e+00	
806	5.500449e-03	0.000000e+00	0.000000e+00	0.000000e+00	
807	5.500869e-03	0.000000e+00	0.000000e+00	0.000000e+00	
808	5.501708e-03	0.000000e+00	0.000000e+00	0.000000e+00	

Index   time            v5#branch       v6#branch       v7#branch       
--------------------------------------------------------------------------------
809	5.503385e-03	0.000000e+00	0.000000e+00	0.000000e+00	
810	5.506741e-03	0.000000e+00	0.000000e+00	0.000000e+00	
811	5.513452e-03	0.000000e+00	0.000000e+00	0.000000e+00	
812	5.526873e-03	0.000000e+00	0.000000e+00	0.000000e+00	
813	5.553717e-03	0.000000e+00	0.000000e+00	0.000000e+00	
814	5.607404e-03	0.000000e+00	0.000000e+00	0.000000e+00	
815	5.707404e-03	0.000000e+00	0.000000e+00	0.000000e+00	
816	5.807404e-03	0.000000e+00	0.000000e+00	0.000000e+00	
817	5.907404e-03	0.000000e+00	0.000000e+00	0.000000e+00	
818	6.000000e-03	0.000000e+00	0.000000e+00	0.000000e+00	
819	6.000001e-03	0.000000e+00	0.000000e+00	0.000000e+00	
820	6.000003e-03	0.000000e+00	0.000000e+00	0.000000e+00	
821	6.000007e-03	0.000000e+00	0.000000e+00	0.000000e+00	
822	6.000008e-03	0.000000e+00	0.000000e+00	0.000000e+00	
823	6.000008e-03	0.000000e+00	0.000000e+00	0.000000e+00	
824	6.000008e-03	0.000000e+00	0.000000e+00	0.000000e+00	
825	6.000008e-03	0.000000e+00	0.000000e+00	0.000000e+00	
826	6.000008e-03	0.000000e+00	0.000000e+00	0.000000e+00	
827	6.000008e-03	0.000000e+00	0.000000e+00	0.000000e+00	
828	6.000008e-03	0.000000e+00	0.000000e+00	0.000000e+00	
829	6.000008e-03	0.000000e+00	0.000000e+00	0.000000e+00	
830	6.000008e-03	0.000000e+00	0.000000e+00	0.000000e+00	
831	6.000008e-03	0.000000e+00	0.000000e+00	0.000000e+00	
832	6.000009e-03	0.000000e+00	0.000000e+00	0.000000e+00	
833	6.000009e-03	0.000000e+00	0.000000e+00	0.000000e+00	
834	6.000009e-03	0.000000e+00	0.000000e+00	0.000000e+00	
835	6.000009e-03	0.000000e+00	0.000000e+00	0.000000e+00	
836	6.000009e-03	0.000000e+00	0.000000e+00	0.000000e+00	
837	6.000009e-03	0.000000e+00	0.000000e+00	0.000000e+00	
838	6.000009e-03	0.000000e+00	0.000000e+00	0.000000e+00	
839	6.000009e-03	0.000000e+00	0.000000e+00	0.000000e+00	
840	6.000009e-03	0.000000e+00	0.000000e+00	0.000000e+00	
841	6.000009e-03	0.000000e+00	0.000000e+00	0.000000e+00	
842	6.000009e-03	0.000000e+00	0.000000e+00	0.000000e+00	
843	6.000010e-03	0.000000e+00	0.000000e+00	0.000000e+00	
844	6.000010e-03	0.000000e+00	0.000000e+00	0.000000e+00	
845	6.000010e-03	0.000000e+00	0.000000e+00	0.000000e+00	
846	6.000010e-03	0.000000e+00	0.000000e+00	0.000000e+00	
847	6.000010e-03	0.000000e+00	0.000000e+00	0.000000e+00	
848	6.000011e-03	0.000000e+00	0.000000e+00	0.000000e+00	
849	6.000012e-03	0.000000e+00	0.000000e+00	0.000000e+00	
850	6.000012e-03	0.000000e+00	0.000000e+00	0.000000e+00	
851	6.000012e-03	0.000000e+00	0.000000e+00	0.000000e+00	
852	6.000012e-03	0.000000e+00	0.000000e+00	0.000000e+00	
853	6.000013e-03	0.000000e+00	0.000000e+00	0.000000e+00	
854	6.000013e-03	0.000000e+00	0.000000e+00	0.000000e+00	
855	6.000013e-03	0.000000e+00	0.000000e+00	0.000000e+00	
856	6.000013e-03	0.000000e+00	0.000000e+00	0.000000e+00	
857	6.000013e-03	0.000000e+00	0.000000e+00	0.000000e+00	
858	6.000013e-03	0.000000e+00	0.000000e+00	0.000000e+00	
859	6.000013e-03	0.000000e+00	0.000000e+00	0.000000e+00	
860	6.000013e-03	0.000000e+00	0.000000e+00	0.000000e+00	
861	6.000013e-03	0.000000e+00	0.000000e+00	0.000000e+00	
862	6.000013e-03	0.000000e+00	0.000000e+00	0.000000e+00	
863	6.000013e-03	0.000000e+00	0.000000e+00	0.000000e+00	
864	6.000013e-03	0.000000e+00	0.000000e+00	0.000000e+00	
865	6.000014e-03	0.000000e+00	0.000000e+00	0.000000e+00	
866	6.000014e-03	0.000000e+00	0.000000e+00	0.000000e+00	

Index   time            v5#branch       v6#branch       v7#branch       
--------------------------------------------------------------------------------
867	6.000014e-03	0.000000e+00	0.000000e+00	0.000000e+00	
868	6.000014e-03	0.000000e+00	0.000000e+00	0.000000e+00	
869	6.000015e-03	0.000000e+00	0.000000e+00	0.000000e+00	
870	6.000015e-03	0.000000e+00	0.000000e+00	0.000000e+00	
871	6.000015e-03	0.000000e+00	0.000000e+00	0.000000e+00	
872	6.000015e-03	0.000000e+00	0.000000e+00	0.000000e+00	
873	6.000015e-03	0.000000e+00	0.000000e+00	0.000000e+00	
874	6.000016e-03	0.000000e+00	0.000000e+00	0.000000e+00	
875	6.000016e-03	0.000000e+00	0.000000e+00	0.000000e+00	
876	6.000016e-03	0.000000e+00	0.000000e+00	0.000000e+00	
877	6.000016e-03	0.000000e+00	0.000000e+00	0.000000e+00	
878	6.000016e-03	0.000000e+00	0.000000e+00	0.000000e+00	
879	6.000016e-03	0.000000e+00	0.000000e+00	0.000000e+00	
880	6.000016e-03	0.000000e+00	0.000000e+00	0.000000e+00	
881	6.000016e-03	0.000000e+00	0.000000e+00	0.000000e+00	
882	6.000016e-03	0.000000e+00	0.000000e+00	0.000000e+00	
883	6.000016e-03	0.000000e+00	0.000000e+00	0.000000e+00	
884	6.000016e-03	0.000000e+00	0.000000e+00	0.000000e+00	
885	6.000017e-03	0.000000e+00	0.000000e+00	0.000000e+00	
886	6.000017e-03	0.000000e+00	0.000000e+00	0.000000e+00	
887	6.000017e-03	0.000000e+00	0.000000e+00	0.000000e+00	
888	6.000017e-03	0.000000e+00	0.000000e+00	0.000000e+00	
889	6.000017e-03	0.000000e+00	0.000000e+00	0.000000e+00	
890	6.000017e-03	0.000000e+00	0.000000e+00	0.000000e+00	
891	6.000017e-03	0.000000e+00	0.000000e+00	0.000000e+00	
892	6.000017e-03	0.000000e+00	0.000000e+00	0.000000e+00	
893	6.000017e-03	0.000000e+00	0.000000e+00	0.000000e+00	
894	6.000017e-03	0.000000e+00	0.000000e+00	0.000000e+00	
895	6.000017e-03	0.000000e+00	0.000000e+00	0.000000e+00	
896	6.000018e-03	0.000000e+00	0.000000e+00	0.000000e+00	
897	6.000018e-03	0.000000e+00	0.000000e+00	0.000000e+00	
898	6.000018e-03	0.000000e+00	0.000000e+00	0.000000e+00	
899	6.000018e-03	0.000000e+00	0.000000e+00	0.000000e+00	
900	6.000018e-03	0.000000e+00	0.000000e+00	0.000000e+00	
901	6.000019e-03	0.000000e+00	0.000000e+00	0.000000e+00	
902	6.000019e-03	0.000000e+00	0.000000e+00	0.000000e+00	
903	6.000020e-03	0.000000e+00	0.000000e+00	0.000000e+00	
904	6.000020e-03	0.000000e+00	0.000000e+00	0.000000e+00	
905	6.000020e-03	0.000000e+00	0.000000e+00	0.000000e+00	
906	6.000021e-03	0.000000e+00	0.000000e+00	0.000000e+00	
907	6.000021e-03	0.000000e+00	0.000000e+00	0.000000e+00	
908	6.000021e-03	0.000000e+00	0.000000e+00	0.000000e+00	
909	6.000021e-03	0.000000e+00	0.000000e+00	0.000000e+00	
910	6.000022e-03	0.000000e+00	0.000000e+00	0.000000e+00	
911	6.000022e-03	0.000000e+00	0.000000e+00	0.000000e+00	
912	6.000022e-03	0.000000e+00	0.000000e+00	0.000000e+00	
913	6.000022e-03	0.000000e+00	0.000000e+00	0.000000e+00	
914	6.000022e-03	0.000000e+00	0.000000e+00	0.000000e+00	
915	6.000022e-03	0.000000e+00	0.000000e+00	0.000000e+00	
916	6.000022e-03	0.000000e+00	0.000000e+00	0.000000e+00	
917	6.000022e-03	0.000000e+00	0.000000e+00	0.000000e+00	
918	6.000022e-03	0.000000e+00	0.000000e+00	0.000000e+00	
919	6.000022e-03	0.000000e+00	0.000000e+00	0.000000e+00	
920	6.000022e-03	0.000000e+00	0.000000e+00	0.000000e+00	
921	6.000022e-03	0.000000e+00	0.000000e+00	0.000000e+00	
922	6.000023e-03	0.000000e+00	0.000000e+00	0.000000e+00	
923	6.000023e-03	0.000000e+00	0.000000e+00	0.000000e+00	
924	6.000023e-03	0.000000e+00	0.000000e+00	0.000000e+00	

Index   time            v5#branch       v6#branch       v7#branch       
--------------------------------------------------------------------------------
925	6.000023e-03	0.000000e+00	0.000000e+00	0.000000e+00	
926	6.000023e-03	0.000000e+00	0.000000e+00	0.000000e+00	
927	6.000023e-03	0.000000e+00	0.000000e+00	0.000000e+00	
928	6.000023e-03	0.000000e+00	0.000000e+00	0.000000e+00	
929	6.000023e-03	0.000000e+00	0.000000e+00	0.000000e+00	
930	6.000023e-03	0.000000e+00	0.000000e+00	0.000000e+00	
931	6.000023e-03	0.000000e+00	0.000000e+00	0.000000e+00	
932	6.000024e-03	0.000000e+00	0.000000e+00	0.000000e+00	
933	6.000024e-03	0.000000e+00	0.000000e+00	0.000000e+00	
934	6.000024e-03	0.000000e+00	0.000000e+00	0.000000e+00	
935	6.000024e-03	0.000000e+00	0.000000e+00	0.000000e+00	
936	6.000024e-03	0.000000e+00	0.000000e+00	0.000000e+00	
937	6.000024e-03	0.000000e+00	0.000000e+00	0.000000e+00	
938	6.000024e-03	0.000000e+00	0.000000e+00	0.000000e+00	
939	6.000024e-03	0.000000e+00	0.000000e+00	0.000000e+00	
940	6.000024e-03	0.000000e+00	0.000000e+00	0.000000e+00	
941	6.000024e-03	0.000000e+00	0.000000e+00	0.000000e+00	
942	6.000024e-03	0.000000e+00	0.000000e+00	0.000000e+00	
943	6.000024e-03	0.000000e+00	0.000000e+00	0.000000e+00	
944	6.000024e-03	0.000000e+00	0.000000e+00	0.000000e+00	
945	6.000025e-03	0.000000e+00	0.000000e+00	0.000000e+00	
946	6.000025e-03	0.000000e+00	0.000000e+00	0.000000e+00	
947	6.000025e-03	0.000000e+00	0.000000e+00	0.000000e+00	
948	6.000025e-03	0.000000e+00	0.000000e+00	0.000000e+00	
949	6.000025e-03	0.000000e+00	0.000000e+00	0.000000e+00	
950	6.000025e-03	0.000000e+00	0.000000e+00	0.000000e+00	
951	6.000025e-03	0.000000e+00	0.000000e+00	0.000000e+00	
952	6.000025e-03	0.000000e+00	0.000000e+00	0.000000e+00	
953	6.000025e-03	0.000000e+00	0.000000e+00	0.000000e+00	
954	6.000025e-03	0.000000e+00	0.000000e+00	0.000000e+00	
955	6.000025e-03	0.000000e+00	0.000000e+00	0.000000e+00	
956	6.000025e-03	0.000000e+00	0.000000e+00	0.000000e+00	
957	6.000025e-03	0.000000e+00	0.000000e+00	0.000000e+00	
958	6.000025e-03	0.000000e+00	0.000000e+00	0.000000e+00	
959	6.000026e-03	0.000000e+00	0.000000e+00	0.000000e+00	
960	6.000026e-03	0.000000e+00	0.000000e+00	0.000000e+00	
961	6.000026e-03	0.000000e+00	0.000000e+00	0.000000e+00	
962	6.000026e-03	0.000000e+00	0.000000e+00	0.000000e+00	
963	6.000026e-03	0.000000e+00	0.000000e+00	0.000000e+00	
964	6.000026e-03	0.000000e+00	0.000000e+00	0.000000e+00	
965	6.000026e-03	0.000000e+00	0.000000e+00	0.000000e+00	
966	6.000026e-03	0.000000e+00	0.000000e+00	0.000000e+00	
967	6.000026e-03	0.000000e+00	0.000000e+00	0.000000e+00	
968	6.000026e-03	0.000000e+00	0.000000e+00	0.000000e+00	
969	6.000026e-03	0.000000e+00	0.000000e+00	0.000000e+00	
970	6.000026e-03	0.000000e+00	0.000000e+00	0.000000e+00	
971	6.000026e-03	0.000000e+00	0.000000e+00	0.000000e+00	
972	6.000026e-03	0.000000e+00	0.000000e+00	0.000000e+00	
973	6.000026e-03	0.000000e+00	0.000000e+00	0.000000e+00	
974	6.000026e-03	0.000000e+00	0.000000e+00	0.000000e+00	
975	6.000026e-03	0.000000e+00	0.000000e+00	0.000000e+00	
976	6.000026e-03	0.000000e+00	0.000000e+00	0.000000e+00	
977	6.000026e-03	0.000000e+00	0.000000e+00	0.000000e+00	
978	6.000026e-03	0.000000e+00	0.000000e+00	0.000000e+00	
979	6.000026e-03	0.000000e+00	0.000000e+00	0.000000e+00	
980	6.000026e-03	0.000000e+00	0.000000e+00	0.000000e+00	
981	6.000026e-03	0.000000e+00	0.000000e+00	0.000000e+00	
982	6.000026e-03	0.000000e+00	0.000000e+00	0.000000e+00	

Index   time            v5#branch       v6#branch       v7#branch       
--------------------------------------------------------------------------------
983	6.000026e-03	0.000000e+00	0.000000e+00	0.000000e+00	
984	6.000027e-03	0.000000e+00	0.000000e+00	0.000000e+00	
985	6.000027e-03	0.000000e+00	0.000000e+00	0.000000e+00	
986	6.000027e-03	0.000000e+00	0.000000e+00	0.000000e+00	
987	6.000027e-03	0.000000e+00	0.000000e+00	0.000000e+00	
988	6.000027e-03	0.000000e+00	0.000000e+00	0.000000e+00	
989	6.000028e-03	0.000000e+00	0.000000e+00	0.000000e+00	
990	6.000028e-03	0.000000e+00	0.000000e+00	0.000000e+00	
991	6.000028e-03	0.000000e+00	0.000000e+00	0.000000e+00	
992	6.000028e-03	0.000000e+00	0.000000e+00	0.000000e+00	
993	6.000029e-03	0.000000e+00	0.000000e+00	0.000000e+00	
994	6.000029e-03	0.000000e+00	0.000000e+00	0.000000e+00	
995	6.000029e-03	0.000000e+00	0.000000e+00	0.000000e+00	
996	6.000029e-03	0.000000e+00	0.000000e+00	0.000000e+00	
997	6.000029e-03	0.000000e+00	0.000000e+00	0.000000e+00	
998	6.000029e-03	0.000000e+00	0.000000e+00	0.000000e+00	
999	6.000029e-03	0.000000e+00	0.000000e+00	0.000000e+00	
1000	6.000029e-03	0.000000e+00	0.000000e+00	0.000000e+00	
1001	6.000029e-03	0.000000e+00	0.000000e+00	0.000000e+00	
1002	6.000030e-03	0.000000e+00	0.000000e+00	0.000000e+00	
1003	6.000030e-03	0.000000e+00	0.000000e+00	0.000000e+00	
1004	6.000030e-03	0.000000e+00	0.000000e+00	0.000000e+00	
1005	6.000030e-03	0.000000e+00	0.000000e+00	0.000000e+00	
1006	6.000030e-03	0.000000e+00	0.000000e+00	0.000000e+00	
1007	6.000031e-03	0.000000e+00	0.000000e+00	0.000000e+00	
1008	6.000031e-03	0.000000e+00	0.000000e+00	0.000000e+00	
1009	6.000031e-03	0.000000e+00	0.000000e+00	0.000000e+00	
1010	6.000031e-03	0.000000e+00	0.000000e+00	0.000000e+00	
1011	6.000031e-03	0.000000e+00	0.000000e+00	0.000000e+00	
1012	6.000031e-03	0.000000e+00	0.000000e+00	0.000000e+00	
1013	6.000031e-03	0.000000e+00	0.000000e+00	0.000000e+00	
1014	6.000031e-03	0.000000e+00	0.000000e+00	0.000000e+00	
1015	6.000031e-03	0.000000e+00	0.000000e+00	0.000000e+00	
1016	6.000031e-03	0.000000e+00	0.000000e+00	0.000000e+00	
1017	6.000031e-03	0.000000e+00	0.000000e+00	0.000000e+00	
1018	6.000032e-03	0.000000e+00	0.000000e+00	0.000000e+00	
1019	6.000032e-03	0.000000e+00	0.000000e+00	0.000000e+00	
1020	6.000033e-03	0.000000e+00	0.000000e+00	0.000000e+00	
1021	6.000035e-03	0.000000e+00	0.000000e+00	0.000000e+00	
1022	6.000039e-03	0.000000e+00	0.000000e+00	0.000000e+00	
1023	6.000048e-03	0.000000e+00	0.000000e+00	0.000000e+00	
1024	6.000064e-03	0.000000e+00	0.000000e+00	0.000000e+00	
1025	6.000097e-03	0.000000e+00	0.000000e+00	0.000000e+00	
1026	6.000162e-03	0.000000e+00	0.000000e+00	0.000000e+00	
1027	6.000293e-03	0.000000e+00	0.000000e+00	0.000000e+00	
1028	6.000555e-03	0.000000e+00	0.000000e+00	0.000000e+00	
1029	6.001080e-03	0.000000e+00	0.000000e+00	0.000000e+00	
1030	6.002128e-03	0.000000e+00	0.000000e+00	0.000000e+00	
1031	6.004225e-03	0.000000e+00	0.000000e+00	0.000000e+00	
1032	6.008420e-03	0.000000e+00	0.000000e+00	0.000000e+00	
1033	6.016808e-03	0.000000e+00	0.000000e+00	0.000000e+00	
1034	6.033586e-03	0.000000e+00	0.000000e+00	0.000000e+00	
1035	6.067140e-03	0.000000e+00	0.000000e+00	0.000000e+00	
1036	6.134249e-03	0.000000e+00	0.000000e+00	0.000000e+00	
1037	6.234249e-03	0.000000e+00	0.000000e+00	0.000000e+00	
1038	6.334249e-03	0.000000e+00	0.000000e+00	0.000000e+00	
1039	6.434249e-03	0.000000e+00	0.000000e+00	0.000000e+00	
1040	6.500010e-03	0.000000e+00	0.000000e+00	0.000000e+00	

Index   time            v5#branch       v6#branch       v7#branch       
--------------------------------------------------------------------------------
1041	6.500011e-03	0.000000e+00	0.000000e+00	0.000000e+00	
1042	6.500013e-03	0.000000e+00	0.000000e+00	0.000000e+00	
1043	6.500017e-03	0.000000e+00	0.000000e+00	0.000000e+00	
1044	6.500020e-03	0.000000e+00	0.000000e+00	0.000000e+00	
1045	6.500021e-03	0.000000e+00	0.000000e+00	0.000000e+00	
1046	6.500021e-03	0.000000e+00	0.000000e+00	0.000000e+00	
1047	6.500021e-03	0.000000e+00	0.000000e+00	0.000000e+00	
1048	6.500021e-03	0.000000e+00	0.000000e+00	0.000000e+00	
1049	6.500022e-03	0.000000e+00	0.000000e+00	0.000000e+00	
1050	6.500022e-03	0.000000e+00	0.000000e+00	0.000000e+00	
1051	6.500022e-03	0.000000e+00	0.000000e+00	0.000000e+00	
1052	6.500022e-03	0.000000e+00	0.000000e+00	0.000000e+00	
1053	6.500022e-03	0.000000e+00	0.000000e+00	0.000000e+00	
1054	6.500023e-03	0.000000e+00	0.000000e+00	0.000000e+00	
1055	6.500023e-03	0.000000e+00	0.000000e+00	0.000000e+00	
1056	6.500023e-03	0.000000e+00	0.000000e+00	0.000000e+00	
1057	6.500023e-03	0.000000e+00	0.000000e+00	0.000000e+00	
1058	6.500023e-03	0.000000e+00	0.000000e+00	0.000000e+00	
1059	6.500024e-03	0.000000e+00	0.000000e+00	0.000000e+00	
1060	6.500024e-03	0.000000e+00	0.000000e+00	0.000000e+00	
1061	6.500024e-03	0.000000e+00	0.000000e+00	0.000000e+00	
1062	6.500024e-03	0.000000e+00	0.000000e+00	0.000000e+00	
1063	6.500024e-03	0.000000e+00	0.000000e+00	0.000000e+00	
1064	6.500025e-03	0.000000e+00	0.000000e+00	0.000000e+00	
1065	6.500025e-03	0.000000e+00	0.000000e+00	0.000000e+00	
1066	6.500025e-03	0.000000e+00	0.000000e+00	0.000000e+00	
1067	6.500025e-03	0.000000e+00	0.000000e+00	0.000000e+00	
1068	6.500025e-03	0.000000e+00	0.000000e+00	0.000000e+00	
1069	6.500025e-03	0.000000e+00	0.000000e+00	0.000000e+00	
1070	6.500025e-03	0.000000e+00	0.000000e+00	0.000000e+00	
1071	6.500025e-03	0.000000e+00	0.000000e+00	0.000000e+00	
1072	6.500025e-03	0.000000e+00	0.000000e+00	0.000000e+00	
1073	6.500025e-03	0.000000e+00	0.000000e+00	0.000000e+00	
1074	6.500025e-03	0.000000e+00	0.000000e+00	0.000000e+00	
1075	6.500026e-03	0.000000e+00	0.000000e+00	0.000000e+00	
1076	6.500026e-03	0.000000e+00	0.000000e+00	0.000000e+00	
1077	6.500026e-03	0.000000e+00	0.000000e+00	0.000000e+00	
1078	6.500026e-03	0.000000e+00	0.000000e+00	0.000000e+00	
1079	6.500026e-03	0.000000e+00	0.000000e+00	0.000000e+00	
1080	6.500026e-03	0.000000e+00	0.000000e+00	0.000000e+00	
1081	6.500026e-03	0.000000e+00	0.000000e+00	0.000000e+00	
1082	6.500026e-03	0.000000e+00	0.000000e+00	0.000000e+00	
1083	6.500026e-03	0.000000e+00	0.000000e+00	0.000000e+00	
1084	6.500026e-03	0.000000e+00	0.000000e+00	0.000000e+00	
1085	6.500026e-03	0.000000e+00	0.000000e+00	0.000000e+00	
1086	6.500027e-03	0.000000e+00	0.000000e+00	0.000000e+00	
1087	6.500027e-03	0.000000e+00	0.000000e+00	0.000000e+00	
1088	6.500028e-03	0.000000e+00	0.000000e+00	0.000000e+00	
1089	6.500030e-03	0.000000e+00	0.000000e+00	0.000000e+00	
1090	6.500034e-03	0.000000e+00	0.000000e+00	0.000000e+00	
1091	6.500042e-03	0.000000e+00	0.000000e+00	0.000000e+00	
1092	6.500059e-03	0.000000e+00	0.000000e+00	0.000000e+00	
1093	6.500092e-03	0.000000e+00	0.000000e+00	0.000000e+00	
1094	6.500157e-03	0.000000e+00	0.000000e+00	0.000000e+00	
1095	6.500288e-03	0.000000e+00	0.000000e+00	0.000000e+00	
1096	6.500550e-03	0.000000e+00	0.000000e+00	0.000000e+00	
1097	6.501075e-03	0.000000e+00	0.000000e+00	0.000000e+00	
1098	6.502123e-03	0.000000e+00	0.000000e+00	0.000000e+00	

Index   time            v5#branch       v6#branch       v7#branch       
--------------------------------------------------------------------------------
1099	6.504220e-03	0.000000e+00	0.000000e+00	0.000000e+00	
1100	6.508415e-03	0.000000e+00	0.000000e+00	0.000000e+00	
1101	6.516803e-03	0.000000e+00	0.000000e+00	0.000000e+00	
1102	6.533581e-03	0.000000e+00	0.000000e+00	0.000000e+00	
1103	6.567135e-03	0.000000e+00	0.000000e+00	0.000000e+00	
1104	6.634244e-03	0.000000e+00	0.000000e+00	0.000000e+00	
1105	6.734244e-03	0.000000e+00	0.000000e+00	0.000000e+00	
1106	6.834244e-03	0.000000e+00	0.000000e+00	0.000000e+00	
1107	6.934244e-03	0.000000e+00	0.000000e+00	0.000000e+00	
1108	7.000000e-03	0.000000e+00	0.000000e+00	0.000000e+00	
1109	7.000001e-03	0.000000e+00	0.000000e+00	0.000000e+00	
1110	7.000003e-03	0.000000e+00	0.000000e+00	0.000000e+00	
1111	7.000007e-03	0.000000e+00	0.000000e+00	0.000000e+00	
1112	7.000009e-03	0.000000e+00	0.000000e+00	0.000000e+00	
1113	7.000009e-03	0.000000e+00	0.000000e+00	0.000000e+00	
1114	7.000009e-03	0.000000e+00	0.000000e+00	0.000000e+00	
1115	7.000009e-03	0.000000e+00	0.000000e+00	0.000000e+00	
1116	7.000009e-03	0.000000e+00	0.000000e+00	0.000000e+00	
1117	7.000009e-03	0.000000e+00	0.000000e+00	0.000000e+00	
1118	7.000009e-03	0.000000e+00	0.000000e+00	0.000000e+00	
1119	7.000009e-03	0.000000e+00	0.000000e+00	0.000000e+00	
1120	7.000009e-03	0.000000e+00	0.000000e+00	0.000000e+00	
1121	7.000009e-03	0.000000e+00	0.000000e+00	0.000000e+00	
1122	7.000010e-03	0.000000e+00	0.000000e+00	0.000000e+00	
1123	7.000010e-03	0.000000e+00	0.000000e+00	0.000000e+00	
1124	7.000010e-03	0.000000e+00	0.000000e+00	0.000000e+00	
1125	7.000010e-03	0.000000e+00	0.000000e+00	0.000000e+00	
1126	7.000010e-03	0.000000e+00	0.000000e+00	0.000000e+00	
1127	7.000011e-03	0.000000e+00	0.000000e+00	0.000000e+00	
1128	7.000012e-03	0.000000e+00	0.000000e+00	0.000000e+00	
1129	7.000012e-03	0.000000e+00	0.000000e+00	0.000000e+00	
1130	7.000012e-03	0.000000e+00	0.000000e+00	0.000000e+00	
1131	7.000012e-03	0.000000e+00	0.000000e+00	0.000000e+00	
1132	7.000013e-03	0.000000e+00	0.000000e+00	0.000000e+00	
1133	7.000013e-03	0.000000e+00	0.000000e+00	0.000000e+00	
1134	7.000013e-03	0.000000e+00	0.000000e+00	0.000000e+00	
1135	7.000013e-03	0.000000e+00	0.000000e+00	0.000000e+00	
1136	7.000013e-03	0.000000e+00	0.000000e+00	0.000000e+00	
1137	7.000013e-03	0.000000e+00	0.000000e+00	0.000000e+00	
1138	7.000013e-03	0.000000e+00	0.000000e+00	0.000000e+00	
1139	7.000013e-03	0.000000e+00	0.000000e+00	0.000000e+00	
1140	7.000013e-03	0.000000e+00	0.000000e+00	0.000000e+00	
1141	7.000014e-03	0.000000e+00	0.000000e+00	0.000000e+00	
1142	7.000014e-03	0.000000e+00	0.000000e+00	0.000000e+00	
1143	7.000014e-03	0.000000e+00	0.000000e+00	0.000000e+00	
1144	7.000014e-03	0.000000e+00	0.000000e+00	0.000000e+00	
1145	7.000015e-03	0.000000e+00	0.000000e+00	0.000000e+00	
1146	7.000015e-03	0.000000e+00	0.000000e+00	0.000000e+00	
1147	7.000017e-03	0.000000e+00	0.000000e+00	0.000000e+00	
1148	7.000020e-03	0.000000e+00	0.000000e+00	0.000000e+00	
1149	7.000020e-03	0.000000e+00	0.000000e+00	0.000000e+00	
1150	7.000020e-03	0.000000e+00	0.000000e+00	0.000000e+00	
1151	7.000021e-03	0.000000e+00	0.000000e+00	0.000000e+00	
1152	7.000022e-03	0.000000e+00	0.000000e+00	0.000000e+00	
1153	7.000022e-03	0.000000e+00	0.000000e+00	0.000000e+00	
1154	7.000022e-03	0.000000e+00	0.000000e+00	0.000000e+00	
1155	7.000022e-03	0.000000e+00	0.000000e+00	0.000000e+00	
1156	7.000023e-03	0.000000e+00	0.000000e+00	0.000000e+00	

Index   time            v5#branch       v6#branch       v7#branch       
--------------------------------------------------------------------------------
1157	7.000023e-03	0.000000e+00	0.000000e+00	0.000000e+00	
1158	7.000023e-03	0.000000e+00	0.000000e+00	0.000000e+00	
1159	7.000023e-03	0.000000e+00	0.000000e+00	0.000000e+00	
1160	7.000023e-03	0.000000e+00	0.000000e+00	0.000000e+00	
1161	7.000023e-03	0.000000e+00	0.000000e+00	0.000000e+00	
1162	7.000023e-03	0.000000e+00	0.000000e+00	0.000000e+00	
1163	7.000023e-03	0.000000e+00	0.000000e+00	0.000000e+00	
1164	7.000024e-03	0.000000e+00	0.000000e+00	0.000000e+00	
1165	7.000024e-03	0.000000e+00	0.000000e+00	0.000000e+00	
1166	7.000024e-03	0.000000e+00	0.000000e+00	0.000000e+00	
1167	7.000024e-03	0.000000e+00	0.000000e+00	0.000000e+00	
1168	7.000024e-03	0.000000e+00	0.000000e+00	0.000000e+00	
1169	7.000025e-03	0.000000e+00	0.000000e+00	0.000000e+00	
1170	7.000025e-03	0.000000e+00	0.000000e+00	0.000000e+00	
1171	7.000025e-03	0.000000e+00	0.000000e+00	0.000000e+00	
1172	7.000025e-03	0.000000e+00	0.000000e+00	0.000000e+00	
1173	7.000026e-03	0.000000e+00	0.000000e+00	0.000000e+00	
1174	7.000026e-03	0.000000e+00	0.000000e+00	0.000000e+00	
1175	7.000026e-03	0.000000e+00	0.000000e+00	0.000000e+00	
1176	7.000026e-03	0.000000e+00	0.000000e+00	0.000000e+00	
1177	7.000027e-03	0.000000e+00	0.000000e+00	0.000000e+00	
1178	7.000027e-03	0.000000e+00	0.000000e+00	0.000000e+00	
1179	7.000027e-03	0.000000e+00	0.000000e+00	0.000000e+00	
1180	7.000027e-03	0.000000e+00	0.000000e+00	0.000000e+00	
1181	7.000027e-03	0.000000e+00	0.000000e+00	0.000000e+00	
1182	7.000027e-03	0.000000e+00	0.000000e+00	0.000000e+00	
1183	7.000027e-03	0.000000e+00	0.000000e+00	0.000000e+00	
1184	7.000027e-03	0.000000e+00	0.000000e+00	0.000000e+00	
1185	7.000027e-03	0.000000e+00	0.000000e+00	0.000000e+00	
1186	7.000027e-03	0.000000e+00	0.000000e+00	0.000000e+00	
1187	7.000027e-03	0.000000e+00	0.000000e+00	0.000000e+00	
1188	7.000027e-03	0.000000e+00	0.000000e+00	0.000000e+00	
1189	7.000028e-03	0.000000e+00	0.000000e+00	0.000000e+00	
1190	7.000029e-03	0.000000e+00	0.000000e+00	0.000000e+00	
1191	7.000031e-03	0.000000e+00	0.000000e+00	0.000000e+00	
1192	7.000035e-03	0.000000e+00	0.000000e+00	0.000000e+00	
1193	7.000043e-03	0.000000e+00	0.000000e+00	0.000000e+00	
1194	7.000060e-03	0.000000e+00	0.000000e+00	0.000000e+00	
1195	7.000092e-03	0.000000e+00	0.000000e+00	0.000000e+00	
1196	7.000158e-03	0.000000e+00	0.000000e+00	0.000000e+00	
1197	7.000289e-03	0.000000e+00	0.000000e+00	0.000000e+00	
1198	7.000551e-03	0.000000e+00	0.000000e+00	0.000000e+00	
1199	7.001075e-03	0.000000e+00	0.000000e+00	0.000000e+00	
1200	7.002124e-03	0.000000e+00	0.000000e+00	0.000000e+00	
1201	7.004221e-03	0.000000e+00	0.000000e+00	0.000000e+00	
1202	7.008415e-03	0.000000e+00	0.000000e+00	0.000000e+00	
1203	7.016804e-03	0.000000e+00	0.000000e+00	0.000000e+00	
1204	7.033581e-03	0.000000e+00	0.000000e+00	0.000000e+00	
1205	7.067136e-03	0.000000e+00	0.000000e+00	0.000000e+00	
1206	7.134245e-03	0.000000e+00	0.000000e+00	0.000000e+00	
1207	7.234245e-03	0.000000e+00	0.000000e+00	0.000000e+00	
1208	7.334245e-03	0.000000e+00	0.000000e+00	0.000000e+00	
1209	7.434245e-03	0.000000e+00	0.000000e+00	0.000000e+00	
1210	7.500010e-03	0.000000e+00	0.000000e+00	0.000000e+00	
1211	7.500011e-03	0.000000e+00	0.000000e+00	0.000000e+00	
1212	7.500013e-03	0.000000e+00	0.000000e+00	0.000000e+00	
1213	7.500017e-03	0.000000e+00	0.000000e+00	0.000000e+00	
1214	7.500020e-03	0.000000e+00	0.000000e+00	0.000000e+00	

Index   time            v5#branch       v6#branch       v7#branch       
--------------------------------------------------------------------------------
1215	7.500021e-03	0.000000e+00	0.000000e+00	0.000000e+00	
1216	7.500021e-03	0.000000e+00	0.000000e+00	0.000000e+00	
1217	7.500021e-03	0.000000e+00	0.000000e+00	0.000000e+00	
1218	7.500021e-03	0.000000e+00	0.000000e+00	0.000000e+00	
1219	7.500022e-03	0.000000e+00	0.000000e+00	0.000000e+00	
1220	7.500022e-03	0.000000e+00	0.000000e+00	0.000000e+00	
1221	7.500022e-03	0.000000e+00	0.000000e+00	0.000000e+00	
1222	7.500022e-03	0.000000e+00	0.000000e+00	0.000000e+00	
1223	7.500022e-03	0.000000e+00	0.000000e+00	0.000000e+00	
1224	7.500023e-03	0.000000e+00	0.000000e+00	0.000000e+00	
1225	7.500023e-03	0.000000e+00	0.000000e+00	0.000000e+00	
1226	7.500023e-03	0.000000e+00	0.000000e+00	0.000000e+00	
1227	7.500023e-03	0.000000e+00	0.000000e+00	0.000000e+00	
1228	7.500023e-03	0.000000e+00	0.000000e+00	0.000000e+00	
1229	7.500024e-03	0.000000e+00	0.000000e+00	0.000000e+00	
1230	7.500024e-03	0.000000e+00	0.000000e+00	0.000000e+00	
1231	7.500024e-03	0.000000e+00	0.000000e+00	0.000000e+00	
1232	7.500024e-03	0.000000e+00	0.000000e+00	0.000000e+00	
1233	7.500024e-03	0.000000e+00	0.000000e+00	0.000000e+00	
1234	7.500025e-03	0.000000e+00	0.000000e+00	0.000000e+00	
1235	7.500025e-03	0.000000e+00	0.000000e+00	0.000000e+00	
1236	7.500025e-03	0.000000e+00	0.000000e+00	0.000000e+00	
1237	7.500025e-03	0.000000e+00	0.000000e+00	0.000000e+00	
1238	7.500025e-03	0.000000e+00	0.000000e+00	0.000000e+00	
1239	7.500025e-03	0.000000e+00	0.000000e+00	0.000000e+00	
1240	7.500025e-03	0.000000e+00	0.000000e+00	0.000000e+00	
1241	7.500025e-03	0.000000e+00	0.000000e+00	0.000000e+00	
1242	7.500025e-03	0.000000e+00	0.000000e+00	0.000000e+00	
1243	7.500025e-03	0.000000e+00	0.000000e+00	0.000000e+00	
1244	7.500025e-03	0.000000e+00	0.000000e+00	0.000000e+00	
1245	7.500026e-03	0.000000e+00	0.000000e+00	0.000000e+00	
1246	7.500026e-03	0.000000e+00	0.000000e+00	0.000000e+00	
1247	7.500026e-03	0.000000e+00	0.000000e+00	0.000000e+00	
1248	7.500026e-03	0.000000e+00	0.000000e+00	0.000000e+00	
1249	7.500026e-03	0.000000e+00	0.000000e+00	0.000000e+00	
1250	7.500026e-03	0.000000e+00	0.000000e+00	0.000000e+00	
1251	7.500026e-03	0.000000e+00	0.000000e+00	0.000000e+00	
1252	7.500026e-03	0.000000e+00	0.000000e+00	0.000000e+00	
1253	7.500026e-03	0.000000e+00	0.000000e+00	0.000000e+00	
1254	7.500026e-03	0.000000e+00	0.000000e+00	0.000000e+00	
1255	7.500026e-03	0.000000e+00	0.000000e+00	0.000000e+00	
1256	7.500027e-03	0.000000e+00	0.000000e+00	0.000000e+00	
1257	7.500027e-03	0.000000e+00	0.000000e+00	0.000000e+00	
1258	7.500028e-03	0.000000e+00	0.000000e+00	0.000000e+00	
1259	7.500030e-03	0.000000e+00	0.000000e+00	0.000000e+00	
1260	7.500034e-03	0.000000e+00	0.000000e+00	0.000000e+00	
1261	7.500042e-03	0.000000e+00	0.000000e+00	0.000000e+00	
1262	7.500059e-03	0.000000e+00	0.000000e+00	0.000000e+00	
1263	7.500092e-03	0.000000e+00	0.000000e+00	0.000000e+00	
1264	7.500157e-03	0.000000e+00	0.000000e+00	0.000000e+00	
1265	7.500288e-03	0.000000e+00	0.000000e+00	0.000000e+00	
1266	7.500550e-03	0.000000e+00	0.000000e+00	0.000000e+00	
1267	7.501075e-03	0.000000e+00	0.000000e+00	0.000000e+00	
1268	7.502123e-03	0.000000e+00	0.000000e+00	0.000000e+00	
1269	7.504220e-03	0.000000e+00	0.000000e+00	0.000000e+00	
1270	7.508415e-03	0.000000e+00	0.000000e+00	0.000000e+00	
1271	7.516803e-03	0.000000e+00	0.000000e+00	0.000000e+00	
1272	7.533581e-03	0.000000e+00	0.000000e+00	0.000000e+00	

Index   time            v5#branch       v6#branch       v7#branch       
--------------------------------------------------------------------------------
1273	7.567135e-03	0.000000e+00	0.000000e+00	0.000000e+00	
1274	7.634244e-03	0.000000e+00	0.000000e+00	0.000000e+00	
1275	7.734244e-03	0.000000e+00	0.000000e+00	0.000000e+00	
1276	7.834244e-03	0.000000e+00	0.000000e+00	0.000000e+00	
1277	7.934244e-03	0.000000e+00	0.000000e+00	0.000000e+00	
1278	8.000000e-03	0.000000e+00	0.000000e+00	0.000000e+00	

                                kicad schematic
                                Transient Analysis  Tue Oct 21 20:02:50  2025
--------------------------------------------------------------------------------
Index   time            v8#branch       v9#branch       v10#branch      
--------------------------------------------------------------------------------
0	3.000000e-03	0.000000e+00	0.000000e+00	0.000000e+00	
1	3.000001e-03	0.000000e+00	0.000000e+00	0.000000e+00	
2	3.000003e-03	0.000000e+00	0.000000e+00	0.000000e+00	
3	3.000007e-03	0.000000e+00	0.000000e+00	0.000000e+00	
4	3.000007e-03	0.000000e+00	0.000000e+00	0.000000e+00	
5	3.000007e-03	0.000000e+00	0.000000e+00	0.000000e+00	
6	3.000007e-03	0.000000e+00	0.000000e+00	0.000000e+00	
7	3.000007e-03	0.000000e+00	0.000000e+00	0.000000e+00	
8	3.000007e-03	0.000000e+00	0.000000e+00	0.000000e+00	
9	3.000007e-03	0.000000e+00	0.000000e+00	0.000000e+00	
10	3.000007e-03	0.000000e+00	0.000000e+00	0.000000e+00	
11	3.000007e-03	0.000000e+00	0.000000e+00	0.000000e+00	
12	3.000007e-03	0.000000e+00	0.000000e+00	0.000000e+00	
13	3.000008e-03	0.000000e+00	0.000000e+00	0.000000e+00	
14	3.000008e-03	0.000000e+00	0.000000e+00	0.000000e+00	
15	3.000009e-03	0.000000e+00	0.000000e+00	0.000000e+00	
16	3.000009e-03	0.000000e+00	0.000000e+00	0.000000e+00	
17	3.000009e-03	0.000000e+00	0.000000e+00	0.000000e+00	
18	3.000010e-03	0.000000e+00	0.000000e+00	0.000000e+00	
19	3.000010e-03	0.000000e+00	0.000000e+00	0.000000e+00	
20	3.000010e-03	0.000000e+00	0.000000e+00	0.000000e+00	
21	3.000010e-03	0.000000e+00	0.000000e+00	0.000000e+00	
22	3.000010e-03	0.000000e+00	0.000000e+00	0.000000e+00	
23	3.000010e-03	0.000000e+00	0.000000e+00	0.000000e+00	
24	3.000010e-03	0.000000e+00	0.000000e+00	0.000000e+00	
25	3.000010e-03	0.000000e+00	0.000000e+00	0.000000e+00	
26	3.000010e-03	0.000000e+00	0.000000e+00	0.000000e+00	
27	3.000010e-03	0.000000e+00	0.000000e+00	0.000000e+00	
28	3.000010e-03	0.000000e+00	0.000000e+00	0.000000e+00	
29	3.000010e-03	0.000000e+00	0.000000e+00	0.000000e+00	
30	3.000010e-03	0.000000e+00	0.000000e+00	0.000000e+00	
31	3.000010e-03	0.000000e+00	0.000000e+00	0.000000e+00	
32	3.000010e-03	0.000000e+00	0.000000e+00	0.000000e+00	
33	3.000010e-03	0.000000e+00	0.000000e+00	0.000000e+00	
34	3.000010e-03	0.000000e+00	0.000000e+00	0.000000e+00	
35	3.000011e-03	0.000000e+00	0.000000e+00	0.000000e+00	
36	3.000011e-03	0.000000e+00	0.000000e+00	0.000000e+00	
37	3.000012e-03	0.000000e+00	0.000000e+00	0.000000e+00	
38	3.000012e-03	0.000000e+00	0.000000e+00	0.000000e+00	
39	3.000012e-03	0.000000e+00	0.000000e+00	0.000000e+00	
40	3.000013e-03	0.000000e+00	0.000000e+00	0.000000e+00	
41	3.000013e-03	0.000000e+00	0.000000e+00	0.000000e+00	
42	3.000013e-03	0.000000e+00	0.000000e+00	0.000000e+00	
43	3.000013e-03	0.000000e+00	0.000000e+00	0.000000e+00	
44	3.000013e-03	0.000000e+00	0.000000e+00	0.000000e+00	
45	3.000013e-03	0.000000e+00	0.000000e+00	0.000000e+00	
46	3.000013e-03	0.000000e+00	0.000000e+00	0.000000e+00	
47	3.000013e-03	0.000000e+00	0.000000e+00	0.000000e+00	
48	3.000013e-03	0.000000e+00	0.000000e+00	0.000000e+00	
49	3.000013e-03	0.000000e+00	0.000000e+00	0.000000e+00	
50	3.000013e-03	0.000000e+00	0.000000e+00	0.000000e+00	
51	3.000013e-03	0.000000e+00	0.000000e+00	0.000000e+00	
52	3.000013e-03	0.000000e+00	0.000000e+00	0.000000e+00	
53	3.000014e-03	0.000000e+00	0.000000e+00	0.000000e+00	
54	3.000014e-03	0.000000e+00	0.000000e+00	0.000000e+00	

Index   time            v8#branch       v9#branch       v10#branch      
--------------------------------------------------------------------------------
55	3.000014e-03	0.000000e+00	0.000000e+00	0.000000e+00	
56	3.000014e-03	0.000000e+00	0.000000e+00	0.000000e+00	
57	3.000014e-03	0.000000e+00	0.000000e+00	0.000000e+00	
58	3.000015e-03	0.000000e+00	0.000000e+00	0.000000e+00	
59	3.000015e-03	0.000000e+00	0.000000e+00	0.000000e+00	
60	3.000015e-03	0.000000e+00	0.000000e+00	0.000000e+00	
61	3.000015e-03	0.000000e+00	0.000000e+00	0.000000e+00	
62	3.000015e-03	0.000000e+00	0.000000e+00	0.000000e+00	
63	3.000016e-03	0.000000e+00	0.000000e+00	0.000000e+00	
64	3.000017e-03	0.000000e+00	0.000000e+00	0.000000e+00	
65	3.000020e-03	0.000000e+00	0.000000e+00	0.000000e+00	
66	3.000020e-03	0.000000e+00	0.000000e+00	0.000000e+00	
67	3.000021e-03	0.000000e+00	0.000000e+00	0.000000e+00	
68	3.000021e-03	0.000000e+00	0.000000e+00	0.000000e+00	
69	3.000021e-03	0.000000e+00	0.000000e+00	0.000000e+00	
70	3.000021e-03	0.000000e+00	0.000000e+00	0.000000e+00	
71	3.000021e-03	0.000000e+00	0.000000e+00	0.000000e+00	
72	3.000021e-03	0.000000e+00	0.000000e+00	0.000000e+00	
73	3.000021e-03	0.000000e+00	0.000000e+00	0.000000e+00	
74	3.000021e-03	0.000000e+00	0.000000e+00	0.000000e+00	
75	3.000021e-03	0.000000e+00	0.000000e+00	0.000000e+00	
76	3.000021e-03	0.000000e+00	0.000000e+00	0.000000e+00	
77	3.000021e-03	0.000000e+00	0.000000e+00	0.000000e+00	
78	3.000022e-03	0.000000e+00	0.000000e+00	0.000000e+00	
79	3.000022e-03	0.000000e+00	0.000000e+00	0.000000e+00	
80	3.000022e-03	0.000000e+00	0.000000e+00	0.000000e+00	
81	3.000022e-03	0.000000e+00	0.000000e+00	0.000000e+00	
82	3.000022e-03	0.000000e+00	0.000000e+00	0.000000e+00	
83	3.000023e-03	0.000000e+00	0.000000e+00	0.000000e+00	
84	3.000023e-03	0.000000e+00	0.000000e+00	0.000000e+00	
85	3.000023e-03	0.000000e+00	0.000000e+00	0.000000e+00	
86	3.000023e-03	0.000000e+00	0.000000e+00	0.000000e+00	
87	3.000023e-03	0.000000e+00	0.000000e+00	0.000000e+00	
88	3.000023e-03	0.000000e+00	0.000000e+00	0.000000e+00	
89	3.000023e-03	0.000000e+00	0.000000e+00	0.000000e+00	
90	3.000023e-03	0.000000e+00	0.000000e+00	0.000000e+00	
91	3.000024e-03	0.000000e+00	0.000000e+00	0.000000e+00	
92	3.000024e-03	0.000000e+00	0.000000e+00	0.000000e+00	
93	3.000024e-03	0.000000e+00	0.000000e+00	0.000000e+00	
94	3.000024e-03	0.000000e+00	0.000000e+00	0.000000e+00	
95	3.000024e-03	0.000000e+00	0.000000e+00	0.000000e+00	
96	3.000025e-03	0.000000e+00	0.000000e+00	0.000000e+00	
97	3.000025e-03	0.000000e+00	0.000000e+00	0.000000e+00	
98	3.000025e-03	0.000000e+00	0.000000e+00	0.000000e+00	
99	3.000025e-03	0.000000e+00	0.000000e+00	0.000000e+00	
100	3.000025e-03	0.000000e+00	0.000000e+00	0.000000e+00	
101	3.000025e-03	0.000000e+00	0.000000e+00	0.000000e+00	
102	3.000025e-03	0.000000e+00	0.000000e+00	0.000000e+00	
103	3.000025e-03	0.000000e+00	0.000000e+00	0.000000e+00	
104	3.000025e-03	0.000000e+00	0.000000e+00	0.000000e+00	
105	3.000025e-03	0.000000e+00	0.000000e+00	0.000000e+00	
106	3.000025e-03	0.000000e+00	0.000000e+00	0.000000e+00	
107	3.000026e-03	0.000000e+00	0.000000e+00	0.000000e+00	
108	3.000026e-03	0.000000e+00	0.000000e+00	0.000000e+00	
109	3.000027e-03	0.000000e+00	0.000000e+00	0.000000e+00	
110	3.000027e-03	0.000000e+00	0.000000e+00	0.000000e+00	
111	3.000027e-03	0.000000e+00	0.000000e+00	0.000000e+00	
112	3.000027e-03	0.000000e+00	0.000000e+00	0.000000e+00	

Index   time            v8#branch       v9#branch       v10#branch      
--------------------------------------------------------------------------------
113	3.000027e-03	0.000000e+00	0.000000e+00	0.000000e+00	
114	3.000027e-03	0.000000e+00	0.000000e+00	0.000000e+00	
115	3.000027e-03	0.000000e+00	0.000000e+00	0.000000e+00	
116	3.000027e-03	0.000000e+00	0.000000e+00	0.000000e+00	
117	3.000027e-03	0.000000e+00	0.000000e+00	0.000000e+00	
118	3.000027e-03	0.000000e+00	0.000000e+00	0.000000e+00	
119	3.000028e-03	0.000000e+00	0.000000e+00	0.000000e+00	
120	3.000028e-03	0.000000e+00	0.000000e+00	0.000000e+00	
121	3.000029e-03	0.000000e+00	0.000000e+00	0.000000e+00	
122	3.000029e-03	0.000000e+00	0.000000e+00	0.000000e+00	
123	3.000029e-03	0.000000e+00	0.000000e+00	0.000000e+00	
124	3.000030e-03	0.000000e+00	0.000000e+00	0.000000e+00	
125	3.000030e-03	0.000000e+00	0.000000e+00	0.000000e+00	
126	3.000030e-03	0.000000e+00	0.000000e+00	0.000000e+00	
127	3.000030e-03	0.000000e+00	0.000000e+00	0.000000e+00	
128	3.000030e-03	0.000000e+00	0.000000e+00	0.000000e+00	
129	3.000031e-03	0.000000e+00	0.000000e+00	0.000000e+00	
130	3.000032e-03	0.000000e+00	0.000000e+00	0.000000e+00	
131	3.000034e-03	0.000000e+00	0.000000e+00	0.000000e+00	
132	3.000039e-03	0.000000e+00	0.000000e+00	0.000000e+00	
133	3.000048e-03	0.000000e+00	0.000000e+00	0.000000e+00	
134	3.000067e-03	0.000000e+00	0.000000e+00	0.000000e+00	
135	3.000104e-03	0.000000e+00	0.000000e+00	0.000000e+00	
136	3.000177e-03	0.000000e+00	0.000000e+00	0.000000e+00	
137	3.000325e-03	0.000000e+00	0.000000e+00	0.000000e+00	
138	3.000620e-03	0.000000e+00	0.000000e+00	0.000000e+00	
139	3.001209e-03	0.000000e+00	0.000000e+00	0.000000e+00	
140	3.002389e-03	0.000000e+00	0.000000e+00	0.000000e+00	
141	3.004748e-03	0.000000e+00	0.000000e+00	0.000000e+00	
142	3.009467e-03	0.000000e+00	0.000000e+00	0.000000e+00	
143	3.018904e-03	0.000000e+00	0.000000e+00	0.000000e+00	
144	3.037779e-03	0.000000e+00	0.000000e+00	0.000000e+00	
145	3.075527e-03	0.000000e+00	0.000000e+00	0.000000e+00	
146	3.151025e-03	0.000000e+00	0.000000e+00	0.000000e+00	
147	3.251025e-03	0.000000e+00	0.000000e+00	0.000000e+00	
148	3.351025e-03	0.000000e+00	0.000000e+00	0.000000e+00	
149	3.451025e-03	0.000000e+00	0.000000e+00	0.000000e+00	
150	3.500010e-03	0.000000e+00	0.000000e+00	0.000000e+00	
151	3.500011e-03	0.000000e+00	0.000000e+00	0.000000e+00	
152	3.500013e-03	0.000000e+00	0.000000e+00	0.000000e+00	
153	3.500017e-03	0.000000e+00	0.000000e+00	0.000000e+00	
154	3.500020e-03	0.000000e+00	0.000000e+00	0.000000e+00	
155	3.500021e-03	0.000000e+00	0.000000e+00	0.000000e+00	
156	3.500021e-03	0.000000e+00	0.000000e+00	0.000000e+00	
157	3.500021e-03	0.000000e+00	0.000000e+00	0.000000e+00	
158	3.500021e-03	0.000000e+00	0.000000e+00	0.000000e+00	
159	3.500022e-03	0.000000e+00	0.000000e+00	0.000000e+00	
160	3.500022e-03	0.000000e+00	0.000000e+00	0.000000e+00	
161	3.500022e-03	0.000000e+00	0.000000e+00	0.000000e+00	
162	3.500022e-03	0.000000e+00	0.000000e+00	0.000000e+00	
163	3.500022e-03	0.000000e+00	0.000000e+00	0.000000e+00	
164	3.500023e-03	0.000000e+00	0.000000e+00	0.000000e+00	
165	3.500023e-03	0.000000e+00	0.000000e+00	0.000000e+00	
166	3.500023e-03	0.000000e+00	0.000000e+00	0.000000e+00	
167	3.500023e-03	0.000000e+00	0.000000e+00	0.000000e+00	
168	3.500023e-03	0.000000e+00	0.000000e+00	0.000000e+00	
169	3.500023e-03	0.000000e+00	0.000000e+00	0.000000e+00	
170	3.500023e-03	0.000000e+00	0.000000e+00	0.000000e+00	

Index   time            v8#branch       v9#branch       v10#branch      
--------------------------------------------------------------------------------
171	3.500023e-03	0.000000e+00	0.000000e+00	0.000000e+00	
172	3.500023e-03	0.000000e+00	0.000000e+00	0.000000e+00	
173	3.500023e-03	0.000000e+00	0.000000e+00	0.000000e+00	
174	3.500023e-03	0.000000e+00	0.000000e+00	0.000000e+00	
175	3.500024e-03	0.000000e+00	0.000000e+00	0.000000e+00	
176	3.500024e-03	0.000000e+00	0.000000e+00	0.000000e+00	
177	3.500024e-03	0.000000e+00	0.000000e+00	0.000000e+00	
178	3.500024e-03	0.000000e+00	0.000000e+00	0.000000e+00	
179	3.500024e-03	0.000000e+00	0.000000e+00	0.000000e+00	
180	3.500024e-03	0.000000e+00	0.000000e+00	0.000000e+00	
181	3.500024e-03	0.000000e+00	0.000000e+00	0.000000e+00	
182	3.500024e-03	0.000000e+00	0.000000e+00	0.000000e+00	
183	3.500024e-03	0.000000e+00	0.000000e+00	0.000000e+00	
184	3.500024e-03	0.000000e+00	0.000000e+00	0.000000e+00	
185	3.500024e-03	0.000000e+00	0.000000e+00	0.000000e+00	
186	3.500025e-03	0.000000e+00	0.000000e+00	0.000000e+00	
187	3.500025e-03	0.000000e+00	0.000000e+00	0.000000e+00	
188	3.500025e-03	0.000000e+00	0.000000e+00	0.000000e+00	
189	3.500025e-03	0.000000e+00	0.000000e+00	0.000000e+00	
190	3.500025e-03	0.000000e+00	0.000000e+00	0.000000e+00	
191	3.500025e-03	0.000000e+00	0.000000e+00	0.000000e+00	
192	3.500025e-03	0.000000e+00	0.000000e+00	0.000000e+00	
193	3.500025e-03	0.000000e+00	0.000000e+00	0.000000e+00	
194	3.500025e-03	0.000000e+00	0.000000e+00	0.000000e+00	
195	3.500025e-03	0.000000e+00	0.000000e+00	0.000000e+00	
196	3.500025e-03	0.000000e+00	0.000000e+00	0.000000e+00	
197	3.500026e-03	0.000000e+00	0.000000e+00	0.000000e+00	
198	3.500026e-03	0.000000e+00	0.000000e+00	0.000000e+00	
199	3.500026e-03	0.000000e+00	0.000000e+00	0.000000e+00	
200	3.500026e-03	0.000000e+00	0.000000e+00	0.000000e+00	
201	3.500026e-03	0.000000e+00	0.000000e+00	0.000000e+00	
202	3.500027e-03	0.000000e+00	0.000000e+00	0.000000e+00	
203	3.500027e-03	0.000000e+00	0.000000e+00	0.000000e+00	
204	3.500027e-03	0.000000e+00	0.000000e+00	0.000000e+00	
205	3.500027e-03	0.000000e+00	0.000000e+00	0.000000e+00	
206	3.500027e-03	0.000000e+00	0.000000e+00	0.000000e+00	
207	3.500027e-03	0.000000e+00	0.000000e+00	0.000000e+00	
208	3.500027e-03	0.000000e+00	0.000000e+00	0.000000e+00	
209	3.500027e-03	0.000000e+00	0.000000e+00	0.000000e+00	
210	3.500027e-03	0.000000e+00	0.000000e+00	0.000000e+00	
211	3.500027e-03	0.000000e+00	0.000000e+00	0.000000e+00	
212	3.500027e-03	0.000000e+00	0.000000e+00	0.000000e+00	
213	3.500027e-03	0.000000e+00	0.000000e+00	0.000000e+00	
214	3.500027e-03	0.000000e+00	0.000000e+00	0.000000e+00	
215	3.500027e-03	0.000000e+00	0.000000e+00	0.000000e+00	
216	3.500027e-03	0.000000e+00	0.000000e+00	0.000000e+00	
217	3.500027e-03	0.000000e+00	0.000000e+00	0.000000e+00	
218	3.500027e-03	0.000000e+00	0.000000e+00	0.000000e+00	
219	3.500028e-03	0.000000e+00	0.000000e+00	0.000000e+00	
220	3.500028e-03	0.000000e+00	0.000000e+00	0.000000e+00	
221	3.500028e-03	0.000000e+00	0.000000e+00	0.000000e+00	
222	3.500028e-03	0.000000e+00	0.000000e+00	0.000000e+00	
223	3.500028e-03	0.000000e+00	0.000000e+00	0.000000e+00	
224	3.500029e-03	0.000000e+00	0.000000e+00	0.000000e+00	
225	3.500029e-03	0.000000e+00	0.000000e+00	0.000000e+00	
226	3.500029e-03	0.000000e+00	0.000000e+00	0.000000e+00	
227	3.500029e-03	0.000000e+00	0.000000e+00	0.000000e+00	
228	3.500029e-03	0.000000e+00	0.000000e+00	0.000000e+00	

Index   time            v8#branch       v9#branch       v10#branch      
--------------------------------------------------------------------------------
229	3.500029e-03	0.000000e+00	0.000000e+00	0.000000e+00	
230	3.500029e-03	0.000000e+00	0.000000e+00	0.000000e+00	
231	3.500029e-03	0.000000e+00	0.000000e+00	0.000000e+00	
232	3.500029e-03	0.000000e+00	0.000000e+00	0.000000e+00	
233	3.500029e-03	0.000000e+00	0.000000e+00	0.000000e+00	
234	3.500030e-03	0.000000e+00	0.000000e+00	0.000000e+00	
235	3.500030e-03	0.000000e+00	0.000000e+00	0.000000e+00	
236	3.500031e-03	0.000000e+00	0.000000e+00	0.000000e+00	
237	3.500033e-03	0.000000e+00	0.000000e+00	0.000000e+00	
238	3.500037e-03	0.000000e+00	0.000000e+00	0.000000e+00	
239	3.500045e-03	0.000000e+00	0.000000e+00	0.000000e+00	
240	3.500062e-03	0.000000e+00	0.000000e+00	0.000000e+00	
241	3.500095e-03	0.000000e+00	0.000000e+00	0.000000e+00	
242	3.500160e-03	0.000000e+00	0.000000e+00	0.000000e+00	
243	3.500291e-03	0.000000e+00	0.000000e+00	0.000000e+00	
244	3.500553e-03	0.000000e+00	0.000000e+00	0.000000e+00	
245	3.501078e-03	0.000000e+00	0.000000e+00	0.000000e+00	
246	3.502126e-03	0.000000e+00	0.000000e+00	0.000000e+00	
247	3.504223e-03	0.000000e+00	0.000000e+00	0.000000e+00	
248	3.508418e-03	0.000000e+00	0.000000e+00	0.000000e+00	
249	3.516806e-03	0.000000e+00	0.000000e+00	0.000000e+00	
250	3.533584e-03	0.000000e+00	0.000000e+00	0.000000e+00	
251	3.567138e-03	0.000000e+00	0.000000e+00	0.000000e+00	
252	3.634247e-03	0.000000e+00	0.000000e+00	0.000000e+00	
253	3.734247e-03	0.000000e+00	0.000000e+00	0.000000e+00	
254	3.834247e-03	0.000000e+00	0.000000e+00	0.000000e+00	
255	3.934247e-03	0.000000e+00	0.000000e+00	0.000000e+00	
256	4.000000e-03	0.000000e+00	0.000000e+00	0.000000e+00	
257	4.000001e-03	0.000000e+00	0.000000e+00	0.000000e+00	
258	4.000003e-03	0.000000e+00	0.000000e+00	0.000000e+00	
259	4.000007e-03	0.000000e+00	0.000000e+00	0.000000e+00	
260	4.000008e-03	0.000000e+00	0.000000e+00	0.000000e+00	
261	4.000008e-03	0.000000e+00	0.000000e+00	0.000000e+00	
262	4.000008e-03	0.000000e+00	0.000000e+00	0.000000e+00	
263	4.000008e-03	0.000000e+00	0.000000e+00	0.000000e+00	
264	4.000008e-03	0.000000e+00	0.000000e+00	0.000000e+00	
265	4.000008e-03	0.000000e+00	0.000000e+00	0.000000e+00	
266	4.000008e-03	0.000000e+00	0.000000e+00	0.000000e+00	
267	4.000008e-03	0.000000e+00	0.000000e+00	0.000000e+00	
268	4.000008e-03	0.000000e+00	0.000000e+00	0.000000e+00	
269	4.000008e-03	0.000000e+00	0.000000e+00	0.000000e+00	
270	4.000009e-03	0.000000e+00	0.000000e+00	0.000000e+00	
271	4.000009e-03	0.000000e+00	0.000000e+00	0.000000e+00	
272	4.000009e-03	0.000000e+00	0.000000e+00	0.000000e+00	
273	4.000009e-03	0.000000e+00	0.000000e+00	0.000000e+00	
274	4.000009e-03	0.000000e+00	0.000000e+00	0.000000e+00	
275	4.000009e-03	0.000000e+00	0.000000e+00	0.000000e+00	
276	4.000009e-03	0.000000e+00	0.000000e+00	0.000000e+00	
277	4.000009e-03	0.000000e+00	0.000000e+00	0.000000e+00	
278	4.000009e-03	0.000000e+00	0.000000e+00	0.000000e+00	
279	4.000009e-03	0.000000e+00	0.000000e+00	0.000000e+00	
280	4.000009e-03	0.000000e+00	0.000000e+00	0.000000e+00	
281	4.000009e-03	0.000000e+00	0.000000e+00	0.000000e+00	
282	4.000009e-03	0.000000e+00	0.000000e+00	0.000000e+00	
283	4.000010e-03	0.000000e+00	0.000000e+00	0.000000e+00	
284	4.000010e-03	0.000000e+00	0.000000e+00	0.000000e+00	
285	4.000010e-03	0.000000e+00	0.000000e+00	0.000000e+00	
286	4.000010e-03	0.000000e+00	0.000000e+00	0.000000e+00	

Index   time            v8#branch       v9#branch       v10#branch      
--------------------------------------------------------------------------------
287	4.000010e-03	0.000000e+00	0.000000e+00	0.000000e+00	
288	4.000011e-03	0.000000e+00	0.000000e+00	0.000000e+00	
289	4.000012e-03	0.000000e+00	0.000000e+00	0.000000e+00	
290	4.000012e-03	0.000000e+00	0.000000e+00	0.000000e+00	
291	4.000012e-03	0.000000e+00	0.000000e+00	0.000000e+00	
292	4.000012e-03	0.000000e+00	0.000000e+00	0.000000e+00	
293	4.000013e-03	0.000000e+00	0.000000e+00	0.000000e+00	
294	4.000013e-03	0.000000e+00	0.000000e+00	0.000000e+00	
295	4.000013e-03	0.000000e+00	0.000000e+00	0.000000e+00	
296	4.000013e-03	0.000000e+00	0.000000e+00	0.000000e+00	
297	4.000013e-03	0.000000e+00	0.000000e+00	0.000000e+00	
298	4.000013e-03	0.000000e+00	0.000000e+00	0.000000e+00	
299	4.000013e-03	0.000000e+00	0.000000e+00	0.000000e+00	
300	4.000013e-03	0.000000e+00	0.000000e+00	0.000000e+00	
301	4.000013e-03	0.000000e+00	0.000000e+00	0.000000e+00	
302	4.000013e-03	0.000000e+00	0.000000e+00	0.000000e+00	
303	4.000013e-03	0.000000e+00	0.000000e+00	0.000000e+00	
304	4.000013e-03	0.000000e+00	0.000000e+00	0.000000e+00	
305	4.000013e-03	0.000000e+00	0.000000e+00	0.000000e+00	
306	4.000014e-03	0.000000e+00	0.000000e+00	0.000000e+00	
307	4.000014e-03	0.000000e+00	0.000000e+00	0.000000e+00	
308	4.000014e-03	0.000000e+00	0.000000e+00	0.000000e+00	
309	4.000014e-03	0.000000e+00	0.000000e+00	0.000000e+00	
310	4.000014e-03	0.000000e+00	0.000000e+00	0.000000e+00	
311	4.000014e-03	0.000000e+00	0.000000e+00	0.000000e+00	
312	4.000014e-03	0.000000e+00	0.000000e+00	0.000000e+00	
313	4.000014e-03	0.000000e+00	0.000000e+00	0.000000e+00	
314	4.000014e-03	0.000000e+00	0.000000e+00	0.000000e+00	
315	4.000014e-03	0.000000e+00	0.000000e+00	0.000000e+00	
316	4.000014e-03	0.000000e+00	0.000000e+00	0.000000e+00	
317	4.000015e-03	0.000000e+00	0.000000e+00	0.000000e+00	
318	4.000015e-03	0.000000e+00	0.000000e+00	0.000000e+00	
319	4.000015e-03	0.000000e+00	0.000000e+00	0.000000e+00	
320	4.000015e-03	0.000000e+00	0.000000e+00	0.000000e+00	
321	4.000015e-03	0.000000e+00	0.000000e+00	0.000000e+00	
322	4.000016e-03	0.000000e+00	0.000000e+00	0.000000e+00	
323	4.000016e-03	0.000000e+00	0.000000e+00	0.000000e+00	
324	4.000018e-03	0.000000e+00	0.000000e+00	0.000000e+00	
325	4.000020e-03	0.000000e+00	0.000000e+00	0.000000e+00	
326	4.000020e-03	0.000000e+00	0.000000e+00	0.000000e+00	
327	4.000021e-03	0.000000e+00	0.000000e+00	0.000000e+00	
328	4.000021e-03	0.000000e+00	0.000000e+00	0.000000e+00	
329	4.000021e-03	0.000000e+00	0.000000e+00	0.000000e+00	
330	4.000022e-03	0.000000e+00	0.000000e+00	0.000000e+00	
331	4.000022e-03	0.000000e+00	0.000000e+00	0.000000e+00	
332	4.000022e-03	0.000000e+00	0.000000e+00	0.000000e+00	
333	4.000022e-03	0.000000e+00	0.000000e+00	0.000000e+00	
334	4.000022e-03	0.000000e+00	0.000000e+00	0.000000e+00	
335	4.000022e-03	0.000000e+00	0.000000e+00	0.000000e+00	
336	4.000022e-03	0.000000e+00	0.000000e+00	0.000000e+00	
337	4.000022e-03	0.000000e+00	0.000000e+00	0.000000e+00	
338	4.000022e-03	0.000000e+00	0.000000e+00	0.000000e+00	
339	4.000022e-03	0.000000e+00	0.000000e+00	0.000000e+00	
340	4.000023e-03	0.000000e+00	0.000000e+00	0.000000e+00	
341	4.000023e-03	0.000000e+00	0.000000e+00	0.000000e+00	
342	4.000023e-03	0.000000e+00	0.000000e+00	0.000000e+00	
343	4.000023e-03	0.000000e+00	0.000000e+00	0.000000e+00	
344	4.000023e-03	0.000000e+00	0.000000e+00	0.000000e+00	

Index   time            v8#branch       v9#branch       v10#branch      
--------------------------------------------------------------------------------
345	4.000023e-03	0.000000e+00	0.000000e+00	0.000000e+00	
346	4.000023e-03	0.000000e+00	0.000000e+00	0.000000e+00	
347	4.000023e-03	0.000000e+00	0.000000e+00	0.000000e+00	
348	4.000023e-03	0.000000e+00	0.000000e+00	0.000000e+00	
349	4.000023e-03	0.000000e+00	0.000000e+00	0.000000e+00	
350	4.000023e-03	0.000000e+00	0.000000e+00	0.000000e+00	
351	4.000023e-03	0.000000e+00	0.000000e+00	0.000000e+00	
352	4.000023e-03	0.000000e+00	0.000000e+00	0.000000e+00	
353	4.000023e-03	0.000000e+00	0.000000e+00	0.000000e+00	
354	4.000023e-03	0.000000e+00	0.000000e+00	0.000000e+00	
355	4.000023e-03	0.000000e+00	0.000000e+00	0.000000e+00	
356	4.000024e-03	0.000000e+00	0.000000e+00	0.000000e+00	
357	4.000024e-03	0.000000e+00	0.000000e+00	0.000000e+00	
358	4.000024e-03	0.000000e+00	0.000000e+00	0.000000e+00	
359	4.000024e-03	0.000000e+00	0.000000e+00	0.000000e+00	
360	4.000024e-03	0.000000e+00	0.000000e+00	0.000000e+00	
361	4.000024e-03	0.000000e+00	0.000000e+00	0.000000e+00	
362	4.000024e-03	0.000000e+00	0.000000e+00	0.000000e+00	
363	4.000024e-03	0.000000e+00	0.000000e+00	0.000000e+00	
364	4.000025e-03	0.000000e+00	0.000000e+00	0.000000e+00	
365	4.000025e-03	0.000000e+00	0.000000e+00	0.000000e+00	
366	4.000025e-03	0.000000e+00	0.000000e+00	0.000000e+00	
367	4.000025e-03	0.000000e+00	0.000000e+00	0.000000e+00	
368	4.000025e-03	0.000000e+00	0.000000e+00	0.000000e+00	
369	4.000025e-03	0.000000e+00	0.000000e+00	0.000000e+00	
370	4.000025e-03	0.000000e+00	0.000000e+00	0.000000e+00	
371	4.000025e-03	0.000000e+00	0.000000e+00	0.000000e+00	
372	4.000025e-03	0.000000e+00	0.000000e+00	0.000000e+00	
373	4.000025e-03	0.000000e+00	0.000000e+00	0.000000e+00	
374	4.000025e-03	0.000000e+00	0.000000e+00	0.000000e+00	
375	4.000025e-03	0.000000e+00	0.000000e+00	0.000000e+00	
376	4.000025e-03	0.000000e+00	0.000000e+00	0.000000e+00	
377	4.000025e-03	0.000000e+00	0.000000e+00	0.000000e+00	
378	4.000025e-03	0.000000e+00	0.000000e+00	0.000000e+00	
379	4.000025e-03	0.000000e+00	0.000000e+00	0.000000e+00	
380	4.000025e-03	0.000000e+00	0.000000e+00	0.000000e+00	
381	4.000026e-03	0.000000e+00	0.000000e+00	0.000000e+00	
382	4.000026e-03	0.000000e+00	0.000000e+00	0.000000e+00	
383	4.000026e-03	0.000000e+00	0.000000e+00	0.000000e+00	
384	4.000026e-03	0.000000e+00	0.000000e+00	0.000000e+00	
385	4.000026e-03	0.000000e+00	0.000000e+00	0.000000e+00	
386	4.000026e-03	0.000000e+00	0.000000e+00	0.000000e+00	
387	4.000026e-03	0.000000e+00	0.000000e+00	0.000000e+00	
388	4.000026e-03	0.000000e+00	0.000000e+00	0.000000e+00	
389	4.000026e-03	0.000000e+00	0.000000e+00	0.000000e+00	
390	4.000026e-03	0.000000e+00	0.000000e+00	0.000000e+00	
391	4.000026e-03	0.000000e+00	0.000000e+00	0.000000e+00	
392	4.000026e-03	0.000000e+00	0.000000e+00	0.000000e+00	
393	4.000026e-03	0.000000e+00	0.000000e+00	0.000000e+00	
394	4.000026e-03	0.000000e+00	0.000000e+00	0.000000e+00	
395	4.000026e-03	0.000000e+00	0.000000e+00	0.000000e+00	
396	4.000026e-03	0.000000e+00	0.000000e+00	0.000000e+00	
397	4.000026e-03	0.000000e+00	0.000000e+00	0.000000e+00	
398	4.000026e-03	0.000000e+00	0.000000e+00	0.000000e+00	
399	4.000026e-03	0.000000e+00	0.000000e+00	0.000000e+00	
400	4.000027e-03	0.000000e+00	0.000000e+00	0.000000e+00	
401	4.000027e-03	0.000000e+00	0.000000e+00	0.000000e+00	
402	4.000027e-03	0.000000e+00	0.000000e+00	0.000000e+00	

Index   time            v8#branch       v9#branch       v10#branch      
--------------------------------------------------------------------------------
403	4.000027e-03	0.000000e+00	0.000000e+00	0.000000e+00	
404	4.000027e-03	0.000000e+00	0.000000e+00	0.000000e+00	
405	4.000027e-03	0.000000e+00	0.000000e+00	0.000000e+00	
406	4.000027e-03	0.000000e+00	0.000000e+00	0.000000e+00	
407	4.000027e-03	0.000000e+00	0.000000e+00	0.000000e+00	
408	4.000027e-03	0.000000e+00	0.000000e+00	0.000000e+00	
409	4.000027e-03	0.000000e+00	0.000000e+00	0.000000e+00	
410	4.000027e-03	0.000000e+00	0.000000e+00	0.000000e+00	
411	4.000028e-03	0.000000e+00	0.000000e+00	0.000000e+00	
412	4.000028e-03	0.000000e+00	0.000000e+00	0.000000e+00	
413	4.000028e-03	0.000000e+00	0.000000e+00	0.000000e+00	
414	4.000028e-03	0.000000e+00	0.000000e+00	0.000000e+00	
415	4.000028e-03	0.000000e+00	0.000000e+00	0.000000e+00	
416	4.000029e-03	0.000000e+00	0.000000e+00	0.000000e+00	
417	4.000030e-03	0.000000e+00	0.000000e+00	0.000000e+00	
418	4.000031e-03	0.000000e+00	0.000000e+00	0.000000e+00	
419	4.000035e-03	0.000000e+00	0.000000e+00	0.000000e+00	
420	4.000041e-03	0.000000e+00	0.000000e+00	0.000000e+00	
421	4.000054e-03	0.000000e+00	0.000000e+00	0.000000e+00	
422	4.000080e-03	0.000000e+00	0.000000e+00	0.000000e+00	
423	4.000133e-03	0.000000e+00	0.000000e+00	0.000000e+00	
424	4.000238e-03	0.000000e+00	0.000000e+00	0.000000e+00	
425	4.000447e-03	0.000000e+00	0.000000e+00	0.000000e+00	
426	4.000867e-03	0.000000e+00	0.000000e+00	0.000000e+00	
427	4.001706e-03	0.000000e+00	0.000000e+00	0.000000e+00	
428	4.003383e-03	0.000000e+00	0.000000e+00	0.000000e+00	
429	4.006739e-03	0.000000e+00	0.000000e+00	0.000000e+00	
430	4.013450e-03	0.000000e+00	0.000000e+00	0.000000e+00	
431	4.026872e-03	0.000000e+00	0.000000e+00	0.000000e+00	
432	4.053715e-03	0.000000e+00	0.000000e+00	0.000000e+00	
433	4.107402e-03	0.000000e+00	0.000000e+00	0.000000e+00	
434	4.207402e-03	0.000000e+00	0.000000e+00	0.000000e+00	
435	4.307402e-03	0.000000e+00	0.000000e+00	0.000000e+00	
436	4.407402e-03	0.000000e+00	0.000000e+00	0.000000e+00	
437	4.500010e-03	0.000000e+00	0.000000e+00	0.000000e+00	
438	4.500011e-03	0.000000e+00	0.000000e+00	0.000000e+00	
439	4.500013e-03	0.000000e+00	0.000000e+00	0.000000e+00	
440	4.500017e-03	0.000000e+00	0.000000e+00	0.000000e+00	
441	4.500020e-03	0.000000e+00	0.000000e+00	0.000000e+00	
442	4.500021e-03	0.000000e+00	0.000000e+00	0.000000e+00	
443	4.500021e-03	0.000000e+00	0.000000e+00	0.000000e+00	
444	4.500021e-03	0.000000e+00	0.000000e+00	0.000000e+00	
445	4.500021e-03	0.000000e+00	0.000000e+00	0.000000e+00	
446	4.500022e-03	0.000000e+00	0.000000e+00	0.000000e+00	
447	4.500022e-03	0.000000e+00	0.000000e+00	0.000000e+00	
448	4.500022e-03	0.000000e+00	0.000000e+00	0.000000e+00	
449	4.500022e-03	0.000000e+00	0.000000e+00	0.000000e+00	
450	4.500022e-03	0.000000e+00	0.000000e+00	0.000000e+00	
451	4.500023e-03	0.000000e+00	0.000000e+00	0.000000e+00	
452	4.500023e-03	0.000000e+00	0.000000e+00	0.000000e+00	
453	4.500023e-03	0.000000e+00	0.000000e+00	0.000000e+00	
454	4.500023e-03	0.000000e+00	0.000000e+00	0.000000e+00	
455	4.500023e-03	0.000000e+00	0.000000e+00	0.000000e+00	
456	4.500023e-03	0.000000e+00	0.000000e+00	0.000000e+00	
457	4.500023e-03	0.000000e+00	0.000000e+00	0.000000e+00	
458	4.500023e-03	0.000000e+00	0.000000e+00	0.000000e+00	
459	4.500023e-03	0.000000e+00	0.000000e+00	0.000000e+00	
460	4.500023e-03	0.000000e+00	0.000000e+00	0.000000e+00	

Index   time            v8#branch       v9#branch       v10#branch      
--------------------------------------------------------------------------------
461	4.500023e-03	0.000000e+00	0.000000e+00	0.000000e+00	
462	4.500024e-03	0.000000e+00	0.000000e+00	0.000000e+00	
463	4.500024e-03	0.000000e+00	0.000000e+00	0.000000e+00	
464	4.500024e-03	0.000000e+00	0.000000e+00	0.000000e+00	
465	4.500024e-03	0.000000e+00	0.000000e+00	0.000000e+00	
466	4.500024e-03	0.000000e+00	0.000000e+00	0.000000e+00	
467	4.500025e-03	0.000000e+00	0.000000e+00	0.000000e+00	
468	4.500025e-03	0.000000e+00	0.000000e+00	0.000000e+00	
469	4.500025e-03	0.000000e+00	0.000000e+00	0.000000e+00	
470	4.500025e-03	0.000000e+00	0.000000e+00	0.000000e+00	
471	4.500025e-03	0.000000e+00	0.000000e+00	0.000000e+00	
472	4.500025e-03	0.000000e+00	0.000000e+00	0.000000e+00	
473	4.500025e-03	0.000000e+00	0.000000e+00	0.000000e+00	
474	4.500025e-03	0.000000e+00	0.000000e+00	0.000000e+00	
475	4.500025e-03	0.000000e+00	0.000000e+00	0.000000e+00	
476	4.500025e-03	0.000000e+00	0.000000e+00	0.000000e+00	
477	4.500025e-03	0.000000e+00	0.000000e+00	0.000000e+00	
478	4.500025e-03	0.000000e+00	0.000000e+00	0.000000e+00	
479	4.500025e-03	0.000000e+00	0.000000e+00	0.000000e+00	
480	4.500026e-03	0.000000e+00	0.000000e+00	0.000000e+00	
481	4.500026e-03	0.000000e+00	0.000000e+00	0.000000e+00	
482	4.500026e-03	0.000000e+00	0.000000e+00	0.000000e+00	
483	4.500026e-03	0.000000e+00	0.000000e+00	0.000000e+00	
484	4.500026e-03	0.000000e+00	0.000000e+00	0.000000e+00	
485	4.500027e-03	0.000000e+00	0.000000e+00	0.000000e+00	
486	4.500027e-03	0.000000e+00	0.000000e+00	0.000000e+00	
487	4.500027e-03	0.000000e+00	0.000000e+00	0.000000e+00	
488	4.500027e-03	0.000000e+00	0.000000e+00	0.000000e+00	
489	4.500027e-03	0.000000e+00	0.000000e+00	0.000000e+00	
490	4.500027e-03	0.000000e+00	0.000000e+00	0.000000e+00	
491	4.500027e-03	0.000000e+00	0.000000e+00	0.000000e+00	
492	4.500027e-03	0.000000e+00	0.000000e+00	0.000000e+00	
493	4.500027e-03	0.000000e+00	0.000000e+00	0.000000e+00	
494	4.500027e-03	0.000000e+00	0.000000e+00	0.000000e+00	
495	4.500027e-03	0.000000e+00	0.000000e+00	0.000000e+00	
496	4.500027e-03	0.000000e+00	0.000000e+00	0.000000e+00	
497	4.500027e-03	0.000000e+00	0.000000e+00	0.000000e+00	
498	4.500028e-03	0.000000e+00	0.000000e+00	0.000000e+00	
499	4.500028e-03	0.000000e+00	0.000000e+00	0.000000e+00	
500	4.500029e-03	0.000000e+00	0.000000e+00	0.000000e+00	
501	4.500031e-03	0.000000e+00	0.000000e+00	0.000000e+00	
502	4.500035e-03	0.000000e+00	0.000000e+00	0.000000e+00	
503	4.500043e-03	0.000000e+00	0.000000e+00	0.000000e+00	
504	4.500060e-03	0.000000e+00	0.000000e+00	0.000000e+00	
505	4.500093e-03	0.000000e+00	0.000000e+00	0.000000e+00	
506	4.500158e-03	0.000000e+00	0.000000e+00	0.000000e+00	
507	4.500289e-03	0.000000e+00	0.000000e+00	0.000000e+00	
508	4.500551e-03	0.000000e+00	0.000000e+00	0.000000e+00	
509	4.501076e-03	0.000000e+00	0.000000e+00	0.000000e+00	
510	4.502124e-03	0.000000e+00	0.000000e+00	0.000000e+00	
511	4.504221e-03	0.000000e+00	0.000000e+00	0.000000e+00	
512	4.508416e-03	0.000000e+00	0.000000e+00	0.000000e+00	
513	4.516804e-03	0.000000e+00	0.000000e+00	0.000000e+00	
514	4.533582e-03	0.000000e+00	0.000000e+00	0.000000e+00	
515	4.567136e-03	0.000000e+00	0.000000e+00	0.000000e+00	
516	4.634245e-03	0.000000e+00	0.000000e+00	0.000000e+00	
517	4.734245e-03	0.000000e+00	0.000000e+00	0.000000e+00	
518	4.834245e-03	0.000000e+00	0.000000e+00	0.000000e+00	

Index   time            v8#branch       v9#branch       v10#branch      
--------------------------------------------------------------------------------
519	4.934245e-03	0.000000e+00	0.000000e+00	0.000000e+00	
520	5.000000e-03	0.000000e+00	0.000000e+00	0.000000e+00	
521	5.000001e-03	0.000000e+00	0.000000e+00	0.000000e+00	
522	5.000003e-03	0.000000e+00	0.000000e+00	0.000000e+00	
523	5.000007e-03	0.000000e+00	0.000000e+00	0.000000e+00	
524	5.000009e-03	0.000000e+00	0.000000e+00	0.000000e+00	
525	5.000009e-03	0.000000e+00	0.000000e+00	0.000000e+00	
526	5.000009e-03	0.000000e+00	0.000000e+00	0.000000e+00	
527	5.000009e-03	0.000000e+00	0.000000e+00	0.000000e+00	
528	5.000009e-03	0.000000e+00	0.000000e+00	0.000000e+00	
529	5.000009e-03	0.000000e+00	0.000000e+00	0.000000e+00	
530	5.000009e-03	0.000000e+00	0.000000e+00	0.000000e+00	
531	5.000009e-03	0.000000e+00	0.000000e+00	0.000000e+00	
532	5.000009e-03	0.000000e+00	0.000000e+00	0.000000e+00	
533	5.000009e-03	0.000000e+00	0.000000e+00	0.000000e+00	
534	5.000010e-03	0.000000e+00	0.000000e+00	0.000000e+00	
535	5.000010e-03	0.000000e+00	0.000000e+00	0.000000e+00	
536	5.000010e-03	0.000000e+00	0.000000e+00	0.000000e+00	
537	5.000010e-03	0.000000e+00	0.000000e+00	0.000000e+00	
538	5.000010e-03	0.000000e+00	0.000000e+00	0.000000e+00	
539	5.000010e-03	0.000000e+00	0.000000e+00	0.000000e+00	
540	5.000010e-03	0.000000e+00	0.000000e+00	0.000000e+00	
541	5.000010e-03	0.000000e+00	0.000000e+00	0.000000e+00	
542	5.000010e-03	0.000000e+00	0.000000e+00	0.000000e+00	
543	5.000010e-03	0.000000e+00	0.000000e+00	0.000000e+00	
544	5.000010e-03	0.000000e+00	0.000000e+00	0.000000e+00	
545	5.000010e-03	0.000000e+00	0.000000e+00	0.000000e+00	
546	5.000010e-03	0.000000e+00	0.000000e+00	0.000000e+00	
547	5.000010e-03	0.000000e+00	0.000000e+00	0.000000e+00	
548	5.000010e-03	0.000000e+00	0.000000e+00	0.000000e+00	
549	5.000011e-03	0.000000e+00	0.000000e+00	0.000000e+00	
550	5.000011e-03	0.000000e+00	0.000000e+00	0.000000e+00	
551	5.000012e-03	0.000000e+00	0.000000e+00	0.000000e+00	
552	5.000012e-03	0.000000e+00	0.000000e+00	0.000000e+00	
553	5.000012e-03	0.000000e+00	0.000000e+00	0.000000e+00	
554	5.000012e-03	0.000000e+00	0.000000e+00	0.000000e+00	
555	5.000013e-03	0.000000e+00	0.000000e+00	0.000000e+00	
556	5.000013e-03	0.000000e+00	0.000000e+00	0.000000e+00	
557	5.000013e-03	0.000000e+00	0.000000e+00	0.000000e+00	
558	5.000013e-03	0.000000e+00	0.000000e+00	0.000000e+00	
559	5.000013e-03	0.000000e+00	0.000000e+00	0.000000e+00	
560	5.000013e-03	0.000000e+00	0.000000e+00	0.000000e+00	
561	5.000013e-03	0.000000e+00	0.000000e+00	0.000000e+00	
562	5.000013e-03	0.000000e+00	0.000000e+00	0.000000e+00	
563	5.000013e-03	0.000000e+00	0.000000e+00	0.000000e+00	
564	5.000013e-03	0.000000e+00	0.000000e+00	0.000000e+00	
565	5.000013e-03	0.000000e+00	0.000000e+00	0.000000e+00	
566	5.000013e-03	0.000000e+00	0.000000e+00	0.000000e+00	
567	5.000013e-03	0.000000e+00	0.000000e+00	0.000000e+00	
568	5.000014e-03	0.000000e+00	0.000000e+00	0.000000e+00	
569	5.000014e-03	0.000000e+00	0.000000e+00	0.000000e+00	
570	5.000014e-03	0.000000e+00	0.000000e+00	0.000000e+00	
571	5.000014e-03	0.000000e+00	0.000000e+00	0.000000e+00	
572	5.000014e-03	0.000000e+00	0.000000e+00	0.000000e+00	
573	5.000015e-03	0.000000e+00	0.000000e+00	0.000000e+00	
574	5.000015e-03	0.000000e+00	0.000000e+00	0.000000e+00	
575	5.000015e-03	0.000000e+00	0.000000e+00	0.000000e+00	
576	5.000015e-03	0.000000e+00	0.000000e+00	0.000000e+00	

Index   time            v8#branch       v9#branch       v10#branch      
--------------------------------------------------------------------------------
577	5.000015e-03	0.000000e+00	0.000000e+00	0.000000e+00	
578	5.000016e-03	0.000000e+00	0.000000e+00	0.000000e+00	
579	5.000017e-03	0.000000e+00	0.000000e+00	0.000000e+00	
580	5.000020e-03	0.000000e+00	0.000000e+00	0.000000e+00	
581	5.000020e-03	0.000000e+00	0.000000e+00	0.000000e+00	
582	5.000021e-03	0.000000e+00	0.000000e+00	0.000000e+00	
583	5.000021e-03	0.000000e+00	0.000000e+00	0.000000e+00	
584	5.000021e-03	0.000000e+00	0.000000e+00	0.000000e+00	
585	5.000021e-03	0.000000e+00	0.000000e+00	0.000000e+00	
586	5.000021e-03	0.000000e+00	0.000000e+00	0.000000e+00	
587	5.000021e-03	0.000000e+00	0.000000e+00	0.000000e+00	
588	5.000021e-03	0.000000e+00	0.000000e+00	0.000000e+00	
589	5.000021e-03	0.000000e+00	0.000000e+00	0.000000e+00	
590	5.000021e-03	0.000000e+00	0.000000e+00	0.000000e+00	
591	5.000021e-03	0.000000e+00	0.000000e+00	0.000000e+00	
592	5.000021e-03	0.000000e+00	0.000000e+00	0.000000e+00	
593	5.000022e-03	0.000000e+00	0.000000e+00	0.000000e+00	
594	5.000022e-03	0.000000e+00	0.000000e+00	0.000000e+00	
595	5.000022e-03	0.000000e+00	0.000000e+00	0.000000e+00	
596	5.000022e-03	0.000000e+00	0.000000e+00	0.000000e+00	
597	5.000022e-03	0.000000e+00	0.000000e+00	0.000000e+00	
598	5.000023e-03	0.000000e+00	0.000000e+00	0.000000e+00	
599	5.000023e-03	0.000000e+00	0.000000e+00	0.000000e+00	
600	5.000023e-03	0.000000e+00	0.000000e+00	0.000000e+00	
601	5.000023e-03	0.000000e+00	0.000000e+00	0.000000e+00	
602	5.000023e-03	0.000000e+00	0.000000e+00	0.000000e+00	
603	5.000023e-03	0.000000e+00	0.000000e+00	0.000000e+00	
604	5.000023e-03	0.000000e+00	0.000000e+00	0.000000e+00	
605	5.000023e-03	0.000000e+00	0.000000e+00	0.000000e+00	
606	5.000023e-03	0.000000e+00	0.000000e+00	0.000000e+00	
607	5.000023e-03	0.000000e+00	0.000000e+00	0.000000e+00	
608	5.000023e-03	0.000000e+00	0.000000e+00	0.000000e+00	
609	5.000023e-03	0.000000e+00	0.000000e+00	0.000000e+00	
610	5.000023e-03	0.000000e+00	0.000000e+00	0.000000e+00	
611	5.000024e-03	0.000000e+00	0.000000e+00	0.000000e+00	
612	5.000024e-03	0.000000e+00	0.000000e+00	0.000000e+00	
613	5.000024e-03	0.000000e+00	0.000000e+00	0.000000e+00	
614	5.000024e-03	0.000000e+00	0.000000e+00	0.000000e+00	
615	5.000024e-03	0.000000e+00	0.000000e+00	0.000000e+00	
616	5.000025e-03	0.000000e+00	0.000000e+00	0.000000e+00	
617	5.000025e-03	0.000000e+00	0.000000e+00	0.000000e+00	
618	5.000025e-03	0.000000e+00	0.000000e+00	0.000000e+00	
619	5.000025e-03	0.000000e+00	0.000000e+00	0.000000e+00	
620	5.000025e-03	0.000000e+00	0.000000e+00	0.000000e+00	
621	5.000025e-03	0.000000e+00	0.000000e+00	0.000000e+00	
622	5.000025e-03	0.000000e+00	0.000000e+00	0.000000e+00	
623	5.000025e-03	0.000000e+00	0.000000e+00	0.000000e+00	
624	5.000025e-03	0.000000e+00	0.000000e+00	0.000000e+00	
625	5.000025e-03	0.000000e+00	0.000000e+00	0.000000e+00	
626	5.000025e-03	0.000000e+00	0.000000e+00	0.000000e+00	
627	5.000025e-03	0.000000e+00	0.000000e+00	0.000000e+00	
628	5.000025e-03	0.000000e+00	0.000000e+00	0.000000e+00	
629	5.000025e-03	0.000000e+00	0.000000e+00	0.000000e+00	
630	5.000025e-03	0.000000e+00	0.000000e+00	0.000000e+00	
631	5.000025e-03	0.000000e+00	0.000000e+00	0.000000e+00	
632	5.000025e-03	0.000000e+00	0.000000e+00	0.000000e+00	
633	5.000025e-03	0.000000e+00	0.000000e+00	0.000000e+00	
634	5.000025e-03	0.000000e+00	0.000000e+00	0.000000e+00	

Index   time            v8#branch       v9#branch       v10#branch      
--------------------------------------------------------------------------------
635	5.000025e-03	0.000000e+00	0.000000e+00	0.000000e+00	
636	5.000025e-03	0.000000e+00	0.000000e+00	0.000000e+00	
637	5.000025e-03	0.000000e+00	0.000000e+00	0.000000e+00	
638	5.000026e-03	0.000000e+00	0.000000e+00	0.000000e+00	
639	5.000026e-03	0.000000e+00	0.000000e+00	0.000000e+00	
640	5.000026e-03	0.000000e+00	0.000000e+00	0.000000e+00	
641	5.000026e-03	0.000000e+00	0.000000e+00	0.000000e+00	
642	5.000026e-03	0.000000e+00	0.000000e+00	0.000000e+00	
643	5.000027e-03	0.000000e+00	0.000000e+00	0.000000e+00	
644	5.000027e-03	0.000000e+00	0.000000e+00	0.000000e+00	
645	5.000027e-03	0.000000e+00	0.000000e+00	0.000000e+00	
646	5.000027e-03	0.000000e+00	0.000000e+00	0.000000e+00	
647	5.000027e-03	0.000000e+00	0.000000e+00	0.000000e+00	
648	5.000028e-03	0.000000e+00	0.000000e+00	0.000000e+00	
649	5.000028e-03	0.000000e+00	0.000000e+00	0.000000e+00	
650	5.000028e-03	0.000000e+00	0.000000e+00	0.000000e+00	
651	5.000028e-03	0.000000e+00	0.000000e+00	0.000000e+00	
652	5.000028e-03	0.000000e+00	0.000000e+00	0.000000e+00	
653	5.000028e-03	0.000000e+00	0.000000e+00	0.000000e+00	
654	5.000028e-03	0.000000e+00	0.000000e+00	0.000000e+00	
655	5.000028e-03	0.000000e+00	0.000000e+00	0.000000e+00	
656	5.000028e-03	0.000000e+00	0.000000e+00	0.000000e+00	
657	5.000028e-03	0.000000e+00	0.000000e+00	0.000000e+00	
658	5.000028e-03	0.000000e+00	0.000000e+00	0.000000e+00	
659	5.000029e-03	0.000000e+00	0.000000e+00	0.000000e+00	
660	5.000029e-03	0.000000e+00	0.000000e+00	0.000000e+00	
661	5.000029e-03	0.000000e+00	0.000000e+00	0.000000e+00	
662	5.000029e-03	0.000000e+00	0.000000e+00	0.000000e+00	
663	5.000029e-03	0.000000e+00	0.000000e+00	0.000000e+00	
664	5.000029e-03	0.000000e+00	0.000000e+00	0.000000e+00	
665	5.000029e-03	0.000000e+00	0.000000e+00	0.000000e+00	
666	5.000029e-03	0.000000e+00	0.000000e+00	0.000000e+00	
667	5.000029e-03	0.000000e+00	0.000000e+00	0.000000e+00	
668	5.000029e-03	0.000000e+00	0.000000e+00	0.000000e+00	
669	5.000029e-03	0.000000e+00	0.000000e+00	0.000000e+00	
670	5.000030e-03	0.000000e+00	0.000000e+00	0.000000e+00	
671	5.000030e-03	0.000000e+00	0.000000e+00	0.000000e+00	
672	5.000031e-03	0.000000e+00	0.000000e+00	0.000000e+00	
673	5.000031e-03	0.000000e+00	0.000000e+00	0.000000e+00	
674	5.000031e-03	0.000000e+00	0.000000e+00	0.000000e+00	
675	5.000031e-03	0.000000e+00	0.000000e+00	0.000000e+00	
676	5.000031e-03	0.000000e+00	0.000000e+00	0.000000e+00	
677	5.000031e-03	0.000000e+00	0.000000e+00	0.000000e+00	
678	5.000031e-03	0.000000e+00	0.000000e+00	0.000000e+00	
679	5.000031e-03	0.000000e+00	0.000000e+00	0.000000e+00	
680	5.000031e-03	0.000000e+00	0.000000e+00	0.000000e+00	
681	5.000031e-03	0.000000e+00	0.000000e+00	0.000000e+00	
682	5.000032e-03	0.000000e+00	0.000000e+00	0.000000e+00	
683	5.000032e-03	0.000000e+00	0.000000e+00	0.000000e+00	
684	5.000033e-03	0.000000e+00	0.000000e+00	0.000000e+00	
685	5.000035e-03	0.000000e+00	0.000000e+00	0.000000e+00	
686	5.000039e-03	0.000000e+00	0.000000e+00	0.000000e+00	
687	5.000047e-03	0.000000e+00	0.000000e+00	0.000000e+00	
688	5.000064e-03	0.000000e+00	0.000000e+00	0.000000e+00	
689	5.000097e-03	0.000000e+00	0.000000e+00	0.000000e+00	
690	5.000162e-03	0.000000e+00	0.000000e+00	0.000000e+00	
691	5.000293e-03	0.000000e+00	0.000000e+00	0.000000e+00	
692	5.000555e-03	0.000000e+00	0.000000e+00	0.000000e+00	

Index   time            v8#branch       v9#branch       v10#branch      
--------------------------------------------------------------------------------
693	5.001080e-03	0.000000e+00	0.000000e+00	0.000000e+00	
694	5.002128e-03	0.000000e+00	0.000000e+00	0.000000e+00	
695	5.004225e-03	0.000000e+00	0.000000e+00	0.000000e+00	
696	5.008420e-03	0.000000e+00	0.000000e+00	0.000000e+00	
697	5.016808e-03	0.000000e+00	0.000000e+00	0.000000e+00	
698	5.033586e-03	0.000000e+00	0.000000e+00	0.000000e+00	
699	5.067140e-03	0.000000e+00	0.000000e+00	0.000000e+00	
700	5.134249e-03	0.000000e+00	0.000000e+00	0.000000e+00	
701	5.234249e-03	0.000000e+00	0.000000e+00	0.000000e+00	
702	5.334249e-03	0.000000e+00	0.000000e+00	0.000000e+00	
703	5.434249e-03	0.000000e+00	0.000000e+00	0.000000e+00	
704	5.500010e-03	0.000000e+00	0.000000e+00	0.000000e+00	
705	5.500011e-03	0.000000e+00	0.000000e+00	0.000000e+00	
706	5.500013e-03	0.000000e+00	0.000000e+00	0.000000e+00	
707	5.500017e-03	0.000000e+00	0.000000e+00	0.000000e+00	
708	5.500020e-03	0.000000e+00	0.000000e+00	0.000000e+00	
709	5.500021e-03	0.000000e+00	0.000000e+00	0.000000e+00	
710	5.500021e-03	0.000000e+00	0.000000e+00	0.000000e+00	
711	5.500021e-03	0.000000e+00	0.000000e+00	0.000000e+00	
712	5.500021e-03	0.000000e+00	0.000000e+00	0.000000e+00	
713	5.500022e-03	0.000000e+00	0.000000e+00	0.000000e+00	
714	5.500022e-03	0.000000e+00	0.000000e+00	0.000000e+00	
715	5.500022e-03	0.000000e+00	0.000000e+00	0.000000e+00	
716	5.500022e-03	0.000000e+00	0.000000e+00	0.000000e+00	
717	5.500022e-03	0.000000e+00	0.000000e+00	0.000000e+00	
718	5.500023e-03	0.000000e+00	0.000000e+00	0.000000e+00	
719	5.500023e-03	0.000000e+00	0.000000e+00	0.000000e+00	
720	5.500023e-03	0.000000e+00	0.000000e+00	0.000000e+00	
721	5.500023e-03	0.000000e+00	0.000000e+00	0.000000e+00	
722	5.500023e-03	0.000000e+00	0.000000e+00	0.000000e+00	
723	5.500023e-03	0.000000e+00	0.000000e+00	0.000000e+00	
724	5.500023e-03	0.000000e+00	0.000000e+00	0.000000e+00	
725	5.500023e-03	0.000000e+00	0.000000e+00	0.000000e+00	
726	5.500023e-03	0.000000e+00	0.000000e+00	0.000000e+00	
727	5.500023e-03	0.000000e+00	0.000000e+00	0.000000e+00	
728	5.500023e-03	0.000000e+00	0.000000e+00	0.000000e+00	
729	5.500024e-03	0.000000e+00	0.000000e+00	0.000000e+00	
730	5.500024e-03	0.000000e+00	0.000000e+00	0.000000e+00	
731	5.500024e-03	0.000000e+00	0.000000e+00	0.000000e+00	
732	5.500024e-03	0.000000e+00	0.000000e+00	0.000000e+00	
733	5.500024e-03	0.000000e+00	0.000000e+00	0.000000e+00	
734	5.500024e-03	0.000000e+00	0.000000e+00	0.000000e+00	
735	5.500024e-03	0.000000e+00	0.000000e+00	0.000000e+00	
736	5.500024e-03	0.000000e+00	0.000000e+00	0.000000e+00	
737	5.500024e-03	0.000000e+00	0.000000e+00	0.000000e+00	
738	5.500024e-03	0.000000e+00	0.000000e+00	0.000000e+00	
739	5.500024e-03	0.000000e+00	0.000000e+00	0.000000e+00	
740	5.500025e-03	0.000000e+00	0.000000e+00	0.000000e+00	
741	5.500025e-03	0.000000e+00	0.000000e+00	0.000000e+00	
742	5.500025e-03	0.000000e+00	0.000000e+00	0.000000e+00	
743	5.500025e-03	0.000000e+00	0.000000e+00	0.000000e+00	
744	5.500025e-03	0.000000e+00	0.000000e+00	0.000000e+00	
745	5.500025e-03	0.000000e+00	0.000000e+00	0.000000e+00	
746	5.500025e-03	0.000000e+00	0.000000e+00	0.000000e+00	
747	5.500025e-03	0.000000e+00	0.000000e+00	0.000000e+00	
748	5.500025e-03	0.000000e+00	0.000000e+00	0.000000e+00	
749	5.500025e-03	0.000000e+00	0.000000e+00	0.000000e+00	
750	5.500025e-03	0.000000e+00	0.000000e+00	0.000000e+00	

Index   time            v8#branch       v9#branch       v10#branch      
--------------------------------------------------------------------------------
751	5.500025e-03	0.000000e+00	0.000000e+00	0.000000e+00	
752	5.500025e-03	0.000000e+00	0.000000e+00	0.000000e+00	
753	5.500026e-03	0.000000e+00	0.000000e+00	0.000000e+00	
754	5.500026e-03	0.000000e+00	0.000000e+00	0.000000e+00	
755	5.500026e-03	0.000000e+00	0.000000e+00	0.000000e+00	
756	5.500026e-03	0.000000e+00	0.000000e+00	0.000000e+00	
757	5.500026e-03	0.000000e+00	0.000000e+00	0.000000e+00	
758	5.500026e-03	0.000000e+00	0.000000e+00	0.000000e+00	
759	5.500026e-03	0.000000e+00	0.000000e+00	0.000000e+00	
760	5.500026e-03	0.000000e+00	0.000000e+00	0.000000e+00	
761	5.500026e-03	0.000000e+00	0.000000e+00	0.000000e+00	
762	5.500026e-03	0.000000e+00	0.000000e+00	0.000000e+00	
763	5.500026e-03	0.000000e+00	0.000000e+00	0.000000e+00	
764	5.500026e-03	0.000000e+00	0.000000e+00	0.000000e+00	
765	5.500026e-03	0.000000e+00	0.000000e+00	0.000000e+00	
766	5.500026e-03	0.000000e+00	0.000000e+00	0.000000e+00	
767	5.500027e-03	0.000000e+00	0.000000e+00	0.000000e+00	
768	5.500027e-03	0.000000e+00	0.000000e+00	0.000000e+00	
769	5.500027e-03	0.000000e+00	0.000000e+00	0.000000e+00	
770	5.500027e-03	0.000000e+00	0.000000e+00	0.000000e+00	
771	5.500027e-03	0.000000e+00	0.000000e+00	0.000000e+00	
772	5.500027e-03	0.000000e+00	0.000000e+00	0.000000e+00	
773	5.500027e-03	0.000000e+00	0.000000e+00	0.000000e+00	
774	5.500027e-03	0.000000e+00	0.000000e+00	0.000000e+00	
775	5.500027e-03	0.000000e+00	0.000000e+00	0.000000e+00	
776	5.500027e-03	0.000000e+00	0.000000e+00	0.000000e+00	
777	5.500027e-03	0.000000e+00	0.000000e+00	0.000000e+00	
778	5.500027e-03	0.000000e+00	0.000000e+00	0.000000e+00	
779	5.500027e-03	0.000000e+00	0.000000e+00	0.000000e+00	
780	5.500028e-03	0.000000e+00	0.000000e+00	0.000000e+00	
781	5.500028e-03	0.000000e+00	0.000000e+00	0.000000e+00	
782	5.500029e-03	0.000000e+00	0.000000e+00	0.000000e+00	
783	5.500029e-03	0.000000e+00	0.000000e+00	0.000000e+00	
784	5.500029e-03	0.000000e+00	0.000000e+00	0.000000e+00	
785	5.500029e-03	0.000000e+00	0.000000e+00	0.000000e+00	
786	5.500029e-03	0.000000e+00	0.000000e+00	0.000000e+00	
787	5.500029e-03	0.000000e+00	0.000000e+00	0.000000e+00	
788	5.500029e-03	0.000000e+00	0.000000e+00	0.000000e+00	
789	5.500029e-03	0.000000e+00	0.000000e+00	0.000000e+00	
790	5.500029e-03	0.000000e+00	0.000000e+00	0.000000e+00	
791	5.500029e-03	0.000000e+00	0.000000e+00	0.000000e+00	
792	5.500030e-03	0.000000e+00	0.000000e+00	0.000000e+00	
793	5.500030e-03	0.000000e+00	0.000000e+00	0.000000e+00	
794	5.500030e-03	0.000000e+00	0.000000e+00	0.000000e+00	
795	5.500030e-03	0.000000e+00	0.000000e+00	0.000000e+00	
796	5.500030e-03	0.000000e+00	0.000000e+00	0.000000e+00	
797	5.500031e-03	0.000000e+00	0.000000e+00	0.000000e+00	
798	5.500031e-03	0.000000e+00	0.000000e+00	0.000000e+00	
799	5.500033e-03	0.000000e+00	0.000000e+00	0.000000e+00	
800	5.500036e-03	0.000000e+00	0.000000e+00	0.000000e+00	
801	5.500043e-03	0.000000e+00	0.000000e+00	0.000000e+00	
802	5.500056e-03	0.000000e+00	0.000000e+00	0.000000e+00	
803	5.500082e-03	0.000000e+00	0.000000e+00	0.000000e+00	
804	5.500135e-03	0.000000e+00	0.000000e+00	0.000000e+00	
805	5.500240e-03	0.000000e+00	0.000000e+00	0.000000e+00	
806	5.500449e-03	0.000000e+00	0.000000e+00	0.000000e+00	
807	5.500869e-03	0.000000e+00	0.000000e+00	0.000000e+00	
808	5.501708e-03	0.000000e+00	0.000000e+00	0.000000e+00	

Index   time            v8#branch       v9#branch       v10#branch      
--------------------------------------------------------------------------------
809	5.503385e-03	0.000000e+00	0.000000e+00	0.000000e+00	
810	5.506741e-03	0.000000e+00	0.000000e+00	0.000000e+00	
811	5.513452e-03	0.000000e+00	0.000000e+00	0.000000e+00	
812	5.526873e-03	0.000000e+00	0.000000e+00	0.000000e+00	
813	5.553717e-03	0.000000e+00	0.000000e+00	0.000000e+00	
814	5.607404e-03	0.000000e+00	0.000000e+00	0.000000e+00	
815	5.707404e-03	0.000000e+00	0.000000e+00	0.000000e+00	
816	5.807404e-03	0.000000e+00	0.000000e+00	0.000000e+00	
817	5.907404e-03	0.000000e+00	0.000000e+00	0.000000e+00	
818	6.000000e-03	0.000000e+00	0.000000e+00	0.000000e+00	
819	6.000001e-03	0.000000e+00	0.000000e+00	0.000000e+00	
820	6.000003e-03	0.000000e+00	0.000000e+00	0.000000e+00	
821	6.000007e-03	0.000000e+00	0.000000e+00	0.000000e+00	
822	6.000008e-03	0.000000e+00	0.000000e+00	0.000000e+00	
823	6.000008e-03	0.000000e+00	0.000000e+00	0.000000e+00	
824	6.000008e-03	0.000000e+00	0.000000e+00	0.000000e+00	
825	6.000008e-03	0.000000e+00	0.000000e+00	0.000000e+00	
826	6.000008e-03	0.000000e+00	0.000000e+00	0.000000e+00	
827	6.000008e-03	0.000000e+00	0.000000e+00	0.000000e+00	
828	6.000008e-03	0.000000e+00	0.000000e+00	0.000000e+00	
829	6.000008e-03	0.000000e+00	0.000000e+00	0.000000e+00	
830	6.000008e-03	0.000000e+00	0.000000e+00	0.000000e+00	
831	6.000008e-03	0.000000e+00	0.000000e+00	0.000000e+00	
832	6.000009e-03	0.000000e+00	0.000000e+00	0.000000e+00	
833	6.000009e-03	0.000000e+00	0.000000e+00	0.000000e+00	
834	6.000009e-03	0.000000e+00	0.000000e+00	0.000000e+00	
835	6.000009e-03	0.000000e+00	0.000000e+00	0.000000e+00	
836	6.000009e-03	0.000000e+00	0.000000e+00	0.000000e+00	
837	6.000009e-03	0.000000e+00	0.000000e+00	0.000000e+00	
838	6.000009e-03	0.000000e+00	0.000000e+00	0.000000e+00	
839	6.000009e-03	0.000000e+00	0.000000e+00	0.000000e+00	
840	6.000009e-03	0.000000e+00	0.000000e+00	0.000000e+00	
841	6.000009e-03	0.000000e+00	0.000000e+00	0.000000e+00	
842	6.000009e-03	0.000000e+00	0.000000e+00	0.000000e+00	
843	6.000010e-03	0.000000e+00	0.000000e+00	0.000000e+00	
844	6.000010e-03	0.000000e+00	0.000000e+00	0.000000e+00	
845	6.000010e-03	0.000000e+00	0.000000e+00	0.000000e+00	
846	6.000010e-03	0.000000e+00	0.000000e+00	0.000000e+00	
847	6.000010e-03	0.000000e+00	0.000000e+00	0.000000e+00	
848	6.000011e-03	0.000000e+00	0.000000e+00	0.000000e+00	
849	6.000012e-03	0.000000e+00	0.000000e+00	0.000000e+00	
850	6.000012e-03	0.000000e+00	0.000000e+00	0.000000e+00	
851	6.000012e-03	0.000000e+00	0.000000e+00	0.000000e+00	
852	6.000012e-03	0.000000e+00	0.000000e+00	0.000000e+00	
853	6.000013e-03	0.000000e+00	0.000000e+00	0.000000e+00	
854	6.000013e-03	0.000000e+00	0.000000e+00	0.000000e+00	
855	6.000013e-03	0.000000e+00	0.000000e+00	0.000000e+00	
856	6.000013e-03	0.000000e+00	0.000000e+00	0.000000e+00	
857	6.000013e-03	0.000000e+00	0.000000e+00	0.000000e+00	
858	6.000013e-03	0.000000e+00	0.000000e+00	0.000000e+00	
859	6.000013e-03	0.000000e+00	0.000000e+00	0.000000e+00	
860	6.000013e-03	0.000000e+00	0.000000e+00	0.000000e+00	
861	6.000013e-03	0.000000e+00	0.000000e+00	0.000000e+00	
862	6.000013e-03	0.000000e+00	0.000000e+00	0.000000e+00	
863	6.000013e-03	0.000000e+00	0.000000e+00	0.000000e+00	
864	6.000013e-03	0.000000e+00	0.000000e+00	0.000000e+00	
865	6.000014e-03	0.000000e+00	0.000000e+00	0.000000e+00	
866	6.000014e-03	0.000000e+00	0.000000e+00	0.000000e+00	

Index   time            v8#branch       v9#branch       v10#branch      
--------------------------------------------------------------------------------
867	6.000014e-03	0.000000e+00	0.000000e+00	0.000000e+00	
868	6.000014e-03	0.000000e+00	0.000000e+00	0.000000e+00	
869	6.000015e-03	0.000000e+00	0.000000e+00	0.000000e+00	
870	6.000015e-03	0.000000e+00	0.000000e+00	0.000000e+00	
871	6.000015e-03	0.000000e+00	0.000000e+00	0.000000e+00	
872	6.000015e-03	0.000000e+00	0.000000e+00	0.000000e+00	
873	6.000015e-03	0.000000e+00	0.000000e+00	0.000000e+00	
874	6.000016e-03	0.000000e+00	0.000000e+00	0.000000e+00	
875	6.000016e-03	0.000000e+00	0.000000e+00	0.000000e+00	
876	6.000016e-03	0.000000e+00	0.000000e+00	0.000000e+00	
877	6.000016e-03	0.000000e+00	0.000000e+00	0.000000e+00	
878	6.000016e-03	0.000000e+00	0.000000e+00	0.000000e+00	
879	6.000016e-03	0.000000e+00	0.000000e+00	0.000000e+00	
880	6.000016e-03	0.000000e+00	0.000000e+00	0.000000e+00	
881	6.000016e-03	0.000000e+00	0.000000e+00	0.000000e+00	
882	6.000016e-03	0.000000e+00	0.000000e+00	0.000000e+00	
883	6.000016e-03	0.000000e+00	0.000000e+00	0.000000e+00	
884	6.000016e-03	0.000000e+00	0.000000e+00	0.000000e+00	
885	6.000017e-03	0.000000e+00	0.000000e+00	0.000000e+00	
886	6.000017e-03	0.000000e+00	0.000000e+00	0.000000e+00	
887	6.000017e-03	0.000000e+00	0.000000e+00	0.000000e+00	
888	6.000017e-03	0.000000e+00	0.000000e+00	0.000000e+00	
889	6.000017e-03	0.000000e+00	0.000000e+00	0.000000e+00	
890	6.000017e-03	0.000000e+00	0.000000e+00	0.000000e+00	
891	6.000017e-03	0.000000e+00	0.000000e+00	0.000000e+00	
892	6.000017e-03	0.000000e+00	0.000000e+00	0.000000e+00	
893	6.000017e-03	0.000000e+00	0.000000e+00	0.000000e+00	
894	6.000017e-03	0.000000e+00	0.000000e+00	0.000000e+00	
895	6.000017e-03	0.000000e+00	0.000000e+00	0.000000e+00	
896	6.000018e-03	0.000000e+00	0.000000e+00	0.000000e+00	
897	6.000018e-03	0.000000e+00	0.000000e+00	0.000000e+00	
898	6.000018e-03	0.000000e+00	0.000000e+00	0.000000e+00	
899	6.000018e-03	0.000000e+00	0.000000e+00	0.000000e+00	
900	6.000018e-03	0.000000e+00	0.000000e+00	0.000000e+00	
901	6.000019e-03	0.000000e+00	0.000000e+00	0.000000e+00	
902	6.000019e-03	0.000000e+00	0.000000e+00	0.000000e+00	
903	6.000020e-03	0.000000e+00	0.000000e+00	0.000000e+00	
904	6.000020e-03	0.000000e+00	0.000000e+00	0.000000e+00	
905	6.000020e-03	0.000000e+00	0.000000e+00	0.000000e+00	
906	6.000021e-03	0.000000e+00	0.000000e+00	0.000000e+00	
907	6.000021e-03	0.000000e+00	0.000000e+00	0.000000e+00	
908	6.000021e-03	0.000000e+00	0.000000e+00	0.000000e+00	
909	6.000021e-03	0.000000e+00	0.000000e+00	0.000000e+00	
910	6.000022e-03	0.000000e+00	0.000000e+00	0.000000e+00	
911	6.000022e-03	0.000000e+00	0.000000e+00	0.000000e+00	
912	6.000022e-03	0.000000e+00	0.000000e+00	0.000000e+00	
913	6.000022e-03	0.000000e+00	0.000000e+00	0.000000e+00	
914	6.000022e-03	0.000000e+00	0.000000e+00	0.000000e+00	
915	6.000022e-03	0.000000e+00	0.000000e+00	0.000000e+00	
916	6.000022e-03	0.000000e+00	0.000000e+00	0.000000e+00	
917	6.000022e-03	0.000000e+00	0.000000e+00	0.000000e+00	
918	6.000022e-03	0.000000e+00	0.000000e+00	0.000000e+00	
919	6.000022e-03	0.000000e+00	0.000000e+00	0.000000e+00	
920	6.000022e-03	0.000000e+00	0.000000e+00	0.000000e+00	
921	6.000022e-03	0.000000e+00	0.000000e+00	0.000000e+00	
922	6.000023e-03	0.000000e+00	0.000000e+00	0.000000e+00	
923	6.000023e-03	0.000000e+00	0.000000e+00	0.000000e+00	
924	6.000023e-03	0.000000e+00	0.000000e+00	0.000000e+00	

Index   time            v8#branch       v9#branch       v10#branch      
--------------------------------------------------------------------------------
925	6.000023e-03	0.000000e+00	0.000000e+00	0.000000e+00	
926	6.000023e-03	0.000000e+00	0.000000e+00	0.000000e+00	
927	6.000023e-03	0.000000e+00	0.000000e+00	0.000000e+00	
928	6.000023e-03	0.000000e+00	0.000000e+00	0.000000e+00	
929	6.000023e-03	0.000000e+00	0.000000e+00	0.000000e+00	
930	6.000023e-03	0.000000e+00	0.000000e+00	0.000000e+00	
931	6.000023e-03	0.000000e+00	0.000000e+00	0.000000e+00	
932	6.000024e-03	0.000000e+00	0.000000e+00	0.000000e+00	
933	6.000024e-03	0.000000e+00	0.000000e+00	0.000000e+00	
934	6.000024e-03	0.000000e+00	0.000000e+00	0.000000e+00	
935	6.000024e-03	0.000000e+00	0.000000e+00	0.000000e+00	
936	6.000024e-03	0.000000e+00	0.000000e+00	0.000000e+00	
937	6.000024e-03	0.000000e+00	0.000000e+00	0.000000e+00	
938	6.000024e-03	0.000000e+00	0.000000e+00	0.000000e+00	
939	6.000024e-03	0.000000e+00	0.000000e+00	0.000000e+00	
940	6.000024e-03	0.000000e+00	0.000000e+00	0.000000e+00	
941	6.000024e-03	0.000000e+00	0.000000e+00	0.000000e+00	
942	6.000024e-03	0.000000e+00	0.000000e+00	0.000000e+00	
943	6.000024e-03	0.000000e+00	0.000000e+00	0.000000e+00	
944	6.000024e-03	0.000000e+00	0.000000e+00	0.000000e+00	
945	6.000025e-03	0.000000e+00	0.000000e+00	0.000000e+00	
946	6.000025e-03	0.000000e+00	0.000000e+00	0.000000e+00	
947	6.000025e-03	0.000000e+00	0.000000e+00	0.000000e+00	
948	6.000025e-03	0.000000e+00	0.000000e+00	0.000000e+00	
949	6.000025e-03	0.000000e+00	0.000000e+00	0.000000e+00	
950	6.000025e-03	0.000000e+00	0.000000e+00	0.000000e+00	
951	6.000025e-03	0.000000e+00	0.000000e+00	0.000000e+00	
952	6.000025e-03	0.000000e+00	0.000000e+00	0.000000e+00	
953	6.000025e-03	0.000000e+00	0.000000e+00	0.000000e+00	
954	6.000025e-03	0.000000e+00	0.000000e+00	0.000000e+00	
955	6.000025e-03	0.000000e+00	0.000000e+00	0.000000e+00	
956	6.000025e-03	0.000000e+00	0.000000e+00	0.000000e+00	
957	6.000025e-03	0.000000e+00	0.000000e+00	0.000000e+00	
958	6.000025e-03	0.000000e+00	0.000000e+00	0.000000e+00	
959	6.000026e-03	0.000000e+00	0.000000e+00	0.000000e+00	
960	6.000026e-03	0.000000e+00	0.000000e+00	0.000000e+00	
961	6.000026e-03	0.000000e+00	0.000000e+00	0.000000e+00	
962	6.000026e-03	0.000000e+00	0.000000e+00	0.000000e+00	
963	6.000026e-03	0.000000e+00	0.000000e+00	0.000000e+00	
964	6.000026e-03	0.000000e+00	0.000000e+00	0.000000e+00	
965	6.000026e-03	0.000000e+00	0.000000e+00	0.000000e+00	
966	6.000026e-03	0.000000e+00	0.000000e+00	0.000000e+00	
967	6.000026e-03	0.000000e+00	0.000000e+00	0.000000e+00	
968	6.000026e-03	0.000000e+00	0.000000e+00	0.000000e+00	
969	6.000026e-03	0.000000e+00	0.000000e+00	0.000000e+00	
970	6.000026e-03	0.000000e+00	0.000000e+00	0.000000e+00	
971	6.000026e-03	0.000000e+00	0.000000e+00	0.000000e+00	
972	6.000026e-03	0.000000e+00	0.000000e+00	0.000000e+00	
973	6.000026e-03	0.000000e+00	0.000000e+00	0.000000e+00	
974	6.000026e-03	0.000000e+00	0.000000e+00	0.000000e+00	
975	6.000026e-03	0.000000e+00	0.000000e+00	0.000000e+00	
976	6.000026e-03	0.000000e+00	0.000000e+00	0.000000e+00	
977	6.000026e-03	0.000000e+00	0.000000e+00	0.000000e+00	
978	6.000026e-03	0.000000e+00	0.000000e+00	0.000000e+00	
979	6.000026e-03	0.000000e+00	0.000000e+00	0.000000e+00	
980	6.000026e-03	0.000000e+00	0.000000e+00	0.000000e+00	
981	6.000026e-03	0.000000e+00	0.000000e+00	0.000000e+00	
982	6.000026e-03	0.000000e+00	0.000000e+00	0.000000e+00	

Index   time            v8#branch       v9#branch       v10#branch      
--------------------------------------------------------------------------------
983	6.000026e-03	0.000000e+00	0.000000e+00	0.000000e+00	
984	6.000027e-03	0.000000e+00	0.000000e+00	0.000000e+00	
985	6.000027e-03	0.000000e+00	0.000000e+00	0.000000e+00	
986	6.000027e-03	0.000000e+00	0.000000e+00	0.000000e+00	
987	6.000027e-03	0.000000e+00	0.000000e+00	0.000000e+00	
988	6.000027e-03	0.000000e+00	0.000000e+00	0.000000e+00	
989	6.000028e-03	0.000000e+00	0.000000e+00	0.000000e+00	
990	6.000028e-03	0.000000e+00	0.000000e+00	0.000000e+00	
991	6.000028e-03	0.000000e+00	0.000000e+00	0.000000e+00	
992	6.000028e-03	0.000000e+00	0.000000e+00	0.000000e+00	
993	6.000029e-03	0.000000e+00	0.000000e+00	0.000000e+00	
994	6.000029e-03	0.000000e+00	0.000000e+00	0.000000e+00	
995	6.000029e-03	0.000000e+00	0.000000e+00	0.000000e+00	
996	6.000029e-03	0.000000e+00	0.000000e+00	0.000000e+00	
997	6.000029e-03	0.000000e+00	0.000000e+00	0.000000e+00	
998	6.000029e-03	0.000000e+00	0.000000e+00	0.000000e+00	
999	6.000029e-03	0.000000e+00	0.000000e+00	0.000000e+00	
1000	6.000029e-03	0.000000e+00	0.000000e+00	0.000000e+00	
1001	6.000029e-03	0.000000e+00	0.000000e+00	0.000000e+00	
1002	6.000030e-03	0.000000e+00	0.000000e+00	0.000000e+00	
1003	6.000030e-03	0.000000e+00	0.000000e+00	0.000000e+00	
1004	6.000030e-03	0.000000e+00	0.000000e+00	0.000000e+00	
1005	6.000030e-03	0.000000e+00	0.000000e+00	0.000000e+00	
1006	6.000030e-03	0.000000e+00	0.000000e+00	0.000000e+00	
1007	6.000031e-03	0.000000e+00	0.000000e+00	0.000000e+00	
1008	6.000031e-03	0.000000e+00	0.000000e+00	0.000000e+00	
1009	6.000031e-03	0.000000e+00	0.000000e+00	0.000000e+00	
1010	6.000031e-03	0.000000e+00	0.000000e+00	0.000000e+00	
1011	6.000031e-03	0.000000e+00	0.000000e+00	0.000000e+00	
1012	6.000031e-03	0.000000e+00	0.000000e+00	0.000000e+00	
1013	6.000031e-03	0.000000e+00	0.000000e+00	0.000000e+00	
1014	6.000031e-03	0.000000e+00	0.000000e+00	0.000000e+00	
1015	6.000031e-03	0.000000e+00	0.000000e+00	0.000000e+00	
1016	6.000031e-03	0.000000e+00	0.000000e+00	0.000000e+00	
1017	6.000031e-03	0.000000e+00	0.000000e+00	0.000000e+00	
1018	6.000032e-03	0.000000e+00	0.000000e+00	0.000000e+00	
1019	6.000032e-03	0.000000e+00	0.000000e+00	0.000000e+00	
1020	6.000033e-03	0.000000e+00	0.000000e+00	0.000000e+00	
1021	6.000035e-03	0.000000e+00	0.000000e+00	0.000000e+00	
1022	6.000039e-03	0.000000e+00	0.000000e+00	0.000000e+00	
1023	6.000048e-03	0.000000e+00	0.000000e+00	0.000000e+00	
1024	6.000064e-03	0.000000e+00	0.000000e+00	0.000000e+00	
1025	6.000097e-03	0.000000e+00	0.000000e+00	0.000000e+00	
1026	6.000162e-03	0.000000e+00	0.000000e+00	0.000000e+00	
1027	6.000293e-03	0.000000e+00	0.000000e+00	0.000000e+00	
1028	6.000555e-03	0.000000e+00	0.000000e+00	0.000000e+00	
1029	6.001080e-03	0.000000e+00	0.000000e+00	0.000000e+00	
1030	6.002128e-03	0.000000e+00	0.000000e+00	0.000000e+00	
1031	6.004225e-03	0.000000e+00	0.000000e+00	0.000000e+00	
1032	6.008420e-03	0.000000e+00	0.000000e+00	0.000000e+00	
1033	6.016808e-03	0.000000e+00	0.000000e+00	0.000000e+00	
1034	6.033586e-03	0.000000e+00	0.000000e+00	0.000000e+00	
1035	6.067140e-03	0.000000e+00	0.000000e+00	0.000000e+00	
1036	6.134249e-03	0.000000e+00	0.000000e+00	0.000000e+00	
1037	6.234249e-03	0.000000e+00	0.000000e+00	0.000000e+00	
1038	6.334249e-03	0.000000e+00	0.000000e+00	0.000000e+00	
1039	6.434249e-03	0.000000e+00	0.000000e+00	0.000000e+00	
1040	6.500010e-03	0.000000e+00	0.000000e+00	0.000000e+00	

Index   time            v8#branch       v9#branch       v10#branch      
--------------------------------------------------------------------------------
1041	6.500011e-03	0.000000e+00	0.000000e+00	0.000000e+00	
1042	6.500013e-03	0.000000e+00	0.000000e+00	0.000000e+00	
1043	6.500017e-03	0.000000e+00	0.000000e+00	0.000000e+00	
1044	6.500020e-03	0.000000e+00	0.000000e+00	0.000000e+00	
1045	6.500021e-03	0.000000e+00	0.000000e+00	0.000000e+00	
1046	6.500021e-03	0.000000e+00	0.000000e+00	0.000000e+00	
1047	6.500021e-03	0.000000e+00	0.000000e+00	0.000000e+00	
1048	6.500021e-03	0.000000e+00	0.000000e+00	0.000000e+00	
1049	6.500022e-03	0.000000e+00	0.000000e+00	0.000000e+00	
1050	6.500022e-03	0.000000e+00	0.000000e+00	0.000000e+00	
1051	6.500022e-03	0.000000e+00	0.000000e+00	0.000000e+00	
1052	6.500022e-03	0.000000e+00	0.000000e+00	0.000000e+00	
1053	6.500022e-03	0.000000e+00	0.000000e+00	0.000000e+00	
1054	6.500023e-03	0.000000e+00	0.000000e+00	0.000000e+00	
1055	6.500023e-03	0.000000e+00	0.000000e+00	0.000000e+00	
1056	6.500023e-03	0.000000e+00	0.000000e+00	0.000000e+00	
1057	6.500023e-03	0.000000e+00	0.000000e+00	0.000000e+00	
1058	6.500023e-03	0.000000e+00	0.000000e+00	0.000000e+00	
1059	6.500024e-03	0.000000e+00	0.000000e+00	0.000000e+00	
1060	6.500024e-03	0.000000e+00	0.000000e+00	0.000000e+00	
1061	6.500024e-03	0.000000e+00	0.000000e+00	0.000000e+00	
1062	6.500024e-03	0.000000e+00	0.000000e+00	0.000000e+00	
1063	6.500024e-03	0.000000e+00	0.000000e+00	0.000000e+00	
1064	6.500025e-03	0.000000e+00	0.000000e+00	0.000000e+00	
1065	6.500025e-03	0.000000e+00	0.000000e+00	0.000000e+00	
1066	6.500025e-03	0.000000e+00	0.000000e+00	0.000000e+00	
1067	6.500025e-03	0.000000e+00	0.000000e+00	0.000000e+00	
1068	6.500025e-03	0.000000e+00	0.000000e+00	0.000000e+00	
1069	6.500025e-03	0.000000e+00	0.000000e+00	0.000000e+00	
1070	6.500025e-03	0.000000e+00	0.000000e+00	0.000000e+00	
1071	6.500025e-03	0.000000e+00	0.000000e+00	0.000000e+00	
1072	6.500025e-03	0.000000e+00	0.000000e+00	0.000000e+00	
1073	6.500025e-03	0.000000e+00	0.000000e+00	0.000000e+00	
1074	6.500025e-03	0.000000e+00	0.000000e+00	0.000000e+00	
1075	6.500026e-03	0.000000e+00	0.000000e+00	0.000000e+00	
1076	6.500026e-03	0.000000e+00	0.000000e+00	0.000000e+00	
1077	6.500026e-03	0.000000e+00	0.000000e+00	0.000000e+00	
1078	6.500026e-03	0.000000e+00	0.000000e+00	0.000000e+00	
1079	6.500026e-03	0.000000e+00	0.000000e+00	0.000000e+00	
1080	6.500026e-03	0.000000e+00	0.000000e+00	0.000000e+00	
1081	6.500026e-03	0.000000e+00	0.000000e+00	0.000000e+00	
1082	6.500026e-03	0.000000e+00	0.000000e+00	0.000000e+00	
1083	6.500026e-03	0.000000e+00	0.000000e+00	0.000000e+00	
1084	6.500026e-03	0.000000e+00	0.000000e+00	0.000000e+00	
1085	6.500026e-03	0.000000e+00	0.000000e+00	0.000000e+00	
1086	6.500027e-03	0.000000e+00	0.000000e+00	0.000000e+00	
1087	6.500027e-03	0.000000e+00	0.000000e+00	0.000000e+00	
1088	6.500028e-03	0.000000e+00	0.000000e+00	0.000000e+00	
1089	6.500030e-03	0.000000e+00	0.000000e+00	0.000000e+00	
1090	6.500034e-03	0.000000e+00	0.000000e+00	0.000000e+00	
1091	6.500042e-03	0.000000e+00	0.000000e+00	0.000000e+00	
1092	6.500059e-03	0.000000e+00	0.000000e+00	0.000000e+00	
1093	6.500092e-03	0.000000e+00	0.000000e+00	0.000000e+00	
1094	6.500157e-03	0.000000e+00	0.000000e+00	0.000000e+00	
1095	6.500288e-03	0.000000e+00	0.000000e+00	0.000000e+00	
1096	6.500550e-03	0.000000e+00	0.000000e+00	0.000000e+00	
1097	6.501075e-03	0.000000e+00	0.000000e+00	0.000000e+00	
1098	6.502123e-03	0.000000e+00	0.000000e+00	0.000000e+00	

Index   time            v8#branch       v9#branch       v10#branch      
--------------------------------------------------------------------------------
1099	6.504220e-03	0.000000e+00	0.000000e+00	0.000000e+00	
1100	6.508415e-03	0.000000e+00	0.000000e+00	0.000000e+00	
1101	6.516803e-03	0.000000e+00	0.000000e+00	0.000000e+00	
1102	6.533581e-03	0.000000e+00	0.000000e+00	0.000000e+00	
1103	6.567135e-03	0.000000e+00	0.000000e+00	0.000000e+00	
1104	6.634244e-03	0.000000e+00	0.000000e+00	0.000000e+00	
1105	6.734244e-03	0.000000e+00	0.000000e+00	0.000000e+00	
1106	6.834244e-03	0.000000e+00	0.000000e+00	0.000000e+00	
1107	6.934244e-03	0.000000e+00	0.000000e+00	0.000000e+00	
1108	7.000000e-03	0.000000e+00	0.000000e+00	0.000000e+00	
1109	7.000001e-03	0.000000e+00	0.000000e+00	0.000000e+00	
1110	7.000003e-03	0.000000e+00	0.000000e+00	0.000000e+00	
1111	7.000007e-03	0.000000e+00	0.000000e+00	0.000000e+00	
1112	7.000009e-03	0.000000e+00	0.000000e+00	0.000000e+00	
1113	7.000009e-03	0.000000e+00	0.000000e+00	0.000000e+00	
1114	7.000009e-03	0.000000e+00	0.000000e+00	0.000000e+00	
1115	7.000009e-03	0.000000e+00	0.000000e+00	0.000000e+00	
1116	7.000009e-03	0.000000e+00	0.000000e+00	0.000000e+00	
1117	7.000009e-03	0.000000e+00	0.000000e+00	0.000000e+00	
1118	7.000009e-03	0.000000e+00	0.000000e+00	0.000000e+00	
1119	7.000009e-03	0.000000e+00	0.000000e+00	0.000000e+00	
1120	7.000009e-03	0.000000e+00	0.000000e+00	0.000000e+00	
1121	7.000009e-03	0.000000e+00	0.000000e+00	0.000000e+00	
1122	7.000010e-03	0.000000e+00	0.000000e+00	0.000000e+00	
1123	7.000010e-03	0.000000e+00	0.000000e+00	0.000000e+00	
1124	7.000010e-03	0.000000e+00	0.000000e+00	0.000000e+00	
1125	7.000010e-03	0.000000e+00	0.000000e+00	0.000000e+00	
1126	7.000010e-03	0.000000e+00	0.000000e+00	0.000000e+00	
1127	7.000011e-03	0.000000e+00	0.000000e+00	0.000000e+00	
1128	7.000012e-03	0.000000e+00	0.000000e+00	0.000000e+00	
1129	7.000012e-03	0.000000e+00	0.000000e+00	0.000000e+00	
1130	7.000012e-03	0.000000e+00	0.000000e+00	0.000000e+00	
1131	7.000012e-03	0.000000e+00	0.000000e+00	0.000000e+00	
1132	7.000013e-03	0.000000e+00	0.000000e+00	0.000000e+00	
1133	7.000013e-03	0.000000e+00	0.000000e+00	0.000000e+00	
1134	7.000013e-03	0.000000e+00	0.000000e+00	0.000000e+00	
1135	7.000013e-03	0.000000e+00	0.000000e+00	0.000000e+00	
1136	7.000013e-03	0.000000e+00	0.000000e+00	0.000000e+00	
1137	7.000013e-03	0.000000e+00	0.000000e+00	0.000000e+00	
1138	7.000013e-03	0.000000e+00	0.000000e+00	0.000000e+00	
1139	7.000013e-03	0.000000e+00	0.000000e+00	0.000000e+00	
1140	7.000013e-03	0.000000e+00	0.000000e+00	0.000000e+00	
1141	7.000014e-03	0.000000e+00	0.000000e+00	0.000000e+00	
1142	7.000014e-03	0.000000e+00	0.000000e+00	0.000000e+00	
1143	7.000014e-03	0.000000e+00	0.000000e+00	0.000000e+00	
1144	7.000014e-03	0.000000e+00	0.000000e+00	0.000000e+00	
1145	7.000015e-03	0.000000e+00	0.000000e+00	0.000000e+00	
1146	7.000015e-03	0.000000e+00	0.000000e+00	0.000000e+00	
1147	7.000017e-03	0.000000e+00	0.000000e+00	0.000000e+00	
1148	7.000020e-03	0.000000e+00	0.000000e+00	0.000000e+00	
1149	7.000020e-03	0.000000e+00	0.000000e+00	0.000000e+00	
1150	7.000020e-03	0.000000e+00	0.000000e+00	0.000000e+00	
1151	7.000021e-03	0.000000e+00	0.000000e+00	0.000000e+00	
1152	7.000022e-03	0.000000e+00	0.000000e+00	0.000000e+00	
1153	7.000022e-03	0.000000e+00	0.000000e+00	0.000000e+00	
1154	7.000022e-03	0.000000e+00	0.000000e+00	0.000000e+00	
1155	7.000022e-03	0.000000e+00	0.000000e+00	0.000000e+00	
1156	7.000023e-03	0.000000e+00	0.000000e+00	0.000000e+00	

Index   time            v8#branch       v9#branch       v10#branch      
--------------------------------------------------------------------------------
1157	7.000023e-03	0.000000e+00	0.000000e+00	0.000000e+00	
1158	7.000023e-03	0.000000e+00	0.000000e+00	0.000000e+00	
1159	7.000023e-03	0.000000e+00	0.000000e+00	0.000000e+00	
1160	7.000023e-03	0.000000e+00	0.000000e+00	0.000000e+00	
1161	7.000023e-03	0.000000e+00	0.000000e+00	0.000000e+00	
1162	7.000023e-03	0.000000e+00	0.000000e+00	0.000000e+00	
1163	7.000023e-03	0.000000e+00	0.000000e+00	0.000000e+00	
1164	7.000024e-03	0.000000e+00	0.000000e+00	0.000000e+00	
1165	7.000024e-03	0.000000e+00	0.000000e+00	0.000000e+00	
1166	7.000024e-03	0.000000e+00	0.000000e+00	0.000000e+00	
1167	7.000024e-03	0.000000e+00	0.000000e+00	0.000000e+00	
1168	7.000024e-03	0.000000e+00	0.000000e+00	0.000000e+00	
1169	7.000025e-03	0.000000e+00	0.000000e+00	0.000000e+00	
1170	7.000025e-03	0.000000e+00	0.000000e+00	0.000000e+00	
1171	7.000025e-03	0.000000e+00	0.000000e+00	0.000000e+00	
1172	7.000025e-03	0.000000e+00	0.000000e+00	0.000000e+00	
1173	7.000026e-03	0.000000e+00	0.000000e+00	0.000000e+00	
1174	7.000026e-03	0.000000e+00	0.000000e+00	0.000000e+00	
1175	7.000026e-03	0.000000e+00	0.000000e+00	0.000000e+00	
1176	7.000026e-03	0.000000e+00	0.000000e+00	0.000000e+00	
1177	7.000027e-03	0.000000e+00	0.000000e+00	0.000000e+00	
1178	7.000027e-03	0.000000e+00	0.000000e+00	0.000000e+00	
1179	7.000027e-03	0.000000e+00	0.000000e+00	0.000000e+00	
1180	7.000027e-03	0.000000e+00	0.000000e+00	0.000000e+00	
1181	7.000027e-03	0.000000e+00	0.000000e+00	0.000000e+00	
1182	7.000027e-03	0.000000e+00	0.000000e+00	0.000000e+00	
1183	7.000027e-03	0.000000e+00	0.000000e+00	0.000000e+00	
1184	7.000027e-03	0.000000e+00	0.000000e+00	0.000000e+00	
1185	7.000027e-03	0.000000e+00	0.000000e+00	0.000000e+00	
1186	7.000027e-03	0.000000e+00	0.000000e+00	0.000000e+00	
1187	7.000027e-03	0.000000e+00	0.000000e+00	0.000000e+00	
1188	7.000027e-03	0.000000e+00	0.000000e+00	0.000000e+00	
1189	7.000028e-03	0.000000e+00	0.000000e+00	0.000000e+00	
1190	7.000029e-03	0.000000e+00	0.000000e+00	0.000000e+00	
1191	7.000031e-03	0.000000e+00	0.000000e+00	0.000000e+00	
1192	7.000035e-03	0.000000e+00	0.000000e+00	0.000000e+00	
1193	7.000043e-03	0.000000e+00	0.000000e+00	0.000000e+00	
1194	7.000060e-03	0.000000e+00	0.000000e+00	0.000000e+00	
1195	7.000092e-03	0.000000e+00	0.000000e+00	0.000000e+00	
1196	7.000158e-03	0.000000e+00	0.000000e+00	0.000000e+00	
1197	7.000289e-03	0.000000e+00	0.000000e+00	0.000000e+00	
1198	7.000551e-03	0.000000e+00	0.000000e+00	0.000000e+00	
1199	7.001075e-03	0.000000e+00	0.000000e+00	0.000000e+00	
1200	7.002124e-03	0.000000e+00	0.000000e+00	0.000000e+00	
1201	7.004221e-03	0.000000e+00	0.000000e+00	0.000000e+00	
1202	7.008415e-03	0.000000e+00	0.000000e+00	0.000000e+00	
1203	7.016804e-03	0.000000e+00	0.000000e+00	0.000000e+00	
1204	7.033581e-03	0.000000e+00	0.000000e+00	0.000000e+00	
1205	7.067136e-03	0.000000e+00	0.000000e+00	0.000000e+00	
1206	7.134245e-03	0.000000e+00	0.000000e+00	0.000000e+00	
1207	7.234245e-03	0.000000e+00	0.000000e+00	0.000000e+00	
1208	7.334245e-03	0.000000e+00	0.000000e+00	0.000000e+00	
1209	7.434245e-03	0.000000e+00	0.000000e+00	0.000000e+00	
1210	7.500010e-03	0.000000e+00	0.000000e+00	0.000000e+00	
1211	7.500011e-03	0.000000e+00	0.000000e+00	0.000000e+00	
1212	7.500013e-03	0.000000e+00	0.000000e+00	0.000000e+00	
1213	7.500017e-03	0.000000e+00	0.000000e+00	0.000000e+00	
1214	7.500020e-03	0.000000e+00	0.000000e+00	0.000000e+00	

Index   time            v8#branch       v9#branch       v10#branch      
--------------------------------------------------------------------------------
1215	7.500021e-03	0.000000e+00	0.000000e+00	0.000000e+00	
1216	7.500021e-03	0.000000e+00	0.000000e+00	0.000000e+00	
1217	7.500021e-03	0.000000e+00	0.000000e+00	0.000000e+00	
1218	7.500021e-03	0.000000e+00	0.000000e+00	0.000000e+00	
1219	7.500022e-03	0.000000e+00	0.000000e+00	0.000000e+00	
1220	7.500022e-03	0.000000e+00	0.000000e+00	0.000000e+00	
1221	7.500022e-03	0.000000e+00	0.000000e+00	0.000000e+00	
1222	7.500022e-03	0.000000e+00	0.000000e+00	0.000000e+00	
1223	7.500022e-03	0.000000e+00	0.000000e+00	0.000000e+00	
1224	7.500023e-03	0.000000e+00	0.000000e+00	0.000000e+00	
1225	7.500023e-03	0.000000e+00	0.000000e+00	0.000000e+00	
1226	7.500023e-03	0.000000e+00	0.000000e+00	0.000000e+00	
1227	7.500023e-03	0.000000e+00	0.000000e+00	0.000000e+00	
1228	7.500023e-03	0.000000e+00	0.000000e+00	0.000000e+00	
1229	7.500024e-03	0.000000e+00	0.000000e+00	0.000000e+00	
1230	7.500024e-03	0.000000e+00	0.000000e+00	0.000000e+00	
1231	7.500024e-03	0.000000e+00	0.000000e+00	0.000000e+00	
1232	7.500024e-03	0.000000e+00	0.000000e+00	0.000000e+00	
1233	7.500024e-03	0.000000e+00	0.000000e+00	0.000000e+00	
1234	7.500025e-03	0.000000e+00	0.000000e+00	0.000000e+00	
1235	7.500025e-03	0.000000e+00	0.000000e+00	0.000000e+00	
1236	7.500025e-03	0.000000e+00	0.000000e+00	0.000000e+00	
1237	7.500025e-03	0.000000e+00	0.000000e+00	0.000000e+00	
1238	7.500025e-03	0.000000e+00	0.000000e+00	0.000000e+00	
1239	7.500025e-03	0.000000e+00	0.000000e+00	0.000000e+00	
1240	7.500025e-03	0.000000e+00	0.000000e+00	0.000000e+00	
1241	7.500025e-03	0.000000e+00	0.000000e+00	0.000000e+00	
1242	7.500025e-03	0.000000e+00	0.000000e+00	0.000000e+00	
1243	7.500025e-03	0.000000e+00	0.000000e+00	0.000000e+00	
1244	7.500025e-03	0.000000e+00	0.000000e+00	0.000000e+00	
1245	7.500026e-03	0.000000e+00	0.000000e+00	0.000000e+00	
1246	7.500026e-03	0.000000e+00	0.000000e+00	0.000000e+00	
1247	7.500026e-03	0.000000e+00	0.000000e+00	0.000000e+00	
1248	7.500026e-03	0.000000e+00	0.000000e+00	0.000000e+00	
1249	7.500026e-03	0.000000e+00	0.000000e+00	0.000000e+00	
1250	7.500026e-03	0.000000e+00	0.000000e+00	0.000000e+00	
1251	7.500026e-03	0.000000e+00	0.000000e+00	0.000000e+00	
1252	7.500026e-03	0.000000e+00	0.000000e+00	0.000000e+00	
1253	7.500026e-03	0.000000e+00	0.000000e+00	0.000000e+00	
1254	7.500026e-03	0.000000e+00	0.000000e+00	0.000000e+00	
1255	7.500026e-03	0.000000e+00	0.000000e+00	0.000000e+00	
1256	7.500027e-03	0.000000e+00	0.000000e+00	0.000000e+00	
1257	7.500027e-03	0.000000e+00	0.000000e+00	0.000000e+00	
1258	7.500028e-03	0.000000e+00	0.000000e+00	0.000000e+00	
1259	7.500030e-03	0.000000e+00	0.000000e+00	0.000000e+00	
1260	7.500034e-03	0.000000e+00	0.000000e+00	0.000000e+00	
1261	7.500042e-03	0.000000e+00	0.000000e+00	0.000000e+00	
1262	7.500059e-03	0.000000e+00	0.000000e+00	0.000000e+00	
1263	7.500092e-03	0.000000e+00	0.000000e+00	0.000000e+00	
1264	7.500157e-03	0.000000e+00	0.000000e+00	0.000000e+00	
1265	7.500288e-03	0.000000e+00	0.000000e+00	0.000000e+00	
1266	7.500550e-03	0.000000e+00	0.000000e+00	0.000000e+00	
1267	7.501075e-03	0.000000e+00	0.000000e+00	0.000000e+00	
1268	7.502123e-03	0.000000e+00	0.000000e+00	0.000000e+00	
1269	7.504220e-03	0.000000e+00	0.000000e+00	0.000000e+00	
1270	7.508415e-03	0.000000e+00	0.000000e+00	0.000000e+00	
1271	7.516803e-03	0.000000e+00	0.000000e+00	0.000000e+00	
1272	7.533581e-03	0.000000e+00	0.000000e+00	0.000000e+00	

Index   time            v8#branch       v9#branch       v10#branch      
--------------------------------------------------------------------------------
1273	7.567135e-03	0.000000e+00	0.000000e+00	0.000000e+00	
1274	7.634244e-03	0.000000e+00	0.000000e+00	0.000000e+00	
1275	7.734244e-03	0.000000e+00	0.000000e+00	0.000000e+00	
1276	7.834244e-03	0.000000e+00	0.000000e+00	0.000000e+00	
1277	7.934244e-03	0.000000e+00	0.000000e+00	0.000000e+00	
1278	8.000000e-03	0.000000e+00	0.000000e+00	0.000000e+00	
