                                kicad schematic
                                Transient Analysis  Mon Sep 15 10:23:16  2025
--------------------------------------------------------------------------------
Index   time            a17#branch_1_0  a45#branch_1_0  a46#branch_1_0  
--------------------------------------------------------------------------------
0	0.000000e+00	0.000000e+00	0.000000e+00	0.000000e+00	
1	1.000000e-10	0.000000e+00	0.000000e+00	0.000000e+00	
2	2.000000e-10	0.000000e+00	0.000000e+00	0.000000e+00	
3	4.000000e-10	0.000000e+00	0.000000e+00	0.000000e+00	
4	8.000000e-10	0.000000e+00	0.000000e+00	0.000000e+00	
5	1.600000e-09	0.000000e+00	0.000000e+00	0.000000e+00	
6	3.200000e-09	0.000000e+00	0.000000e+00	0.000000e+00	
7	5.200000e-09	0.000000e+00	0.000000e+00	0.000000e+00	
8	5.210000e-09	0.000000e+00	0.000000e+00	0.000000e+00	
9	5.230000e-09	0.000000e+00	0.000000e+00	0.000000e+00	
10	5.270000e-09	0.000000e+00	0.000000e+00	0.000000e+00	
11	5.300000e-09	0.000000e+00	0.000000e+00	0.000000e+00	
12	5.308000e-09	0.000000e+00	0.000000e+00	0.000000e+00	
13	5.324000e-09	0.000000e+00	0.000000e+00	0.000000e+00	
14	5.356000e-09	0.000000e+00	0.000000e+00	0.000000e+00	
15	5.420000e-09	0.000000e+00	0.000000e+00	0.000000e+00	
16	5.548000e-09	0.000000e+00	0.000000e+00	0.000000e+00	
17	5.804000e-09	0.000000e+00	0.000000e+00	0.000000e+00	
18	6.200000e-09	0.000000e+00	0.000000e+00	0.000000e+00	
19	6.210000e-09	0.000000e+00	0.000000e+00	0.000000e+00	
20	6.230000e-09	0.000000e+00	0.000000e+00	0.000000e+00	
21	6.270000e-09	0.000000e+00	0.000000e+00	0.000000e+00	
22	6.300000e-09	0.000000e+00	0.000000e+00	0.000000e+00	
23	6.308000e-09	0.000000e+00	0.000000e+00	0.000000e+00	
24	6.324000e-09	0.000000e+00	0.000000e+00	0.000000e+00	
25	6.356000e-09	0.000000e+00	0.000000e+00	0.000000e+00	
26	6.420000e-09	0.000000e+00	0.000000e+00	0.000000e+00	
27	6.548000e-09	0.000000e+00	0.000000e+00	0.000000e+00	
28	6.804000e-09	0.000000e+00	0.000000e+00	0.000000e+00	
29	7.316000e-09	0.000000e+00	0.000000e+00	0.000000e+00	
30	8.200000e-09	0.000000e+00	0.000000e+00	0.000000e+00	
31	8.290000e-09	0.000000e+00	0.000000e+00	0.000000e+00	
32	8.470000e-09	0.000000e+00	0.000000e+00	0.000000e+00	
33	8.830000e-09	0.000000e+00	0.000000e+00	0.000000e+00	
34	9.100000e-09	0.000000e+00	0.000000e+00	0.000000e+00	
35	9.172000e-09	0.000000e+00	0.000000e+00	0.000000e+00	
36	9.200000e-09	0.000000e+00	0.000000e+00	0.000000e+00	
37	9.214400e-09	0.000000e+00	0.000000e+00	0.000000e+00	
38	9.243200e-09	0.000000e+00	0.000000e+00	0.000000e+00	
39	9.300800e-09	0.000000e+00	0.000000e+00	0.000000e+00	
40	9.416000e-09	0.000000e+00	0.000000e+00	0.000000e+00	
41	9.646400e-09	0.000000e+00	0.000000e+00	0.000000e+00	
42	1.000000e-08	0.000000e+00	0.000000e+00	0.000000e+00	
43	1.001000e-08	0.000000e+00	0.000000e+00	0.000000e+00	
44	1.003000e-08	0.000000e+00	0.000000e+00	0.000000e+00	
45	1.007000e-08	0.000000e+00	0.000000e+00	0.000000e+00	
46	1.010000e-08	0.000000e+00	0.000000e+00	0.000000e+00	
47	1.010800e-08	0.000000e+00	0.000000e+00	0.000000e+00	
48	1.012400e-08	0.000000e+00	0.000000e+00	0.000000e+00	
49	1.015600e-08	0.000000e+00	0.000000e+00	0.000000e+00	
50	1.022000e-08	0.000000e+00	0.000000e+00	0.000000e+00	
51	1.034800e-08	0.000000e+00	0.000000e+00	0.000000e+00	
52	1.060400e-08	0.000000e+00	0.000000e+00	0.000000e+00	
53	1.111600e-08	0.000000e+00	0.000000e+00	0.000000e+00	
54	1.214000e-08	0.000000e+00	0.000000e+00	0.000000e+00	

Index   time            a17#branch_1_0  a45#branch_1_0  a46#branch_1_0  
--------------------------------------------------------------------------------
55	1.418800e-08	0.000000e+00	0.000000e+00	0.000000e+00	
56	1.828400e-08	0.000000e+00	0.000000e+00	0.000000e+00	
57	2.647600e-08	0.000000e+00	0.000000e+00	0.000000e+00	
58	4.286000e-08	0.000000e+00	0.000000e+00	0.000000e+00	
59	7.562800e-08	0.000000e+00	0.000000e+00	0.000000e+00	
60	1.411640e-07	0.000000e+00	0.000000e+00	0.000000e+00	
61	2.722360e-07	0.000000e+00	0.000000e+00	0.000000e+00	
62	5.343800e-07	0.000000e+00	0.000000e+00	0.000000e+00	
63	1.058668e-06	0.000000e+00	0.000000e+00	0.000000e+00	
64	2.107244e-06	0.000000e+00	0.000000e+00	0.000000e+00	
65	4.204396e-06	0.000000e+00	0.000000e+00	0.000000e+00	
66	8.398700e-06	0.000000e+00	0.000000e+00	0.000000e+00	
67	1.678731e-05	0.000000e+00	0.000000e+00	0.000000e+00	
68	3.356452e-05	0.000000e+00	0.000000e+00	0.000000e+00	
69	6.711896e-05	0.000000e+00	0.000000e+00	0.000000e+00	
70	1.342278e-04	0.000000e+00	0.000000e+00	0.000000e+00	
71	2.684455e-04	0.000000e+00	0.000000e+00	0.000000e+00	
72	4.284455e-04	0.000000e+00	0.000000e+00	0.000000e+00	
73	5.000100e-04	0.000000e+00	0.000000e+00	0.000000e+00	
74	5.000110e-04	0.000000e+00	0.000000e+00	0.000000e+00	
75	5.000130e-04	0.000000e+00	0.000000e+00	0.000000e+00	
76	5.000170e-04	0.000000e+00	0.000000e+00	0.000000e+00	
77	5.000190e-04	0.000000e+00	0.000000e+00	0.000000e+00	
78	5.000191e-04	0.000000e+00	0.000000e+00	0.000000e+00	
79	5.000193e-04	0.000000e+00	0.000000e+00	0.000000e+00	
80	5.000196e-04	0.000000e+00	0.000000e+00	0.000000e+00	
81	5.000199e-04	0.000000e+00	0.000000e+00	0.000000e+00	
82	5.000199e-04	0.000000e+00	0.000000e+00	0.000000e+00	
83	5.000199e-04	0.000000e+00	0.000000e+00	0.000000e+00	
84	5.000200e-04	0.000000e+00	0.000000e+00	0.000000e+00	
85	5.000200e-04	0.000000e+00	0.000000e+00	0.000000e+00	
86	5.000200e-04	0.000000e+00	0.000000e+00	0.000000e+00	
87	5.000200e-04	0.000000e+00	0.000000e+00	0.000000e+00	
88	5.000201e-04	0.000000e+00	0.000000e+00	0.000000e+00	
89	5.000201e-04	0.000000e+00	0.000000e+00	0.000000e+00	
90	5.000202e-04	0.000000e+00	0.000000e+00	0.000000e+00	
91	5.000205e-04	0.000000e+00	0.000000e+00	0.000000e+00	
92	5.000210e-04	0.000000e+00	0.000000e+00	0.000000e+00	
93	5.000211e-04	0.000000e+00	0.000000e+00	0.000000e+00	
94	5.000212e-04	0.000000e+00	0.000000e+00	0.000000e+00	
95	5.000214e-04	0.000000e+00	0.000000e+00	0.000000e+00	
96	5.000218e-04	0.000000e+00	0.000000e+00	0.000000e+00	
97	5.000219e-04	0.000000e+00	0.000000e+00	0.000000e+00	
98	5.000220e-04	0.000000e+00	0.000000e+00	0.000000e+00	
99	5.000220e-04	0.000000e+00	0.000000e+00	0.000000e+00	
100	5.000220e-04	0.000000e+00	0.000000e+00	0.000000e+00	
101	5.000220e-04	0.000000e+00	0.000000e+00	0.000000e+00	
102	5.000221e-04	0.000000e+00	0.000000e+00	0.000000e+00	
103	5.000222e-04	0.000000e+00	0.000000e+00	0.000000e+00	
104	5.000225e-04	0.000000e+00	0.000000e+00	0.000000e+00	
105	5.000229e-04	0.000000e+00	0.000000e+00	0.000000e+00	
106	5.000230e-04	0.000000e+00	0.000000e+00	0.000000e+00	
107	5.000230e-04	0.000000e+00	0.000000e+00	0.000000e+00	
108	5.000230e-04	0.000000e+00	0.000000e+00	0.000000e+00	
109	5.000230e-04	0.000000e+00	0.000000e+00	0.000000e+00	
110	5.000231e-04	0.000000e+00	0.000000e+00	0.000000e+00	
111	5.000231e-04	0.000000e+00	0.000000e+00	0.000000e+00	
112	5.000231e-04	0.000000e+00	0.000000e+00	0.000000e+00	

Index   time            a17#branch_1_0  a45#branch_1_0  a46#branch_1_0  
--------------------------------------------------------------------------------
113	5.000231e-04	0.000000e+00	0.000000e+00	0.000000e+00	
114	5.000232e-04	0.000000e+00	0.000000e+00	0.000000e+00	
115	5.000232e-04	0.000000e+00	0.000000e+00	0.000000e+00	
116	5.000233e-04	0.000000e+00	0.000000e+00	0.000000e+00	
117	5.000236e-04	0.000000e+00	0.000000e+00	0.000000e+00	
118	5.000241e-04	0.000000e+00	0.000000e+00	0.000000e+00	
119	5.000250e-04	0.000000e+00	0.000000e+00	0.000000e+00	
120	5.000251e-04	0.000000e+00	0.000000e+00	0.000000e+00	
121	5.000253e-04	0.000000e+00	0.000000e+00	0.000000e+00	
122	5.000256e-04	0.000000e+00	0.000000e+00	0.000000e+00	
123	5.000259e-04	0.000000e+00	0.000000e+00	0.000000e+00	
124	5.000260e-04	0.000000e+00	0.000000e+00	0.000000e+00	
125	5.000261e-04	0.000000e+00	0.000000e+00	0.000000e+00	
126	5.000264e-04	0.000000e+00	0.000000e+00	0.000000e+00	
127	5.000270e-04	0.000000e+00	0.000000e+00	0.000000e+00	
128	5.000281e-04	0.000000e+00	0.000000e+00	0.000000e+00	
129	5.000291e-04	0.000000e+00	0.000000e+00	0.000000e+00	
130	5.000291e-04	0.000000e+00	0.000000e+00	0.000000e+00	
131	5.000291e-04	0.000000e+00	0.000000e+00	0.000000e+00	
132	5.000292e-04	0.000000e+00	0.000000e+00	0.000000e+00	
133	5.000292e-04	0.000000e+00	0.000000e+00	0.000000e+00	
134	5.000292e-04	0.000000e+00	0.000000e+00	0.000000e+00	
135	5.000292e-04	0.000000e+00	0.000000e+00	0.000000e+00	
136	5.000293e-04	0.000000e+00	0.000000e+00	0.000000e+00	
137	5.000293e-04	0.000000e+00	0.000000e+00	0.000000e+00	
138	5.000295e-04	0.000000e+00	0.000000e+00	0.000000e+00	
139	5.000297e-04	0.000000e+00	0.000000e+00	0.000000e+00	
140	5.000300e-04	0.000000e+00	0.000000e+00	0.000000e+00	
141	5.000301e-04	0.000000e+00	0.000000e+00	0.000000e+00	
142	5.000302e-04	0.000000e+00	0.000000e+00	0.000000e+00	
143	5.000304e-04	0.000000e+00	0.000000e+00	0.000000e+00	
144	5.000308e-04	0.000000e+00	0.000000e+00	0.000000e+00	
145	5.000316e-04	0.000000e+00	0.000000e+00	0.000000e+00	
146	5.000332e-04	0.000000e+00	0.000000e+00	0.000000e+00	
147	5.000365e-04	0.000000e+00	0.000000e+00	0.000000e+00	
148	5.000431e-04	0.000000e+00	0.000000e+00	0.000000e+00	
149	5.000562e-04	0.000000e+00	0.000000e+00	0.000000e+00	
150	5.000824e-04	0.000000e+00	0.000000e+00	0.000000e+00	
151	5.001348e-04	0.000000e+00	0.000000e+00	0.000000e+00	
152	5.002397e-04	0.000000e+00	0.000000e+00	0.000000e+00	
153	5.004494e-04	0.000000e+00	0.000000e+00	0.000000e+00	
154	5.008688e-04	0.000000e+00	0.000000e+00	0.000000e+00	
155	5.017077e-04	0.000000e+00	0.000000e+00	0.000000e+00	
156	5.033854e-04	0.000000e+00	0.000000e+00	0.000000e+00	
157	5.067408e-04	0.000000e+00	0.000000e+00	0.000000e+00	
158	5.134517e-04	0.000000e+00	0.000000e+00	0.000000e+00	
159	5.268735e-04	0.000000e+00	0.000000e+00	0.000000e+00	
160	5.537170e-04	0.000000e+00	0.000000e+00	0.000000e+00	
161	6.074041e-04	0.000000e+00	0.000000e+00	0.000000e+00	
162	7.147783e-04	0.000000e+00	0.000000e+00	0.000000e+00	
163	8.747783e-04	0.000000e+00	0.000000e+00	0.000000e+00	
164	1.000000e-03	0.000000e+00	0.000000e+00	0.000000e+00	
165	1.000001e-03	0.000000e+00	0.000000e+00	0.000000e+00	
166	1.000003e-03	0.000000e+00	0.000000e+00	0.000000e+00	
167	1.000005e-03	0.000000e+00	0.000000e+00	0.000000e+00	
168	1.000005e-03	0.000000e+00	0.000000e+00	0.000000e+00	
169	1.000005e-03	0.000000e+00	0.000000e+00	0.000000e+00	
170	1.000005e-03	0.000000e+00	0.000000e+00	0.000000e+00	

Index   time            a17#branch_1_0  a45#branch_1_0  a46#branch_1_0  
--------------------------------------------------------------------------------
171	1.000005e-03	0.000000e+00	0.000000e+00	0.000000e+00	
172	1.000005e-03	0.000000e+00	0.000000e+00	0.000000e+00	
173	1.000005e-03	0.000000e+00	0.000000e+00	0.000000e+00	
174	1.000005e-03	0.000000e+00	0.000000e+00	0.000000e+00	
175	1.000005e-03	0.000000e+00	0.000000e+00	0.000000e+00	
176	1.000005e-03	0.000000e+00	0.000000e+00	0.000000e+00	
177	1.000006e-03	0.000000e+00	0.000000e+00	0.000000e+00	
178	1.000006e-03	0.000000e+00	0.000000e+00	0.000000e+00	
179	1.000007e-03	0.000000e+00	0.000000e+00	0.000000e+00	
180	1.000007e-03	0.000000e+00	0.000000e+00	0.000000e+00	
181	1.000007e-03	0.000000e+00	0.000000e+00	0.000000e+00	
182	1.000007e-03	0.000000e+00	0.000000e+00	0.000000e+00	
183	1.000007e-03	0.000000e+00	0.000000e+00	0.000000e+00	
184	1.000007e-03	0.000000e+00	0.000000e+00	0.000000e+00	
185	1.000007e-03	0.000000e+00	0.000000e+00	0.000000e+00	
186	1.000007e-03	0.000000e+00	0.000000e+00	0.000000e+00	
187	1.000007e-03	0.000000e+00	0.000000e+00	0.000000e+00	
188	1.000007e-03	0.000000e+00	0.000000e+00	0.000000e+00	
189	1.000008e-03	0.000000e+00	0.000000e+00	0.000000e+00	
190	1.000008e-03	0.000000e+00	0.000000e+00	0.000000e+00	
191	1.000008e-03	0.000000e+00	0.000000e+00	0.000000e+00	
192	1.000008e-03	0.000000e+00	0.000000e+00	0.000000e+00	
193	1.000008e-03	0.000000e+00	0.000000e+00	0.000000e+00	
194	1.000009e-03	0.000000e+00	0.000000e+00	0.000000e+00	
195	1.000009e-03	0.000000e+00	0.000000e+00	0.000000e+00	
196	1.000009e-03	0.000000e+00	0.000000e+00	0.000000e+00	
197	1.000009e-03	0.000000e+00	0.000000e+00	0.000000e+00	
198	1.000009e-03	0.000000e+00	0.000000e+00	0.000000e+00	
199	1.000009e-03	0.000000e+00	0.000000e+00	0.000000e+00	
200	1.000009e-03	0.000000e+00	0.000000e+00	0.000000e+00	
201	1.000009e-03	0.000000e+00	0.000000e+00	0.000000e+00	
202	1.000010e-03	0.000000e+00	0.000000e+00	0.000000e+00	
203	1.000010e-03	0.000000e+00	0.000000e+00	0.000000e+00	
204	1.000010e-03	0.000000e+00	0.000000e+00	0.000000e+00	
205	1.000010e-03	0.000000e+00	0.000000e+00	0.000000e+00	
206	1.000010e-03	0.000000e+00	0.000000e+00	0.000000e+00	
207	1.000010e-03	0.000000e+00	0.000000e+00	0.000000e+00	
208	1.000010e-03	0.000000e+00	0.000000e+00	0.000000e+00	
209	1.000010e-03	0.000000e+00	0.000000e+00	0.000000e+00	
210	1.000010e-03	0.000000e+00	0.000000e+00	0.000000e+00	
211	1.000010e-03	0.000000e+00	0.000000e+00	0.000000e+00	
212	1.000010e-03	0.000000e+00	0.000000e+00	0.000000e+00	
213	1.000011e-03	0.000000e+00	0.000000e+00	0.000000e+00	
214	1.000011e-03	0.000000e+00	0.000000e+00	0.000000e+00	
215	1.000012e-03	0.000000e+00	0.000000e+00	0.000000e+00	
216	1.000014e-03	0.000000e+00	0.000000e+00	0.000000e+00	
217	1.000018e-03	0.000000e+00	0.000000e+00	0.000000e+00	
218	1.000020e-03	0.000000e+00	0.000000e+00	0.000000e+00	
219	1.000021e-03	0.000000e+00	0.000000e+00	0.000000e+00	
220	1.000022e-03	0.000000e+00	0.000000e+00	0.000000e+00	
221	1.000022e-03	0.000000e+00	0.000000e+00	0.000000e+00	
222	1.000022e-03	0.000000e+00	0.000000e+00	0.000000e+00	
223	1.000023e-03	0.000000e+00	0.000000e+00	0.000000e+00	
224	1.000023e-03	0.000000e+00	0.000000e+00	0.000000e+00	
225	1.000023e-03	0.000000e+00	0.000000e+00	0.000000e+00	
226	1.000023e-03	0.000000e+00	0.000000e+00	0.000000e+00	
227	1.000024e-03	0.000000e+00	0.000000e+00	0.000000e+00	
228	1.000024e-03	0.000000e+00	0.000000e+00	0.000000e+00	

Index   time            a17#branch_1_0  a45#branch_1_0  a46#branch_1_0  
--------------------------------------------------------------------------------
229	1.000026e-03	0.000000e+00	0.000000e+00	0.000000e+00	
230	1.000028e-03	0.000000e+00	0.000000e+00	0.000000e+00	
231	1.000033e-03	0.000000e+00	0.000000e+00	0.000000e+00	
232	1.000044e-03	0.000000e+00	0.000000e+00	0.000000e+00	
233	1.000064e-03	0.000000e+00	0.000000e+00	0.000000e+00	
234	1.000105e-03	0.000000e+00	0.000000e+00	0.000000e+00	
235	1.000187e-03	0.000000e+00	0.000000e+00	0.000000e+00	
236	1.000351e-03	0.000000e+00	0.000000e+00	0.000000e+00	
237	1.000678e-03	0.000000e+00	0.000000e+00	0.000000e+00	
238	1.001334e-03	0.000000e+00	0.000000e+00	0.000000e+00	
239	1.002645e-03	0.000000e+00	0.000000e+00	0.000000e+00	
240	1.005266e-03	0.000000e+00	0.000000e+00	0.000000e+00	
241	1.010509e-03	0.000000e+00	0.000000e+00	0.000000e+00	
242	1.020995e-03	0.000000e+00	0.000000e+00	0.000000e+00	
243	1.041966e-03	0.000000e+00	0.000000e+00	0.000000e+00	
244	1.083909e-03	0.000000e+00	0.000000e+00	0.000000e+00	
245	1.167795e-03	0.000000e+00	0.000000e+00	0.000000e+00	
246	1.327795e-03	0.000000e+00	0.000000e+00	0.000000e+00	
247	1.487795e-03	0.000000e+00	0.000000e+00	0.000000e+00	
248	1.500010e-03	0.000000e+00	0.000000e+00	0.000000e+00	
249	1.500011e-03	0.000000e+00	0.000000e+00	0.000000e+00	
250	1.500013e-03	0.000000e+00	0.000000e+00	0.000000e+00	
251	1.500017e-03	0.000000e+00	0.000000e+00	0.000000e+00	
252	1.500019e-03	0.000000e+00	0.000000e+00	0.000000e+00	
253	1.500019e-03	0.000000e+00	0.000000e+00	0.000000e+00	
254	1.500019e-03	0.000000e+00	0.000000e+00	0.000000e+00	
255	1.500020e-03	0.000000e+00	0.000000e+00	0.000000e+00	
256	1.500020e-03	0.000000e+00	0.000000e+00	0.000000e+00	
257	1.500020e-03	0.000000e+00	0.000000e+00	0.000000e+00	
258	1.500020e-03	0.000000e+00	0.000000e+00	0.000000e+00	
259	1.500020e-03	0.000000e+00	0.000000e+00	0.000000e+00	
260	1.500020e-03	0.000000e+00	0.000000e+00	0.000000e+00	
261	1.500020e-03	0.000000e+00	0.000000e+00	0.000000e+00	
262	1.500020e-03	0.000000e+00	0.000000e+00	0.000000e+00	
263	1.500020e-03	0.000000e+00	0.000000e+00	0.000000e+00	
264	1.500020e-03	0.000000e+00	0.000000e+00	0.000000e+00	
265	1.500020e-03	0.000000e+00	0.000000e+00	0.000000e+00	
266	1.500021e-03	0.000000e+00	0.000000e+00	0.000000e+00	
267	1.500021e-03	0.000000e+00	0.000000e+00	0.000000e+00	
268	1.500021e-03	0.000000e+00	0.000000e+00	0.000000e+00	
269	1.500021e-03	0.000000e+00	0.000000e+00	0.000000e+00	
270	1.500021e-03	0.000000e+00	0.000000e+00	0.000000e+00	
271	1.500022e-03	0.000000e+00	0.000000e+00	0.000000e+00	
272	1.500022e-03	0.000000e+00	0.000000e+00	0.000000e+00	
273	1.500022e-03	0.000000e+00	0.000000e+00	0.000000e+00	
274	1.500022e-03	0.000000e+00	0.000000e+00	0.000000e+00	
275	1.500022e-03	0.000000e+00	0.000000e+00	0.000000e+00	
276	1.500022e-03	0.000000e+00	0.000000e+00	0.000000e+00	
277	1.500022e-03	0.000000e+00	0.000000e+00	0.000000e+00	
278	1.500022e-03	0.000000e+00	0.000000e+00	0.000000e+00	
279	1.500023e-03	0.000000e+00	0.000000e+00	0.000000e+00	
280	1.500023e-03	0.000000e+00	0.000000e+00	0.000000e+00	
281	1.500023e-03	0.000000e+00	0.000000e+00	0.000000e+00	
282	1.500023e-03	0.000000e+00	0.000000e+00	0.000000e+00	
283	1.500023e-03	0.000000e+00	0.000000e+00	0.000000e+00	
284	1.500023e-03	0.000000e+00	0.000000e+00	0.000000e+00	
285	1.500023e-03	0.000000e+00	0.000000e+00	0.000000e+00	
286	1.500023e-03	0.000000e+00	0.000000e+00	0.000000e+00	

Index   time            a17#branch_1_0  a45#branch_1_0  a46#branch_1_0  
--------------------------------------------------------------------------------
287	1.500023e-03	0.000000e+00	0.000000e+00	0.000000e+00	
288	1.500023e-03	0.000000e+00	0.000000e+00	0.000000e+00	
289	1.500023e-03	0.000000e+00	0.000000e+00	0.000000e+00	
290	1.500023e-03	0.000000e+00	0.000000e+00	0.000000e+00	
291	1.500023e-03	0.000000e+00	0.000000e+00	0.000000e+00	
292	1.500024e-03	0.000000e+00	0.000000e+00	0.000000e+00	
293	1.500024e-03	0.000000e+00	0.000000e+00	0.000000e+00	
294	1.500025e-03	0.000000e+00	0.000000e+00	0.000000e+00	
295	1.500025e-03	0.000000e+00	0.000000e+00	0.000000e+00	
296	1.500025e-03	0.000000e+00	0.000000e+00	0.000000e+00	
297	1.500026e-03	0.000000e+00	0.000000e+00	0.000000e+00	
298	1.500026e-03	0.000000e+00	0.000000e+00	0.000000e+00	
299	1.500026e-03	0.000000e+00	0.000000e+00	0.000000e+00	
300	1.500026e-03	0.000000e+00	0.000000e+00	0.000000e+00	
301	1.500026e-03	0.000000e+00	0.000000e+00	0.000000e+00	
302	1.500027e-03	0.000000e+00	0.000000e+00	0.000000e+00	
303	1.500028e-03	0.000000e+00	0.000000e+00	0.000000e+00	
304	1.500029e-03	0.000000e+00	0.000000e+00	0.000000e+00	
305	1.500029e-03	0.000000e+00	0.000000e+00	0.000000e+00	
306	1.500029e-03	0.000000e+00	0.000000e+00	0.000000e+00	
307	1.500029e-03	0.000000e+00	0.000000e+00	0.000000e+00	
308	1.500029e-03	0.000000e+00	0.000000e+00	0.000000e+00	
309	1.500029e-03	0.000000e+00	0.000000e+00	0.000000e+00	
310	1.500029e-03	0.000000e+00	0.000000e+00	0.000000e+00	
311	1.500029e-03	0.000000e+00	0.000000e+00	0.000000e+00	
312	1.500029e-03	0.000000e+00	0.000000e+00	0.000000e+00	
313	1.500029e-03	0.000000e+00	0.000000e+00	0.000000e+00	
314	1.500030e-03	0.000000e+00	0.000000e+00	0.000000e+00	
315	1.500030e-03	0.000000e+00	0.000000e+00	0.000000e+00	
316	1.500030e-03	0.000000e+00	0.000000e+00	0.000000e+00	
317	1.500030e-03	0.000000e+00	0.000000e+00	0.000000e+00	
318	1.500030e-03	0.000000e+00	0.000000e+00	0.000000e+00	
319	1.500031e-03	0.000000e+00	0.000000e+00	0.000000e+00	
320	1.500032e-03	0.000000e+00	0.000000e+00	0.000000e+00	
321	1.500033e-03	0.000000e+00	0.000000e+00	0.000000e+00	
322	1.500037e-03	0.000000e+00	0.000000e+00	0.000000e+00	
323	1.500043e-03	0.000000e+00	0.000000e+00	0.000000e+00	
324	1.500056e-03	0.000000e+00	0.000000e+00	0.000000e+00	
325	1.500082e-03	0.000000e+00	0.000000e+00	0.000000e+00	
326	1.500135e-03	0.000000e+00	0.000000e+00	0.000000e+00	
327	1.500240e-03	0.000000e+00	0.000000e+00	0.000000e+00	
328	1.500449e-03	0.000000e+00	0.000000e+00	0.000000e+00	
329	1.500869e-03	0.000000e+00	0.000000e+00	0.000000e+00	
330	1.501708e-03	0.000000e+00	0.000000e+00	0.000000e+00	
331	1.503385e-03	0.000000e+00	0.000000e+00	0.000000e+00	
332	1.506741e-03	0.000000e+00	0.000000e+00	0.000000e+00	
333	1.513452e-03	0.000000e+00	0.000000e+00	0.000000e+00	
334	1.526873e-03	0.000000e+00	0.000000e+00	0.000000e+00	
335	1.553717e-03	0.000000e+00	0.000000e+00	0.000000e+00	
336	1.607404e-03	0.000000e+00	0.000000e+00	0.000000e+00	
337	1.714778e-03	0.000000e+00	0.000000e+00	0.000000e+00	
338	1.874778e-03	0.000000e+00	0.000000e+00	0.000000e+00	
339	2.000000e-03	0.000000e+00	0.000000e+00	0.000000e+00	
340	2.000001e-03	0.000000e+00	0.000000e+00	0.000000e+00	
341	2.000003e-03	0.000000e+00	0.000000e+00	0.000000e+00	
342	2.000005e-03	0.000000e+00	0.000000e+00	0.000000e+00	
343	2.000005e-03	0.000000e+00	0.000000e+00	0.000000e+00	
344	2.000005e-03	0.000000e+00	0.000000e+00	0.000000e+00	

Index   time            a17#branch_1_0  a45#branch_1_0  a46#branch_1_0  
--------------------------------------------------------------------------------
345	2.000005e-03	0.000000e+00	0.000000e+00	0.000000e+00	
346	2.000005e-03	0.000000e+00	0.000000e+00	0.000000e+00	
347	2.000005e-03	0.000000e+00	0.000000e+00	0.000000e+00	
348	2.000005e-03	0.000000e+00	0.000000e+00	0.000000e+00	
349	2.000005e-03	0.000000e+00	0.000000e+00	0.000000e+00	
350	2.000005e-03	0.000000e+00	0.000000e+00	0.000000e+00	
351	2.000005e-03	0.000000e+00	0.000000e+00	0.000000e+00	
352	2.000006e-03	0.000000e+00	0.000000e+00	0.000000e+00	
353	2.000006e-03	0.000000e+00	0.000000e+00	0.000000e+00	
354	2.000006e-03	0.000000e+00	0.000000e+00	0.000000e+00	
355	2.000006e-03	0.000000e+00	0.000000e+00	0.000000e+00	
356	2.000006e-03	0.000000e+00	0.000000e+00	0.000000e+00	
357	2.000006e-03	0.000000e+00	0.000000e+00	0.000000e+00	
358	2.000006e-03	0.000000e+00	0.000000e+00	0.000000e+00	
359	2.000006e-03	0.000000e+00	0.000000e+00	0.000000e+00	
360	2.000006e-03	0.000000e+00	0.000000e+00	0.000000e+00	
361	2.000006e-03	0.000000e+00	0.000000e+00	0.000000e+00	
362	2.000006e-03	0.000000e+00	0.000000e+00	0.000000e+00	
363	2.000007e-03	0.000000e+00	0.000000e+00	0.000000e+00	
364	2.000007e-03	0.000000e+00	0.000000e+00	0.000000e+00	
365	2.000007e-03	0.000000e+00	0.000000e+00	0.000000e+00	
366	2.000007e-03	0.000000e+00	0.000000e+00	0.000000e+00	
367	2.000007e-03	0.000000e+00	0.000000e+00	0.000000e+00	
368	2.000007e-03	0.000000e+00	0.000000e+00	0.000000e+00	
369	2.000007e-03	0.000000e+00	0.000000e+00	0.000000e+00	
370	2.000007e-03	0.000000e+00	0.000000e+00	0.000000e+00	
371	2.000007e-03	0.000000e+00	0.000000e+00	0.000000e+00	
372	2.000007e-03	0.000000e+00	0.000000e+00	0.000000e+00	
373	2.000007e-03	0.000000e+00	0.000000e+00	0.000000e+00	
374	2.000008e-03	0.000000e+00	0.000000e+00	0.000000e+00	
375	2.000008e-03	0.000000e+00	0.000000e+00	0.000000e+00	
376	2.000008e-03	0.000000e+00	0.000000e+00	0.000000e+00	
377	2.000008e-03	0.000000e+00	0.000000e+00	0.000000e+00	
378	2.000008e-03	0.000000e+00	0.000000e+00	0.000000e+00	
379	2.000009e-03	0.000000e+00	0.000000e+00	0.000000e+00	
380	2.000009e-03	0.000000e+00	0.000000e+00	0.000000e+00	
381	2.000009e-03	0.000000e+00	0.000000e+00	0.000000e+00	
382	2.000009e-03	0.000000e+00	0.000000e+00	0.000000e+00	
383	2.000009e-03	0.000000e+00	0.000000e+00	0.000000e+00	
384	2.000009e-03	0.000000e+00	0.000000e+00	0.000000e+00	
385	2.000009e-03	0.000000e+00	0.000000e+00	0.000000e+00	
386	2.000009e-03	0.000000e+00	0.000000e+00	0.000000e+00	
387	2.000010e-03	0.000000e+00	0.000000e+00	0.000000e+00	
388	2.000010e-03	0.000000e+00	0.000000e+00	0.000000e+00	
389	2.000010e-03	0.000000e+00	0.000000e+00	0.000000e+00	
390	2.000010e-03	0.000000e+00	0.000000e+00	0.000000e+00	
391	2.000010e-03	0.000000e+00	0.000000e+00	0.000000e+00	
392	2.000010e-03	0.000000e+00	0.000000e+00	0.000000e+00	
393	2.000010e-03	0.000000e+00	0.000000e+00	0.000000e+00	
394	2.000010e-03	0.000000e+00	0.000000e+00	0.000000e+00	
395	2.000010e-03	0.000000e+00	0.000000e+00	0.000000e+00	
396	2.000010e-03	0.000000e+00	0.000000e+00	0.000000e+00	
397	2.000010e-03	0.000000e+00	0.000000e+00	0.000000e+00	
398	2.000011e-03	0.000000e+00	0.000000e+00	0.000000e+00	
399	2.000011e-03	0.000000e+00	0.000000e+00	0.000000e+00	
400	2.000012e-03	0.000000e+00	0.000000e+00	0.000000e+00	
401	2.000014e-03	0.000000e+00	0.000000e+00	0.000000e+00	
402	2.000018e-03	0.000000e+00	0.000000e+00	0.000000e+00	

Index   time            a17#branch_1_0  a45#branch_1_0  a46#branch_1_0  
--------------------------------------------------------------------------------
403	2.000020e-03	0.000000e+00	0.000000e+00	0.000000e+00	
404	2.000021e-03	0.000000e+00	0.000000e+00	0.000000e+00	
405	2.000022e-03	0.000000e+00	0.000000e+00	0.000000e+00	
406	2.000022e-03	0.000000e+00	0.000000e+00	0.000000e+00	
407	2.000022e-03	0.000000e+00	0.000000e+00	0.000000e+00	
408	2.000023e-03	0.000000e+00	0.000000e+00	0.000000e+00	
409	2.000023e-03	0.000000e+00	0.000000e+00	0.000000e+00	
410	2.000023e-03	0.000000e+00	0.000000e+00	0.000000e+00	
411	2.000023e-03	0.000000e+00	0.000000e+00	0.000000e+00	
412	2.000024e-03	0.000000e+00	0.000000e+00	0.000000e+00	
413	2.000024e-03	0.000000e+00	0.000000e+00	0.000000e+00	
414	2.000026e-03	0.000000e+00	0.000000e+00	0.000000e+00	
415	2.000028e-03	0.000000e+00	0.000000e+00	0.000000e+00	
416	2.000033e-03	0.000000e+00	0.000000e+00	0.000000e+00	
417	2.000044e-03	0.000000e+00	0.000000e+00	0.000000e+00	
418	2.000064e-03	0.000000e+00	0.000000e+00	0.000000e+00	
419	2.000105e-03	0.000000e+00	0.000000e+00	0.000000e+00	
420	2.000187e-03	0.000000e+00	0.000000e+00	0.000000e+00	
421	2.000351e-03	0.000000e+00	0.000000e+00	0.000000e+00	
422	2.000678e-03	0.000000e+00	0.000000e+00	0.000000e+00	
423	2.001334e-03	0.000000e+00	0.000000e+00	0.000000e+00	
424	2.002645e-03	0.000000e+00	0.000000e+00	0.000000e+00	
425	2.005266e-03	0.000000e+00	0.000000e+00	0.000000e+00	
426	2.010509e-03	0.000000e+00	0.000000e+00	0.000000e+00	
427	2.020995e-03	0.000000e+00	0.000000e+00	0.000000e+00	
428	2.041966e-03	0.000000e+00	0.000000e+00	0.000000e+00	
429	2.083909e-03	0.000000e+00	0.000000e+00	0.000000e+00	
430	2.167795e-03	0.000000e+00	0.000000e+00	0.000000e+00	
431	2.327795e-03	0.000000e+00	0.000000e+00	0.000000e+00	
432	2.487795e-03	0.000000e+00	0.000000e+00	0.000000e+00	
433	2.500010e-03	0.000000e+00	0.000000e+00	0.000000e+00	
434	2.500011e-03	0.000000e+00	0.000000e+00	0.000000e+00	
435	2.500013e-03	0.000000e+00	0.000000e+00	0.000000e+00	
436	2.500017e-03	0.000000e+00	0.000000e+00	0.000000e+00	
437	2.500019e-03	0.000000e+00	0.000000e+00	0.000000e+00	
438	2.500019e-03	0.000000e+00	0.000000e+00	0.000000e+00	
439	2.500019e-03	0.000000e+00	0.000000e+00	0.000000e+00	
440	2.500020e-03	0.000000e+00	0.000000e+00	0.000000e+00	
441	2.500020e-03	0.000000e+00	0.000000e+00	0.000000e+00	
442	2.500020e-03	0.000000e+00	0.000000e+00	0.000000e+00	
443	2.500020e-03	0.000000e+00	0.000000e+00	0.000000e+00	
444	2.500020e-03	0.000000e+00	0.000000e+00	0.000000e+00	
445	2.500020e-03	0.000000e+00	0.000000e+00	0.000000e+00	
446	2.500020e-03	0.000000e+00	0.000000e+00	0.000000e+00	
447	2.500020e-03	0.000000e+00	0.000000e+00	0.000000e+00	
448	2.500020e-03	0.000000e+00	0.000000e+00	0.000000e+00	
449	2.500020e-03	0.000000e+00	0.000000e+00	0.000000e+00	
450	2.500020e-03	0.000000e+00	0.000000e+00	0.000000e+00	
451	2.500021e-03	0.000000e+00	0.000000e+00	0.000000e+00	
452	2.500021e-03	0.000000e+00	0.000000e+00	0.000000e+00	
453	2.500021e-03	0.000000e+00	0.000000e+00	0.000000e+00	
454	2.500021e-03	0.000000e+00	0.000000e+00	0.000000e+00	
455	2.500021e-03	0.000000e+00	0.000000e+00	0.000000e+00	
456	2.500022e-03	0.000000e+00	0.000000e+00	0.000000e+00	
457	2.500022e-03	0.000000e+00	0.000000e+00	0.000000e+00	
458	2.500022e-03	0.000000e+00	0.000000e+00	0.000000e+00	
459	2.500022e-03	0.000000e+00	0.000000e+00	0.000000e+00	
460	2.500022e-03	0.000000e+00	0.000000e+00	0.000000e+00	

Index   time            a17#branch_1_0  a45#branch_1_0  a46#branch_1_0  
--------------------------------------------------------------------------------
461	2.500022e-03	0.000000e+00	0.000000e+00	0.000000e+00	
462	2.500022e-03	0.000000e+00	0.000000e+00	0.000000e+00	
463	2.500022e-03	0.000000e+00	0.000000e+00	0.000000e+00	
464	2.500023e-03	0.000000e+00	0.000000e+00	0.000000e+00	
465	2.500023e-03	0.000000e+00	0.000000e+00	0.000000e+00	
466	2.500023e-03	0.000000e+00	0.000000e+00	0.000000e+00	
467	2.500023e-03	0.000000e+00	0.000000e+00	0.000000e+00	
468	2.500023e-03	0.000000e+00	0.000000e+00	0.000000e+00	
469	2.500023e-03	0.000000e+00	0.000000e+00	0.000000e+00	
470	2.500023e-03	0.000000e+00	0.000000e+00	0.000000e+00	
471	2.500023e-03	0.000000e+00	0.000000e+00	0.000000e+00	
472	2.500023e-03	0.000000e+00	0.000000e+00	0.000000e+00	
473	2.500023e-03	0.000000e+00	0.000000e+00	0.000000e+00	
474	2.500023e-03	0.000000e+00	0.000000e+00	0.000000e+00	
475	2.500023e-03	0.000000e+00	0.000000e+00	0.000000e+00	
476	2.500023e-03	0.000000e+00	0.000000e+00	0.000000e+00	
477	2.500024e-03	0.000000e+00	0.000000e+00	0.000000e+00	
478	2.500024e-03	0.000000e+00	0.000000e+00	0.000000e+00	
479	2.500025e-03	0.000000e+00	0.000000e+00	0.000000e+00	
480	2.500025e-03	0.000000e+00	0.000000e+00	0.000000e+00	
481	2.500025e-03	0.000000e+00	0.000000e+00	0.000000e+00	
482	2.500026e-03	0.000000e+00	0.000000e+00	0.000000e+00	
483	2.500026e-03	0.000000e+00	0.000000e+00	0.000000e+00	
484	2.500026e-03	0.000000e+00	0.000000e+00	0.000000e+00	
485	2.500026e-03	0.000000e+00	0.000000e+00	0.000000e+00	
486	2.500026e-03	0.000000e+00	0.000000e+00	0.000000e+00	
487	2.500027e-03	0.000000e+00	0.000000e+00	0.000000e+00	
488	2.500028e-03	0.000000e+00	0.000000e+00	0.000000e+00	
489	2.500029e-03	0.000000e+00	0.000000e+00	0.000000e+00	
490	2.500029e-03	0.000000e+00	0.000000e+00	0.000000e+00	
491	2.500029e-03	0.000000e+00	0.000000e+00	0.000000e+00	
492	2.500029e-03	0.000000e+00	0.000000e+00	0.000000e+00	
493	2.500029e-03	0.000000e+00	0.000000e+00	0.000000e+00	
494	2.500029e-03	0.000000e+00	0.000000e+00	0.000000e+00	
495	2.500029e-03	0.000000e+00	0.000000e+00	0.000000e+00	
496	2.500029e-03	0.000000e+00	0.000000e+00	0.000000e+00	
497	2.500029e-03	0.000000e+00	0.000000e+00	0.000000e+00	
498	2.500029e-03	0.000000e+00	0.000000e+00	0.000000e+00	
499	2.500030e-03	0.000000e+00	0.000000e+00	0.000000e+00	
500	2.500030e-03	0.000000e+00	0.000000e+00	0.000000e+00	
501	2.500030e-03	0.000000e+00	0.000000e+00	0.000000e+00	
502	2.500030e-03	0.000000e+00	0.000000e+00	0.000000e+00	
503	2.500030e-03	0.000000e+00	0.000000e+00	0.000000e+00	
504	2.500031e-03	0.000000e+00	0.000000e+00	0.000000e+00	
505	2.500032e-03	0.000000e+00	0.000000e+00	0.000000e+00	
506	2.500033e-03	0.000000e+00	0.000000e+00	0.000000e+00	
507	2.500037e-03	0.000000e+00	0.000000e+00	0.000000e+00	
508	2.500043e-03	0.000000e+00	0.000000e+00	0.000000e+00	
509	2.500056e-03	0.000000e+00	0.000000e+00	0.000000e+00	
510	2.500082e-03	0.000000e+00	0.000000e+00	0.000000e+00	
511	2.500135e-03	0.000000e+00	0.000000e+00	0.000000e+00	
512	2.500240e-03	0.000000e+00	0.000000e+00	0.000000e+00	
513	2.500449e-03	0.000000e+00	0.000000e+00	0.000000e+00	
514	2.500869e-03	0.000000e+00	0.000000e+00	0.000000e+00	
515	2.501708e-03	0.000000e+00	0.000000e+00	0.000000e+00	
516	2.503385e-03	0.000000e+00	0.000000e+00	0.000000e+00	
517	2.506741e-03	0.000000e+00	0.000000e+00	0.000000e+00	
518	2.513452e-03	0.000000e+00	0.000000e+00	0.000000e+00	

Index   time            a17#branch_1_0  a45#branch_1_0  a46#branch_1_0  
--------------------------------------------------------------------------------
519	2.526873e-03	0.000000e+00	0.000000e+00	0.000000e+00	
520	2.553717e-03	0.000000e+00	0.000000e+00	0.000000e+00	
521	2.607404e-03	0.000000e+00	0.000000e+00	0.000000e+00	
522	2.714778e-03	0.000000e+00	0.000000e+00	0.000000e+00	
523	2.874778e-03	0.000000e+00	0.000000e+00	0.000000e+00	
524	3.000000e-03	0.000000e+00	0.000000e+00	0.000000e+00	
525	3.000001e-03	0.000000e+00	0.000000e+00	0.000000e+00	
526	3.000003e-03	0.000000e+00	0.000000e+00	0.000000e+00	
527	3.000005e-03	0.000000e+00	0.000000e+00	0.000000e+00	
528	3.000005e-03	0.000000e+00	0.000000e+00	0.000000e+00	
529	3.000005e-03	0.000000e+00	0.000000e+00	0.000000e+00	
530	3.000005e-03	0.000000e+00	0.000000e+00	0.000000e+00	
531	3.000005e-03	0.000000e+00	0.000000e+00	0.000000e+00	
532	3.000005e-03	0.000000e+00	0.000000e+00	0.000000e+00	
533	3.000005e-03	0.000000e+00	0.000000e+00	0.000000e+00	
534	3.000005e-03	0.000000e+00	0.000000e+00	0.000000e+00	
535	3.000005e-03	0.000000e+00	0.000000e+00	0.000000e+00	
536	3.000005e-03	0.000000e+00	0.000000e+00	0.000000e+00	
537	3.000006e-03	0.000000e+00	0.000000e+00	0.000000e+00	
538	3.000006e-03	0.000000e+00	0.000000e+00	0.000000e+00	
539	3.000007e-03	0.000000e+00	0.000000e+00	0.000000e+00	
540	3.000007e-03	0.000000e+00	0.000000e+00	0.000000e+00	
541	3.000007e-03	0.000000e+00	0.000000e+00	0.000000e+00	
542	3.000007e-03	0.000000e+00	0.000000e+00	0.000000e+00	
543	3.000007e-03	0.000000e+00	0.000000e+00	0.000000e+00	
544	3.000007e-03	0.000000e+00	0.000000e+00	0.000000e+00	
545	3.000007e-03	0.000000e+00	0.000000e+00	0.000000e+00	
546	3.000007e-03	0.000000e+00	0.000000e+00	0.000000e+00	
547	3.000007e-03	0.000000e+00	0.000000e+00	0.000000e+00	
548	3.000007e-03	0.000000e+00	0.000000e+00	0.000000e+00	
549	3.000008e-03	0.000000e+00	0.000000e+00	0.000000e+00	
550	3.000008e-03	0.000000e+00	0.000000e+00	0.000000e+00	
551	3.000008e-03	0.000000e+00	0.000000e+00	0.000000e+00	
552	3.000008e-03	0.000000e+00	0.000000e+00	0.000000e+00	
553	3.000008e-03	0.000000e+00	0.000000e+00	0.000000e+00	
554	3.000009e-03	0.000000e+00	0.000000e+00	0.000000e+00	
555	3.000009e-03	0.000000e+00	0.000000e+00	0.000000e+00	
556	3.000009e-03	0.000000e+00	0.000000e+00	0.000000e+00	
557	3.000009e-03	0.000000e+00	0.000000e+00	0.000000e+00	
558	3.000009e-03	0.000000e+00	0.000000e+00	0.000000e+00	
559	3.000009e-03	0.000000e+00	0.000000e+00	0.000000e+00	
560	3.000009e-03	0.000000e+00	0.000000e+00	0.000000e+00	
561	3.000009e-03	0.000000e+00	0.000000e+00	0.000000e+00	
562	3.000010e-03	0.000000e+00	0.000000e+00	0.000000e+00	
563	3.000010e-03	0.000000e+00	0.000000e+00	0.000000e+00	
564	3.000010e-03	0.000000e+00	0.000000e+00	0.000000e+00	
565	3.000010e-03	0.000000e+00	0.000000e+00	0.000000e+00	
566	3.000010e-03	0.000000e+00	0.000000e+00	0.000000e+00	
567	3.000010e-03	0.000000e+00	0.000000e+00	0.000000e+00	
568	3.000010e-03	0.000000e+00	0.000000e+00	0.000000e+00	
569	3.000010e-03	0.000000e+00	0.000000e+00	0.000000e+00	
570	3.000010e-03	0.000000e+00	0.000000e+00	0.000000e+00	
571	3.000010e-03	0.000000e+00	0.000000e+00	0.000000e+00	
572	3.000010e-03	0.000000e+00	0.000000e+00	0.000000e+00	
573	3.000011e-03	0.000000e+00	0.000000e+00	0.000000e+00	
574	3.000011e-03	0.000000e+00	0.000000e+00	0.000000e+00	
575	3.000012e-03	0.000000e+00	0.000000e+00	0.000000e+00	
576	3.000014e-03	0.000000e+00	0.000000e+00	0.000000e+00	

Index   time            a17#branch_1_0  a45#branch_1_0  a46#branch_1_0  
--------------------------------------------------------------------------------
577	3.000018e-03	0.000000e+00	0.000000e+00	0.000000e+00	
578	3.000020e-03	0.000000e+00	0.000000e+00	0.000000e+00	
579	3.000021e-03	0.000000e+00	0.000000e+00	0.000000e+00	
580	3.000022e-03	0.000000e+00	0.000000e+00	0.000000e+00	
581	3.000022e-03	0.000000e+00	0.000000e+00	0.000000e+00	
582	3.000022e-03	0.000000e+00	0.000000e+00	0.000000e+00	
583	3.000023e-03	0.000000e+00	0.000000e+00	0.000000e+00	
584	3.000023e-03	0.000000e+00	0.000000e+00	0.000000e+00	
585	3.000023e-03	0.000000e+00	0.000000e+00	0.000000e+00	
586	3.000023e-03	0.000000e+00	0.000000e+00	0.000000e+00	
587	3.000024e-03	0.000000e+00	0.000000e+00	0.000000e+00	
588	3.000024e-03	0.000000e+00	0.000000e+00	0.000000e+00	
589	3.000026e-03	0.000000e+00	0.000000e+00	0.000000e+00	
590	3.000028e-03	0.000000e+00	0.000000e+00	0.000000e+00	
591	3.000033e-03	0.000000e+00	0.000000e+00	0.000000e+00	
592	3.000044e-03	0.000000e+00	0.000000e+00	0.000000e+00	
593	3.000064e-03	0.000000e+00	0.000000e+00	0.000000e+00	
594	3.000105e-03	0.000000e+00	0.000000e+00	0.000000e+00	
595	3.000187e-03	0.000000e+00	0.000000e+00	0.000000e+00	
596	3.000351e-03	0.000000e+00	0.000000e+00	0.000000e+00	
597	3.000678e-03	0.000000e+00	0.000000e+00	0.000000e+00	
598	3.001334e-03	0.000000e+00	0.000000e+00	0.000000e+00	
599	3.002645e-03	0.000000e+00	0.000000e+00	0.000000e+00	
600	3.005266e-03	0.000000e+00	0.000000e+00	0.000000e+00	
601	3.010509e-03	0.000000e+00	0.000000e+00	0.000000e+00	
602	3.020995e-03	0.000000e+00	0.000000e+00	0.000000e+00	
603	3.041966e-03	0.000000e+00	0.000000e+00	0.000000e+00	
604	3.083909e-03	0.000000e+00	0.000000e+00	0.000000e+00	
605	3.167795e-03	0.000000e+00	0.000000e+00	0.000000e+00	
606	3.327795e-03	0.000000e+00	0.000000e+00	0.000000e+00	
607	3.487795e-03	0.000000e+00	0.000000e+00	0.000000e+00	
608	3.500010e-03	0.000000e+00	0.000000e+00	0.000000e+00	
609	3.500011e-03	0.000000e+00	0.000000e+00	0.000000e+00	
610	3.500013e-03	0.000000e+00	0.000000e+00	0.000000e+00	
611	3.500017e-03	0.000000e+00	0.000000e+00	0.000000e+00	
612	3.500019e-03	0.000000e+00	0.000000e+00	0.000000e+00	
613	3.500019e-03	0.000000e+00	0.000000e+00	0.000000e+00	
614	3.500019e-03	0.000000e+00	0.000000e+00	0.000000e+00	
615	3.500020e-03	0.000000e+00	0.000000e+00	0.000000e+00	
616	3.500020e-03	0.000000e+00	0.000000e+00	0.000000e+00	
617	3.500020e-03	0.000000e+00	0.000000e+00	0.000000e+00	
618	3.500020e-03	0.000000e+00	0.000000e+00	0.000000e+00	
619	3.500020e-03	0.000000e+00	0.000000e+00	0.000000e+00	
620	3.500020e-03	0.000000e+00	0.000000e+00	0.000000e+00	
621	3.500020e-03	0.000000e+00	0.000000e+00	0.000000e+00	
622	3.500020e-03	0.000000e+00	0.000000e+00	0.000000e+00	
623	3.500020e-03	0.000000e+00	0.000000e+00	0.000000e+00	
624	3.500020e-03	0.000000e+00	0.000000e+00	0.000000e+00	
625	3.500020e-03	0.000000e+00	0.000000e+00	0.000000e+00	
626	3.500021e-03	0.000000e+00	0.000000e+00	0.000000e+00	
627	3.500021e-03	0.000000e+00	0.000000e+00	0.000000e+00	
628	3.500021e-03	0.000000e+00	0.000000e+00	0.000000e+00	
629	3.500021e-03	0.000000e+00	0.000000e+00	0.000000e+00	
630	3.500021e-03	0.000000e+00	0.000000e+00	0.000000e+00	
631	3.500022e-03	0.000000e+00	0.000000e+00	0.000000e+00	
632	3.500022e-03	0.000000e+00	0.000000e+00	0.000000e+00	
633	3.500022e-03	0.000000e+00	0.000000e+00	0.000000e+00	
634	3.500022e-03	0.000000e+00	0.000000e+00	0.000000e+00	

Index   time            a17#branch_1_0  a45#branch_1_0  a46#branch_1_0  
--------------------------------------------------------------------------------
635	3.500022e-03	0.000000e+00	0.000000e+00	0.000000e+00	
636	3.500022e-03	0.000000e+00	0.000000e+00	0.000000e+00	
637	3.500022e-03	0.000000e+00	0.000000e+00	0.000000e+00	
638	3.500022e-03	0.000000e+00	0.000000e+00	0.000000e+00	
639	3.500023e-03	0.000000e+00	0.000000e+00	0.000000e+00	
640	3.500023e-03	0.000000e+00	0.000000e+00	0.000000e+00	
641	3.500023e-03	0.000000e+00	0.000000e+00	0.000000e+00	
642	3.500023e-03	0.000000e+00	0.000000e+00	0.000000e+00	
643	3.500023e-03	0.000000e+00	0.000000e+00	0.000000e+00	
644	3.500023e-03	0.000000e+00	0.000000e+00	0.000000e+00	
645	3.500023e-03	0.000000e+00	0.000000e+00	0.000000e+00	
646	3.500023e-03	0.000000e+00	0.000000e+00	0.000000e+00	
647	3.500023e-03	0.000000e+00	0.000000e+00	0.000000e+00	
648	3.500023e-03	0.000000e+00	0.000000e+00	0.000000e+00	
649	3.500023e-03	0.000000e+00	0.000000e+00	0.000000e+00	
650	3.500023e-03	0.000000e+00	0.000000e+00	0.000000e+00	
651	3.500023e-03	0.000000e+00	0.000000e+00	0.000000e+00	
652	3.500024e-03	0.000000e+00	0.000000e+00	0.000000e+00	
653	3.500024e-03	0.000000e+00	0.000000e+00	0.000000e+00	
654	3.500025e-03	0.000000e+00	0.000000e+00	0.000000e+00	
655	3.500025e-03	0.000000e+00	0.000000e+00	0.000000e+00	
656	3.500025e-03	0.000000e+00	0.000000e+00	0.000000e+00	
657	3.500026e-03	0.000000e+00	0.000000e+00	0.000000e+00	
658	3.500026e-03	0.000000e+00	0.000000e+00	0.000000e+00	
659	3.500026e-03	0.000000e+00	0.000000e+00	0.000000e+00	
660	3.500026e-03	0.000000e+00	0.000000e+00	0.000000e+00	
661	3.500026e-03	0.000000e+00	0.000000e+00	0.000000e+00	
662	3.500027e-03	0.000000e+00	0.000000e+00	0.000000e+00	
663	3.500028e-03	0.000000e+00	0.000000e+00	0.000000e+00	
664	3.500029e-03	0.000000e+00	0.000000e+00	0.000000e+00	
665	3.500029e-03	0.000000e+00	0.000000e+00	0.000000e+00	
666	3.500029e-03	0.000000e+00	0.000000e+00	0.000000e+00	
667	3.500029e-03	0.000000e+00	0.000000e+00	0.000000e+00	
668	3.500029e-03	0.000000e+00	0.000000e+00	0.000000e+00	
669	3.500029e-03	0.000000e+00	0.000000e+00	0.000000e+00	
670	3.500029e-03	0.000000e+00	0.000000e+00	0.000000e+00	
671	3.500029e-03	0.000000e+00	0.000000e+00	0.000000e+00	
672	3.500029e-03	0.000000e+00	0.000000e+00	0.000000e+00	
673	3.500029e-03	0.000000e+00	0.000000e+00	0.000000e+00	
674	3.500030e-03	0.000000e+00	0.000000e+00	0.000000e+00	
675	3.500030e-03	0.000000e+00	0.000000e+00	0.000000e+00	
676	3.500030e-03	0.000000e+00	0.000000e+00	0.000000e+00	
677	3.500030e-03	0.000000e+00	0.000000e+00	0.000000e+00	
678	3.500030e-03	0.000000e+00	0.000000e+00	0.000000e+00	
679	3.500031e-03	0.000000e+00	0.000000e+00	0.000000e+00	
680	3.500032e-03	0.000000e+00	0.000000e+00	0.000000e+00	
681	3.500033e-03	0.000000e+00	0.000000e+00	0.000000e+00	
682	3.500037e-03	0.000000e+00	0.000000e+00	0.000000e+00	
683	3.500043e-03	0.000000e+00	0.000000e+00	0.000000e+00	
684	3.500056e-03	0.000000e+00	0.000000e+00	0.000000e+00	
685	3.500082e-03	0.000000e+00	0.000000e+00	0.000000e+00	
686	3.500135e-03	0.000000e+00	0.000000e+00	0.000000e+00	
687	3.500240e-03	0.000000e+00	0.000000e+00	0.000000e+00	
688	3.500449e-03	0.000000e+00	0.000000e+00	0.000000e+00	
689	3.500869e-03	0.000000e+00	0.000000e+00	0.000000e+00	
690	3.501708e-03	0.000000e+00	0.000000e+00	0.000000e+00	
691	3.503385e-03	0.000000e+00	0.000000e+00	0.000000e+00	
692	3.506741e-03	0.000000e+00	0.000000e+00	0.000000e+00	

Index   time            a17#branch_1_0  a45#branch_1_0  a46#branch_1_0  
--------------------------------------------------------------------------------
693	3.513452e-03	0.000000e+00	0.000000e+00	0.000000e+00	
694	3.526873e-03	0.000000e+00	0.000000e+00	0.000000e+00	
695	3.553717e-03	0.000000e+00	0.000000e+00	0.000000e+00	
696	3.607404e-03	0.000000e+00	0.000000e+00	0.000000e+00	
697	3.714778e-03	0.000000e+00	0.000000e+00	0.000000e+00	
698	3.874778e-03	0.000000e+00	0.000000e+00	0.000000e+00	
699	4.000000e-03	0.000000e+00	0.000000e+00	0.000000e+00	
700	4.000001e-03	0.000000e+00	0.000000e+00	0.000000e+00	
701	4.000003e-03	0.000000e+00	0.000000e+00	0.000000e+00	
702	4.000005e-03	0.000000e+00	0.000000e+00	0.000000e+00	
703	4.000005e-03	0.000000e+00	0.000000e+00	0.000000e+00	
704	4.000005e-03	0.000000e+00	0.000000e+00	0.000000e+00	
705	4.000005e-03	0.000000e+00	0.000000e+00	0.000000e+00	
706	4.000005e-03	0.000000e+00	0.000000e+00	0.000000e+00	
707	4.000005e-03	0.000000e+00	0.000000e+00	0.000000e+00	
708	4.000005e-03	0.000000e+00	0.000000e+00	0.000000e+00	
709	4.000005e-03	0.000000e+00	0.000000e+00	0.000000e+00	
710	4.000005e-03	0.000000e+00	0.000000e+00	0.000000e+00	
711	4.000005e-03	0.000000e+00	0.000000e+00	0.000000e+00	
712	4.000006e-03	0.000000e+00	0.000000e+00	0.000000e+00	
713	4.000006e-03	0.000000e+00	0.000000e+00	0.000000e+00	
714	4.000006e-03	0.000000e+00	0.000000e+00	0.000000e+00	
715	4.000006e-03	0.000000e+00	0.000000e+00	0.000000e+00	
716	4.000006e-03	0.000000e+00	0.000000e+00	0.000000e+00	
717	4.000006e-03	0.000000e+00	0.000000e+00	0.000000e+00	
718	4.000006e-03	0.000000e+00	0.000000e+00	0.000000e+00	
719	4.000006e-03	0.000000e+00	0.000000e+00	0.000000e+00	
720	4.000006e-03	0.000000e+00	0.000000e+00	0.000000e+00	
721	4.000006e-03	0.000000e+00	0.000000e+00	0.000000e+00	
722	4.000006e-03	0.000000e+00	0.000000e+00	0.000000e+00	
723	4.000007e-03	0.000000e+00	0.000000e+00	0.000000e+00	
724	4.000007e-03	0.000000e+00	0.000000e+00	0.000000e+00	
725	4.000007e-03	0.000000e+00	0.000000e+00	0.000000e+00	
726	4.000007e-03	0.000000e+00	0.000000e+00	0.000000e+00	
727	4.000007e-03	0.000000e+00	0.000000e+00	0.000000e+00	
728	4.000007e-03	0.000000e+00	0.000000e+00	0.000000e+00	
729	4.000007e-03	0.000000e+00	0.000000e+00	0.000000e+00	
730	4.000007e-03	0.000000e+00	0.000000e+00	0.000000e+00	
731	4.000007e-03	0.000000e+00	0.000000e+00	0.000000e+00	
732	4.000007e-03	0.000000e+00	0.000000e+00	0.000000e+00	
733	4.000007e-03	0.000000e+00	0.000000e+00	0.000000e+00	
734	4.000008e-03	0.000000e+00	0.000000e+00	0.000000e+00	
735	4.000008e-03	0.000000e+00	0.000000e+00	0.000000e+00	
736	4.000008e-03	0.000000e+00	0.000000e+00	0.000000e+00	
737	4.000008e-03	0.000000e+00	0.000000e+00	0.000000e+00	
738	4.000008e-03	0.000000e+00	0.000000e+00	0.000000e+00	
739	4.000009e-03	0.000000e+00	0.000000e+00	0.000000e+00	
740	4.000009e-03	0.000000e+00	0.000000e+00	0.000000e+00	
741	4.000009e-03	0.000000e+00	0.000000e+00	0.000000e+00	
742	4.000009e-03	0.000000e+00	0.000000e+00	0.000000e+00	
743	4.000009e-03	0.000000e+00	0.000000e+00	0.000000e+00	
744	4.000009e-03	0.000000e+00	0.000000e+00	0.000000e+00	
745	4.000009e-03	0.000000e+00	0.000000e+00	0.000000e+00	
746	4.000009e-03	0.000000e+00	0.000000e+00	0.000000e+00	
747	4.000010e-03	0.000000e+00	0.000000e+00	0.000000e+00	
748	4.000010e-03	0.000000e+00	0.000000e+00	0.000000e+00	
749	4.000010e-03	0.000000e+00	0.000000e+00	0.000000e+00	
750	4.000010e-03	0.000000e+00	0.000000e+00	0.000000e+00	

Index   time            a17#branch_1_0  a45#branch_1_0  a46#branch_1_0  
--------------------------------------------------------------------------------
751	4.000010e-03	0.000000e+00	0.000000e+00	0.000000e+00	
752	4.000010e-03	0.000000e+00	0.000000e+00	0.000000e+00	
753	4.000010e-03	0.000000e+00	0.000000e+00	0.000000e+00	
754	4.000010e-03	0.000000e+00	0.000000e+00	0.000000e+00	
755	4.000010e-03	0.000000e+00	0.000000e+00	0.000000e+00	
756	4.000010e-03	0.000000e+00	0.000000e+00	0.000000e+00	
757	4.000010e-03	0.000000e+00	0.000000e+00	0.000000e+00	
758	4.000011e-03	0.000000e+00	0.000000e+00	0.000000e+00	
759	4.000011e-03	0.000000e+00	0.000000e+00	0.000000e+00	
760	4.000012e-03	0.000000e+00	0.000000e+00	0.000000e+00	
761	4.000014e-03	0.000000e+00	0.000000e+00	0.000000e+00	
762	4.000018e-03	0.000000e+00	0.000000e+00	0.000000e+00	
763	4.000020e-03	0.000000e+00	0.000000e+00	0.000000e+00	
764	4.000021e-03	0.000000e+00	0.000000e+00	0.000000e+00	
765	4.000021e-03	0.000000e+00	0.000000e+00	0.000000e+00	
766	4.000021e-03	0.000000e+00	0.000000e+00	0.000000e+00	
767	4.000021e-03	0.000000e+00	0.000000e+00	0.000000e+00	
768	4.000022e-03	0.000000e+00	0.000000e+00	0.000000e+00	
769	4.000022e-03	0.000000e+00	0.000000e+00	0.000000e+00	
770	4.000022e-03	0.000000e+00	0.000000e+00	0.000000e+00	
771	4.000022e-03	0.000000e+00	0.000000e+00	0.000000e+00	
772	4.000023e-03	0.000000e+00	0.000000e+00	0.000000e+00	
773	4.000023e-03	0.000000e+00	0.000000e+00	0.000000e+00	
774	4.000025e-03	0.000000e+00	0.000000e+00	0.000000e+00	
775	4.000027e-03	0.000000e+00	0.000000e+00	0.000000e+00	
776	4.000032e-03	0.000000e+00	0.000000e+00	0.000000e+00	
777	4.000043e-03	0.000000e+00	0.000000e+00	0.000000e+00	
778	4.000063e-03	0.000000e+00	0.000000e+00	0.000000e+00	
779	4.000104e-03	0.000000e+00	0.000000e+00	0.000000e+00	
780	4.000186e-03	0.000000e+00	0.000000e+00	0.000000e+00	
781	4.000350e-03	0.000000e+00	0.000000e+00	0.000000e+00	
782	4.000677e-03	0.000000e+00	0.000000e+00	0.000000e+00	
783	4.001333e-03	0.000000e+00	0.000000e+00	0.000000e+00	
784	4.002644e-03	0.000000e+00	0.000000e+00	0.000000e+00	
785	4.005265e-03	0.000000e+00	0.000000e+00	0.000000e+00	
786	4.010508e-03	0.000000e+00	0.000000e+00	0.000000e+00	
787	4.020994e-03	0.000000e+00	0.000000e+00	0.000000e+00	
788	4.041965e-03	0.000000e+00	0.000000e+00	0.000000e+00	
789	4.083908e-03	0.000000e+00	0.000000e+00	0.000000e+00	
790	4.167794e-03	0.000000e+00	0.000000e+00	0.000000e+00	
791	4.327794e-03	0.000000e+00	0.000000e+00	0.000000e+00	
792	4.487794e-03	0.000000e+00	0.000000e+00	0.000000e+00	
793	4.500010e-03	0.000000e+00	0.000000e+00	0.000000e+00	
794	4.500011e-03	0.000000e+00	0.000000e+00	0.000000e+00	
795	4.500013e-03	0.000000e+00	0.000000e+00	0.000000e+00	
796	4.500017e-03	0.000000e+00	0.000000e+00	0.000000e+00	
797	4.500019e-03	0.000000e+00	0.000000e+00	0.000000e+00	
798	4.500019e-03	0.000000e+00	0.000000e+00	0.000000e+00	
799	4.500019e-03	0.000000e+00	0.000000e+00	0.000000e+00	
800	4.500020e-03	0.000000e+00	0.000000e+00	0.000000e+00	
801	4.500020e-03	0.000000e+00	0.000000e+00	0.000000e+00	
802	4.500020e-03	0.000000e+00	0.000000e+00	0.000000e+00	
803	4.500020e-03	0.000000e+00	0.000000e+00	0.000000e+00	
804	4.500020e-03	0.000000e+00	0.000000e+00	0.000000e+00	
805	4.500020e-03	0.000000e+00	0.000000e+00	0.000000e+00	
806	4.500020e-03	0.000000e+00	0.000000e+00	0.000000e+00	
807	4.500020e-03	0.000000e+00	0.000000e+00	0.000000e+00	
808	4.500020e-03	0.000000e+00	0.000000e+00	0.000000e+00	

Index   time            a17#branch_1_0  a45#branch_1_0  a46#branch_1_0  
--------------------------------------------------------------------------------
809	4.500020e-03	0.000000e+00	0.000000e+00	0.000000e+00	
810	4.500020e-03	0.000000e+00	0.000000e+00	0.000000e+00	
811	4.500021e-03	0.000000e+00	0.000000e+00	0.000000e+00	
812	4.500021e-03	0.000000e+00	0.000000e+00	0.000000e+00	
813	4.500021e-03	0.000000e+00	0.000000e+00	0.000000e+00	
814	4.500021e-03	0.000000e+00	0.000000e+00	0.000000e+00	
815	4.500021e-03	0.000000e+00	0.000000e+00	0.000000e+00	
816	4.500022e-03	0.000000e+00	0.000000e+00	0.000000e+00	
817	4.500022e-03	0.000000e+00	0.000000e+00	0.000000e+00	
818	4.500022e-03	0.000000e+00	0.000000e+00	0.000000e+00	
819	4.500022e-03	0.000000e+00	0.000000e+00	0.000000e+00	
820	4.500022e-03	0.000000e+00	0.000000e+00	0.000000e+00	
821	4.500022e-03	0.000000e+00	0.000000e+00	0.000000e+00	
822	4.500022e-03	0.000000e+00	0.000000e+00	0.000000e+00	
823	4.500022e-03	0.000000e+00	0.000000e+00	0.000000e+00	
824	4.500023e-03	0.000000e+00	0.000000e+00	0.000000e+00	
825	4.500023e-03	0.000000e+00	0.000000e+00	0.000000e+00	
826	4.500023e-03	0.000000e+00	0.000000e+00	0.000000e+00	
827	4.500023e-03	0.000000e+00	0.000000e+00	0.000000e+00	
828	4.500023e-03	0.000000e+00	0.000000e+00	0.000000e+00	
829	4.500023e-03	0.000000e+00	0.000000e+00	0.000000e+00	
830	4.500023e-03	0.000000e+00	0.000000e+00	0.000000e+00	
831	4.500023e-03	0.000000e+00	0.000000e+00	0.000000e+00	
832	4.500023e-03	0.000000e+00	0.000000e+00	0.000000e+00	
833	4.500023e-03	0.000000e+00	0.000000e+00	0.000000e+00	
834	4.500023e-03	0.000000e+00	0.000000e+00	0.000000e+00	
835	4.500023e-03	0.000000e+00	0.000000e+00	0.000000e+00	
836	4.500023e-03	0.000000e+00	0.000000e+00	0.000000e+00	
837	4.500024e-03	0.000000e+00	0.000000e+00	0.000000e+00	
838	4.500024e-03	0.000000e+00	0.000000e+00	0.000000e+00	
839	4.500025e-03	0.000000e+00	0.000000e+00	0.000000e+00	
840	4.500025e-03	0.000000e+00	0.000000e+00	0.000000e+00	
841	4.500025e-03	0.000000e+00	0.000000e+00	0.000000e+00	
842	4.500026e-03	0.000000e+00	0.000000e+00	0.000000e+00	
843	4.500026e-03	0.000000e+00	0.000000e+00	0.000000e+00	
844	4.500026e-03	0.000000e+00	0.000000e+00	0.000000e+00	
845	4.500026e-03	0.000000e+00	0.000000e+00	0.000000e+00	
846	4.500026e-03	0.000000e+00	0.000000e+00	0.000000e+00	
847	4.500027e-03	0.000000e+00	0.000000e+00	0.000000e+00	
848	4.500028e-03	0.000000e+00	0.000000e+00	0.000000e+00	
849	4.500029e-03	0.000000e+00	0.000000e+00	0.000000e+00	
850	4.500029e-03	0.000000e+00	0.000000e+00	0.000000e+00	
851	4.500029e-03	0.000000e+00	0.000000e+00	0.000000e+00	
852	4.500029e-03	0.000000e+00	0.000000e+00	0.000000e+00	
853	4.500029e-03	0.000000e+00	0.000000e+00	0.000000e+00	
854	4.500029e-03	0.000000e+00	0.000000e+00	0.000000e+00	
855	4.500029e-03	0.000000e+00	0.000000e+00	0.000000e+00	
856	4.500029e-03	0.000000e+00	0.000000e+00	0.000000e+00	
857	4.500029e-03	0.000000e+00	0.000000e+00	0.000000e+00	
858	4.500029e-03	0.000000e+00	0.000000e+00	0.000000e+00	
859	4.500030e-03	0.000000e+00	0.000000e+00	0.000000e+00	
860	4.500030e-03	0.000000e+00	0.000000e+00	0.000000e+00	
861	4.500030e-03	0.000000e+00	0.000000e+00	0.000000e+00	
862	4.500030e-03	0.000000e+00	0.000000e+00	0.000000e+00	
863	4.500030e-03	0.000000e+00	0.000000e+00	0.000000e+00	
864	4.500031e-03	0.000000e+00	0.000000e+00	0.000000e+00	
865	4.500032e-03	0.000000e+00	0.000000e+00	0.000000e+00	
866	4.500033e-03	0.000000e+00	0.000000e+00	0.000000e+00	

Index   time            a17#branch_1_0  a45#branch_1_0  a46#branch_1_0  
--------------------------------------------------------------------------------
867	4.500037e-03	0.000000e+00	0.000000e+00	0.000000e+00	
868	4.500043e-03	0.000000e+00	0.000000e+00	0.000000e+00	
869	4.500056e-03	0.000000e+00	0.000000e+00	0.000000e+00	
870	4.500082e-03	0.000000e+00	0.000000e+00	0.000000e+00	
871	4.500135e-03	0.000000e+00	0.000000e+00	0.000000e+00	
872	4.500240e-03	0.000000e+00	0.000000e+00	0.000000e+00	
873	4.500449e-03	0.000000e+00	0.000000e+00	0.000000e+00	
874	4.500869e-03	0.000000e+00	0.000000e+00	0.000000e+00	
875	4.501708e-03	0.000000e+00	0.000000e+00	0.000000e+00	
876	4.503385e-03	0.000000e+00	0.000000e+00	0.000000e+00	
877	4.506741e-03	0.000000e+00	0.000000e+00	0.000000e+00	
878	4.513452e-03	0.000000e+00	0.000000e+00	0.000000e+00	
879	4.526873e-03	0.000000e+00	0.000000e+00	0.000000e+00	
880	4.553717e-03	0.000000e+00	0.000000e+00	0.000000e+00	
881	4.607404e-03	0.000000e+00	0.000000e+00	0.000000e+00	
882	4.714778e-03	0.000000e+00	0.000000e+00	0.000000e+00	
883	4.874778e-03	0.000000e+00	0.000000e+00	0.000000e+00	
884	5.000000e-03	0.000000e+00	0.000000e+00	0.000000e+00	
885	5.000001e-03	0.000000e+00	0.000000e+00	0.000000e+00	
886	5.000003e-03	0.000000e+00	0.000000e+00	0.000000e+00	
887	5.000005e-03	0.000000e+00	0.000000e+00	0.000000e+00	
888	5.000005e-03	0.000000e+00	0.000000e+00	0.000000e+00	
889	5.000005e-03	0.000000e+00	0.000000e+00	0.000000e+00	
890	5.000005e-03	0.000000e+00	0.000000e+00	0.000000e+00	
891	5.000005e-03	0.000000e+00	0.000000e+00	0.000000e+00	
892	5.000005e-03	0.000000e+00	0.000000e+00	0.000000e+00	
893	5.000005e-03	0.000000e+00	0.000000e+00	0.000000e+00	
894	5.000005e-03	0.000000e+00	0.000000e+00	0.000000e+00	
895	5.000005e-03	0.000000e+00	0.000000e+00	0.000000e+00	
896	5.000005e-03	0.000000e+00	0.000000e+00	0.000000e+00	
897	5.000006e-03	0.000000e+00	0.000000e+00	0.000000e+00	
898	5.000006e-03	0.000000e+00	0.000000e+00	0.000000e+00	
899	5.000007e-03	0.000000e+00	0.000000e+00	0.000000e+00	
900	5.000007e-03	0.000000e+00	0.000000e+00	0.000000e+00	
901	5.000007e-03	0.000000e+00	0.000000e+00	0.000000e+00	
902	5.000007e-03	0.000000e+00	0.000000e+00	0.000000e+00	
903	5.000007e-03	0.000000e+00	0.000000e+00	0.000000e+00	
904	5.000007e-03	0.000000e+00	0.000000e+00	0.000000e+00	
905	5.000007e-03	0.000000e+00	0.000000e+00	0.000000e+00	
906	5.000007e-03	0.000000e+00	0.000000e+00	0.000000e+00	
907	5.000007e-03	0.000000e+00	0.000000e+00	0.000000e+00	
908	5.000007e-03	0.000000e+00	0.000000e+00	0.000000e+00	
909	5.000008e-03	0.000000e+00	0.000000e+00	0.000000e+00	
910	5.000008e-03	0.000000e+00	0.000000e+00	0.000000e+00	
911	5.000008e-03	0.000000e+00	0.000000e+00	0.000000e+00	
912	5.000008e-03	0.000000e+00	0.000000e+00	0.000000e+00	
913	5.000008e-03	0.000000e+00	0.000000e+00	0.000000e+00	
914	5.000009e-03	0.000000e+00	0.000000e+00	0.000000e+00	
915	5.000009e-03	0.000000e+00	0.000000e+00	0.000000e+00	
916	5.000009e-03	0.000000e+00	0.000000e+00	0.000000e+00	
917	5.000009e-03	0.000000e+00	0.000000e+00	0.000000e+00	
918	5.000009e-03	0.000000e+00	0.000000e+00	0.000000e+00	
919	5.000009e-03	0.000000e+00	0.000000e+00	0.000000e+00	
920	5.000009e-03	0.000000e+00	0.000000e+00	0.000000e+00	
921	5.000009e-03	0.000000e+00	0.000000e+00	0.000000e+00	
922	5.000010e-03	0.000000e+00	0.000000e+00	0.000000e+00	
923	5.000010e-03	0.000000e+00	0.000000e+00	0.000000e+00	
924	5.000010e-03	0.000000e+00	0.000000e+00	0.000000e+00	

Index   time            a17#branch_1_0  a45#branch_1_0  a46#branch_1_0  
--------------------------------------------------------------------------------
925	5.000010e-03	0.000000e+00	0.000000e+00	0.000000e+00	
926	5.000010e-03	0.000000e+00	0.000000e+00	0.000000e+00	
927	5.000010e-03	0.000000e+00	0.000000e+00	0.000000e+00	
928	5.000010e-03	0.000000e+00	0.000000e+00	0.000000e+00	
929	5.000010e-03	0.000000e+00	0.000000e+00	0.000000e+00	
930	5.000010e-03	0.000000e+00	0.000000e+00	0.000000e+00	
931	5.000010e-03	0.000000e+00	0.000000e+00	0.000000e+00	
932	5.000010e-03	0.000000e+00	0.000000e+00	0.000000e+00	
933	5.000011e-03	0.000000e+00	0.000000e+00	0.000000e+00	
934	5.000011e-03	0.000000e+00	0.000000e+00	0.000000e+00	
935	5.000012e-03	0.000000e+00	0.000000e+00	0.000000e+00	
936	5.000014e-03	0.000000e+00	0.000000e+00	0.000000e+00	
937	5.000018e-03	0.000000e+00	0.000000e+00	0.000000e+00	
938	5.000020e-03	0.000000e+00	0.000000e+00	0.000000e+00	
939	5.000021e-03	0.000000e+00	0.000000e+00	0.000000e+00	
940	5.000022e-03	0.000000e+00	0.000000e+00	0.000000e+00	
941	5.000022e-03	0.000000e+00	0.000000e+00	0.000000e+00	
942	5.000022e-03	0.000000e+00	0.000000e+00	0.000000e+00	
943	5.000023e-03	0.000000e+00	0.000000e+00	0.000000e+00	
944	5.000023e-03	0.000000e+00	0.000000e+00	0.000000e+00	
945	5.000023e-03	0.000000e+00	0.000000e+00	0.000000e+00	
946	5.000023e-03	0.000000e+00	0.000000e+00	0.000000e+00	
947	5.000024e-03	0.000000e+00	0.000000e+00	0.000000e+00	
948	5.000024e-03	0.000000e+00	0.000000e+00	0.000000e+00	
949	5.000026e-03	0.000000e+00	0.000000e+00	0.000000e+00	
950	5.000028e-03	0.000000e+00	0.000000e+00	0.000000e+00	
951	5.000033e-03	0.000000e+00	0.000000e+00	0.000000e+00	
952	5.000044e-03	0.000000e+00	0.000000e+00	0.000000e+00	
953	5.000064e-03	0.000000e+00	0.000000e+00	0.000000e+00	
954	5.000105e-03	0.000000e+00	0.000000e+00	0.000000e+00	
955	5.000187e-03	0.000000e+00	0.000000e+00	0.000000e+00	
956	5.000351e-03	0.000000e+00	0.000000e+00	0.000000e+00	
957	5.000678e-03	0.000000e+00	0.000000e+00	0.000000e+00	
958	5.001334e-03	0.000000e+00	0.000000e+00	0.000000e+00	
959	5.002645e-03	0.000000e+00	0.000000e+00	0.000000e+00	
960	5.005266e-03	0.000000e+00	0.000000e+00	0.000000e+00	
961	5.010509e-03	0.000000e+00	0.000000e+00	0.000000e+00	
962	5.020995e-03	0.000000e+00	0.000000e+00	0.000000e+00	
963	5.041966e-03	0.000000e+00	0.000000e+00	0.000000e+00	
964	5.083909e-03	0.000000e+00	0.000000e+00	0.000000e+00	
965	5.167795e-03	0.000000e+00	0.000000e+00	0.000000e+00	
966	5.327795e-03	0.000000e+00	0.000000e+00	0.000000e+00	
967	5.487795e-03	0.000000e+00	0.000000e+00	0.000000e+00	
968	5.500010e-03	0.000000e+00	0.000000e+00	0.000000e+00	
969	5.500011e-03	0.000000e+00	0.000000e+00	0.000000e+00	
970	5.500013e-03	0.000000e+00	0.000000e+00	0.000000e+00	
971	5.500017e-03	0.000000e+00	0.000000e+00	0.000000e+00	
972	5.500019e-03	0.000000e+00	0.000000e+00	0.000000e+00	
973	5.500019e-03	0.000000e+00	0.000000e+00	0.000000e+00	
974	5.500019e-03	0.000000e+00	0.000000e+00	0.000000e+00	
975	5.500020e-03	0.000000e+00	0.000000e+00	0.000000e+00	
976	5.500020e-03	0.000000e+00	0.000000e+00	0.000000e+00	
977	5.500020e-03	0.000000e+00	0.000000e+00	0.000000e+00	
978	5.500020e-03	0.000000e+00	0.000000e+00	0.000000e+00	
979	5.500020e-03	0.000000e+00	0.000000e+00	0.000000e+00	
980	5.500020e-03	0.000000e+00	0.000000e+00	0.000000e+00	
981	5.500020e-03	0.000000e+00	0.000000e+00	0.000000e+00	
982	5.500020e-03	0.000000e+00	0.000000e+00	0.000000e+00	

Index   time            a17#branch_1_0  a45#branch_1_0  a46#branch_1_0  
--------------------------------------------------------------------------------
983	5.500020e-03	0.000000e+00	0.000000e+00	0.000000e+00	
984	5.500020e-03	0.000000e+00	0.000000e+00	0.000000e+00	
985	5.500020e-03	0.000000e+00	0.000000e+00	0.000000e+00	
986	5.500021e-03	0.000000e+00	0.000000e+00	0.000000e+00	
987	5.500021e-03	0.000000e+00	0.000000e+00	0.000000e+00	
988	5.500021e-03	0.000000e+00	0.000000e+00	0.000000e+00	
989	5.500021e-03	0.000000e+00	0.000000e+00	0.000000e+00	
990	5.500021e-03	0.000000e+00	0.000000e+00	0.000000e+00	
991	5.500022e-03	0.000000e+00	0.000000e+00	0.000000e+00	
992	5.500022e-03	0.000000e+00	0.000000e+00	0.000000e+00	
993	5.500022e-03	0.000000e+00	0.000000e+00	0.000000e+00	
994	5.500022e-03	0.000000e+00	0.000000e+00	0.000000e+00	
995	5.500022e-03	0.000000e+00	0.000000e+00	0.000000e+00	
996	5.500022e-03	0.000000e+00	0.000000e+00	0.000000e+00	
997	5.500022e-03	0.000000e+00	0.000000e+00	0.000000e+00	
998	5.500022e-03	0.000000e+00	0.000000e+00	0.000000e+00	
999	5.500023e-03	0.000000e+00	0.000000e+00	0.000000e+00	
1000	5.500023e-03	0.000000e+00	0.000000e+00	0.000000e+00	
1001	5.500023e-03	0.000000e+00	0.000000e+00	0.000000e+00	
1002	5.500023e-03	0.000000e+00	0.000000e+00	0.000000e+00	
1003	5.500023e-03	0.000000e+00	0.000000e+00	0.000000e+00	
1004	5.500023e-03	0.000000e+00	0.000000e+00	0.000000e+00	
1005	5.500023e-03	0.000000e+00	0.000000e+00	0.000000e+00	
1006	5.500023e-03	0.000000e+00	0.000000e+00	0.000000e+00	
1007	5.500023e-03	0.000000e+00	0.000000e+00	0.000000e+00	
1008	5.500023e-03	0.000000e+00	0.000000e+00	0.000000e+00	
1009	5.500023e-03	0.000000e+00	0.000000e+00	0.000000e+00	
1010	5.500023e-03	0.000000e+00	0.000000e+00	0.000000e+00	
1011	5.500023e-03	0.000000e+00	0.000000e+00	0.000000e+00	
1012	5.500024e-03	0.000000e+00	0.000000e+00	0.000000e+00	
1013	5.500024e-03	0.000000e+00	0.000000e+00	0.000000e+00	
1014	5.500025e-03	0.000000e+00	0.000000e+00	0.000000e+00	
1015	5.500025e-03	0.000000e+00	0.000000e+00	0.000000e+00	
1016	5.500025e-03	0.000000e+00	0.000000e+00	0.000000e+00	
1017	5.500026e-03	0.000000e+00	0.000000e+00	0.000000e+00	
1018	5.500026e-03	0.000000e+00	0.000000e+00	0.000000e+00	
1019	5.500026e-03	0.000000e+00	0.000000e+00	0.000000e+00	
1020	5.500026e-03	0.000000e+00	0.000000e+00	0.000000e+00	
1021	5.500026e-03	0.000000e+00	0.000000e+00	0.000000e+00	
1022	5.500027e-03	0.000000e+00	0.000000e+00	0.000000e+00	
1023	5.500028e-03	0.000000e+00	0.000000e+00	0.000000e+00	
1024	5.500029e-03	0.000000e+00	0.000000e+00	0.000000e+00	
1025	5.500029e-03	0.000000e+00	0.000000e+00	0.000000e+00	
1026	5.500029e-03	0.000000e+00	0.000000e+00	0.000000e+00	
1027	5.500029e-03	0.000000e+00	0.000000e+00	0.000000e+00	
1028	5.500029e-03	0.000000e+00	0.000000e+00	0.000000e+00	
1029	5.500029e-03	0.000000e+00	0.000000e+00	0.000000e+00	
1030	5.500029e-03	0.000000e+00	0.000000e+00	0.000000e+00	
1031	5.500029e-03	0.000000e+00	0.000000e+00	0.000000e+00	
1032	5.500029e-03	0.000000e+00	0.000000e+00	0.000000e+00	
1033	5.500029e-03	0.000000e+00	0.000000e+00	0.000000e+00	
1034	5.500030e-03	0.000000e+00	0.000000e+00	0.000000e+00	
1035	5.500030e-03	0.000000e+00	0.000000e+00	0.000000e+00	
1036	5.500030e-03	0.000000e+00	0.000000e+00	0.000000e+00	
1037	5.500030e-03	0.000000e+00	0.000000e+00	0.000000e+00	
1038	5.500030e-03	0.000000e+00	0.000000e+00	0.000000e+00	
1039	5.500031e-03	0.000000e+00	0.000000e+00	0.000000e+00	
1040	5.500032e-03	0.000000e+00	0.000000e+00	0.000000e+00	

Index   time            a17#branch_1_0  a45#branch_1_0  a46#branch_1_0  
--------------------------------------------------------------------------------
1041	5.500033e-03	0.000000e+00	0.000000e+00	0.000000e+00	
1042	5.500037e-03	0.000000e+00	0.000000e+00	0.000000e+00	
1043	5.500043e-03	0.000000e+00	0.000000e+00	0.000000e+00	
1044	5.500056e-03	0.000000e+00	0.000000e+00	0.000000e+00	
1045	5.500082e-03	0.000000e+00	0.000000e+00	0.000000e+00	
1046	5.500135e-03	0.000000e+00	0.000000e+00	0.000000e+00	
1047	5.500240e-03	0.000000e+00	0.000000e+00	0.000000e+00	
1048	5.500449e-03	0.000000e+00	0.000000e+00	0.000000e+00	
1049	5.500869e-03	0.000000e+00	0.000000e+00	0.000000e+00	
1050	5.501708e-03	0.000000e+00	0.000000e+00	0.000000e+00	
1051	5.503385e-03	0.000000e+00	0.000000e+00	0.000000e+00	
1052	5.506741e-03	0.000000e+00	0.000000e+00	0.000000e+00	
1053	5.513452e-03	0.000000e+00	0.000000e+00	0.000000e+00	
1054	5.526873e-03	0.000000e+00	0.000000e+00	0.000000e+00	
1055	5.553717e-03	0.000000e+00	0.000000e+00	0.000000e+00	
1056	5.607404e-03	0.000000e+00	0.000000e+00	0.000000e+00	
1057	5.714778e-03	0.000000e+00	0.000000e+00	0.000000e+00	
1058	5.874778e-03	0.000000e+00	0.000000e+00	0.000000e+00	
1059	6.000000e-03	0.000000e+00	0.000000e+00	0.000000e+00	
1060	6.000001e-03	0.000000e+00	0.000000e+00	0.000000e+00	
1061	6.000003e-03	0.000000e+00	0.000000e+00	0.000000e+00	
1062	6.000005e-03	0.000000e+00	0.000000e+00	0.000000e+00	
1063	6.000005e-03	0.000000e+00	0.000000e+00	0.000000e+00	
1064	6.000005e-03	0.000000e+00	0.000000e+00	0.000000e+00	
1065	6.000005e-03	0.000000e+00	0.000000e+00	0.000000e+00	
1066	6.000005e-03	0.000000e+00	0.000000e+00	0.000000e+00	
1067	6.000005e-03	0.000000e+00	0.000000e+00	0.000000e+00	
1068	6.000005e-03	0.000000e+00	0.000000e+00	0.000000e+00	
1069	6.000005e-03	0.000000e+00	0.000000e+00	0.000000e+00	
1070	6.000005e-03	0.000000e+00	0.000000e+00	0.000000e+00	
1071	6.000005e-03	0.000000e+00	0.000000e+00	0.000000e+00	
1072	6.000006e-03	0.000000e+00	0.000000e+00	0.000000e+00	
1073	6.000006e-03	0.000000e+00	0.000000e+00	0.000000e+00	
1074	6.000006e-03	0.000000e+00	0.000000e+00	0.000000e+00	
1075	6.000006e-03	0.000000e+00	0.000000e+00	0.000000e+00	
1076	6.000006e-03	0.000000e+00	0.000000e+00	0.000000e+00	
1077	6.000006e-03	0.000000e+00	0.000000e+00	0.000000e+00	
1078	6.000006e-03	0.000000e+00	0.000000e+00	0.000000e+00	
1079	6.000006e-03	0.000000e+00	0.000000e+00	0.000000e+00	
1080	6.000006e-03	0.000000e+00	0.000000e+00	0.000000e+00	
1081	6.000006e-03	0.000000e+00	0.000000e+00	0.000000e+00	
1082	6.000006e-03	0.000000e+00	0.000000e+00	0.000000e+00	
1083	6.000007e-03	0.000000e+00	0.000000e+00	0.000000e+00	
1084	6.000007e-03	0.000000e+00	0.000000e+00	0.000000e+00	
1085	6.000007e-03	0.000000e+00	0.000000e+00	0.000000e+00	
1086	6.000007e-03	0.000000e+00	0.000000e+00	0.000000e+00	
1087	6.000007e-03	0.000000e+00	0.000000e+00	0.000000e+00	
1088	6.000007e-03	0.000000e+00	0.000000e+00	0.000000e+00	
1089	6.000007e-03	0.000000e+00	0.000000e+00	0.000000e+00	
1090	6.000007e-03	0.000000e+00	0.000000e+00	0.000000e+00	
1091	6.000007e-03	0.000000e+00	0.000000e+00	0.000000e+00	
1092	6.000007e-03	0.000000e+00	0.000000e+00	0.000000e+00	
1093	6.000007e-03	0.000000e+00	0.000000e+00	0.000000e+00	
1094	6.000008e-03	0.000000e+00	0.000000e+00	0.000000e+00	
1095	6.000008e-03	0.000000e+00	0.000000e+00	0.000000e+00	
1096	6.000008e-03	0.000000e+00	0.000000e+00	0.000000e+00	
1097	6.000008e-03	0.000000e+00	0.000000e+00	0.000000e+00	
1098	6.000008e-03	0.000000e+00	0.000000e+00	0.000000e+00	

Index   time            a17#branch_1_0  a45#branch_1_0  a46#branch_1_0  
--------------------------------------------------------------------------------
1099	6.000009e-03	0.000000e+00	0.000000e+00	0.000000e+00	
1100	6.000009e-03	0.000000e+00	0.000000e+00	0.000000e+00	
1101	6.000009e-03	0.000000e+00	0.000000e+00	0.000000e+00	
1102	6.000009e-03	0.000000e+00	0.000000e+00	0.000000e+00	
1103	6.000009e-03	0.000000e+00	0.000000e+00	0.000000e+00	
1104	6.000009e-03	0.000000e+00	0.000000e+00	0.000000e+00	
1105	6.000009e-03	0.000000e+00	0.000000e+00	0.000000e+00	
1106	6.000009e-03	0.000000e+00	0.000000e+00	0.000000e+00	
1107	6.000010e-03	0.000000e+00	0.000000e+00	0.000000e+00	
1108	6.000010e-03	0.000000e+00	0.000000e+00	0.000000e+00	
1109	6.000010e-03	0.000000e+00	0.000000e+00	0.000000e+00	
1110	6.000010e-03	0.000000e+00	0.000000e+00	0.000000e+00	
1111	6.000010e-03	0.000000e+00	0.000000e+00	0.000000e+00	
1112	6.000010e-03	0.000000e+00	0.000000e+00	0.000000e+00	
1113	6.000010e-03	0.000000e+00	0.000000e+00	0.000000e+00	
1114	6.000010e-03	0.000000e+00	0.000000e+00	0.000000e+00	
1115	6.000010e-03	0.000000e+00	0.000000e+00	0.000000e+00	
1116	6.000010e-03	0.000000e+00	0.000000e+00	0.000000e+00	
1117	6.000010e-03	0.000000e+00	0.000000e+00	0.000000e+00	
1118	6.000011e-03	0.000000e+00	0.000000e+00	0.000000e+00	
1119	6.000011e-03	0.000000e+00	0.000000e+00	0.000000e+00	
1120	6.000012e-03	0.000000e+00	0.000000e+00	0.000000e+00	
1121	6.000014e-03	0.000000e+00	0.000000e+00	0.000000e+00	
1122	6.000018e-03	0.000000e+00	0.000000e+00	0.000000e+00	
1123	6.000020e-03	0.000000e+00	0.000000e+00	0.000000e+00	
1124	6.000021e-03	0.000000e+00	0.000000e+00	0.000000e+00	
1125	6.000022e-03	0.000000e+00	0.000000e+00	0.000000e+00	
1126	6.000022e-03	0.000000e+00	0.000000e+00	0.000000e+00	
1127	6.000022e-03	0.000000e+00	0.000000e+00	0.000000e+00	
1128	6.000023e-03	0.000000e+00	0.000000e+00	0.000000e+00	
1129	6.000023e-03	0.000000e+00	0.000000e+00	0.000000e+00	
1130	6.000023e-03	0.000000e+00	0.000000e+00	0.000000e+00	
1131	6.000023e-03	0.000000e+00	0.000000e+00	0.000000e+00	
1132	6.000024e-03	0.000000e+00	0.000000e+00	0.000000e+00	
1133	6.000024e-03	0.000000e+00	0.000000e+00	0.000000e+00	
1134	6.000026e-03	0.000000e+00	0.000000e+00	0.000000e+00	
1135	6.000028e-03	0.000000e+00	0.000000e+00	0.000000e+00	
1136	6.000033e-03	0.000000e+00	0.000000e+00	0.000000e+00	
1137	6.000044e-03	0.000000e+00	0.000000e+00	0.000000e+00	
1138	6.000064e-03	0.000000e+00	0.000000e+00	0.000000e+00	
1139	6.000105e-03	0.000000e+00	0.000000e+00	0.000000e+00	
1140	6.000187e-03	0.000000e+00	0.000000e+00	0.000000e+00	
1141	6.000351e-03	0.000000e+00	0.000000e+00	0.000000e+00	
1142	6.000678e-03	0.000000e+00	0.000000e+00	0.000000e+00	
1143	6.001334e-03	0.000000e+00	0.000000e+00	0.000000e+00	
1144	6.002645e-03	0.000000e+00	0.000000e+00	0.000000e+00	
1145	6.005266e-03	0.000000e+00	0.000000e+00	0.000000e+00	
1146	6.010509e-03	0.000000e+00	0.000000e+00	0.000000e+00	
1147	6.020995e-03	0.000000e+00	0.000000e+00	0.000000e+00	
1148	6.041966e-03	0.000000e+00	0.000000e+00	0.000000e+00	
1149	6.083909e-03	0.000000e+00	0.000000e+00	0.000000e+00	
1150	6.167795e-03	0.000000e+00	0.000000e+00	0.000000e+00	
1151	6.327795e-03	0.000000e+00	0.000000e+00	0.000000e+00	
1152	6.487795e-03	0.000000e+00	0.000000e+00	0.000000e+00	
1153	6.500010e-03	0.000000e+00	0.000000e+00	0.000000e+00	
1154	6.500011e-03	0.000000e+00	0.000000e+00	0.000000e+00	
1155	6.500013e-03	0.000000e+00	0.000000e+00	0.000000e+00	
1156	6.500017e-03	0.000000e+00	0.000000e+00	0.000000e+00	

Index   time            a17#branch_1_0  a45#branch_1_0  a46#branch_1_0  
--------------------------------------------------------------------------------
1157	6.500019e-03	0.000000e+00	0.000000e+00	0.000000e+00	
1158	6.500019e-03	0.000000e+00	0.000000e+00	0.000000e+00	
1159	6.500019e-03	0.000000e+00	0.000000e+00	0.000000e+00	
1160	6.500020e-03	0.000000e+00	0.000000e+00	0.000000e+00	
1161	6.500020e-03	0.000000e+00	0.000000e+00	0.000000e+00	
1162	6.500020e-03	0.000000e+00	0.000000e+00	0.000000e+00	
1163	6.500020e-03	0.000000e+00	0.000000e+00	0.000000e+00	
1164	6.500020e-03	0.000000e+00	0.000000e+00	0.000000e+00	
1165	6.500020e-03	0.000000e+00	0.000000e+00	0.000000e+00	
1166	6.500020e-03	0.000000e+00	0.000000e+00	0.000000e+00	
1167	6.500020e-03	0.000000e+00	0.000000e+00	0.000000e+00	
1168	6.500020e-03	0.000000e+00	0.000000e+00	0.000000e+00	
1169	6.500020e-03	0.000000e+00	0.000000e+00	0.000000e+00	
1170	6.500020e-03	0.000000e+00	0.000000e+00	0.000000e+00	
1171	6.500021e-03	0.000000e+00	0.000000e+00	0.000000e+00	
1172	6.500021e-03	0.000000e+00	0.000000e+00	0.000000e+00	
1173	6.500021e-03	0.000000e+00	0.000000e+00	0.000000e+00	
1174	6.500021e-03	0.000000e+00	0.000000e+00	0.000000e+00	
1175	6.500021e-03	0.000000e+00	0.000000e+00	0.000000e+00	
1176	6.500022e-03	0.000000e+00	0.000000e+00	0.000000e+00	
1177	6.500022e-03	0.000000e+00	0.000000e+00	0.000000e+00	
1178	6.500022e-03	0.000000e+00	0.000000e+00	0.000000e+00	
1179	6.500022e-03	0.000000e+00	0.000000e+00	0.000000e+00	
1180	6.500022e-03	0.000000e+00	0.000000e+00	0.000000e+00	
1181	6.500022e-03	0.000000e+00	0.000000e+00	0.000000e+00	
1182	6.500022e-03	0.000000e+00	0.000000e+00	0.000000e+00	
1183	6.500022e-03	0.000000e+00	0.000000e+00	0.000000e+00	
1184	6.500023e-03	0.000000e+00	0.000000e+00	0.000000e+00	
1185	6.500023e-03	0.000000e+00	0.000000e+00	0.000000e+00	
1186	6.500023e-03	0.000000e+00	0.000000e+00	0.000000e+00	
1187	6.500023e-03	0.000000e+00	0.000000e+00	0.000000e+00	
1188	6.500023e-03	0.000000e+00	0.000000e+00	0.000000e+00	
1189	6.500023e-03	0.000000e+00	0.000000e+00	0.000000e+00	
1190	6.500023e-03	0.000000e+00	0.000000e+00	0.000000e+00	
1191	6.500023e-03	0.000000e+00	0.000000e+00	0.000000e+00	
1192	6.500023e-03	0.000000e+00	0.000000e+00	0.000000e+00	
1193	6.500023e-03	0.000000e+00	0.000000e+00	0.000000e+00	
1194	6.500023e-03	0.000000e+00	0.000000e+00	0.000000e+00	
1195	6.500023e-03	0.000000e+00	0.000000e+00	0.000000e+00	
1196	6.500023e-03	0.000000e+00	0.000000e+00	0.000000e+00	
1197	6.500024e-03	0.000000e+00	0.000000e+00	0.000000e+00	
1198	6.500024e-03	0.000000e+00	0.000000e+00	0.000000e+00	
1199	6.500025e-03	0.000000e+00	0.000000e+00	0.000000e+00	
1200	6.500025e-03	0.000000e+00	0.000000e+00	0.000000e+00	
1201	6.500025e-03	0.000000e+00	0.000000e+00	0.000000e+00	
1202	6.500026e-03	0.000000e+00	0.000000e+00	0.000000e+00	
1203	6.500026e-03	0.000000e+00	0.000000e+00	0.000000e+00	
1204	6.500026e-03	0.000000e+00	0.000000e+00	0.000000e+00	
1205	6.500026e-03	0.000000e+00	0.000000e+00	0.000000e+00	
1206	6.500026e-03	0.000000e+00	0.000000e+00	0.000000e+00	
1207	6.500027e-03	0.000000e+00	0.000000e+00	0.000000e+00	
1208	6.500028e-03	0.000000e+00	0.000000e+00	0.000000e+00	
1209	6.500029e-03	0.000000e+00	0.000000e+00	0.000000e+00	
1210	6.500029e-03	0.000000e+00	0.000000e+00	0.000000e+00	
1211	6.500029e-03	0.000000e+00	0.000000e+00	0.000000e+00	
1212	6.500029e-03	0.000000e+00	0.000000e+00	0.000000e+00	
1213	6.500029e-03	0.000000e+00	0.000000e+00	0.000000e+00	
1214	6.500029e-03	0.000000e+00	0.000000e+00	0.000000e+00	

Index   time            a17#branch_1_0  a45#branch_1_0  a46#branch_1_0  
--------------------------------------------------------------------------------
1215	6.500029e-03	0.000000e+00	0.000000e+00	0.000000e+00	
1216	6.500029e-03	0.000000e+00	0.000000e+00	0.000000e+00	
1217	6.500029e-03	0.000000e+00	0.000000e+00	0.000000e+00	
1218	6.500029e-03	0.000000e+00	0.000000e+00	0.000000e+00	
1219	6.500030e-03	0.000000e+00	0.000000e+00	0.000000e+00	
1220	6.500030e-03	0.000000e+00	0.000000e+00	0.000000e+00	
1221	6.500030e-03	0.000000e+00	0.000000e+00	0.000000e+00	
1222	6.500030e-03	0.000000e+00	0.000000e+00	0.000000e+00	
1223	6.500030e-03	0.000000e+00	0.000000e+00	0.000000e+00	
1224	6.500031e-03	0.000000e+00	0.000000e+00	0.000000e+00	
1225	6.500032e-03	0.000000e+00	0.000000e+00	0.000000e+00	
1226	6.500033e-03	0.000000e+00	0.000000e+00	0.000000e+00	
1227	6.500037e-03	0.000000e+00	0.000000e+00	0.000000e+00	
1228	6.500043e-03	0.000000e+00	0.000000e+00	0.000000e+00	
1229	6.500056e-03	0.000000e+00	0.000000e+00	0.000000e+00	
1230	6.500082e-03	0.000000e+00	0.000000e+00	0.000000e+00	
1231	6.500135e-03	0.000000e+00	0.000000e+00	0.000000e+00	
1232	6.500240e-03	0.000000e+00	0.000000e+00	0.000000e+00	
1233	6.500449e-03	0.000000e+00	0.000000e+00	0.000000e+00	
1234	6.500869e-03	0.000000e+00	0.000000e+00	0.000000e+00	
1235	6.501708e-03	0.000000e+00	0.000000e+00	0.000000e+00	
1236	6.503385e-03	0.000000e+00	0.000000e+00	0.000000e+00	
1237	6.506741e-03	0.000000e+00	0.000000e+00	0.000000e+00	
1238	6.513452e-03	0.000000e+00	0.000000e+00	0.000000e+00	
1239	6.526873e-03	0.000000e+00	0.000000e+00	0.000000e+00	
1240	6.553717e-03	0.000000e+00	0.000000e+00	0.000000e+00	
1241	6.607404e-03	0.000000e+00	0.000000e+00	0.000000e+00	
1242	6.714778e-03	0.000000e+00	0.000000e+00	0.000000e+00	
1243	6.874778e-03	0.000000e+00	0.000000e+00	0.000000e+00	
1244	7.000000e-03	0.000000e+00	0.000000e+00	0.000000e+00	
1245	7.000001e-03	0.000000e+00	0.000000e+00	0.000000e+00	
1246	7.000003e-03	0.000000e+00	0.000000e+00	0.000000e+00	
1247	7.000005e-03	0.000000e+00	0.000000e+00	0.000000e+00	
1248	7.000005e-03	0.000000e+00	0.000000e+00	0.000000e+00	
1249	7.000005e-03	0.000000e+00	0.000000e+00	0.000000e+00	
1250	7.000005e-03	0.000000e+00	0.000000e+00	0.000000e+00	
1251	7.000005e-03	0.000000e+00	0.000000e+00	0.000000e+00	
1252	7.000005e-03	0.000000e+00	0.000000e+00	0.000000e+00	
1253	7.000005e-03	0.000000e+00	0.000000e+00	0.000000e+00	
1254	7.000005e-03	0.000000e+00	0.000000e+00	0.000000e+00	
1255	7.000005e-03	0.000000e+00	0.000000e+00	0.000000e+00	
1256	7.000005e-03	0.000000e+00	0.000000e+00	0.000000e+00	
1257	7.000006e-03	0.000000e+00	0.000000e+00	0.000000e+00	
1258	7.000006e-03	0.000000e+00	0.000000e+00	0.000000e+00	
1259	7.000007e-03	0.000000e+00	0.000000e+00	0.000000e+00	
1260	7.000007e-03	0.000000e+00	0.000000e+00	0.000000e+00	
1261	7.000007e-03	0.000000e+00	0.000000e+00	0.000000e+00	
1262	7.000007e-03	0.000000e+00	0.000000e+00	0.000000e+00	
1263	7.000007e-03	0.000000e+00	0.000000e+00	0.000000e+00	
1264	7.000007e-03	0.000000e+00	0.000000e+00	0.000000e+00	
1265	7.000007e-03	0.000000e+00	0.000000e+00	0.000000e+00	
1266	7.000007e-03	0.000000e+00	0.000000e+00	0.000000e+00	
1267	7.000007e-03	0.000000e+00	0.000000e+00	0.000000e+00	
1268	7.000007e-03	0.000000e+00	0.000000e+00	0.000000e+00	
1269	7.000008e-03	0.000000e+00	0.000000e+00	0.000000e+00	
1270	7.000008e-03	0.000000e+00	0.000000e+00	0.000000e+00	
1271	7.000008e-03	0.000000e+00	0.000000e+00	0.000000e+00	
1272	7.000008e-03	0.000000e+00	0.000000e+00	0.000000e+00	

Index   time            a17#branch_1_0  a45#branch_1_0  a46#branch_1_0  
--------------------------------------------------------------------------------
1273	7.000008e-03	0.000000e+00	0.000000e+00	0.000000e+00	
1274	7.000009e-03	0.000000e+00	0.000000e+00	0.000000e+00	
1275	7.000009e-03	0.000000e+00	0.000000e+00	0.000000e+00	
1276	7.000009e-03	0.000000e+00	0.000000e+00	0.000000e+00	
1277	7.000009e-03	0.000000e+00	0.000000e+00	0.000000e+00	
1278	7.000009e-03	0.000000e+00	0.000000e+00	0.000000e+00	
1279	7.000009e-03	0.000000e+00	0.000000e+00	0.000000e+00	
1280	7.000009e-03	0.000000e+00	0.000000e+00	0.000000e+00	
1281	7.000009e-03	0.000000e+00	0.000000e+00	0.000000e+00	
1282	7.000010e-03	0.000000e+00	0.000000e+00	0.000000e+00	
1283	7.000010e-03	0.000000e+00	0.000000e+00	0.000000e+00	
1284	7.000010e-03	0.000000e+00	0.000000e+00	0.000000e+00	
1285	7.000010e-03	0.000000e+00	0.000000e+00	0.000000e+00	
1286	7.000010e-03	0.000000e+00	0.000000e+00	0.000000e+00	
1287	7.000010e-03	0.000000e+00	0.000000e+00	0.000000e+00	
1288	7.000010e-03	0.000000e+00	0.000000e+00	0.000000e+00	
1289	7.000010e-03	0.000000e+00	0.000000e+00	0.000000e+00	
1290	7.000010e-03	0.000000e+00	0.000000e+00	0.000000e+00	
1291	7.000010e-03	0.000000e+00	0.000000e+00	0.000000e+00	
1292	7.000010e-03	0.000000e+00	0.000000e+00	0.000000e+00	
1293	7.000011e-03	0.000000e+00	0.000000e+00	0.000000e+00	
1294	7.000011e-03	0.000000e+00	0.000000e+00	0.000000e+00	
1295	7.000012e-03	0.000000e+00	0.000000e+00	0.000000e+00	
1296	7.000014e-03	0.000000e+00	0.000000e+00	0.000000e+00	
1297	7.000018e-03	0.000000e+00	0.000000e+00	0.000000e+00	
1298	7.000020e-03	0.000000e+00	0.000000e+00	0.000000e+00	
1299	7.000021e-03	0.000000e+00	0.000000e+00	0.000000e+00	
1300	7.000022e-03	0.000000e+00	0.000000e+00	0.000000e+00	
1301	7.000022e-03	0.000000e+00	0.000000e+00	0.000000e+00	
1302	7.000022e-03	0.000000e+00	0.000000e+00	0.000000e+00	
1303	7.000023e-03	0.000000e+00	0.000000e+00	0.000000e+00	
1304	7.000023e-03	0.000000e+00	0.000000e+00	0.000000e+00	
1305	7.000023e-03	0.000000e+00	0.000000e+00	0.000000e+00	
1306	7.000023e-03	0.000000e+00	0.000000e+00	0.000000e+00	
1307	7.000024e-03	0.000000e+00	0.000000e+00	0.000000e+00	
1308	7.000024e-03	0.000000e+00	0.000000e+00	0.000000e+00	
1309	7.000026e-03	0.000000e+00	0.000000e+00	0.000000e+00	
1310	7.000028e-03	0.000000e+00	0.000000e+00	0.000000e+00	
1311	7.000033e-03	0.000000e+00	0.000000e+00	0.000000e+00	
1312	7.000044e-03	0.000000e+00	0.000000e+00	0.000000e+00	
1313	7.000064e-03	0.000000e+00	0.000000e+00	0.000000e+00	
1314	7.000105e-03	0.000000e+00	0.000000e+00	0.000000e+00	
1315	7.000187e-03	0.000000e+00	0.000000e+00	0.000000e+00	
1316	7.000351e-03	0.000000e+00	0.000000e+00	0.000000e+00	
1317	7.000678e-03	0.000000e+00	0.000000e+00	0.000000e+00	
1318	7.001334e-03	0.000000e+00	0.000000e+00	0.000000e+00	
1319	7.002645e-03	0.000000e+00	0.000000e+00	0.000000e+00	
1320	7.005266e-03	0.000000e+00	0.000000e+00	0.000000e+00	
1321	7.010509e-03	0.000000e+00	0.000000e+00	0.000000e+00	
1322	7.020995e-03	0.000000e+00	0.000000e+00	0.000000e+00	
1323	7.041966e-03	0.000000e+00	0.000000e+00	0.000000e+00	
1324	7.083909e-03	0.000000e+00	0.000000e+00	0.000000e+00	
1325	7.167795e-03	0.000000e+00	0.000000e+00	0.000000e+00	
1326	7.327795e-03	0.000000e+00	0.000000e+00	0.000000e+00	
1327	7.487795e-03	0.000000e+00	0.000000e+00	0.000000e+00	
1328	7.500010e-03	0.000000e+00	0.000000e+00	0.000000e+00	
1329	7.500011e-03	0.000000e+00	0.000000e+00	0.000000e+00	
1330	7.500013e-03	0.000000e+00	0.000000e+00	0.000000e+00	

Index   time            a17#branch_1_0  a45#branch_1_0  a46#branch_1_0  
--------------------------------------------------------------------------------
1331	7.500017e-03	0.000000e+00	0.000000e+00	0.000000e+00	
1332	7.500019e-03	0.000000e+00	0.000000e+00	0.000000e+00	
1333	7.500019e-03	0.000000e+00	0.000000e+00	0.000000e+00	
1334	7.500019e-03	0.000000e+00	0.000000e+00	0.000000e+00	
1335	7.500020e-03	0.000000e+00	0.000000e+00	0.000000e+00	
1336	7.500020e-03	0.000000e+00	0.000000e+00	0.000000e+00	
1337	7.500020e-03	0.000000e+00	0.000000e+00	0.000000e+00	
1338	7.500020e-03	0.000000e+00	0.000000e+00	0.000000e+00	
1339	7.500020e-03	0.000000e+00	0.000000e+00	0.000000e+00	
1340	7.500020e-03	0.000000e+00	0.000000e+00	0.000000e+00	
1341	7.500020e-03	0.000000e+00	0.000000e+00	0.000000e+00	
1342	7.500020e-03	0.000000e+00	0.000000e+00	0.000000e+00	
1343	7.500020e-03	0.000000e+00	0.000000e+00	0.000000e+00	
1344	7.500020e-03	0.000000e+00	0.000000e+00	0.000000e+00	
1345	7.500020e-03	0.000000e+00	0.000000e+00	0.000000e+00	
1346	7.500021e-03	0.000000e+00	0.000000e+00	0.000000e+00	
1347	7.500021e-03	0.000000e+00	0.000000e+00	0.000000e+00	
1348	7.500021e-03	0.000000e+00	0.000000e+00	0.000000e+00	
1349	7.500021e-03	0.000000e+00	0.000000e+00	0.000000e+00	
1350	7.500021e-03	0.000000e+00	0.000000e+00	0.000000e+00	
1351	7.500022e-03	0.000000e+00	0.000000e+00	0.000000e+00	
1352	7.500022e-03	0.000000e+00	0.000000e+00	0.000000e+00	
1353	7.500022e-03	0.000000e+00	0.000000e+00	0.000000e+00	
1354	7.500022e-03	0.000000e+00	0.000000e+00	0.000000e+00	
1355	7.500022e-03	0.000000e+00	0.000000e+00	0.000000e+00	
1356	7.500022e-03	0.000000e+00	0.000000e+00	0.000000e+00	
1357	7.500022e-03	0.000000e+00	0.000000e+00	0.000000e+00	
1358	7.500022e-03	0.000000e+00	0.000000e+00	0.000000e+00	
1359	7.500023e-03	0.000000e+00	0.000000e+00	0.000000e+00	
1360	7.500023e-03	0.000000e+00	0.000000e+00	0.000000e+00	
1361	7.500023e-03	0.000000e+00	0.000000e+00	0.000000e+00	
1362	7.500023e-03	0.000000e+00	0.000000e+00	0.000000e+00	
1363	7.500023e-03	0.000000e+00	0.000000e+00	0.000000e+00	
1364	7.500023e-03	0.000000e+00	0.000000e+00	0.000000e+00	
1365	7.500023e-03	0.000000e+00	0.000000e+00	0.000000e+00	
1366	7.500023e-03	0.000000e+00	0.000000e+00	0.000000e+00	
1367	7.500023e-03	0.000000e+00	0.000000e+00	0.000000e+00	
1368	7.500023e-03	0.000000e+00	0.000000e+00	0.000000e+00	
1369	7.500023e-03	0.000000e+00	0.000000e+00	0.000000e+00	
1370	7.500023e-03	0.000000e+00	0.000000e+00	0.000000e+00	
1371	7.500023e-03	0.000000e+00	0.000000e+00	0.000000e+00	
1372	7.500024e-03	0.000000e+00	0.000000e+00	0.000000e+00	
1373	7.500024e-03	0.000000e+00	0.000000e+00	0.000000e+00	
1374	7.500025e-03	0.000000e+00	0.000000e+00	0.000000e+00	
1375	7.500025e-03	0.000000e+00	0.000000e+00	0.000000e+00	
1376	7.500025e-03	0.000000e+00	0.000000e+00	0.000000e+00	
1377	7.500026e-03	0.000000e+00	0.000000e+00	0.000000e+00	
1378	7.500026e-03	0.000000e+00	0.000000e+00	0.000000e+00	
1379	7.500026e-03	0.000000e+00	0.000000e+00	0.000000e+00	
1380	7.500026e-03	0.000000e+00	0.000000e+00	0.000000e+00	
1381	7.500026e-03	0.000000e+00	0.000000e+00	0.000000e+00	
1382	7.500027e-03	0.000000e+00	0.000000e+00	0.000000e+00	
1383	7.500028e-03	0.000000e+00	0.000000e+00	0.000000e+00	
1384	7.500029e-03	0.000000e+00	0.000000e+00	0.000000e+00	
1385	7.500029e-03	0.000000e+00	0.000000e+00	0.000000e+00	
1386	7.500029e-03	0.000000e+00	0.000000e+00	0.000000e+00	
1387	7.500029e-03	0.000000e+00	0.000000e+00	0.000000e+00	
1388	7.500029e-03	0.000000e+00	0.000000e+00	0.000000e+00	

Index   time            a17#branch_1_0  a45#branch_1_0  a46#branch_1_0  
--------------------------------------------------------------------------------
1389	7.500029e-03	0.000000e+00	0.000000e+00	0.000000e+00	
1390	7.500029e-03	0.000000e+00	0.000000e+00	0.000000e+00	
1391	7.500029e-03	0.000000e+00	0.000000e+00	0.000000e+00	
1392	7.500029e-03	0.000000e+00	0.000000e+00	0.000000e+00	
1393	7.500029e-03	0.000000e+00	0.000000e+00	0.000000e+00	
1394	7.500030e-03	0.000000e+00	0.000000e+00	0.000000e+00	
1395	7.500030e-03	0.000000e+00	0.000000e+00	0.000000e+00	
1396	7.500030e-03	0.000000e+00	0.000000e+00	0.000000e+00	
1397	7.500030e-03	0.000000e+00	0.000000e+00	0.000000e+00	
1398	7.500030e-03	0.000000e+00	0.000000e+00	0.000000e+00	
1399	7.500031e-03	0.000000e+00	0.000000e+00	0.000000e+00	
1400	7.500032e-03	0.000000e+00	0.000000e+00	0.000000e+00	
1401	7.500033e-03	0.000000e+00	0.000000e+00	0.000000e+00	
1402	7.500037e-03	0.000000e+00	0.000000e+00	0.000000e+00	
1403	7.500043e-03	0.000000e+00	0.000000e+00	0.000000e+00	
1404	7.500056e-03	0.000000e+00	0.000000e+00	0.000000e+00	
1405	7.500082e-03	0.000000e+00	0.000000e+00	0.000000e+00	
1406	7.500135e-03	0.000000e+00	0.000000e+00	0.000000e+00	
1407	7.500240e-03	0.000000e+00	0.000000e+00	0.000000e+00	
1408	7.500449e-03	0.000000e+00	0.000000e+00	0.000000e+00	
1409	7.500869e-03	0.000000e+00	0.000000e+00	0.000000e+00	
1410	7.501708e-03	0.000000e+00	0.000000e+00	0.000000e+00	
1411	7.503385e-03	0.000000e+00	0.000000e+00	0.000000e+00	
1412	7.506741e-03	0.000000e+00	0.000000e+00	0.000000e+00	
1413	7.513452e-03	0.000000e+00	0.000000e+00	0.000000e+00	
1414	7.526873e-03	0.000000e+00	0.000000e+00	0.000000e+00	
1415	7.553717e-03	0.000000e+00	0.000000e+00	0.000000e+00	
1416	7.607404e-03	0.000000e+00	0.000000e+00	0.000000e+00	
1417	7.714778e-03	0.000000e+00	0.000000e+00	0.000000e+00	
1418	7.874778e-03	0.000000e+00	0.000000e+00	0.000000e+00	
1419	8.000000e-03	0.000000e+00	0.000000e+00	0.000000e+00	

                                kicad schematic
                                Transient Analysis  Mon Sep 15 10:23:16  2025
--------------------------------------------------------------------------------
Index   time            a47#branch_1_0  a48#branch_1_0  v1#branch       
--------------------------------------------------------------------------------
0	0.000000e+00	0.000000e+00	0.000000e+00	0.000000e+00	
1	1.000000e-10	0.000000e+00	0.000000e+00	0.000000e+00	
2	2.000000e-10	0.000000e+00	0.000000e+00	0.000000e+00	
3	4.000000e-10	0.000000e+00	0.000000e+00	0.000000e+00	
4	8.000000e-10	0.000000e+00	0.000000e+00	0.000000e+00	
5	1.600000e-09	0.000000e+00	0.000000e+00	0.000000e+00	
6	3.200000e-09	0.000000e+00	0.000000e+00	0.000000e+00	
7	5.200000e-09	0.000000e+00	0.000000e+00	0.000000e+00	
8	5.210000e-09	0.000000e+00	0.000000e+00	0.000000e+00	
9	5.230000e-09	0.000000e+00	0.000000e+00	0.000000e+00	
10	5.270000e-09	0.000000e+00	0.000000e+00	0.000000e+00	
11	5.300000e-09	0.000000e+00	0.000000e+00	0.000000e+00	
12	5.308000e-09	0.000000e+00	0.000000e+00	0.000000e+00	
13	5.324000e-09	0.000000e+00	0.000000e+00	0.000000e+00	
14	5.356000e-09	0.000000e+00	0.000000e+00	0.000000e+00	
15	5.420000e-09	0.000000e+00	0.000000e+00	0.000000e+00	
16	5.548000e-09	0.000000e+00	0.000000e+00	0.000000e+00	
17	5.804000e-09	0.000000e+00	0.000000e+00	0.000000e+00	
18	6.200000e-09	0.000000e+00	0.000000e+00	0.000000e+00	
19	6.210000e-09	0.000000e+00	0.000000e+00	0.000000e+00	
20	6.230000e-09	0.000000e+00	0.000000e+00	0.000000e+00	
21	6.270000e-09	0.000000e+00	0.000000e+00	0.000000e+00	
22	6.300000e-09	0.000000e+00	0.000000e+00	0.000000e+00	
23	6.308000e-09	0.000000e+00	0.000000e+00	0.000000e+00	
24	6.324000e-09	0.000000e+00	0.000000e+00	0.000000e+00	
25	6.356000e-09	0.000000e+00	0.000000e+00	0.000000e+00	
26	6.420000e-09	0.000000e+00	0.000000e+00	0.000000e+00	
27	6.548000e-09	0.000000e+00	0.000000e+00	0.000000e+00	
28	6.804000e-09	0.000000e+00	0.000000e+00	0.000000e+00	
29	7.316000e-09	0.000000e+00	0.000000e+00	0.000000e+00	
30	8.200000e-09	0.000000e+00	0.000000e+00	0.000000e+00	
31	8.290000e-09	0.000000e+00	0.000000e+00	0.000000e+00	
32	8.470000e-09	0.000000e+00	0.000000e+00	0.000000e+00	
33	8.830000e-09	0.000000e+00	0.000000e+00	0.000000e+00	
34	9.100000e-09	0.000000e+00	0.000000e+00	0.000000e+00	
35	9.172000e-09	0.000000e+00	0.000000e+00	0.000000e+00	
36	9.200000e-09	0.000000e+00	0.000000e+00	0.000000e+00	
37	9.214400e-09	0.000000e+00	0.000000e+00	0.000000e+00	
38	9.243200e-09	0.000000e+00	0.000000e+00	0.000000e+00	
39	9.300800e-09	0.000000e+00	0.000000e+00	0.000000e+00	
40	9.416000e-09	0.000000e+00	0.000000e+00	0.000000e+00	
41	9.646400e-09	0.000000e+00	0.000000e+00	0.000000e+00	
42	1.000000e-08	0.000000e+00	0.000000e+00	0.000000e+00	
43	1.001000e-08	0.000000e+00	0.000000e+00	0.000000e+00	
44	1.003000e-08	0.000000e+00	0.000000e+00	0.000000e+00	
45	1.007000e-08	0.000000e+00	0.000000e+00	0.000000e+00	
46	1.010000e-08	0.000000e+00	0.000000e+00	0.000000e+00	
47	1.010800e-08	0.000000e+00	0.000000e+00	0.000000e+00	
48	1.012400e-08	0.000000e+00	0.000000e+00	0.000000e+00	
49	1.015600e-08	0.000000e+00	0.000000e+00	0.000000e+00	
50	1.022000e-08	0.000000e+00	0.000000e+00	0.000000e+00	
51	1.034800e-08	0.000000e+00	0.000000e+00	0.000000e+00	
52	1.060400e-08	0.000000e+00	0.000000e+00	0.000000e+00	
53	1.111600e-08	0.000000e+00	0.000000e+00	0.000000e+00	
54	1.214000e-08	0.000000e+00	0.000000e+00	0.000000e+00	

Index   time            a47#branch_1_0  a48#branch_1_0  v1#branch       
--------------------------------------------------------------------------------
55	1.418800e-08	0.000000e+00	0.000000e+00	0.000000e+00	
56	1.828400e-08	0.000000e+00	0.000000e+00	0.000000e+00	
57	2.647600e-08	0.000000e+00	0.000000e+00	0.000000e+00	
58	4.286000e-08	0.000000e+00	0.000000e+00	0.000000e+00	
59	7.562800e-08	0.000000e+00	0.000000e+00	0.000000e+00	
60	1.411640e-07	0.000000e+00	0.000000e+00	0.000000e+00	
61	2.722360e-07	0.000000e+00	0.000000e+00	0.000000e+00	
62	5.343800e-07	0.000000e+00	0.000000e+00	0.000000e+00	
63	1.058668e-06	0.000000e+00	0.000000e+00	0.000000e+00	
64	2.107244e-06	0.000000e+00	0.000000e+00	0.000000e+00	
65	4.204396e-06	0.000000e+00	0.000000e+00	0.000000e+00	
66	8.398700e-06	0.000000e+00	0.000000e+00	0.000000e+00	
67	1.678731e-05	0.000000e+00	0.000000e+00	0.000000e+00	
68	3.356452e-05	0.000000e+00	0.000000e+00	0.000000e+00	
69	6.711896e-05	0.000000e+00	0.000000e+00	0.000000e+00	
70	1.342278e-04	0.000000e+00	0.000000e+00	0.000000e+00	
71	2.684455e-04	0.000000e+00	0.000000e+00	0.000000e+00	
72	4.284455e-04	0.000000e+00	0.000000e+00	0.000000e+00	
73	5.000100e-04	0.000000e+00	0.000000e+00	0.000000e+00	
74	5.000110e-04	0.000000e+00	0.000000e+00	0.000000e+00	
75	5.000130e-04	0.000000e+00	0.000000e+00	0.000000e+00	
76	5.000170e-04	0.000000e+00	0.000000e+00	0.000000e+00	
77	5.000190e-04	0.000000e+00	0.000000e+00	0.000000e+00	
78	5.000191e-04	0.000000e+00	0.000000e+00	0.000000e+00	
79	5.000193e-04	0.000000e+00	0.000000e+00	0.000000e+00	
80	5.000196e-04	0.000000e+00	0.000000e+00	0.000000e+00	
81	5.000199e-04	0.000000e+00	0.000000e+00	0.000000e+00	
82	5.000199e-04	0.000000e+00	0.000000e+00	0.000000e+00	
83	5.000199e-04	0.000000e+00	0.000000e+00	0.000000e+00	
84	5.000200e-04	0.000000e+00	0.000000e+00	0.000000e+00	
85	5.000200e-04	0.000000e+00	0.000000e+00	0.000000e+00	
86	5.000200e-04	0.000000e+00	0.000000e+00	0.000000e+00	
87	5.000200e-04	0.000000e+00	0.000000e+00	0.000000e+00	
88	5.000201e-04	0.000000e+00	0.000000e+00	0.000000e+00	
89	5.000201e-04	0.000000e+00	0.000000e+00	0.000000e+00	
90	5.000202e-04	0.000000e+00	0.000000e+00	0.000000e+00	
91	5.000205e-04	0.000000e+00	0.000000e+00	0.000000e+00	
92	5.000210e-04	0.000000e+00	0.000000e+00	0.000000e+00	
93	5.000211e-04	0.000000e+00	0.000000e+00	0.000000e+00	
94	5.000212e-04	0.000000e+00	0.000000e+00	0.000000e+00	
95	5.000214e-04	0.000000e+00	0.000000e+00	0.000000e+00	
96	5.000218e-04	0.000000e+00	0.000000e+00	0.000000e+00	
97	5.000219e-04	0.000000e+00	0.000000e+00	0.000000e+00	
98	5.000220e-04	0.000000e+00	0.000000e+00	0.000000e+00	
99	5.000220e-04	0.000000e+00	0.000000e+00	0.000000e+00	
100	5.000220e-04	0.000000e+00	0.000000e+00	0.000000e+00	
101	5.000220e-04	0.000000e+00	0.000000e+00	0.000000e+00	
102	5.000221e-04	0.000000e+00	0.000000e+00	0.000000e+00	
103	5.000222e-04	0.000000e+00	0.000000e+00	0.000000e+00	
104	5.000225e-04	0.000000e+00	0.000000e+00	0.000000e+00	
105	5.000229e-04	0.000000e+00	0.000000e+00	0.000000e+00	
106	5.000230e-04	0.000000e+00	0.000000e+00	0.000000e+00	
107	5.000230e-04	0.000000e+00	0.000000e+00	0.000000e+00	
108	5.000230e-04	0.000000e+00	0.000000e+00	0.000000e+00	
109	5.000230e-04	0.000000e+00	0.000000e+00	0.000000e+00	
110	5.000231e-04	0.000000e+00	0.000000e+00	0.000000e+00	
111	5.000231e-04	0.000000e+00	0.000000e+00	0.000000e+00	
112	5.000231e-04	0.000000e+00	0.000000e+00	0.000000e+00	

Index   time            a47#branch_1_0  a48#branch_1_0  v1#branch       
--------------------------------------------------------------------------------
113	5.000231e-04	0.000000e+00	0.000000e+00	0.000000e+00	
114	5.000232e-04	0.000000e+00	0.000000e+00	0.000000e+00	
115	5.000232e-04	0.000000e+00	0.000000e+00	0.000000e+00	
116	5.000233e-04	0.000000e+00	0.000000e+00	0.000000e+00	
117	5.000236e-04	0.000000e+00	0.000000e+00	0.000000e+00	
118	5.000241e-04	0.000000e+00	0.000000e+00	0.000000e+00	
119	5.000250e-04	0.000000e+00	0.000000e+00	0.000000e+00	
120	5.000251e-04	0.000000e+00	0.000000e+00	0.000000e+00	
121	5.000253e-04	0.000000e+00	0.000000e+00	0.000000e+00	
122	5.000256e-04	0.000000e+00	0.000000e+00	0.000000e+00	
123	5.000259e-04	0.000000e+00	0.000000e+00	0.000000e+00	
124	5.000260e-04	0.000000e+00	0.000000e+00	0.000000e+00	
125	5.000261e-04	0.000000e+00	0.000000e+00	0.000000e+00	
126	5.000264e-04	0.000000e+00	0.000000e+00	0.000000e+00	
127	5.000270e-04	0.000000e+00	0.000000e+00	0.000000e+00	
128	5.000281e-04	0.000000e+00	0.000000e+00	0.000000e+00	
129	5.000291e-04	0.000000e+00	0.000000e+00	0.000000e+00	
130	5.000291e-04	0.000000e+00	0.000000e+00	0.000000e+00	
131	5.000291e-04	0.000000e+00	0.000000e+00	0.000000e+00	
132	5.000292e-04	0.000000e+00	0.000000e+00	0.000000e+00	
133	5.000292e-04	0.000000e+00	0.000000e+00	0.000000e+00	
134	5.000292e-04	0.000000e+00	0.000000e+00	0.000000e+00	
135	5.000292e-04	0.000000e+00	0.000000e+00	0.000000e+00	
136	5.000293e-04	0.000000e+00	0.000000e+00	0.000000e+00	
137	5.000293e-04	0.000000e+00	0.000000e+00	0.000000e+00	
138	5.000295e-04	0.000000e+00	0.000000e+00	0.000000e+00	
139	5.000297e-04	0.000000e+00	0.000000e+00	0.000000e+00	
140	5.000300e-04	0.000000e+00	0.000000e+00	0.000000e+00	
141	5.000301e-04	0.000000e+00	0.000000e+00	0.000000e+00	
142	5.000302e-04	0.000000e+00	0.000000e+00	0.000000e+00	
143	5.000304e-04	0.000000e+00	0.000000e+00	0.000000e+00	
144	5.000308e-04	0.000000e+00	0.000000e+00	0.000000e+00	
145	5.000316e-04	0.000000e+00	0.000000e+00	0.000000e+00	
146	5.000332e-04	0.000000e+00	0.000000e+00	0.000000e+00	
147	5.000365e-04	0.000000e+00	0.000000e+00	0.000000e+00	
148	5.000431e-04	0.000000e+00	0.000000e+00	0.000000e+00	
149	5.000562e-04	0.000000e+00	0.000000e+00	0.000000e+00	
150	5.000824e-04	0.000000e+00	0.000000e+00	0.000000e+00	
151	5.001348e-04	0.000000e+00	0.000000e+00	0.000000e+00	
152	5.002397e-04	0.000000e+00	0.000000e+00	0.000000e+00	
153	5.004494e-04	0.000000e+00	0.000000e+00	0.000000e+00	
154	5.008688e-04	0.000000e+00	0.000000e+00	0.000000e+00	
155	5.017077e-04	0.000000e+00	0.000000e+00	0.000000e+00	
156	5.033854e-04	0.000000e+00	0.000000e+00	0.000000e+00	
157	5.067408e-04	0.000000e+00	0.000000e+00	0.000000e+00	
158	5.134517e-04	0.000000e+00	0.000000e+00	0.000000e+00	
159	5.268735e-04	0.000000e+00	0.000000e+00	0.000000e+00	
160	5.537170e-04	0.000000e+00	0.000000e+00	0.000000e+00	
161	6.074041e-04	0.000000e+00	0.000000e+00	0.000000e+00	
162	7.147783e-04	0.000000e+00	0.000000e+00	0.000000e+00	
163	8.747783e-04	0.000000e+00	0.000000e+00	0.000000e+00	
164	1.000000e-03	0.000000e+00	0.000000e+00	0.000000e+00	
165	1.000001e-03	0.000000e+00	0.000000e+00	0.000000e+00	
166	1.000003e-03	0.000000e+00	0.000000e+00	0.000000e+00	
167	1.000005e-03	0.000000e+00	0.000000e+00	0.000000e+00	
168	1.000005e-03	0.000000e+00	0.000000e+00	0.000000e+00	
169	1.000005e-03	0.000000e+00	0.000000e+00	0.000000e+00	
170	1.000005e-03	0.000000e+00	0.000000e+00	0.000000e+00	

Index   time            a47#branch_1_0  a48#branch_1_0  v1#branch       
--------------------------------------------------------------------------------
171	1.000005e-03	0.000000e+00	0.000000e+00	0.000000e+00	
172	1.000005e-03	0.000000e+00	0.000000e+00	0.000000e+00	
173	1.000005e-03	0.000000e+00	0.000000e+00	0.000000e+00	
174	1.000005e-03	0.000000e+00	0.000000e+00	0.000000e+00	
175	1.000005e-03	0.000000e+00	0.000000e+00	0.000000e+00	
176	1.000005e-03	0.000000e+00	0.000000e+00	0.000000e+00	
177	1.000006e-03	0.000000e+00	0.000000e+00	0.000000e+00	
178	1.000006e-03	0.000000e+00	0.000000e+00	0.000000e+00	
179	1.000007e-03	0.000000e+00	0.000000e+00	0.000000e+00	
180	1.000007e-03	0.000000e+00	0.000000e+00	0.000000e+00	
181	1.000007e-03	0.000000e+00	0.000000e+00	0.000000e+00	
182	1.000007e-03	0.000000e+00	0.000000e+00	0.000000e+00	
183	1.000007e-03	0.000000e+00	0.000000e+00	0.000000e+00	
184	1.000007e-03	0.000000e+00	0.000000e+00	0.000000e+00	
185	1.000007e-03	0.000000e+00	0.000000e+00	0.000000e+00	
186	1.000007e-03	0.000000e+00	0.000000e+00	0.000000e+00	
187	1.000007e-03	0.000000e+00	0.000000e+00	0.000000e+00	
188	1.000007e-03	0.000000e+00	0.000000e+00	0.000000e+00	
189	1.000008e-03	0.000000e+00	0.000000e+00	0.000000e+00	
190	1.000008e-03	0.000000e+00	0.000000e+00	0.000000e+00	
191	1.000008e-03	0.000000e+00	0.000000e+00	0.000000e+00	
192	1.000008e-03	0.000000e+00	0.000000e+00	0.000000e+00	
193	1.000008e-03	0.000000e+00	0.000000e+00	0.000000e+00	
194	1.000009e-03	0.000000e+00	0.000000e+00	0.000000e+00	
195	1.000009e-03	0.000000e+00	0.000000e+00	0.000000e+00	
196	1.000009e-03	0.000000e+00	0.000000e+00	0.000000e+00	
197	1.000009e-03	0.000000e+00	0.000000e+00	0.000000e+00	
198	1.000009e-03	0.000000e+00	0.000000e+00	0.000000e+00	
199	1.000009e-03	0.000000e+00	0.000000e+00	0.000000e+00	
200	1.000009e-03	0.000000e+00	0.000000e+00	0.000000e+00	
201	1.000009e-03	0.000000e+00	0.000000e+00	0.000000e+00	
202	1.000010e-03	0.000000e+00	0.000000e+00	0.000000e+00	
203	1.000010e-03	0.000000e+00	0.000000e+00	0.000000e+00	
204	1.000010e-03	0.000000e+00	0.000000e+00	0.000000e+00	
205	1.000010e-03	0.000000e+00	0.000000e+00	0.000000e+00	
206	1.000010e-03	0.000000e+00	0.000000e+00	0.000000e+00	
207	1.000010e-03	0.000000e+00	0.000000e+00	0.000000e+00	
208	1.000010e-03	0.000000e+00	0.000000e+00	0.000000e+00	
209	1.000010e-03	0.000000e+00	0.000000e+00	0.000000e+00	
210	1.000010e-03	0.000000e+00	0.000000e+00	0.000000e+00	
211	1.000010e-03	0.000000e+00	0.000000e+00	0.000000e+00	
212	1.000010e-03	0.000000e+00	0.000000e+00	0.000000e+00	
213	1.000011e-03	0.000000e+00	0.000000e+00	0.000000e+00	
214	1.000011e-03	0.000000e+00	0.000000e+00	0.000000e+00	
215	1.000012e-03	0.000000e+00	0.000000e+00	0.000000e+00	
216	1.000014e-03	0.000000e+00	0.000000e+00	0.000000e+00	
217	1.000018e-03	0.000000e+00	0.000000e+00	0.000000e+00	
218	1.000020e-03	0.000000e+00	0.000000e+00	0.000000e+00	
219	1.000021e-03	0.000000e+00	0.000000e+00	0.000000e+00	
220	1.000022e-03	0.000000e+00	0.000000e+00	0.000000e+00	
221	1.000022e-03	0.000000e+00	0.000000e+00	0.000000e+00	
222	1.000022e-03	0.000000e+00	0.000000e+00	0.000000e+00	
223	1.000023e-03	0.000000e+00	0.000000e+00	0.000000e+00	
224	1.000023e-03	0.000000e+00	0.000000e+00	0.000000e+00	
225	1.000023e-03	0.000000e+00	0.000000e+00	0.000000e+00	
226	1.000023e-03	0.000000e+00	0.000000e+00	0.000000e+00	
227	1.000024e-03	0.000000e+00	0.000000e+00	0.000000e+00	
228	1.000024e-03	0.000000e+00	0.000000e+00	0.000000e+00	

Index   time            a47#branch_1_0  a48#branch_1_0  v1#branch       
--------------------------------------------------------------------------------
229	1.000026e-03	0.000000e+00	0.000000e+00	0.000000e+00	
230	1.000028e-03	0.000000e+00	0.000000e+00	0.000000e+00	
231	1.000033e-03	0.000000e+00	0.000000e+00	0.000000e+00	
232	1.000044e-03	0.000000e+00	0.000000e+00	0.000000e+00	
233	1.000064e-03	0.000000e+00	0.000000e+00	0.000000e+00	
234	1.000105e-03	0.000000e+00	0.000000e+00	0.000000e+00	
235	1.000187e-03	0.000000e+00	0.000000e+00	0.000000e+00	
236	1.000351e-03	0.000000e+00	0.000000e+00	0.000000e+00	
237	1.000678e-03	0.000000e+00	0.000000e+00	0.000000e+00	
238	1.001334e-03	0.000000e+00	0.000000e+00	0.000000e+00	
239	1.002645e-03	0.000000e+00	0.000000e+00	0.000000e+00	
240	1.005266e-03	0.000000e+00	0.000000e+00	0.000000e+00	
241	1.010509e-03	0.000000e+00	0.000000e+00	0.000000e+00	
242	1.020995e-03	0.000000e+00	0.000000e+00	0.000000e+00	
243	1.041966e-03	0.000000e+00	0.000000e+00	0.000000e+00	
244	1.083909e-03	0.000000e+00	0.000000e+00	0.000000e+00	
245	1.167795e-03	0.000000e+00	0.000000e+00	0.000000e+00	
246	1.327795e-03	0.000000e+00	0.000000e+00	0.000000e+00	
247	1.487795e-03	0.000000e+00	0.000000e+00	0.000000e+00	
248	1.500010e-03	0.000000e+00	0.000000e+00	0.000000e+00	
249	1.500011e-03	0.000000e+00	0.000000e+00	0.000000e+00	
250	1.500013e-03	0.000000e+00	0.000000e+00	0.000000e+00	
251	1.500017e-03	0.000000e+00	0.000000e+00	0.000000e+00	
252	1.500019e-03	0.000000e+00	0.000000e+00	0.000000e+00	
253	1.500019e-03	0.000000e+00	0.000000e+00	0.000000e+00	
254	1.500019e-03	0.000000e+00	0.000000e+00	0.000000e+00	
255	1.500020e-03	0.000000e+00	0.000000e+00	0.000000e+00	
256	1.500020e-03	0.000000e+00	0.000000e+00	0.000000e+00	
257	1.500020e-03	0.000000e+00	0.000000e+00	0.000000e+00	
258	1.500020e-03	0.000000e+00	0.000000e+00	0.000000e+00	
259	1.500020e-03	0.000000e+00	0.000000e+00	0.000000e+00	
260	1.500020e-03	0.000000e+00	0.000000e+00	0.000000e+00	
261	1.500020e-03	0.000000e+00	0.000000e+00	0.000000e+00	
262	1.500020e-03	0.000000e+00	0.000000e+00	0.000000e+00	
263	1.500020e-03	0.000000e+00	0.000000e+00	0.000000e+00	
264	1.500020e-03	0.000000e+00	0.000000e+00	0.000000e+00	
265	1.500020e-03	0.000000e+00	0.000000e+00	0.000000e+00	
266	1.500021e-03	0.000000e+00	0.000000e+00	0.000000e+00	
267	1.500021e-03	0.000000e+00	0.000000e+00	0.000000e+00	
268	1.500021e-03	0.000000e+00	0.000000e+00	0.000000e+00	
269	1.500021e-03	0.000000e+00	0.000000e+00	0.000000e+00	
270	1.500021e-03	0.000000e+00	0.000000e+00	0.000000e+00	
271	1.500022e-03	0.000000e+00	0.000000e+00	0.000000e+00	
272	1.500022e-03	0.000000e+00	0.000000e+00	0.000000e+00	
273	1.500022e-03	0.000000e+00	0.000000e+00	0.000000e+00	
274	1.500022e-03	0.000000e+00	0.000000e+00	0.000000e+00	
275	1.500022e-03	0.000000e+00	0.000000e+00	0.000000e+00	
276	1.500022e-03	0.000000e+00	0.000000e+00	0.000000e+00	
277	1.500022e-03	0.000000e+00	0.000000e+00	0.000000e+00	
278	1.500022e-03	0.000000e+00	0.000000e+00	0.000000e+00	
279	1.500023e-03	0.000000e+00	0.000000e+00	0.000000e+00	
280	1.500023e-03	0.000000e+00	0.000000e+00	0.000000e+00	
281	1.500023e-03	0.000000e+00	0.000000e+00	0.000000e+00	
282	1.500023e-03	0.000000e+00	0.000000e+00	0.000000e+00	
283	1.500023e-03	0.000000e+00	0.000000e+00	0.000000e+00	
284	1.500023e-03	0.000000e+00	0.000000e+00	0.000000e+00	
285	1.500023e-03	0.000000e+00	0.000000e+00	0.000000e+00	
286	1.500023e-03	0.000000e+00	0.000000e+00	0.000000e+00	

Index   time            a47#branch_1_0  a48#branch_1_0  v1#branch       
--------------------------------------------------------------------------------
287	1.500023e-03	0.000000e+00	0.000000e+00	0.000000e+00	
288	1.500023e-03	0.000000e+00	0.000000e+00	0.000000e+00	
289	1.500023e-03	0.000000e+00	0.000000e+00	0.000000e+00	
290	1.500023e-03	0.000000e+00	0.000000e+00	0.000000e+00	
291	1.500023e-03	0.000000e+00	0.000000e+00	0.000000e+00	
292	1.500024e-03	0.000000e+00	0.000000e+00	0.000000e+00	
293	1.500024e-03	0.000000e+00	0.000000e+00	0.000000e+00	
294	1.500025e-03	0.000000e+00	0.000000e+00	0.000000e+00	
295	1.500025e-03	0.000000e+00	0.000000e+00	0.000000e+00	
296	1.500025e-03	0.000000e+00	0.000000e+00	0.000000e+00	
297	1.500026e-03	0.000000e+00	0.000000e+00	0.000000e+00	
298	1.500026e-03	0.000000e+00	0.000000e+00	0.000000e+00	
299	1.500026e-03	0.000000e+00	0.000000e+00	0.000000e+00	
300	1.500026e-03	0.000000e+00	0.000000e+00	0.000000e+00	
301	1.500026e-03	0.000000e+00	0.000000e+00	0.000000e+00	
302	1.500027e-03	0.000000e+00	0.000000e+00	0.000000e+00	
303	1.500028e-03	0.000000e+00	0.000000e+00	0.000000e+00	
304	1.500029e-03	0.000000e+00	0.000000e+00	0.000000e+00	
305	1.500029e-03	0.000000e+00	0.000000e+00	0.000000e+00	
306	1.500029e-03	0.000000e+00	0.000000e+00	0.000000e+00	
307	1.500029e-03	0.000000e+00	0.000000e+00	0.000000e+00	
308	1.500029e-03	0.000000e+00	0.000000e+00	0.000000e+00	
309	1.500029e-03	0.000000e+00	0.000000e+00	0.000000e+00	
310	1.500029e-03	0.000000e+00	0.000000e+00	0.000000e+00	
311	1.500029e-03	0.000000e+00	0.000000e+00	0.000000e+00	
312	1.500029e-03	0.000000e+00	0.000000e+00	0.000000e+00	
313	1.500029e-03	0.000000e+00	0.000000e+00	0.000000e+00	
314	1.500030e-03	0.000000e+00	0.000000e+00	0.000000e+00	
315	1.500030e-03	0.000000e+00	0.000000e+00	0.000000e+00	
316	1.500030e-03	0.000000e+00	0.000000e+00	0.000000e+00	
317	1.500030e-03	0.000000e+00	0.000000e+00	0.000000e+00	
318	1.500030e-03	0.000000e+00	0.000000e+00	0.000000e+00	
319	1.500031e-03	0.000000e+00	0.000000e+00	0.000000e+00	
320	1.500032e-03	0.000000e+00	0.000000e+00	0.000000e+00	
321	1.500033e-03	0.000000e+00	0.000000e+00	0.000000e+00	
322	1.500037e-03	0.000000e+00	0.000000e+00	0.000000e+00	
323	1.500043e-03	0.000000e+00	0.000000e+00	0.000000e+00	
324	1.500056e-03	0.000000e+00	0.000000e+00	0.000000e+00	
325	1.500082e-03	0.000000e+00	0.000000e+00	0.000000e+00	
326	1.500135e-03	0.000000e+00	0.000000e+00	0.000000e+00	
327	1.500240e-03	0.000000e+00	0.000000e+00	0.000000e+00	
328	1.500449e-03	0.000000e+00	0.000000e+00	0.000000e+00	
329	1.500869e-03	0.000000e+00	0.000000e+00	0.000000e+00	
330	1.501708e-03	0.000000e+00	0.000000e+00	0.000000e+00	
331	1.503385e-03	0.000000e+00	0.000000e+00	0.000000e+00	
332	1.506741e-03	0.000000e+00	0.000000e+00	0.000000e+00	
333	1.513452e-03	0.000000e+00	0.000000e+00	0.000000e+00	
334	1.526873e-03	0.000000e+00	0.000000e+00	0.000000e+00	
335	1.553717e-03	0.000000e+00	0.000000e+00	0.000000e+00	
336	1.607404e-03	0.000000e+00	0.000000e+00	0.000000e+00	
337	1.714778e-03	0.000000e+00	0.000000e+00	0.000000e+00	
338	1.874778e-03	0.000000e+00	0.000000e+00	0.000000e+00	
339	2.000000e-03	0.000000e+00	0.000000e+00	0.000000e+00	
340	2.000001e-03	0.000000e+00	0.000000e+00	0.000000e+00	
341	2.000003e-03	0.000000e+00	0.000000e+00	0.000000e+00	
342	2.000005e-03	0.000000e+00	0.000000e+00	0.000000e+00	
343	2.000005e-03	0.000000e+00	0.000000e+00	0.000000e+00	
344	2.000005e-03	0.000000e+00	0.000000e+00	0.000000e+00	

Index   time            a47#branch_1_0  a48#branch_1_0  v1#branch       
--------------------------------------------------------------------------------
345	2.000005e-03	0.000000e+00	0.000000e+00	0.000000e+00	
346	2.000005e-03	0.000000e+00	0.000000e+00	0.000000e+00	
347	2.000005e-03	0.000000e+00	0.000000e+00	0.000000e+00	
348	2.000005e-03	0.000000e+00	0.000000e+00	0.000000e+00	
349	2.000005e-03	0.000000e+00	0.000000e+00	0.000000e+00	
350	2.000005e-03	0.000000e+00	0.000000e+00	0.000000e+00	
351	2.000005e-03	0.000000e+00	0.000000e+00	0.000000e+00	
352	2.000006e-03	0.000000e+00	0.000000e+00	0.000000e+00	
353	2.000006e-03	0.000000e+00	0.000000e+00	0.000000e+00	
354	2.000006e-03	0.000000e+00	0.000000e+00	0.000000e+00	
355	2.000006e-03	0.000000e+00	0.000000e+00	0.000000e+00	
356	2.000006e-03	0.000000e+00	0.000000e+00	0.000000e+00	
357	2.000006e-03	0.000000e+00	0.000000e+00	0.000000e+00	
358	2.000006e-03	0.000000e+00	0.000000e+00	0.000000e+00	
359	2.000006e-03	0.000000e+00	0.000000e+00	0.000000e+00	
360	2.000006e-03	0.000000e+00	0.000000e+00	0.000000e+00	
361	2.000006e-03	0.000000e+00	0.000000e+00	0.000000e+00	
362	2.000006e-03	0.000000e+00	0.000000e+00	0.000000e+00	
363	2.000007e-03	0.000000e+00	0.000000e+00	0.000000e+00	
364	2.000007e-03	0.000000e+00	0.000000e+00	0.000000e+00	
365	2.000007e-03	0.000000e+00	0.000000e+00	0.000000e+00	
366	2.000007e-03	0.000000e+00	0.000000e+00	0.000000e+00	
367	2.000007e-03	0.000000e+00	0.000000e+00	0.000000e+00	
368	2.000007e-03	0.000000e+00	0.000000e+00	0.000000e+00	
369	2.000007e-03	0.000000e+00	0.000000e+00	0.000000e+00	
370	2.000007e-03	0.000000e+00	0.000000e+00	0.000000e+00	
371	2.000007e-03	0.000000e+00	0.000000e+00	0.000000e+00	
372	2.000007e-03	0.000000e+00	0.000000e+00	0.000000e+00	
373	2.000007e-03	0.000000e+00	0.000000e+00	0.000000e+00	
374	2.000008e-03	0.000000e+00	0.000000e+00	0.000000e+00	
375	2.000008e-03	0.000000e+00	0.000000e+00	0.000000e+00	
376	2.000008e-03	0.000000e+00	0.000000e+00	0.000000e+00	
377	2.000008e-03	0.000000e+00	0.000000e+00	0.000000e+00	
378	2.000008e-03	0.000000e+00	0.000000e+00	0.000000e+00	
379	2.000009e-03	0.000000e+00	0.000000e+00	0.000000e+00	
380	2.000009e-03	0.000000e+00	0.000000e+00	0.000000e+00	
381	2.000009e-03	0.000000e+00	0.000000e+00	0.000000e+00	
382	2.000009e-03	0.000000e+00	0.000000e+00	0.000000e+00	
383	2.000009e-03	0.000000e+00	0.000000e+00	0.000000e+00	
384	2.000009e-03	0.000000e+00	0.000000e+00	0.000000e+00	
385	2.000009e-03	0.000000e+00	0.000000e+00	0.000000e+00	
386	2.000009e-03	0.000000e+00	0.000000e+00	0.000000e+00	
387	2.000010e-03	0.000000e+00	0.000000e+00	0.000000e+00	
388	2.000010e-03	0.000000e+00	0.000000e+00	0.000000e+00	
389	2.000010e-03	0.000000e+00	0.000000e+00	0.000000e+00	
390	2.000010e-03	0.000000e+00	0.000000e+00	0.000000e+00	
391	2.000010e-03	0.000000e+00	0.000000e+00	0.000000e+00	
392	2.000010e-03	0.000000e+00	0.000000e+00	0.000000e+00	
393	2.000010e-03	0.000000e+00	0.000000e+00	0.000000e+00	
394	2.000010e-03	0.000000e+00	0.000000e+00	0.000000e+00	
395	2.000010e-03	0.000000e+00	0.000000e+00	0.000000e+00	
396	2.000010e-03	0.000000e+00	0.000000e+00	0.000000e+00	
397	2.000010e-03	0.000000e+00	0.000000e+00	0.000000e+00	
398	2.000011e-03	0.000000e+00	0.000000e+00	0.000000e+00	
399	2.000011e-03	0.000000e+00	0.000000e+00	0.000000e+00	
400	2.000012e-03	0.000000e+00	0.000000e+00	0.000000e+00	
401	2.000014e-03	0.000000e+00	0.000000e+00	0.000000e+00	
402	2.000018e-03	0.000000e+00	0.000000e+00	0.000000e+00	

Index   time            a47#branch_1_0  a48#branch_1_0  v1#branch       
--------------------------------------------------------------------------------
403	2.000020e-03	0.000000e+00	0.000000e+00	0.000000e+00	
404	2.000021e-03	0.000000e+00	0.000000e+00	0.000000e+00	
405	2.000022e-03	0.000000e+00	0.000000e+00	0.000000e+00	
406	2.000022e-03	0.000000e+00	0.000000e+00	0.000000e+00	
407	2.000022e-03	0.000000e+00	0.000000e+00	0.000000e+00	
408	2.000023e-03	0.000000e+00	0.000000e+00	0.000000e+00	
409	2.000023e-03	0.000000e+00	0.000000e+00	0.000000e+00	
410	2.000023e-03	0.000000e+00	0.000000e+00	0.000000e+00	
411	2.000023e-03	0.000000e+00	0.000000e+00	0.000000e+00	
412	2.000024e-03	0.000000e+00	0.000000e+00	0.000000e+00	
413	2.000024e-03	0.000000e+00	0.000000e+00	0.000000e+00	
414	2.000026e-03	0.000000e+00	0.000000e+00	0.000000e+00	
415	2.000028e-03	0.000000e+00	0.000000e+00	0.000000e+00	
416	2.000033e-03	0.000000e+00	0.000000e+00	0.000000e+00	
417	2.000044e-03	0.000000e+00	0.000000e+00	0.000000e+00	
418	2.000064e-03	0.000000e+00	0.000000e+00	0.000000e+00	
419	2.000105e-03	0.000000e+00	0.000000e+00	0.000000e+00	
420	2.000187e-03	0.000000e+00	0.000000e+00	0.000000e+00	
421	2.000351e-03	0.000000e+00	0.000000e+00	0.000000e+00	
422	2.000678e-03	0.000000e+00	0.000000e+00	0.000000e+00	
423	2.001334e-03	0.000000e+00	0.000000e+00	0.000000e+00	
424	2.002645e-03	0.000000e+00	0.000000e+00	0.000000e+00	
425	2.005266e-03	0.000000e+00	0.000000e+00	0.000000e+00	
426	2.010509e-03	0.000000e+00	0.000000e+00	0.000000e+00	
427	2.020995e-03	0.000000e+00	0.000000e+00	0.000000e+00	
428	2.041966e-03	0.000000e+00	0.000000e+00	0.000000e+00	
429	2.083909e-03	0.000000e+00	0.000000e+00	0.000000e+00	
430	2.167795e-03	0.000000e+00	0.000000e+00	0.000000e+00	
431	2.327795e-03	0.000000e+00	0.000000e+00	0.000000e+00	
432	2.487795e-03	0.000000e+00	0.000000e+00	0.000000e+00	
433	2.500010e-03	0.000000e+00	0.000000e+00	0.000000e+00	
434	2.500011e-03	0.000000e+00	0.000000e+00	0.000000e+00	
435	2.500013e-03	0.000000e+00	0.000000e+00	0.000000e+00	
436	2.500017e-03	0.000000e+00	0.000000e+00	0.000000e+00	
437	2.500019e-03	0.000000e+00	0.000000e+00	0.000000e+00	
438	2.500019e-03	0.000000e+00	0.000000e+00	0.000000e+00	
439	2.500019e-03	0.000000e+00	0.000000e+00	0.000000e+00	
440	2.500020e-03	0.000000e+00	0.000000e+00	0.000000e+00	
441	2.500020e-03	0.000000e+00	0.000000e+00	0.000000e+00	
442	2.500020e-03	0.000000e+00	0.000000e+00	0.000000e+00	
443	2.500020e-03	0.000000e+00	0.000000e+00	0.000000e+00	
444	2.500020e-03	0.000000e+00	0.000000e+00	0.000000e+00	
445	2.500020e-03	0.000000e+00	0.000000e+00	0.000000e+00	
446	2.500020e-03	0.000000e+00	0.000000e+00	0.000000e+00	
447	2.500020e-03	0.000000e+00	0.000000e+00	0.000000e+00	
448	2.500020e-03	0.000000e+00	0.000000e+00	0.000000e+00	
449	2.500020e-03	0.000000e+00	0.000000e+00	0.000000e+00	
450	2.500020e-03	0.000000e+00	0.000000e+00	0.000000e+00	
451	2.500021e-03	0.000000e+00	0.000000e+00	0.000000e+00	
452	2.500021e-03	0.000000e+00	0.000000e+00	0.000000e+00	
453	2.500021e-03	0.000000e+00	0.000000e+00	0.000000e+00	
454	2.500021e-03	0.000000e+00	0.000000e+00	0.000000e+00	
455	2.500021e-03	0.000000e+00	0.000000e+00	0.000000e+00	
456	2.500022e-03	0.000000e+00	0.000000e+00	0.000000e+00	
457	2.500022e-03	0.000000e+00	0.000000e+00	0.000000e+00	
458	2.500022e-03	0.000000e+00	0.000000e+00	0.000000e+00	
459	2.500022e-03	0.000000e+00	0.000000e+00	0.000000e+00	
460	2.500022e-03	0.000000e+00	0.000000e+00	0.000000e+00	

Index   time            a47#branch_1_0  a48#branch_1_0  v1#branch       
--------------------------------------------------------------------------------
461	2.500022e-03	0.000000e+00	0.000000e+00	0.000000e+00	
462	2.500022e-03	0.000000e+00	0.000000e+00	0.000000e+00	
463	2.500022e-03	0.000000e+00	0.000000e+00	0.000000e+00	
464	2.500023e-03	0.000000e+00	0.000000e+00	0.000000e+00	
465	2.500023e-03	0.000000e+00	0.000000e+00	0.000000e+00	
466	2.500023e-03	0.000000e+00	0.000000e+00	0.000000e+00	
467	2.500023e-03	0.000000e+00	0.000000e+00	0.000000e+00	
468	2.500023e-03	0.000000e+00	0.000000e+00	0.000000e+00	
469	2.500023e-03	0.000000e+00	0.000000e+00	0.000000e+00	
470	2.500023e-03	0.000000e+00	0.000000e+00	0.000000e+00	
471	2.500023e-03	0.000000e+00	0.000000e+00	0.000000e+00	
472	2.500023e-03	0.000000e+00	0.000000e+00	0.000000e+00	
473	2.500023e-03	0.000000e+00	0.000000e+00	0.000000e+00	
474	2.500023e-03	0.000000e+00	0.000000e+00	0.000000e+00	
475	2.500023e-03	0.000000e+00	0.000000e+00	0.000000e+00	
476	2.500023e-03	0.000000e+00	0.000000e+00	0.000000e+00	
477	2.500024e-03	0.000000e+00	0.000000e+00	0.000000e+00	
478	2.500024e-03	0.000000e+00	0.000000e+00	0.000000e+00	
479	2.500025e-03	0.000000e+00	0.000000e+00	0.000000e+00	
480	2.500025e-03	0.000000e+00	0.000000e+00	0.000000e+00	
481	2.500025e-03	0.000000e+00	0.000000e+00	0.000000e+00	
482	2.500026e-03	0.000000e+00	0.000000e+00	0.000000e+00	
483	2.500026e-03	0.000000e+00	0.000000e+00	0.000000e+00	
484	2.500026e-03	0.000000e+00	0.000000e+00	0.000000e+00	
485	2.500026e-03	0.000000e+00	0.000000e+00	0.000000e+00	
486	2.500026e-03	0.000000e+00	0.000000e+00	0.000000e+00	
487	2.500027e-03	0.000000e+00	0.000000e+00	0.000000e+00	
488	2.500028e-03	0.000000e+00	0.000000e+00	0.000000e+00	
489	2.500029e-03	0.000000e+00	0.000000e+00	0.000000e+00	
490	2.500029e-03	0.000000e+00	0.000000e+00	0.000000e+00	
491	2.500029e-03	0.000000e+00	0.000000e+00	0.000000e+00	
492	2.500029e-03	0.000000e+00	0.000000e+00	0.000000e+00	
493	2.500029e-03	0.000000e+00	0.000000e+00	0.000000e+00	
494	2.500029e-03	0.000000e+00	0.000000e+00	0.000000e+00	
495	2.500029e-03	0.000000e+00	0.000000e+00	0.000000e+00	
496	2.500029e-03	0.000000e+00	0.000000e+00	0.000000e+00	
497	2.500029e-03	0.000000e+00	0.000000e+00	0.000000e+00	
498	2.500029e-03	0.000000e+00	0.000000e+00	0.000000e+00	
499	2.500030e-03	0.000000e+00	0.000000e+00	0.000000e+00	
500	2.500030e-03	0.000000e+00	0.000000e+00	0.000000e+00	
501	2.500030e-03	0.000000e+00	0.000000e+00	0.000000e+00	
502	2.500030e-03	0.000000e+00	0.000000e+00	0.000000e+00	
503	2.500030e-03	0.000000e+00	0.000000e+00	0.000000e+00	
504	2.500031e-03	0.000000e+00	0.000000e+00	0.000000e+00	
505	2.500032e-03	0.000000e+00	0.000000e+00	0.000000e+00	
506	2.500033e-03	0.000000e+00	0.000000e+00	0.000000e+00	
507	2.500037e-03	0.000000e+00	0.000000e+00	0.000000e+00	
508	2.500043e-03	0.000000e+00	0.000000e+00	0.000000e+00	
509	2.500056e-03	0.000000e+00	0.000000e+00	0.000000e+00	
510	2.500082e-03	0.000000e+00	0.000000e+00	0.000000e+00	
511	2.500135e-03	0.000000e+00	0.000000e+00	0.000000e+00	
512	2.500240e-03	0.000000e+00	0.000000e+00	0.000000e+00	
513	2.500449e-03	0.000000e+00	0.000000e+00	0.000000e+00	
514	2.500869e-03	0.000000e+00	0.000000e+00	0.000000e+00	
515	2.501708e-03	0.000000e+00	0.000000e+00	0.000000e+00	
516	2.503385e-03	0.000000e+00	0.000000e+00	0.000000e+00	
517	2.506741e-03	0.000000e+00	0.000000e+00	0.000000e+00	
518	2.513452e-03	0.000000e+00	0.000000e+00	0.000000e+00	

Index   time            a47#branch_1_0  a48#branch_1_0  v1#branch       
--------------------------------------------------------------------------------
519	2.526873e-03	0.000000e+00	0.000000e+00	0.000000e+00	
520	2.553717e-03	0.000000e+00	0.000000e+00	0.000000e+00	
521	2.607404e-03	0.000000e+00	0.000000e+00	0.000000e+00	
522	2.714778e-03	0.000000e+00	0.000000e+00	0.000000e+00	
523	2.874778e-03	0.000000e+00	0.000000e+00	0.000000e+00	
524	3.000000e-03	0.000000e+00	0.000000e+00	0.000000e+00	
525	3.000001e-03	0.000000e+00	0.000000e+00	0.000000e+00	
526	3.000003e-03	0.000000e+00	0.000000e+00	0.000000e+00	
527	3.000005e-03	0.000000e+00	0.000000e+00	0.000000e+00	
528	3.000005e-03	0.000000e+00	0.000000e+00	0.000000e+00	
529	3.000005e-03	0.000000e+00	0.000000e+00	0.000000e+00	
530	3.000005e-03	0.000000e+00	0.000000e+00	0.000000e+00	
531	3.000005e-03	0.000000e+00	0.000000e+00	0.000000e+00	
532	3.000005e-03	0.000000e+00	0.000000e+00	0.000000e+00	
533	3.000005e-03	0.000000e+00	0.000000e+00	0.000000e+00	
534	3.000005e-03	0.000000e+00	0.000000e+00	0.000000e+00	
535	3.000005e-03	0.000000e+00	0.000000e+00	0.000000e+00	
536	3.000005e-03	0.000000e+00	0.000000e+00	0.000000e+00	
537	3.000006e-03	0.000000e+00	0.000000e+00	0.000000e+00	
538	3.000006e-03	0.000000e+00	0.000000e+00	0.000000e+00	
539	3.000007e-03	0.000000e+00	0.000000e+00	0.000000e+00	
540	3.000007e-03	0.000000e+00	0.000000e+00	0.000000e+00	
541	3.000007e-03	0.000000e+00	0.000000e+00	0.000000e+00	
542	3.000007e-03	0.000000e+00	0.000000e+00	0.000000e+00	
543	3.000007e-03	0.000000e+00	0.000000e+00	0.000000e+00	
544	3.000007e-03	0.000000e+00	0.000000e+00	0.000000e+00	
545	3.000007e-03	0.000000e+00	0.000000e+00	0.000000e+00	
546	3.000007e-03	0.000000e+00	0.000000e+00	0.000000e+00	
547	3.000007e-03	0.000000e+00	0.000000e+00	0.000000e+00	
548	3.000007e-03	0.000000e+00	0.000000e+00	0.000000e+00	
549	3.000008e-03	0.000000e+00	0.000000e+00	0.000000e+00	
550	3.000008e-03	0.000000e+00	0.000000e+00	0.000000e+00	
551	3.000008e-03	0.000000e+00	0.000000e+00	0.000000e+00	
552	3.000008e-03	0.000000e+00	0.000000e+00	0.000000e+00	
553	3.000008e-03	0.000000e+00	0.000000e+00	0.000000e+00	
554	3.000009e-03	0.000000e+00	0.000000e+00	0.000000e+00	
555	3.000009e-03	0.000000e+00	0.000000e+00	0.000000e+00	
556	3.000009e-03	0.000000e+00	0.000000e+00	0.000000e+00	
557	3.000009e-03	0.000000e+00	0.000000e+00	0.000000e+00	
558	3.000009e-03	0.000000e+00	0.000000e+00	0.000000e+00	
559	3.000009e-03	0.000000e+00	0.000000e+00	0.000000e+00	
560	3.000009e-03	0.000000e+00	0.000000e+00	0.000000e+00	
561	3.000009e-03	0.000000e+00	0.000000e+00	0.000000e+00	
562	3.000010e-03	0.000000e+00	0.000000e+00	0.000000e+00	
563	3.000010e-03	0.000000e+00	0.000000e+00	0.000000e+00	
564	3.000010e-03	0.000000e+00	0.000000e+00	0.000000e+00	
565	3.000010e-03	0.000000e+00	0.000000e+00	0.000000e+00	
566	3.000010e-03	0.000000e+00	0.000000e+00	0.000000e+00	
567	3.000010e-03	0.000000e+00	0.000000e+00	0.000000e+00	
568	3.000010e-03	0.000000e+00	0.000000e+00	0.000000e+00	
569	3.000010e-03	0.000000e+00	0.000000e+00	0.000000e+00	
570	3.000010e-03	0.000000e+00	0.000000e+00	0.000000e+00	
571	3.000010e-03	0.000000e+00	0.000000e+00	0.000000e+00	
572	3.000010e-03	0.000000e+00	0.000000e+00	0.000000e+00	
573	3.000011e-03	0.000000e+00	0.000000e+00	0.000000e+00	
574	3.000011e-03	0.000000e+00	0.000000e+00	0.000000e+00	
575	3.000012e-03	0.000000e+00	0.000000e+00	0.000000e+00	
576	3.000014e-03	0.000000e+00	0.000000e+00	0.000000e+00	

Index   time            a47#branch_1_0  a48#branch_1_0  v1#branch       
--------------------------------------------------------------------------------
577	3.000018e-03	0.000000e+00	0.000000e+00	0.000000e+00	
578	3.000020e-03	0.000000e+00	0.000000e+00	0.000000e+00	
579	3.000021e-03	0.000000e+00	0.000000e+00	0.000000e+00	
580	3.000022e-03	0.000000e+00	0.000000e+00	0.000000e+00	
581	3.000022e-03	0.000000e+00	0.000000e+00	0.000000e+00	
582	3.000022e-03	0.000000e+00	0.000000e+00	0.000000e+00	
583	3.000023e-03	0.000000e+00	0.000000e+00	0.000000e+00	
584	3.000023e-03	0.000000e+00	0.000000e+00	0.000000e+00	
585	3.000023e-03	0.000000e+00	0.000000e+00	0.000000e+00	
586	3.000023e-03	0.000000e+00	0.000000e+00	0.000000e+00	
587	3.000024e-03	0.000000e+00	0.000000e+00	0.000000e+00	
588	3.000024e-03	0.000000e+00	0.000000e+00	0.000000e+00	
589	3.000026e-03	0.000000e+00	0.000000e+00	0.000000e+00	
590	3.000028e-03	0.000000e+00	0.000000e+00	0.000000e+00	
591	3.000033e-03	0.000000e+00	0.000000e+00	0.000000e+00	
592	3.000044e-03	0.000000e+00	0.000000e+00	0.000000e+00	
593	3.000064e-03	0.000000e+00	0.000000e+00	0.000000e+00	
594	3.000105e-03	0.000000e+00	0.000000e+00	0.000000e+00	
595	3.000187e-03	0.000000e+00	0.000000e+00	0.000000e+00	
596	3.000351e-03	0.000000e+00	0.000000e+00	0.000000e+00	
597	3.000678e-03	0.000000e+00	0.000000e+00	0.000000e+00	
598	3.001334e-03	0.000000e+00	0.000000e+00	0.000000e+00	
599	3.002645e-03	0.000000e+00	0.000000e+00	0.000000e+00	
600	3.005266e-03	0.000000e+00	0.000000e+00	0.000000e+00	
601	3.010509e-03	0.000000e+00	0.000000e+00	0.000000e+00	
602	3.020995e-03	0.000000e+00	0.000000e+00	0.000000e+00	
603	3.041966e-03	0.000000e+00	0.000000e+00	0.000000e+00	
604	3.083909e-03	0.000000e+00	0.000000e+00	0.000000e+00	
605	3.167795e-03	0.000000e+00	0.000000e+00	0.000000e+00	
606	3.327795e-03	0.000000e+00	0.000000e+00	0.000000e+00	
607	3.487795e-03	0.000000e+00	0.000000e+00	0.000000e+00	
608	3.500010e-03	0.000000e+00	0.000000e+00	0.000000e+00	
609	3.500011e-03	0.000000e+00	0.000000e+00	0.000000e+00	
610	3.500013e-03	0.000000e+00	0.000000e+00	0.000000e+00	
611	3.500017e-03	0.000000e+00	0.000000e+00	0.000000e+00	
612	3.500019e-03	0.000000e+00	0.000000e+00	0.000000e+00	
613	3.500019e-03	0.000000e+00	0.000000e+00	0.000000e+00	
614	3.500019e-03	0.000000e+00	0.000000e+00	0.000000e+00	
615	3.500020e-03	0.000000e+00	0.000000e+00	0.000000e+00	
616	3.500020e-03	0.000000e+00	0.000000e+00	0.000000e+00	
617	3.500020e-03	0.000000e+00	0.000000e+00	0.000000e+00	
618	3.500020e-03	0.000000e+00	0.000000e+00	0.000000e+00	
619	3.500020e-03	0.000000e+00	0.000000e+00	0.000000e+00	
620	3.500020e-03	0.000000e+00	0.000000e+00	0.000000e+00	
621	3.500020e-03	0.000000e+00	0.000000e+00	0.000000e+00	
622	3.500020e-03	0.000000e+00	0.000000e+00	0.000000e+00	
623	3.500020e-03	0.000000e+00	0.000000e+00	0.000000e+00	
624	3.500020e-03	0.000000e+00	0.000000e+00	0.000000e+00	
625	3.500020e-03	0.000000e+00	0.000000e+00	0.000000e+00	
626	3.500021e-03	0.000000e+00	0.000000e+00	0.000000e+00	
627	3.500021e-03	0.000000e+00	0.000000e+00	0.000000e+00	
628	3.500021e-03	0.000000e+00	0.000000e+00	0.000000e+00	
629	3.500021e-03	0.000000e+00	0.000000e+00	0.000000e+00	
630	3.500021e-03	0.000000e+00	0.000000e+00	0.000000e+00	
631	3.500022e-03	0.000000e+00	0.000000e+00	0.000000e+00	
632	3.500022e-03	0.000000e+00	0.000000e+00	0.000000e+00	
633	3.500022e-03	0.000000e+00	0.000000e+00	0.000000e+00	
634	3.500022e-03	0.000000e+00	0.000000e+00	0.000000e+00	

Index   time            a47#branch_1_0  a48#branch_1_0  v1#branch       
--------------------------------------------------------------------------------
635	3.500022e-03	0.000000e+00	0.000000e+00	0.000000e+00	
636	3.500022e-03	0.000000e+00	0.000000e+00	0.000000e+00	
637	3.500022e-03	0.000000e+00	0.000000e+00	0.000000e+00	
638	3.500022e-03	0.000000e+00	0.000000e+00	0.000000e+00	
639	3.500023e-03	0.000000e+00	0.000000e+00	0.000000e+00	
640	3.500023e-03	0.000000e+00	0.000000e+00	0.000000e+00	
641	3.500023e-03	0.000000e+00	0.000000e+00	0.000000e+00	
642	3.500023e-03	0.000000e+00	0.000000e+00	0.000000e+00	
643	3.500023e-03	0.000000e+00	0.000000e+00	0.000000e+00	
644	3.500023e-03	0.000000e+00	0.000000e+00	0.000000e+00	
645	3.500023e-03	0.000000e+00	0.000000e+00	0.000000e+00	
646	3.500023e-03	0.000000e+00	0.000000e+00	0.000000e+00	
647	3.500023e-03	0.000000e+00	0.000000e+00	0.000000e+00	
648	3.500023e-03	0.000000e+00	0.000000e+00	0.000000e+00	
649	3.500023e-03	0.000000e+00	0.000000e+00	0.000000e+00	
650	3.500023e-03	0.000000e+00	0.000000e+00	0.000000e+00	
651	3.500023e-03	0.000000e+00	0.000000e+00	0.000000e+00	
652	3.500024e-03	0.000000e+00	0.000000e+00	0.000000e+00	
653	3.500024e-03	0.000000e+00	0.000000e+00	0.000000e+00	
654	3.500025e-03	0.000000e+00	0.000000e+00	0.000000e+00	
655	3.500025e-03	0.000000e+00	0.000000e+00	0.000000e+00	
656	3.500025e-03	0.000000e+00	0.000000e+00	0.000000e+00	
657	3.500026e-03	0.000000e+00	0.000000e+00	0.000000e+00	
658	3.500026e-03	0.000000e+00	0.000000e+00	0.000000e+00	
659	3.500026e-03	0.000000e+00	0.000000e+00	0.000000e+00	
660	3.500026e-03	0.000000e+00	0.000000e+00	0.000000e+00	
661	3.500026e-03	0.000000e+00	0.000000e+00	0.000000e+00	
662	3.500027e-03	0.000000e+00	0.000000e+00	0.000000e+00	
663	3.500028e-03	0.000000e+00	0.000000e+00	0.000000e+00	
664	3.500029e-03	0.000000e+00	0.000000e+00	0.000000e+00	
665	3.500029e-03	0.000000e+00	0.000000e+00	0.000000e+00	
666	3.500029e-03	0.000000e+00	0.000000e+00	0.000000e+00	
667	3.500029e-03	0.000000e+00	0.000000e+00	0.000000e+00	
668	3.500029e-03	0.000000e+00	0.000000e+00	0.000000e+00	
669	3.500029e-03	0.000000e+00	0.000000e+00	0.000000e+00	
670	3.500029e-03	0.000000e+00	0.000000e+00	0.000000e+00	
671	3.500029e-03	0.000000e+00	0.000000e+00	0.000000e+00	
672	3.500029e-03	0.000000e+00	0.000000e+00	0.000000e+00	
673	3.500029e-03	0.000000e+00	0.000000e+00	0.000000e+00	
674	3.500030e-03	0.000000e+00	0.000000e+00	0.000000e+00	
675	3.500030e-03	0.000000e+00	0.000000e+00	0.000000e+00	
676	3.500030e-03	0.000000e+00	0.000000e+00	0.000000e+00	
677	3.500030e-03	0.000000e+00	0.000000e+00	0.000000e+00	
678	3.500030e-03	0.000000e+00	0.000000e+00	0.000000e+00	
679	3.500031e-03	0.000000e+00	0.000000e+00	0.000000e+00	
680	3.500032e-03	0.000000e+00	0.000000e+00	0.000000e+00	
681	3.500033e-03	0.000000e+00	0.000000e+00	0.000000e+00	
682	3.500037e-03	0.000000e+00	0.000000e+00	0.000000e+00	
683	3.500043e-03	0.000000e+00	0.000000e+00	0.000000e+00	
684	3.500056e-03	0.000000e+00	0.000000e+00	0.000000e+00	
685	3.500082e-03	0.000000e+00	0.000000e+00	0.000000e+00	
686	3.500135e-03	0.000000e+00	0.000000e+00	0.000000e+00	
687	3.500240e-03	0.000000e+00	0.000000e+00	0.000000e+00	
688	3.500449e-03	0.000000e+00	0.000000e+00	0.000000e+00	
689	3.500869e-03	0.000000e+00	0.000000e+00	0.000000e+00	
690	3.501708e-03	0.000000e+00	0.000000e+00	0.000000e+00	
691	3.503385e-03	0.000000e+00	0.000000e+00	0.000000e+00	
692	3.506741e-03	0.000000e+00	0.000000e+00	0.000000e+00	

Index   time            a47#branch_1_0  a48#branch_1_0  v1#branch       
--------------------------------------------------------------------------------
693	3.513452e-03	0.000000e+00	0.000000e+00	0.000000e+00	
694	3.526873e-03	0.000000e+00	0.000000e+00	0.000000e+00	
695	3.553717e-03	0.000000e+00	0.000000e+00	0.000000e+00	
696	3.607404e-03	0.000000e+00	0.000000e+00	0.000000e+00	
697	3.714778e-03	0.000000e+00	0.000000e+00	0.000000e+00	
698	3.874778e-03	0.000000e+00	0.000000e+00	0.000000e+00	
699	4.000000e-03	0.000000e+00	0.000000e+00	0.000000e+00	
700	4.000001e-03	0.000000e+00	0.000000e+00	0.000000e+00	
701	4.000003e-03	0.000000e+00	0.000000e+00	0.000000e+00	
702	4.000005e-03	0.000000e+00	0.000000e+00	0.000000e+00	
703	4.000005e-03	0.000000e+00	0.000000e+00	0.000000e+00	
704	4.000005e-03	0.000000e+00	0.000000e+00	0.000000e+00	
705	4.000005e-03	0.000000e+00	0.000000e+00	0.000000e+00	
706	4.000005e-03	0.000000e+00	0.000000e+00	0.000000e+00	
707	4.000005e-03	0.000000e+00	0.000000e+00	0.000000e+00	
708	4.000005e-03	0.000000e+00	0.000000e+00	0.000000e+00	
709	4.000005e-03	0.000000e+00	0.000000e+00	0.000000e+00	
710	4.000005e-03	0.000000e+00	0.000000e+00	0.000000e+00	
711	4.000005e-03	0.000000e+00	0.000000e+00	0.000000e+00	
712	4.000006e-03	0.000000e+00	0.000000e+00	0.000000e+00	
713	4.000006e-03	0.000000e+00	0.000000e+00	0.000000e+00	
714	4.000006e-03	0.000000e+00	0.000000e+00	0.000000e+00	
715	4.000006e-03	0.000000e+00	0.000000e+00	0.000000e+00	
716	4.000006e-03	0.000000e+00	0.000000e+00	0.000000e+00	
717	4.000006e-03	0.000000e+00	0.000000e+00	0.000000e+00	
718	4.000006e-03	0.000000e+00	0.000000e+00	0.000000e+00	
719	4.000006e-03	0.000000e+00	0.000000e+00	0.000000e+00	
720	4.000006e-03	0.000000e+00	0.000000e+00	0.000000e+00	
721	4.000006e-03	0.000000e+00	0.000000e+00	0.000000e+00	
722	4.000006e-03	0.000000e+00	0.000000e+00	0.000000e+00	
723	4.000007e-03	0.000000e+00	0.000000e+00	0.000000e+00	
724	4.000007e-03	0.000000e+00	0.000000e+00	0.000000e+00	
725	4.000007e-03	0.000000e+00	0.000000e+00	0.000000e+00	
726	4.000007e-03	0.000000e+00	0.000000e+00	0.000000e+00	
727	4.000007e-03	0.000000e+00	0.000000e+00	0.000000e+00	
728	4.000007e-03	0.000000e+00	0.000000e+00	0.000000e+00	
729	4.000007e-03	0.000000e+00	0.000000e+00	0.000000e+00	
730	4.000007e-03	0.000000e+00	0.000000e+00	0.000000e+00	
731	4.000007e-03	0.000000e+00	0.000000e+00	0.000000e+00	
732	4.000007e-03	0.000000e+00	0.000000e+00	0.000000e+00	
733	4.000007e-03	0.000000e+00	0.000000e+00	0.000000e+00	
734	4.000008e-03	0.000000e+00	0.000000e+00	0.000000e+00	
735	4.000008e-03	0.000000e+00	0.000000e+00	0.000000e+00	
736	4.000008e-03	0.000000e+00	0.000000e+00	0.000000e+00	
737	4.000008e-03	0.000000e+00	0.000000e+00	0.000000e+00	
738	4.000008e-03	0.000000e+00	0.000000e+00	0.000000e+00	
739	4.000009e-03	0.000000e+00	0.000000e+00	0.000000e+00	
740	4.000009e-03	0.000000e+00	0.000000e+00	0.000000e+00	
741	4.000009e-03	0.000000e+00	0.000000e+00	0.000000e+00	
742	4.000009e-03	0.000000e+00	0.000000e+00	0.000000e+00	
743	4.000009e-03	0.000000e+00	0.000000e+00	0.000000e+00	
744	4.000009e-03	0.000000e+00	0.000000e+00	0.000000e+00	
745	4.000009e-03	0.000000e+00	0.000000e+00	0.000000e+00	
746	4.000009e-03	0.000000e+00	0.000000e+00	0.000000e+00	
747	4.000010e-03	0.000000e+00	0.000000e+00	0.000000e+00	
748	4.000010e-03	0.000000e+00	0.000000e+00	0.000000e+00	
749	4.000010e-03	0.000000e+00	0.000000e+00	0.000000e+00	
750	4.000010e-03	0.000000e+00	0.000000e+00	0.000000e+00	

Index   time            a47#branch_1_0  a48#branch_1_0  v1#branch       
--------------------------------------------------------------------------------
751	4.000010e-03	0.000000e+00	0.000000e+00	0.000000e+00	
752	4.000010e-03	0.000000e+00	0.000000e+00	0.000000e+00	
753	4.000010e-03	0.000000e+00	0.000000e+00	0.000000e+00	
754	4.000010e-03	0.000000e+00	0.000000e+00	0.000000e+00	
755	4.000010e-03	0.000000e+00	0.000000e+00	0.000000e+00	
756	4.000010e-03	0.000000e+00	0.000000e+00	0.000000e+00	
757	4.000010e-03	0.000000e+00	0.000000e+00	0.000000e+00	
758	4.000011e-03	0.000000e+00	0.000000e+00	0.000000e+00	
759	4.000011e-03	0.000000e+00	0.000000e+00	0.000000e+00	
760	4.000012e-03	0.000000e+00	0.000000e+00	0.000000e+00	
761	4.000014e-03	0.000000e+00	0.000000e+00	0.000000e+00	
762	4.000018e-03	0.000000e+00	0.000000e+00	0.000000e+00	
763	4.000020e-03	0.000000e+00	0.000000e+00	0.000000e+00	
764	4.000021e-03	0.000000e+00	0.000000e+00	0.000000e+00	
765	4.000021e-03	0.000000e+00	0.000000e+00	0.000000e+00	
766	4.000021e-03	0.000000e+00	0.000000e+00	0.000000e+00	
767	4.000021e-03	0.000000e+00	0.000000e+00	0.000000e+00	
768	4.000022e-03	0.000000e+00	0.000000e+00	0.000000e+00	
769	4.000022e-03	0.000000e+00	0.000000e+00	0.000000e+00	
770	4.000022e-03	0.000000e+00	0.000000e+00	0.000000e+00	
771	4.000022e-03	0.000000e+00	0.000000e+00	0.000000e+00	
772	4.000023e-03	0.000000e+00	0.000000e+00	0.000000e+00	
773	4.000023e-03	0.000000e+00	0.000000e+00	0.000000e+00	
774	4.000025e-03	0.000000e+00	0.000000e+00	0.000000e+00	
775	4.000027e-03	0.000000e+00	0.000000e+00	0.000000e+00	
776	4.000032e-03	0.000000e+00	0.000000e+00	0.000000e+00	
777	4.000043e-03	0.000000e+00	0.000000e+00	0.000000e+00	
778	4.000063e-03	0.000000e+00	0.000000e+00	0.000000e+00	
779	4.000104e-03	0.000000e+00	0.000000e+00	0.000000e+00	
780	4.000186e-03	0.000000e+00	0.000000e+00	0.000000e+00	
781	4.000350e-03	0.000000e+00	0.000000e+00	0.000000e+00	
782	4.000677e-03	0.000000e+00	0.000000e+00	0.000000e+00	
783	4.001333e-03	0.000000e+00	0.000000e+00	0.000000e+00	
784	4.002644e-03	0.000000e+00	0.000000e+00	0.000000e+00	
785	4.005265e-03	0.000000e+00	0.000000e+00	0.000000e+00	
786	4.010508e-03	0.000000e+00	0.000000e+00	0.000000e+00	
787	4.020994e-03	0.000000e+00	0.000000e+00	0.000000e+00	
788	4.041965e-03	0.000000e+00	0.000000e+00	0.000000e+00	
789	4.083908e-03	0.000000e+00	0.000000e+00	0.000000e+00	
790	4.167794e-03	0.000000e+00	0.000000e+00	0.000000e+00	
791	4.327794e-03	0.000000e+00	0.000000e+00	0.000000e+00	
792	4.487794e-03	0.000000e+00	0.000000e+00	0.000000e+00	
793	4.500010e-03	0.000000e+00	0.000000e+00	0.000000e+00	
794	4.500011e-03	0.000000e+00	0.000000e+00	0.000000e+00	
795	4.500013e-03	0.000000e+00	0.000000e+00	0.000000e+00	
796	4.500017e-03	0.000000e+00	0.000000e+00	0.000000e+00	
797	4.500019e-03	0.000000e+00	0.000000e+00	0.000000e+00	
798	4.500019e-03	0.000000e+00	0.000000e+00	0.000000e+00	
799	4.500019e-03	0.000000e+00	0.000000e+00	0.000000e+00	
800	4.500020e-03	0.000000e+00	0.000000e+00	0.000000e+00	
801	4.500020e-03	0.000000e+00	0.000000e+00	0.000000e+00	
802	4.500020e-03	0.000000e+00	0.000000e+00	0.000000e+00	
803	4.500020e-03	0.000000e+00	0.000000e+00	0.000000e+00	
804	4.500020e-03	0.000000e+00	0.000000e+00	0.000000e+00	
805	4.500020e-03	0.000000e+00	0.000000e+00	0.000000e+00	
806	4.500020e-03	0.000000e+00	0.000000e+00	0.000000e+00	
807	4.500020e-03	0.000000e+00	0.000000e+00	0.000000e+00	
808	4.500020e-03	0.000000e+00	0.000000e+00	0.000000e+00	

Index   time            a47#branch_1_0  a48#branch_1_0  v1#branch       
--------------------------------------------------------------------------------
809	4.500020e-03	0.000000e+00	0.000000e+00	0.000000e+00	
810	4.500020e-03	0.000000e+00	0.000000e+00	0.000000e+00	
811	4.500021e-03	0.000000e+00	0.000000e+00	0.000000e+00	
812	4.500021e-03	0.000000e+00	0.000000e+00	0.000000e+00	
813	4.500021e-03	0.000000e+00	0.000000e+00	0.000000e+00	
814	4.500021e-03	0.000000e+00	0.000000e+00	0.000000e+00	
815	4.500021e-03	0.000000e+00	0.000000e+00	0.000000e+00	
816	4.500022e-03	0.000000e+00	0.000000e+00	0.000000e+00	
817	4.500022e-03	0.000000e+00	0.000000e+00	0.000000e+00	
818	4.500022e-03	0.000000e+00	0.000000e+00	0.000000e+00	
819	4.500022e-03	0.000000e+00	0.000000e+00	0.000000e+00	
820	4.500022e-03	0.000000e+00	0.000000e+00	0.000000e+00	
821	4.500022e-03	0.000000e+00	0.000000e+00	0.000000e+00	
822	4.500022e-03	0.000000e+00	0.000000e+00	0.000000e+00	
823	4.500022e-03	0.000000e+00	0.000000e+00	0.000000e+00	
824	4.500023e-03	0.000000e+00	0.000000e+00	0.000000e+00	
825	4.500023e-03	0.000000e+00	0.000000e+00	0.000000e+00	
826	4.500023e-03	0.000000e+00	0.000000e+00	0.000000e+00	
827	4.500023e-03	0.000000e+00	0.000000e+00	0.000000e+00	
828	4.500023e-03	0.000000e+00	0.000000e+00	0.000000e+00	
829	4.500023e-03	0.000000e+00	0.000000e+00	0.000000e+00	
830	4.500023e-03	0.000000e+00	0.000000e+00	0.000000e+00	
831	4.500023e-03	0.000000e+00	0.000000e+00	0.000000e+00	
832	4.500023e-03	0.000000e+00	0.000000e+00	0.000000e+00	
833	4.500023e-03	0.000000e+00	0.000000e+00	0.000000e+00	
834	4.500023e-03	0.000000e+00	0.000000e+00	0.000000e+00	
835	4.500023e-03	0.000000e+00	0.000000e+00	0.000000e+00	
836	4.500023e-03	0.000000e+00	0.000000e+00	0.000000e+00	
837	4.500024e-03	0.000000e+00	0.000000e+00	0.000000e+00	
838	4.500024e-03	0.000000e+00	0.000000e+00	0.000000e+00	
839	4.500025e-03	0.000000e+00	0.000000e+00	0.000000e+00	
840	4.500025e-03	0.000000e+00	0.000000e+00	0.000000e+00	
841	4.500025e-03	0.000000e+00	0.000000e+00	0.000000e+00	
842	4.500026e-03	0.000000e+00	0.000000e+00	0.000000e+00	
843	4.500026e-03	0.000000e+00	0.000000e+00	0.000000e+00	
844	4.500026e-03	0.000000e+00	0.000000e+00	0.000000e+00	
845	4.500026e-03	0.000000e+00	0.000000e+00	0.000000e+00	
846	4.500026e-03	0.000000e+00	0.000000e+00	0.000000e+00	
847	4.500027e-03	0.000000e+00	0.000000e+00	0.000000e+00	
848	4.500028e-03	0.000000e+00	0.000000e+00	0.000000e+00	
849	4.500029e-03	0.000000e+00	0.000000e+00	0.000000e+00	
850	4.500029e-03	0.000000e+00	0.000000e+00	0.000000e+00	
851	4.500029e-03	0.000000e+00	0.000000e+00	0.000000e+00	
852	4.500029e-03	0.000000e+00	0.000000e+00	0.000000e+00	
853	4.500029e-03	0.000000e+00	0.000000e+00	0.000000e+00	
854	4.500029e-03	0.000000e+00	0.000000e+00	0.000000e+00	
855	4.500029e-03	0.000000e+00	0.000000e+00	0.000000e+00	
856	4.500029e-03	0.000000e+00	0.000000e+00	0.000000e+00	
857	4.500029e-03	0.000000e+00	0.000000e+00	0.000000e+00	
858	4.500029e-03	0.000000e+00	0.000000e+00	0.000000e+00	
859	4.500030e-03	0.000000e+00	0.000000e+00	0.000000e+00	
860	4.500030e-03	0.000000e+00	0.000000e+00	0.000000e+00	
861	4.500030e-03	0.000000e+00	0.000000e+00	0.000000e+00	
862	4.500030e-03	0.000000e+00	0.000000e+00	0.000000e+00	
863	4.500030e-03	0.000000e+00	0.000000e+00	0.000000e+00	
864	4.500031e-03	0.000000e+00	0.000000e+00	0.000000e+00	
865	4.500032e-03	0.000000e+00	0.000000e+00	0.000000e+00	
866	4.500033e-03	0.000000e+00	0.000000e+00	0.000000e+00	

Index   time            a47#branch_1_0  a48#branch_1_0  v1#branch       
--------------------------------------------------------------------------------
867	4.500037e-03	0.000000e+00	0.000000e+00	0.000000e+00	
868	4.500043e-03	0.000000e+00	0.000000e+00	0.000000e+00	
869	4.500056e-03	0.000000e+00	0.000000e+00	0.000000e+00	
870	4.500082e-03	0.000000e+00	0.000000e+00	0.000000e+00	
871	4.500135e-03	0.000000e+00	0.000000e+00	0.000000e+00	
872	4.500240e-03	0.000000e+00	0.000000e+00	0.000000e+00	
873	4.500449e-03	0.000000e+00	0.000000e+00	0.000000e+00	
874	4.500869e-03	0.000000e+00	0.000000e+00	0.000000e+00	
875	4.501708e-03	0.000000e+00	0.000000e+00	0.000000e+00	
876	4.503385e-03	0.000000e+00	0.000000e+00	0.000000e+00	
877	4.506741e-03	0.000000e+00	0.000000e+00	0.000000e+00	
878	4.513452e-03	0.000000e+00	0.000000e+00	0.000000e+00	
879	4.526873e-03	0.000000e+00	0.000000e+00	0.000000e+00	
880	4.553717e-03	0.000000e+00	0.000000e+00	0.000000e+00	
881	4.607404e-03	0.000000e+00	0.000000e+00	0.000000e+00	
882	4.714778e-03	0.000000e+00	0.000000e+00	0.000000e+00	
883	4.874778e-03	0.000000e+00	0.000000e+00	0.000000e+00	
884	5.000000e-03	0.000000e+00	0.000000e+00	0.000000e+00	
885	5.000001e-03	0.000000e+00	0.000000e+00	0.000000e+00	
886	5.000003e-03	0.000000e+00	0.000000e+00	0.000000e+00	
887	5.000005e-03	0.000000e+00	0.000000e+00	0.000000e+00	
888	5.000005e-03	0.000000e+00	0.000000e+00	0.000000e+00	
889	5.000005e-03	0.000000e+00	0.000000e+00	0.000000e+00	
890	5.000005e-03	0.000000e+00	0.000000e+00	0.000000e+00	
891	5.000005e-03	0.000000e+00	0.000000e+00	0.000000e+00	
892	5.000005e-03	0.000000e+00	0.000000e+00	0.000000e+00	
893	5.000005e-03	0.000000e+00	0.000000e+00	0.000000e+00	
894	5.000005e-03	0.000000e+00	0.000000e+00	0.000000e+00	
895	5.000005e-03	0.000000e+00	0.000000e+00	0.000000e+00	
896	5.000005e-03	0.000000e+00	0.000000e+00	0.000000e+00	
897	5.000006e-03	0.000000e+00	0.000000e+00	0.000000e+00	
898	5.000006e-03	0.000000e+00	0.000000e+00	0.000000e+00	
899	5.000007e-03	0.000000e+00	0.000000e+00	0.000000e+00	
900	5.000007e-03	0.000000e+00	0.000000e+00	0.000000e+00	
901	5.000007e-03	0.000000e+00	0.000000e+00	0.000000e+00	
902	5.000007e-03	0.000000e+00	0.000000e+00	0.000000e+00	
903	5.000007e-03	0.000000e+00	0.000000e+00	0.000000e+00	
904	5.000007e-03	0.000000e+00	0.000000e+00	0.000000e+00	
905	5.000007e-03	0.000000e+00	0.000000e+00	0.000000e+00	
906	5.000007e-03	0.000000e+00	0.000000e+00	0.000000e+00	
907	5.000007e-03	0.000000e+00	0.000000e+00	0.000000e+00	
908	5.000007e-03	0.000000e+00	0.000000e+00	0.000000e+00	
909	5.000008e-03	0.000000e+00	0.000000e+00	0.000000e+00	
910	5.000008e-03	0.000000e+00	0.000000e+00	0.000000e+00	
911	5.000008e-03	0.000000e+00	0.000000e+00	0.000000e+00	
912	5.000008e-03	0.000000e+00	0.000000e+00	0.000000e+00	
913	5.000008e-03	0.000000e+00	0.000000e+00	0.000000e+00	
914	5.000009e-03	0.000000e+00	0.000000e+00	0.000000e+00	
915	5.000009e-03	0.000000e+00	0.000000e+00	0.000000e+00	
916	5.000009e-03	0.000000e+00	0.000000e+00	0.000000e+00	
917	5.000009e-03	0.000000e+00	0.000000e+00	0.000000e+00	
918	5.000009e-03	0.000000e+00	0.000000e+00	0.000000e+00	
919	5.000009e-03	0.000000e+00	0.000000e+00	0.000000e+00	
920	5.000009e-03	0.000000e+00	0.000000e+00	0.000000e+00	
921	5.000009e-03	0.000000e+00	0.000000e+00	0.000000e+00	
922	5.000010e-03	0.000000e+00	0.000000e+00	0.000000e+00	
923	5.000010e-03	0.000000e+00	0.000000e+00	0.000000e+00	
924	5.000010e-03	0.000000e+00	0.000000e+00	0.000000e+00	

Index   time            a47#branch_1_0  a48#branch_1_0  v1#branch       
--------------------------------------------------------------------------------
925	5.000010e-03	0.000000e+00	0.000000e+00	0.000000e+00	
926	5.000010e-03	0.000000e+00	0.000000e+00	0.000000e+00	
927	5.000010e-03	0.000000e+00	0.000000e+00	0.000000e+00	
928	5.000010e-03	0.000000e+00	0.000000e+00	0.000000e+00	
929	5.000010e-03	0.000000e+00	0.000000e+00	0.000000e+00	
930	5.000010e-03	0.000000e+00	0.000000e+00	0.000000e+00	
931	5.000010e-03	0.000000e+00	0.000000e+00	0.000000e+00	
932	5.000010e-03	0.000000e+00	0.000000e+00	0.000000e+00	
933	5.000011e-03	0.000000e+00	0.000000e+00	0.000000e+00	
934	5.000011e-03	0.000000e+00	0.000000e+00	0.000000e+00	
935	5.000012e-03	0.000000e+00	0.000000e+00	0.000000e+00	
936	5.000014e-03	0.000000e+00	0.000000e+00	0.000000e+00	
937	5.000018e-03	0.000000e+00	0.000000e+00	0.000000e+00	
938	5.000020e-03	0.000000e+00	0.000000e+00	0.000000e+00	
939	5.000021e-03	0.000000e+00	0.000000e+00	0.000000e+00	
940	5.000022e-03	0.000000e+00	0.000000e+00	0.000000e+00	
941	5.000022e-03	0.000000e+00	0.000000e+00	0.000000e+00	
942	5.000022e-03	0.000000e+00	0.000000e+00	0.000000e+00	
943	5.000023e-03	0.000000e+00	0.000000e+00	0.000000e+00	
944	5.000023e-03	0.000000e+00	0.000000e+00	0.000000e+00	
945	5.000023e-03	0.000000e+00	0.000000e+00	0.000000e+00	
946	5.000023e-03	0.000000e+00	0.000000e+00	0.000000e+00	
947	5.000024e-03	0.000000e+00	0.000000e+00	0.000000e+00	
948	5.000024e-03	0.000000e+00	0.000000e+00	0.000000e+00	
949	5.000026e-03	0.000000e+00	0.000000e+00	0.000000e+00	
950	5.000028e-03	0.000000e+00	0.000000e+00	0.000000e+00	
951	5.000033e-03	0.000000e+00	0.000000e+00	0.000000e+00	
952	5.000044e-03	0.000000e+00	0.000000e+00	0.000000e+00	
953	5.000064e-03	0.000000e+00	0.000000e+00	0.000000e+00	
954	5.000105e-03	0.000000e+00	0.000000e+00	0.000000e+00	
955	5.000187e-03	0.000000e+00	0.000000e+00	0.000000e+00	
956	5.000351e-03	0.000000e+00	0.000000e+00	0.000000e+00	
957	5.000678e-03	0.000000e+00	0.000000e+00	0.000000e+00	
958	5.001334e-03	0.000000e+00	0.000000e+00	0.000000e+00	
959	5.002645e-03	0.000000e+00	0.000000e+00	0.000000e+00	
960	5.005266e-03	0.000000e+00	0.000000e+00	0.000000e+00	
961	5.010509e-03	0.000000e+00	0.000000e+00	0.000000e+00	
962	5.020995e-03	0.000000e+00	0.000000e+00	0.000000e+00	
963	5.041966e-03	0.000000e+00	0.000000e+00	0.000000e+00	
964	5.083909e-03	0.000000e+00	0.000000e+00	0.000000e+00	
965	5.167795e-03	0.000000e+00	0.000000e+00	0.000000e+00	
966	5.327795e-03	0.000000e+00	0.000000e+00	0.000000e+00	
967	5.487795e-03	0.000000e+00	0.000000e+00	0.000000e+00	
968	5.500010e-03	0.000000e+00	0.000000e+00	0.000000e+00	
969	5.500011e-03	0.000000e+00	0.000000e+00	0.000000e+00	
970	5.500013e-03	0.000000e+00	0.000000e+00	0.000000e+00	
971	5.500017e-03	0.000000e+00	0.000000e+00	0.000000e+00	
972	5.500019e-03	0.000000e+00	0.000000e+00	0.000000e+00	
973	5.500019e-03	0.000000e+00	0.000000e+00	0.000000e+00	
974	5.500019e-03	0.000000e+00	0.000000e+00	0.000000e+00	
975	5.500020e-03	0.000000e+00	0.000000e+00	0.000000e+00	
976	5.500020e-03	0.000000e+00	0.000000e+00	0.000000e+00	
977	5.500020e-03	0.000000e+00	0.000000e+00	0.000000e+00	
978	5.500020e-03	0.000000e+00	0.000000e+00	0.000000e+00	
979	5.500020e-03	0.000000e+00	0.000000e+00	0.000000e+00	
980	5.500020e-03	0.000000e+00	0.000000e+00	0.000000e+00	
981	5.500020e-03	0.000000e+00	0.000000e+00	0.000000e+00	
982	5.500020e-03	0.000000e+00	0.000000e+00	0.000000e+00	

Index   time            a47#branch_1_0  a48#branch_1_0  v1#branch       
--------------------------------------------------------------------------------
983	5.500020e-03	0.000000e+00	0.000000e+00	0.000000e+00	
984	5.500020e-03	0.000000e+00	0.000000e+00	0.000000e+00	
985	5.500020e-03	0.000000e+00	0.000000e+00	0.000000e+00	
986	5.500021e-03	0.000000e+00	0.000000e+00	0.000000e+00	
987	5.500021e-03	0.000000e+00	0.000000e+00	0.000000e+00	
988	5.500021e-03	0.000000e+00	0.000000e+00	0.000000e+00	
989	5.500021e-03	0.000000e+00	0.000000e+00	0.000000e+00	
990	5.500021e-03	0.000000e+00	0.000000e+00	0.000000e+00	
991	5.500022e-03	0.000000e+00	0.000000e+00	0.000000e+00	
992	5.500022e-03	0.000000e+00	0.000000e+00	0.000000e+00	
993	5.500022e-03	0.000000e+00	0.000000e+00	0.000000e+00	
994	5.500022e-03	0.000000e+00	0.000000e+00	0.000000e+00	
995	5.500022e-03	0.000000e+00	0.000000e+00	0.000000e+00	
996	5.500022e-03	0.000000e+00	0.000000e+00	0.000000e+00	
997	5.500022e-03	0.000000e+00	0.000000e+00	0.000000e+00	
998	5.500022e-03	0.000000e+00	0.000000e+00	0.000000e+00	
999	5.500023e-03	0.000000e+00	0.000000e+00	0.000000e+00	
1000	5.500023e-03	0.000000e+00	0.000000e+00	0.000000e+00	
1001	5.500023e-03	0.000000e+00	0.000000e+00	0.000000e+00	
1002	5.500023e-03	0.000000e+00	0.000000e+00	0.000000e+00	
1003	5.500023e-03	0.000000e+00	0.000000e+00	0.000000e+00	
1004	5.500023e-03	0.000000e+00	0.000000e+00	0.000000e+00	
1005	5.500023e-03	0.000000e+00	0.000000e+00	0.000000e+00	
1006	5.500023e-03	0.000000e+00	0.000000e+00	0.000000e+00	
1007	5.500023e-03	0.000000e+00	0.000000e+00	0.000000e+00	
1008	5.500023e-03	0.000000e+00	0.000000e+00	0.000000e+00	
1009	5.500023e-03	0.000000e+00	0.000000e+00	0.000000e+00	
1010	5.500023e-03	0.000000e+00	0.000000e+00	0.000000e+00	
1011	5.500023e-03	0.000000e+00	0.000000e+00	0.000000e+00	
1012	5.500024e-03	0.000000e+00	0.000000e+00	0.000000e+00	
1013	5.500024e-03	0.000000e+00	0.000000e+00	0.000000e+00	
1014	5.500025e-03	0.000000e+00	0.000000e+00	0.000000e+00	
1015	5.500025e-03	0.000000e+00	0.000000e+00	0.000000e+00	
1016	5.500025e-03	0.000000e+00	0.000000e+00	0.000000e+00	
1017	5.500026e-03	0.000000e+00	0.000000e+00	0.000000e+00	
1018	5.500026e-03	0.000000e+00	0.000000e+00	0.000000e+00	
1019	5.500026e-03	0.000000e+00	0.000000e+00	0.000000e+00	
1020	5.500026e-03	0.000000e+00	0.000000e+00	0.000000e+00	
1021	5.500026e-03	0.000000e+00	0.000000e+00	0.000000e+00	
1022	5.500027e-03	0.000000e+00	0.000000e+00	0.000000e+00	
1023	5.500028e-03	0.000000e+00	0.000000e+00	0.000000e+00	
1024	5.500029e-03	0.000000e+00	0.000000e+00	0.000000e+00	
1025	5.500029e-03	0.000000e+00	0.000000e+00	0.000000e+00	
1026	5.500029e-03	0.000000e+00	0.000000e+00	0.000000e+00	
1027	5.500029e-03	0.000000e+00	0.000000e+00	0.000000e+00	
1028	5.500029e-03	0.000000e+00	0.000000e+00	0.000000e+00	
1029	5.500029e-03	0.000000e+00	0.000000e+00	0.000000e+00	
1030	5.500029e-03	0.000000e+00	0.000000e+00	0.000000e+00	
1031	5.500029e-03	0.000000e+00	0.000000e+00	0.000000e+00	
1032	5.500029e-03	0.000000e+00	0.000000e+00	0.000000e+00	
1033	5.500029e-03	0.000000e+00	0.000000e+00	0.000000e+00	
1034	5.500030e-03	0.000000e+00	0.000000e+00	0.000000e+00	
1035	5.500030e-03	0.000000e+00	0.000000e+00	0.000000e+00	
1036	5.500030e-03	0.000000e+00	0.000000e+00	0.000000e+00	
1037	5.500030e-03	0.000000e+00	0.000000e+00	0.000000e+00	
1038	5.500030e-03	0.000000e+00	0.000000e+00	0.000000e+00	
1039	5.500031e-03	0.000000e+00	0.000000e+00	0.000000e+00	
1040	5.500032e-03	0.000000e+00	0.000000e+00	0.000000e+00	

Index   time            a47#branch_1_0  a48#branch_1_0  v1#branch       
--------------------------------------------------------------------------------
1041	5.500033e-03	0.000000e+00	0.000000e+00	0.000000e+00	
1042	5.500037e-03	0.000000e+00	0.000000e+00	0.000000e+00	
1043	5.500043e-03	0.000000e+00	0.000000e+00	0.000000e+00	
1044	5.500056e-03	0.000000e+00	0.000000e+00	0.000000e+00	
1045	5.500082e-03	0.000000e+00	0.000000e+00	0.000000e+00	
1046	5.500135e-03	0.000000e+00	0.000000e+00	0.000000e+00	
1047	5.500240e-03	0.000000e+00	0.000000e+00	0.000000e+00	
1048	5.500449e-03	0.000000e+00	0.000000e+00	0.000000e+00	
1049	5.500869e-03	0.000000e+00	0.000000e+00	0.000000e+00	
1050	5.501708e-03	0.000000e+00	0.000000e+00	0.000000e+00	
1051	5.503385e-03	0.000000e+00	0.000000e+00	0.000000e+00	
1052	5.506741e-03	0.000000e+00	0.000000e+00	0.000000e+00	
1053	5.513452e-03	0.000000e+00	0.000000e+00	0.000000e+00	
1054	5.526873e-03	0.000000e+00	0.000000e+00	0.000000e+00	
1055	5.553717e-03	0.000000e+00	0.000000e+00	0.000000e+00	
1056	5.607404e-03	0.000000e+00	0.000000e+00	0.000000e+00	
1057	5.714778e-03	0.000000e+00	0.000000e+00	0.000000e+00	
1058	5.874778e-03	0.000000e+00	0.000000e+00	0.000000e+00	
1059	6.000000e-03	0.000000e+00	0.000000e+00	0.000000e+00	
1060	6.000001e-03	0.000000e+00	0.000000e+00	0.000000e+00	
1061	6.000003e-03	0.000000e+00	0.000000e+00	0.000000e+00	
1062	6.000005e-03	0.000000e+00	0.000000e+00	0.000000e+00	
1063	6.000005e-03	0.000000e+00	0.000000e+00	0.000000e+00	
1064	6.000005e-03	0.000000e+00	0.000000e+00	0.000000e+00	
1065	6.000005e-03	0.000000e+00	0.000000e+00	0.000000e+00	
1066	6.000005e-03	0.000000e+00	0.000000e+00	0.000000e+00	
1067	6.000005e-03	0.000000e+00	0.000000e+00	0.000000e+00	
1068	6.000005e-03	0.000000e+00	0.000000e+00	0.000000e+00	
1069	6.000005e-03	0.000000e+00	0.000000e+00	0.000000e+00	
1070	6.000005e-03	0.000000e+00	0.000000e+00	0.000000e+00	
1071	6.000005e-03	0.000000e+00	0.000000e+00	0.000000e+00	
1072	6.000006e-03	0.000000e+00	0.000000e+00	0.000000e+00	
1073	6.000006e-03	0.000000e+00	0.000000e+00	0.000000e+00	
1074	6.000006e-03	0.000000e+00	0.000000e+00	0.000000e+00	
1075	6.000006e-03	0.000000e+00	0.000000e+00	0.000000e+00	
1076	6.000006e-03	0.000000e+00	0.000000e+00	0.000000e+00	
1077	6.000006e-03	0.000000e+00	0.000000e+00	0.000000e+00	
1078	6.000006e-03	0.000000e+00	0.000000e+00	0.000000e+00	
1079	6.000006e-03	0.000000e+00	0.000000e+00	0.000000e+00	
1080	6.000006e-03	0.000000e+00	0.000000e+00	0.000000e+00	
1081	6.000006e-03	0.000000e+00	0.000000e+00	0.000000e+00	
1082	6.000006e-03	0.000000e+00	0.000000e+00	0.000000e+00	
1083	6.000007e-03	0.000000e+00	0.000000e+00	0.000000e+00	
1084	6.000007e-03	0.000000e+00	0.000000e+00	0.000000e+00	
1085	6.000007e-03	0.000000e+00	0.000000e+00	0.000000e+00	
1086	6.000007e-03	0.000000e+00	0.000000e+00	0.000000e+00	
1087	6.000007e-03	0.000000e+00	0.000000e+00	0.000000e+00	
1088	6.000007e-03	0.000000e+00	0.000000e+00	0.000000e+00	
1089	6.000007e-03	0.000000e+00	0.000000e+00	0.000000e+00	
1090	6.000007e-03	0.000000e+00	0.000000e+00	0.000000e+00	
1091	6.000007e-03	0.000000e+00	0.000000e+00	0.000000e+00	
1092	6.000007e-03	0.000000e+00	0.000000e+00	0.000000e+00	
1093	6.000007e-03	0.000000e+00	0.000000e+00	0.000000e+00	
1094	6.000008e-03	0.000000e+00	0.000000e+00	0.000000e+00	
1095	6.000008e-03	0.000000e+00	0.000000e+00	0.000000e+00	
1096	6.000008e-03	0.000000e+00	0.000000e+00	0.000000e+00	
1097	6.000008e-03	0.000000e+00	0.000000e+00	0.000000e+00	
1098	6.000008e-03	0.000000e+00	0.000000e+00	0.000000e+00	

Index   time            a47#branch_1_0  a48#branch_1_0  v1#branch       
--------------------------------------------------------------------------------
1099	6.000009e-03	0.000000e+00	0.000000e+00	0.000000e+00	
1100	6.000009e-03	0.000000e+00	0.000000e+00	0.000000e+00	
1101	6.000009e-03	0.000000e+00	0.000000e+00	0.000000e+00	
1102	6.000009e-03	0.000000e+00	0.000000e+00	0.000000e+00	
1103	6.000009e-03	0.000000e+00	0.000000e+00	0.000000e+00	
1104	6.000009e-03	0.000000e+00	0.000000e+00	0.000000e+00	
1105	6.000009e-03	0.000000e+00	0.000000e+00	0.000000e+00	
1106	6.000009e-03	0.000000e+00	0.000000e+00	0.000000e+00	
1107	6.000010e-03	0.000000e+00	0.000000e+00	0.000000e+00	
1108	6.000010e-03	0.000000e+00	0.000000e+00	0.000000e+00	
1109	6.000010e-03	0.000000e+00	0.000000e+00	0.000000e+00	
1110	6.000010e-03	0.000000e+00	0.000000e+00	0.000000e+00	
1111	6.000010e-03	0.000000e+00	0.000000e+00	0.000000e+00	
1112	6.000010e-03	0.000000e+00	0.000000e+00	0.000000e+00	
1113	6.000010e-03	0.000000e+00	0.000000e+00	0.000000e+00	
1114	6.000010e-03	0.000000e+00	0.000000e+00	0.000000e+00	
1115	6.000010e-03	0.000000e+00	0.000000e+00	0.000000e+00	
1116	6.000010e-03	0.000000e+00	0.000000e+00	0.000000e+00	
1117	6.000010e-03	0.000000e+00	0.000000e+00	0.000000e+00	
1118	6.000011e-03	0.000000e+00	0.000000e+00	0.000000e+00	
1119	6.000011e-03	0.000000e+00	0.000000e+00	0.000000e+00	
1120	6.000012e-03	0.000000e+00	0.000000e+00	0.000000e+00	
1121	6.000014e-03	0.000000e+00	0.000000e+00	0.000000e+00	
1122	6.000018e-03	0.000000e+00	0.000000e+00	0.000000e+00	
1123	6.000020e-03	0.000000e+00	0.000000e+00	0.000000e+00	
1124	6.000021e-03	0.000000e+00	0.000000e+00	0.000000e+00	
1125	6.000022e-03	0.000000e+00	0.000000e+00	0.000000e+00	
1126	6.000022e-03	0.000000e+00	0.000000e+00	0.000000e+00	
1127	6.000022e-03	0.000000e+00	0.000000e+00	0.000000e+00	
1128	6.000023e-03	0.000000e+00	0.000000e+00	0.000000e+00	
1129	6.000023e-03	0.000000e+00	0.000000e+00	0.000000e+00	
1130	6.000023e-03	0.000000e+00	0.000000e+00	0.000000e+00	
1131	6.000023e-03	0.000000e+00	0.000000e+00	0.000000e+00	
1132	6.000024e-03	0.000000e+00	0.000000e+00	0.000000e+00	
1133	6.000024e-03	0.000000e+00	0.000000e+00	0.000000e+00	
1134	6.000026e-03	0.000000e+00	0.000000e+00	0.000000e+00	
1135	6.000028e-03	0.000000e+00	0.000000e+00	0.000000e+00	
1136	6.000033e-03	0.000000e+00	0.000000e+00	0.000000e+00	
1137	6.000044e-03	0.000000e+00	0.000000e+00	0.000000e+00	
1138	6.000064e-03	0.000000e+00	0.000000e+00	0.000000e+00	
1139	6.000105e-03	0.000000e+00	0.000000e+00	0.000000e+00	
1140	6.000187e-03	0.000000e+00	0.000000e+00	0.000000e+00	
1141	6.000351e-03	0.000000e+00	0.000000e+00	0.000000e+00	
1142	6.000678e-03	0.000000e+00	0.000000e+00	0.000000e+00	
1143	6.001334e-03	0.000000e+00	0.000000e+00	0.000000e+00	
1144	6.002645e-03	0.000000e+00	0.000000e+00	0.000000e+00	
1145	6.005266e-03	0.000000e+00	0.000000e+00	0.000000e+00	
1146	6.010509e-03	0.000000e+00	0.000000e+00	0.000000e+00	
1147	6.020995e-03	0.000000e+00	0.000000e+00	0.000000e+00	
1148	6.041966e-03	0.000000e+00	0.000000e+00	0.000000e+00	
1149	6.083909e-03	0.000000e+00	0.000000e+00	0.000000e+00	
1150	6.167795e-03	0.000000e+00	0.000000e+00	0.000000e+00	
1151	6.327795e-03	0.000000e+00	0.000000e+00	0.000000e+00	
1152	6.487795e-03	0.000000e+00	0.000000e+00	0.000000e+00	
1153	6.500010e-03	0.000000e+00	0.000000e+00	0.000000e+00	
1154	6.500011e-03	0.000000e+00	0.000000e+00	0.000000e+00	
1155	6.500013e-03	0.000000e+00	0.000000e+00	0.000000e+00	
1156	6.500017e-03	0.000000e+00	0.000000e+00	0.000000e+00	

Index   time            a47#branch_1_0  a48#branch_1_0  v1#branch       
--------------------------------------------------------------------------------
1157	6.500019e-03	0.000000e+00	0.000000e+00	0.000000e+00	
1158	6.500019e-03	0.000000e+00	0.000000e+00	0.000000e+00	
1159	6.500019e-03	0.000000e+00	0.000000e+00	0.000000e+00	
1160	6.500020e-03	0.000000e+00	0.000000e+00	0.000000e+00	
1161	6.500020e-03	0.000000e+00	0.000000e+00	0.000000e+00	
1162	6.500020e-03	0.000000e+00	0.000000e+00	0.000000e+00	
1163	6.500020e-03	0.000000e+00	0.000000e+00	0.000000e+00	
1164	6.500020e-03	0.000000e+00	0.000000e+00	0.000000e+00	
1165	6.500020e-03	0.000000e+00	0.000000e+00	0.000000e+00	
1166	6.500020e-03	0.000000e+00	0.000000e+00	0.000000e+00	
1167	6.500020e-03	0.000000e+00	0.000000e+00	0.000000e+00	
1168	6.500020e-03	0.000000e+00	0.000000e+00	0.000000e+00	
1169	6.500020e-03	0.000000e+00	0.000000e+00	0.000000e+00	
1170	6.500020e-03	0.000000e+00	0.000000e+00	0.000000e+00	
1171	6.500021e-03	0.000000e+00	0.000000e+00	0.000000e+00	
1172	6.500021e-03	0.000000e+00	0.000000e+00	0.000000e+00	
1173	6.500021e-03	0.000000e+00	0.000000e+00	0.000000e+00	
1174	6.500021e-03	0.000000e+00	0.000000e+00	0.000000e+00	
1175	6.500021e-03	0.000000e+00	0.000000e+00	0.000000e+00	
1176	6.500022e-03	0.000000e+00	0.000000e+00	0.000000e+00	
1177	6.500022e-03	0.000000e+00	0.000000e+00	0.000000e+00	
1178	6.500022e-03	0.000000e+00	0.000000e+00	0.000000e+00	
1179	6.500022e-03	0.000000e+00	0.000000e+00	0.000000e+00	
1180	6.500022e-03	0.000000e+00	0.000000e+00	0.000000e+00	
1181	6.500022e-03	0.000000e+00	0.000000e+00	0.000000e+00	
1182	6.500022e-03	0.000000e+00	0.000000e+00	0.000000e+00	
1183	6.500022e-03	0.000000e+00	0.000000e+00	0.000000e+00	
1184	6.500023e-03	0.000000e+00	0.000000e+00	0.000000e+00	
1185	6.500023e-03	0.000000e+00	0.000000e+00	0.000000e+00	
1186	6.500023e-03	0.000000e+00	0.000000e+00	0.000000e+00	
1187	6.500023e-03	0.000000e+00	0.000000e+00	0.000000e+00	
1188	6.500023e-03	0.000000e+00	0.000000e+00	0.000000e+00	
1189	6.500023e-03	0.000000e+00	0.000000e+00	0.000000e+00	
1190	6.500023e-03	0.000000e+00	0.000000e+00	0.000000e+00	
1191	6.500023e-03	0.000000e+00	0.000000e+00	0.000000e+00	
1192	6.500023e-03	0.000000e+00	0.000000e+00	0.000000e+00	
1193	6.500023e-03	0.000000e+00	0.000000e+00	0.000000e+00	
1194	6.500023e-03	0.000000e+00	0.000000e+00	0.000000e+00	
1195	6.500023e-03	0.000000e+00	0.000000e+00	0.000000e+00	
1196	6.500023e-03	0.000000e+00	0.000000e+00	0.000000e+00	
1197	6.500024e-03	0.000000e+00	0.000000e+00	0.000000e+00	
1198	6.500024e-03	0.000000e+00	0.000000e+00	0.000000e+00	
1199	6.500025e-03	0.000000e+00	0.000000e+00	0.000000e+00	
1200	6.500025e-03	0.000000e+00	0.000000e+00	0.000000e+00	
1201	6.500025e-03	0.000000e+00	0.000000e+00	0.000000e+00	
1202	6.500026e-03	0.000000e+00	0.000000e+00	0.000000e+00	
1203	6.500026e-03	0.000000e+00	0.000000e+00	0.000000e+00	
1204	6.500026e-03	0.000000e+00	0.000000e+00	0.000000e+00	
1205	6.500026e-03	0.000000e+00	0.000000e+00	0.000000e+00	
1206	6.500026e-03	0.000000e+00	0.000000e+00	0.000000e+00	
1207	6.500027e-03	0.000000e+00	0.000000e+00	0.000000e+00	
1208	6.500028e-03	0.000000e+00	0.000000e+00	0.000000e+00	
1209	6.500029e-03	0.000000e+00	0.000000e+00	0.000000e+00	
1210	6.500029e-03	0.000000e+00	0.000000e+00	0.000000e+00	
1211	6.500029e-03	0.000000e+00	0.000000e+00	0.000000e+00	
1212	6.500029e-03	0.000000e+00	0.000000e+00	0.000000e+00	
1213	6.500029e-03	0.000000e+00	0.000000e+00	0.000000e+00	
1214	6.500029e-03	0.000000e+00	0.000000e+00	0.000000e+00	

Index   time            a47#branch_1_0  a48#branch_1_0  v1#branch       
--------------------------------------------------------------------------------
1215	6.500029e-03	0.000000e+00	0.000000e+00	0.000000e+00	
1216	6.500029e-03	0.000000e+00	0.000000e+00	0.000000e+00	
1217	6.500029e-03	0.000000e+00	0.000000e+00	0.000000e+00	
1218	6.500029e-03	0.000000e+00	0.000000e+00	0.000000e+00	
1219	6.500030e-03	0.000000e+00	0.000000e+00	0.000000e+00	
1220	6.500030e-03	0.000000e+00	0.000000e+00	0.000000e+00	
1221	6.500030e-03	0.000000e+00	0.000000e+00	0.000000e+00	
1222	6.500030e-03	0.000000e+00	0.000000e+00	0.000000e+00	
1223	6.500030e-03	0.000000e+00	0.000000e+00	0.000000e+00	
1224	6.500031e-03	0.000000e+00	0.000000e+00	0.000000e+00	
1225	6.500032e-03	0.000000e+00	0.000000e+00	0.000000e+00	
1226	6.500033e-03	0.000000e+00	0.000000e+00	0.000000e+00	
1227	6.500037e-03	0.000000e+00	0.000000e+00	0.000000e+00	
1228	6.500043e-03	0.000000e+00	0.000000e+00	0.000000e+00	
1229	6.500056e-03	0.000000e+00	0.000000e+00	0.000000e+00	
1230	6.500082e-03	0.000000e+00	0.000000e+00	0.000000e+00	
1231	6.500135e-03	0.000000e+00	0.000000e+00	0.000000e+00	
1232	6.500240e-03	0.000000e+00	0.000000e+00	0.000000e+00	
1233	6.500449e-03	0.000000e+00	0.000000e+00	0.000000e+00	
1234	6.500869e-03	0.000000e+00	0.000000e+00	0.000000e+00	
1235	6.501708e-03	0.000000e+00	0.000000e+00	0.000000e+00	
1236	6.503385e-03	0.000000e+00	0.000000e+00	0.000000e+00	
1237	6.506741e-03	0.000000e+00	0.000000e+00	0.000000e+00	
1238	6.513452e-03	0.000000e+00	0.000000e+00	0.000000e+00	
1239	6.526873e-03	0.000000e+00	0.000000e+00	0.000000e+00	
1240	6.553717e-03	0.000000e+00	0.000000e+00	0.000000e+00	
1241	6.607404e-03	0.000000e+00	0.000000e+00	0.000000e+00	
1242	6.714778e-03	0.000000e+00	0.000000e+00	0.000000e+00	
1243	6.874778e-03	0.000000e+00	0.000000e+00	0.000000e+00	
1244	7.000000e-03	0.000000e+00	0.000000e+00	0.000000e+00	
1245	7.000001e-03	0.000000e+00	0.000000e+00	0.000000e+00	
1246	7.000003e-03	0.000000e+00	0.000000e+00	0.000000e+00	
1247	7.000005e-03	0.000000e+00	0.000000e+00	0.000000e+00	
1248	7.000005e-03	0.000000e+00	0.000000e+00	0.000000e+00	
1249	7.000005e-03	0.000000e+00	0.000000e+00	0.000000e+00	
1250	7.000005e-03	0.000000e+00	0.000000e+00	0.000000e+00	
1251	7.000005e-03	0.000000e+00	0.000000e+00	0.000000e+00	
1252	7.000005e-03	0.000000e+00	0.000000e+00	0.000000e+00	
1253	7.000005e-03	0.000000e+00	0.000000e+00	0.000000e+00	
1254	7.000005e-03	0.000000e+00	0.000000e+00	0.000000e+00	
1255	7.000005e-03	0.000000e+00	0.000000e+00	0.000000e+00	
1256	7.000005e-03	0.000000e+00	0.000000e+00	0.000000e+00	
1257	7.000006e-03	0.000000e+00	0.000000e+00	0.000000e+00	
1258	7.000006e-03	0.000000e+00	0.000000e+00	0.000000e+00	
1259	7.000007e-03	0.000000e+00	0.000000e+00	0.000000e+00	
1260	7.000007e-03	0.000000e+00	0.000000e+00	0.000000e+00	
1261	7.000007e-03	0.000000e+00	0.000000e+00	0.000000e+00	
1262	7.000007e-03	0.000000e+00	0.000000e+00	0.000000e+00	
1263	7.000007e-03	0.000000e+00	0.000000e+00	0.000000e+00	
1264	7.000007e-03	0.000000e+00	0.000000e+00	0.000000e+00	
1265	7.000007e-03	0.000000e+00	0.000000e+00	0.000000e+00	
1266	7.000007e-03	0.000000e+00	0.000000e+00	0.000000e+00	
1267	7.000007e-03	0.000000e+00	0.000000e+00	0.000000e+00	
1268	7.000007e-03	0.000000e+00	0.000000e+00	0.000000e+00	
1269	7.000008e-03	0.000000e+00	0.000000e+00	0.000000e+00	
1270	7.000008e-03	0.000000e+00	0.000000e+00	0.000000e+00	
1271	7.000008e-03	0.000000e+00	0.000000e+00	0.000000e+00	
1272	7.000008e-03	0.000000e+00	0.000000e+00	0.000000e+00	

Index   time            a47#branch_1_0  a48#branch_1_0  v1#branch       
--------------------------------------------------------------------------------
1273	7.000008e-03	0.000000e+00	0.000000e+00	0.000000e+00	
1274	7.000009e-03	0.000000e+00	0.000000e+00	0.000000e+00	
1275	7.000009e-03	0.000000e+00	0.000000e+00	0.000000e+00	
1276	7.000009e-03	0.000000e+00	0.000000e+00	0.000000e+00	
1277	7.000009e-03	0.000000e+00	0.000000e+00	0.000000e+00	
1278	7.000009e-03	0.000000e+00	0.000000e+00	0.000000e+00	
1279	7.000009e-03	0.000000e+00	0.000000e+00	0.000000e+00	
1280	7.000009e-03	0.000000e+00	0.000000e+00	0.000000e+00	
1281	7.000009e-03	0.000000e+00	0.000000e+00	0.000000e+00	
1282	7.000010e-03	0.000000e+00	0.000000e+00	0.000000e+00	
1283	7.000010e-03	0.000000e+00	0.000000e+00	0.000000e+00	
1284	7.000010e-03	0.000000e+00	0.000000e+00	0.000000e+00	
1285	7.000010e-03	0.000000e+00	0.000000e+00	0.000000e+00	
1286	7.000010e-03	0.000000e+00	0.000000e+00	0.000000e+00	
1287	7.000010e-03	0.000000e+00	0.000000e+00	0.000000e+00	
1288	7.000010e-03	0.000000e+00	0.000000e+00	0.000000e+00	
1289	7.000010e-03	0.000000e+00	0.000000e+00	0.000000e+00	
1290	7.000010e-03	0.000000e+00	0.000000e+00	0.000000e+00	
1291	7.000010e-03	0.000000e+00	0.000000e+00	0.000000e+00	
1292	7.000010e-03	0.000000e+00	0.000000e+00	0.000000e+00	
1293	7.000011e-03	0.000000e+00	0.000000e+00	0.000000e+00	
1294	7.000011e-03	0.000000e+00	0.000000e+00	0.000000e+00	
1295	7.000012e-03	0.000000e+00	0.000000e+00	0.000000e+00	
1296	7.000014e-03	0.000000e+00	0.000000e+00	0.000000e+00	
1297	7.000018e-03	0.000000e+00	0.000000e+00	0.000000e+00	
1298	7.000020e-03	0.000000e+00	0.000000e+00	0.000000e+00	
1299	7.000021e-03	0.000000e+00	0.000000e+00	0.000000e+00	
1300	7.000022e-03	0.000000e+00	0.000000e+00	0.000000e+00	
1301	7.000022e-03	0.000000e+00	0.000000e+00	0.000000e+00	
1302	7.000022e-03	0.000000e+00	0.000000e+00	0.000000e+00	
1303	7.000023e-03	0.000000e+00	0.000000e+00	0.000000e+00	
1304	7.000023e-03	0.000000e+00	0.000000e+00	0.000000e+00	
1305	7.000023e-03	0.000000e+00	0.000000e+00	0.000000e+00	
1306	7.000023e-03	0.000000e+00	0.000000e+00	0.000000e+00	
1307	7.000024e-03	0.000000e+00	0.000000e+00	0.000000e+00	
1308	7.000024e-03	0.000000e+00	0.000000e+00	0.000000e+00	
1309	7.000026e-03	0.000000e+00	0.000000e+00	0.000000e+00	
1310	7.000028e-03	0.000000e+00	0.000000e+00	0.000000e+00	
1311	7.000033e-03	0.000000e+00	0.000000e+00	0.000000e+00	
1312	7.000044e-03	0.000000e+00	0.000000e+00	0.000000e+00	
1313	7.000064e-03	0.000000e+00	0.000000e+00	0.000000e+00	
1314	7.000105e-03	0.000000e+00	0.000000e+00	0.000000e+00	
1315	7.000187e-03	0.000000e+00	0.000000e+00	0.000000e+00	
1316	7.000351e-03	0.000000e+00	0.000000e+00	0.000000e+00	
1317	7.000678e-03	0.000000e+00	0.000000e+00	0.000000e+00	
1318	7.001334e-03	0.000000e+00	0.000000e+00	0.000000e+00	
1319	7.002645e-03	0.000000e+00	0.000000e+00	0.000000e+00	
1320	7.005266e-03	0.000000e+00	0.000000e+00	0.000000e+00	
1321	7.010509e-03	0.000000e+00	0.000000e+00	0.000000e+00	
1322	7.020995e-03	0.000000e+00	0.000000e+00	0.000000e+00	
1323	7.041966e-03	0.000000e+00	0.000000e+00	0.000000e+00	
1324	7.083909e-03	0.000000e+00	0.000000e+00	0.000000e+00	
1325	7.167795e-03	0.000000e+00	0.000000e+00	0.000000e+00	
1326	7.327795e-03	0.000000e+00	0.000000e+00	0.000000e+00	
1327	7.487795e-03	0.000000e+00	0.000000e+00	0.000000e+00	
1328	7.500010e-03	0.000000e+00	0.000000e+00	0.000000e+00	
1329	7.500011e-03	0.000000e+00	0.000000e+00	0.000000e+00	
1330	7.500013e-03	0.000000e+00	0.000000e+00	0.000000e+00	

Index   time            a47#branch_1_0  a48#branch_1_0  v1#branch       
--------------------------------------------------------------------------------
1331	7.500017e-03	0.000000e+00	0.000000e+00	0.000000e+00	
1332	7.500019e-03	0.000000e+00	0.000000e+00	0.000000e+00	
1333	7.500019e-03	0.000000e+00	0.000000e+00	0.000000e+00	
1334	7.500019e-03	0.000000e+00	0.000000e+00	0.000000e+00	
1335	7.500020e-03	0.000000e+00	0.000000e+00	0.000000e+00	
1336	7.500020e-03	0.000000e+00	0.000000e+00	0.000000e+00	
1337	7.500020e-03	0.000000e+00	0.000000e+00	0.000000e+00	
1338	7.500020e-03	0.000000e+00	0.000000e+00	0.000000e+00	
1339	7.500020e-03	0.000000e+00	0.000000e+00	0.000000e+00	
1340	7.500020e-03	0.000000e+00	0.000000e+00	0.000000e+00	
1341	7.500020e-03	0.000000e+00	0.000000e+00	0.000000e+00	
1342	7.500020e-03	0.000000e+00	0.000000e+00	0.000000e+00	
1343	7.500020e-03	0.000000e+00	0.000000e+00	0.000000e+00	
1344	7.500020e-03	0.000000e+00	0.000000e+00	0.000000e+00	
1345	7.500020e-03	0.000000e+00	0.000000e+00	0.000000e+00	
1346	7.500021e-03	0.000000e+00	0.000000e+00	0.000000e+00	
1347	7.500021e-03	0.000000e+00	0.000000e+00	0.000000e+00	
1348	7.500021e-03	0.000000e+00	0.000000e+00	0.000000e+00	
1349	7.500021e-03	0.000000e+00	0.000000e+00	0.000000e+00	
1350	7.500021e-03	0.000000e+00	0.000000e+00	0.000000e+00	
1351	7.500022e-03	0.000000e+00	0.000000e+00	0.000000e+00	
1352	7.500022e-03	0.000000e+00	0.000000e+00	0.000000e+00	
1353	7.500022e-03	0.000000e+00	0.000000e+00	0.000000e+00	
1354	7.500022e-03	0.000000e+00	0.000000e+00	0.000000e+00	
1355	7.500022e-03	0.000000e+00	0.000000e+00	0.000000e+00	
1356	7.500022e-03	0.000000e+00	0.000000e+00	0.000000e+00	
1357	7.500022e-03	0.000000e+00	0.000000e+00	0.000000e+00	
1358	7.500022e-03	0.000000e+00	0.000000e+00	0.000000e+00	
1359	7.500023e-03	0.000000e+00	0.000000e+00	0.000000e+00	
1360	7.500023e-03	0.000000e+00	0.000000e+00	0.000000e+00	
1361	7.500023e-03	0.000000e+00	0.000000e+00	0.000000e+00	
1362	7.500023e-03	0.000000e+00	0.000000e+00	0.000000e+00	
1363	7.500023e-03	0.000000e+00	0.000000e+00	0.000000e+00	
1364	7.500023e-03	0.000000e+00	0.000000e+00	0.000000e+00	
1365	7.500023e-03	0.000000e+00	0.000000e+00	0.000000e+00	
1366	7.500023e-03	0.000000e+00	0.000000e+00	0.000000e+00	
1367	7.500023e-03	0.000000e+00	0.000000e+00	0.000000e+00	
1368	7.500023e-03	0.000000e+00	0.000000e+00	0.000000e+00	
1369	7.500023e-03	0.000000e+00	0.000000e+00	0.000000e+00	
1370	7.500023e-03	0.000000e+00	0.000000e+00	0.000000e+00	
1371	7.500023e-03	0.000000e+00	0.000000e+00	0.000000e+00	
1372	7.500024e-03	0.000000e+00	0.000000e+00	0.000000e+00	
1373	7.500024e-03	0.000000e+00	0.000000e+00	0.000000e+00	
1374	7.500025e-03	0.000000e+00	0.000000e+00	0.000000e+00	
1375	7.500025e-03	0.000000e+00	0.000000e+00	0.000000e+00	
1376	7.500025e-03	0.000000e+00	0.000000e+00	0.000000e+00	
1377	7.500026e-03	0.000000e+00	0.000000e+00	0.000000e+00	
1378	7.500026e-03	0.000000e+00	0.000000e+00	0.000000e+00	
1379	7.500026e-03	0.000000e+00	0.000000e+00	0.000000e+00	
1380	7.500026e-03	0.000000e+00	0.000000e+00	0.000000e+00	
1381	7.500026e-03	0.000000e+00	0.000000e+00	0.000000e+00	
1382	7.500027e-03	0.000000e+00	0.000000e+00	0.000000e+00	
1383	7.500028e-03	0.000000e+00	0.000000e+00	0.000000e+00	
1384	7.500029e-03	0.000000e+00	0.000000e+00	0.000000e+00	
1385	7.500029e-03	0.000000e+00	0.000000e+00	0.000000e+00	
1386	7.500029e-03	0.000000e+00	0.000000e+00	0.000000e+00	
1387	7.500029e-03	0.000000e+00	0.000000e+00	0.000000e+00	
1388	7.500029e-03	0.000000e+00	0.000000e+00	0.000000e+00	

Index   time            a47#branch_1_0  a48#branch_1_0  v1#branch       
--------------------------------------------------------------------------------
1389	7.500029e-03	0.000000e+00	0.000000e+00	0.000000e+00	
1390	7.500029e-03	0.000000e+00	0.000000e+00	0.000000e+00	
1391	7.500029e-03	0.000000e+00	0.000000e+00	0.000000e+00	
1392	7.500029e-03	0.000000e+00	0.000000e+00	0.000000e+00	
1393	7.500029e-03	0.000000e+00	0.000000e+00	0.000000e+00	
1394	7.500030e-03	0.000000e+00	0.000000e+00	0.000000e+00	
1395	7.500030e-03	0.000000e+00	0.000000e+00	0.000000e+00	
1396	7.500030e-03	0.000000e+00	0.000000e+00	0.000000e+00	
1397	7.500030e-03	0.000000e+00	0.000000e+00	0.000000e+00	
1398	7.500030e-03	0.000000e+00	0.000000e+00	0.000000e+00	
1399	7.500031e-03	0.000000e+00	0.000000e+00	0.000000e+00	
1400	7.500032e-03	0.000000e+00	0.000000e+00	0.000000e+00	
1401	7.500033e-03	0.000000e+00	0.000000e+00	0.000000e+00	
1402	7.500037e-03	0.000000e+00	0.000000e+00	0.000000e+00	
1403	7.500043e-03	0.000000e+00	0.000000e+00	0.000000e+00	
1404	7.500056e-03	0.000000e+00	0.000000e+00	0.000000e+00	
1405	7.500082e-03	0.000000e+00	0.000000e+00	0.000000e+00	
1406	7.500135e-03	0.000000e+00	0.000000e+00	0.000000e+00	
1407	7.500240e-03	0.000000e+00	0.000000e+00	0.000000e+00	
1408	7.500449e-03	0.000000e+00	0.000000e+00	0.000000e+00	
1409	7.500869e-03	0.000000e+00	0.000000e+00	0.000000e+00	
1410	7.501708e-03	0.000000e+00	0.000000e+00	0.000000e+00	
1411	7.503385e-03	0.000000e+00	0.000000e+00	0.000000e+00	
1412	7.506741e-03	0.000000e+00	0.000000e+00	0.000000e+00	
1413	7.513452e-03	0.000000e+00	0.000000e+00	0.000000e+00	
1414	7.526873e-03	0.000000e+00	0.000000e+00	0.000000e+00	
1415	7.553717e-03	0.000000e+00	0.000000e+00	0.000000e+00	
1416	7.607404e-03	0.000000e+00	0.000000e+00	0.000000e+00	
1417	7.714778e-03	0.000000e+00	0.000000e+00	0.000000e+00	
1418	7.874778e-03	0.000000e+00	0.000000e+00	0.000000e+00	
1419	8.000000e-03	0.000000e+00	0.000000e+00	0.000000e+00	

                                kicad schematic
                                Transient Analysis  Mon Sep 15 10:23:16  2025
--------------------------------------------------------------------------------
Index   time            v2#branch       v3#branch       v4#branch       
--------------------------------------------------------------------------------
0	0.000000e+00	0.000000e+00	0.000000e+00	0.000000e+00	
1	1.000000e-10	0.000000e+00	0.000000e+00	0.000000e+00	
2	2.000000e-10	0.000000e+00	0.000000e+00	0.000000e+00	
3	4.000000e-10	0.000000e+00	0.000000e+00	0.000000e+00	
4	8.000000e-10	0.000000e+00	0.000000e+00	0.000000e+00	
5	1.600000e-09	0.000000e+00	0.000000e+00	0.000000e+00	
6	3.200000e-09	0.000000e+00	0.000000e+00	0.000000e+00	
7	5.200000e-09	0.000000e+00	0.000000e+00	0.000000e+00	
8	5.210000e-09	0.000000e+00	0.000000e+00	0.000000e+00	
9	5.230000e-09	0.000000e+00	0.000000e+00	0.000000e+00	
10	5.270000e-09	0.000000e+00	0.000000e+00	0.000000e+00	
11	5.300000e-09	0.000000e+00	0.000000e+00	0.000000e+00	
12	5.308000e-09	0.000000e+00	0.000000e+00	0.000000e+00	
13	5.324000e-09	0.000000e+00	0.000000e+00	0.000000e+00	
14	5.356000e-09	0.000000e+00	0.000000e+00	0.000000e+00	
15	5.420000e-09	0.000000e+00	0.000000e+00	0.000000e+00	
16	5.548000e-09	0.000000e+00	0.000000e+00	0.000000e+00	
17	5.804000e-09	0.000000e+00	0.000000e+00	0.000000e+00	
18	6.200000e-09	0.000000e+00	0.000000e+00	0.000000e+00	
19	6.210000e-09	0.000000e+00	0.000000e+00	0.000000e+00	
20	6.230000e-09	0.000000e+00	0.000000e+00	0.000000e+00	
21	6.270000e-09	0.000000e+00	0.000000e+00	0.000000e+00	
22	6.300000e-09	0.000000e+00	0.000000e+00	0.000000e+00	
23	6.308000e-09	0.000000e+00	0.000000e+00	0.000000e+00	
24	6.324000e-09	0.000000e+00	0.000000e+00	0.000000e+00	
25	6.356000e-09	0.000000e+00	0.000000e+00	0.000000e+00	
26	6.420000e-09	0.000000e+00	0.000000e+00	0.000000e+00	
27	6.548000e-09	0.000000e+00	0.000000e+00	0.000000e+00	
28	6.804000e-09	0.000000e+00	0.000000e+00	0.000000e+00	
29	7.316000e-09	0.000000e+00	0.000000e+00	0.000000e+00	
30	8.200000e-09	0.000000e+00	0.000000e+00	0.000000e+00	
31	8.290000e-09	0.000000e+00	0.000000e+00	0.000000e+00	
32	8.470000e-09	0.000000e+00	0.000000e+00	0.000000e+00	
33	8.830000e-09	0.000000e+00	0.000000e+00	0.000000e+00	
34	9.100000e-09	0.000000e+00	0.000000e+00	0.000000e+00	
35	9.172000e-09	0.000000e+00	0.000000e+00	0.000000e+00	
36	9.200000e-09	0.000000e+00	0.000000e+00	0.000000e+00	
37	9.214400e-09	0.000000e+00	0.000000e+00	0.000000e+00	
38	9.243200e-09	0.000000e+00	0.000000e+00	0.000000e+00	
39	9.300800e-09	0.000000e+00	0.000000e+00	0.000000e+00	
40	9.416000e-09	0.000000e+00	0.000000e+00	0.000000e+00	
41	9.646400e-09	0.000000e+00	0.000000e+00	0.000000e+00	
42	1.000000e-08	0.000000e+00	0.000000e+00	0.000000e+00	
43	1.001000e-08	0.000000e+00	0.000000e+00	0.000000e+00	
44	1.003000e-08	0.000000e+00	0.000000e+00	0.000000e+00	
45	1.007000e-08	0.000000e+00	0.000000e+00	0.000000e+00	
46	1.010000e-08	0.000000e+00	0.000000e+00	0.000000e+00	
47	1.010800e-08	0.000000e+00	0.000000e+00	0.000000e+00	
48	1.012400e-08	0.000000e+00	0.000000e+00	0.000000e+00	
49	1.015600e-08	0.000000e+00	0.000000e+00	0.000000e+00	
50	1.022000e-08	0.000000e+00	0.000000e+00	0.000000e+00	
51	1.034800e-08	0.000000e+00	0.000000e+00	0.000000e+00	
52	1.060400e-08	0.000000e+00	0.000000e+00	0.000000e+00	
53	1.111600e-08	0.000000e+00	0.000000e+00	0.000000e+00	
54	1.214000e-08	0.000000e+00	0.000000e+00	0.000000e+00	

Index   time            v2#branch       v3#branch       v4#branch       
--------------------------------------------------------------------------------
55	1.418800e-08	0.000000e+00	0.000000e+00	0.000000e+00	
56	1.828400e-08	0.000000e+00	0.000000e+00	0.000000e+00	
57	2.647600e-08	0.000000e+00	0.000000e+00	0.000000e+00	
58	4.286000e-08	0.000000e+00	0.000000e+00	0.000000e+00	
59	7.562800e-08	0.000000e+00	0.000000e+00	0.000000e+00	
60	1.411640e-07	0.000000e+00	0.000000e+00	0.000000e+00	
61	2.722360e-07	0.000000e+00	0.000000e+00	0.000000e+00	
62	5.343800e-07	0.000000e+00	0.000000e+00	0.000000e+00	
63	1.058668e-06	0.000000e+00	0.000000e+00	0.000000e+00	
64	2.107244e-06	0.000000e+00	0.000000e+00	0.000000e+00	
65	4.204396e-06	0.000000e+00	0.000000e+00	0.000000e+00	
66	8.398700e-06	0.000000e+00	0.000000e+00	0.000000e+00	
67	1.678731e-05	0.000000e+00	0.000000e+00	0.000000e+00	
68	3.356452e-05	0.000000e+00	0.000000e+00	0.000000e+00	
69	6.711896e-05	0.000000e+00	0.000000e+00	0.000000e+00	
70	1.342278e-04	0.000000e+00	0.000000e+00	0.000000e+00	
71	2.684455e-04	0.000000e+00	0.000000e+00	0.000000e+00	
72	4.284455e-04	0.000000e+00	0.000000e+00	0.000000e+00	
73	5.000100e-04	0.000000e+00	0.000000e+00	0.000000e+00	
74	5.000110e-04	0.000000e+00	0.000000e+00	0.000000e+00	
75	5.000130e-04	0.000000e+00	0.000000e+00	0.000000e+00	
76	5.000170e-04	0.000000e+00	0.000000e+00	0.000000e+00	
77	5.000190e-04	0.000000e+00	0.000000e+00	0.000000e+00	
78	5.000191e-04	0.000000e+00	0.000000e+00	0.000000e+00	
79	5.000193e-04	0.000000e+00	0.000000e+00	0.000000e+00	
80	5.000196e-04	0.000000e+00	0.000000e+00	0.000000e+00	
81	5.000199e-04	0.000000e+00	0.000000e+00	0.000000e+00	
82	5.000199e-04	0.000000e+00	0.000000e+00	0.000000e+00	
83	5.000199e-04	0.000000e+00	0.000000e+00	0.000000e+00	
84	5.000200e-04	0.000000e+00	0.000000e+00	0.000000e+00	
85	5.000200e-04	0.000000e+00	0.000000e+00	0.000000e+00	
86	5.000200e-04	0.000000e+00	0.000000e+00	0.000000e+00	
87	5.000200e-04	0.000000e+00	0.000000e+00	0.000000e+00	
88	5.000201e-04	0.000000e+00	0.000000e+00	0.000000e+00	
89	5.000201e-04	0.000000e+00	0.000000e+00	0.000000e+00	
90	5.000202e-04	0.000000e+00	0.000000e+00	0.000000e+00	
91	5.000205e-04	0.000000e+00	0.000000e+00	0.000000e+00	
92	5.000210e-04	0.000000e+00	0.000000e+00	0.000000e+00	
93	5.000211e-04	0.000000e+00	0.000000e+00	0.000000e+00	
94	5.000212e-04	0.000000e+00	0.000000e+00	0.000000e+00	
95	5.000214e-04	0.000000e+00	0.000000e+00	0.000000e+00	
96	5.000218e-04	0.000000e+00	0.000000e+00	0.000000e+00	
97	5.000219e-04	0.000000e+00	0.000000e+00	0.000000e+00	
98	5.000220e-04	0.000000e+00	0.000000e+00	0.000000e+00	
99	5.000220e-04	0.000000e+00	0.000000e+00	0.000000e+00	
100	5.000220e-04	0.000000e+00	0.000000e+00	0.000000e+00	
101	5.000220e-04	0.000000e+00	0.000000e+00	0.000000e+00	
102	5.000221e-04	0.000000e+00	0.000000e+00	0.000000e+00	
103	5.000222e-04	0.000000e+00	0.000000e+00	0.000000e+00	
104	5.000225e-04	0.000000e+00	0.000000e+00	0.000000e+00	
105	5.000229e-04	0.000000e+00	0.000000e+00	0.000000e+00	
106	5.000230e-04	0.000000e+00	0.000000e+00	0.000000e+00	
107	5.000230e-04	0.000000e+00	0.000000e+00	0.000000e+00	
108	5.000230e-04	0.000000e+00	0.000000e+00	0.000000e+00	
109	5.000230e-04	0.000000e+00	0.000000e+00	0.000000e+00	
110	5.000231e-04	0.000000e+00	0.000000e+00	0.000000e+00	
111	5.000231e-04	0.000000e+00	0.000000e+00	0.000000e+00	
112	5.000231e-04	0.000000e+00	0.000000e+00	0.000000e+00	

Index   time            v2#branch       v3#branch       v4#branch       
--------------------------------------------------------------------------------
113	5.000231e-04	0.000000e+00	0.000000e+00	0.000000e+00	
114	5.000232e-04	0.000000e+00	0.000000e+00	0.000000e+00	
115	5.000232e-04	0.000000e+00	0.000000e+00	0.000000e+00	
116	5.000233e-04	0.000000e+00	0.000000e+00	0.000000e+00	
117	5.000236e-04	0.000000e+00	0.000000e+00	0.000000e+00	
118	5.000241e-04	0.000000e+00	0.000000e+00	0.000000e+00	
119	5.000250e-04	0.000000e+00	0.000000e+00	0.000000e+00	
120	5.000251e-04	0.000000e+00	0.000000e+00	0.000000e+00	
121	5.000253e-04	0.000000e+00	0.000000e+00	0.000000e+00	
122	5.000256e-04	0.000000e+00	0.000000e+00	0.000000e+00	
123	5.000259e-04	0.000000e+00	0.000000e+00	0.000000e+00	
124	5.000260e-04	0.000000e+00	0.000000e+00	0.000000e+00	
125	5.000261e-04	0.000000e+00	0.000000e+00	0.000000e+00	
126	5.000264e-04	0.000000e+00	0.000000e+00	0.000000e+00	
127	5.000270e-04	0.000000e+00	0.000000e+00	0.000000e+00	
128	5.000281e-04	0.000000e+00	0.000000e+00	0.000000e+00	
129	5.000291e-04	0.000000e+00	0.000000e+00	0.000000e+00	
130	5.000291e-04	0.000000e+00	0.000000e+00	0.000000e+00	
131	5.000291e-04	0.000000e+00	0.000000e+00	0.000000e+00	
132	5.000292e-04	0.000000e+00	0.000000e+00	0.000000e+00	
133	5.000292e-04	0.000000e+00	0.000000e+00	0.000000e+00	
134	5.000292e-04	0.000000e+00	0.000000e+00	0.000000e+00	
135	5.000292e-04	0.000000e+00	0.000000e+00	0.000000e+00	
136	5.000293e-04	0.000000e+00	0.000000e+00	0.000000e+00	
137	5.000293e-04	0.000000e+00	0.000000e+00	0.000000e+00	
138	5.000295e-04	0.000000e+00	0.000000e+00	0.000000e+00	
139	5.000297e-04	0.000000e+00	0.000000e+00	0.000000e+00	
140	5.000300e-04	0.000000e+00	0.000000e+00	0.000000e+00	
141	5.000301e-04	0.000000e+00	0.000000e+00	0.000000e+00	
142	5.000302e-04	0.000000e+00	0.000000e+00	0.000000e+00	
143	5.000304e-04	0.000000e+00	0.000000e+00	0.000000e+00	
144	5.000308e-04	0.000000e+00	0.000000e+00	0.000000e+00	
145	5.000316e-04	0.000000e+00	0.000000e+00	0.000000e+00	
146	5.000332e-04	0.000000e+00	0.000000e+00	0.000000e+00	
147	5.000365e-04	0.000000e+00	0.000000e+00	0.000000e+00	
148	5.000431e-04	0.000000e+00	0.000000e+00	0.000000e+00	
149	5.000562e-04	0.000000e+00	0.000000e+00	0.000000e+00	
150	5.000824e-04	0.000000e+00	0.000000e+00	0.000000e+00	
151	5.001348e-04	0.000000e+00	0.000000e+00	0.000000e+00	
152	5.002397e-04	0.000000e+00	0.000000e+00	0.000000e+00	
153	5.004494e-04	0.000000e+00	0.000000e+00	0.000000e+00	
154	5.008688e-04	0.000000e+00	0.000000e+00	0.000000e+00	
155	5.017077e-04	0.000000e+00	0.000000e+00	0.000000e+00	
156	5.033854e-04	0.000000e+00	0.000000e+00	0.000000e+00	
157	5.067408e-04	0.000000e+00	0.000000e+00	0.000000e+00	
158	5.134517e-04	0.000000e+00	0.000000e+00	0.000000e+00	
159	5.268735e-04	0.000000e+00	0.000000e+00	0.000000e+00	
160	5.537170e-04	0.000000e+00	0.000000e+00	0.000000e+00	
161	6.074041e-04	0.000000e+00	0.000000e+00	0.000000e+00	
162	7.147783e-04	0.000000e+00	0.000000e+00	0.000000e+00	
163	8.747783e-04	0.000000e+00	0.000000e+00	0.000000e+00	
164	1.000000e-03	0.000000e+00	0.000000e+00	0.000000e+00	
165	1.000001e-03	0.000000e+00	0.000000e+00	0.000000e+00	
166	1.000003e-03	0.000000e+00	0.000000e+00	0.000000e+00	
167	1.000005e-03	0.000000e+00	0.000000e+00	0.000000e+00	
168	1.000005e-03	0.000000e+00	0.000000e+00	0.000000e+00	
169	1.000005e-03	0.000000e+00	0.000000e+00	0.000000e+00	
170	1.000005e-03	0.000000e+00	0.000000e+00	0.000000e+00	

Index   time            v2#branch       v3#branch       v4#branch       
--------------------------------------------------------------------------------
171	1.000005e-03	0.000000e+00	0.000000e+00	0.000000e+00	
172	1.000005e-03	0.000000e+00	0.000000e+00	0.000000e+00	
173	1.000005e-03	0.000000e+00	0.000000e+00	0.000000e+00	
174	1.000005e-03	0.000000e+00	0.000000e+00	0.000000e+00	
175	1.000005e-03	0.000000e+00	0.000000e+00	0.000000e+00	
176	1.000005e-03	0.000000e+00	0.000000e+00	0.000000e+00	
177	1.000006e-03	0.000000e+00	0.000000e+00	0.000000e+00	
178	1.000006e-03	0.000000e+00	0.000000e+00	0.000000e+00	
179	1.000007e-03	0.000000e+00	0.000000e+00	0.000000e+00	
180	1.000007e-03	0.000000e+00	0.000000e+00	0.000000e+00	
181	1.000007e-03	0.000000e+00	0.000000e+00	0.000000e+00	
182	1.000007e-03	0.000000e+00	0.000000e+00	0.000000e+00	
183	1.000007e-03	0.000000e+00	0.000000e+00	0.000000e+00	
184	1.000007e-03	0.000000e+00	0.000000e+00	0.000000e+00	
185	1.000007e-03	0.000000e+00	0.000000e+00	0.000000e+00	
186	1.000007e-03	0.000000e+00	0.000000e+00	0.000000e+00	
187	1.000007e-03	0.000000e+00	0.000000e+00	0.000000e+00	
188	1.000007e-03	0.000000e+00	0.000000e+00	0.000000e+00	
189	1.000008e-03	0.000000e+00	0.000000e+00	0.000000e+00	
190	1.000008e-03	0.000000e+00	0.000000e+00	0.000000e+00	
191	1.000008e-03	0.000000e+00	0.000000e+00	0.000000e+00	
192	1.000008e-03	0.000000e+00	0.000000e+00	0.000000e+00	
193	1.000008e-03	0.000000e+00	0.000000e+00	0.000000e+00	
194	1.000009e-03	0.000000e+00	0.000000e+00	0.000000e+00	
195	1.000009e-03	0.000000e+00	0.000000e+00	0.000000e+00	
196	1.000009e-03	0.000000e+00	0.000000e+00	0.000000e+00	
197	1.000009e-03	0.000000e+00	0.000000e+00	0.000000e+00	
198	1.000009e-03	0.000000e+00	0.000000e+00	0.000000e+00	
199	1.000009e-03	0.000000e+00	0.000000e+00	0.000000e+00	
200	1.000009e-03	0.000000e+00	0.000000e+00	0.000000e+00	
201	1.000009e-03	0.000000e+00	0.000000e+00	0.000000e+00	
202	1.000010e-03	0.000000e+00	0.000000e+00	0.000000e+00	
203	1.000010e-03	0.000000e+00	0.000000e+00	0.000000e+00	
204	1.000010e-03	0.000000e+00	0.000000e+00	0.000000e+00	
205	1.000010e-03	0.000000e+00	0.000000e+00	0.000000e+00	
206	1.000010e-03	0.000000e+00	0.000000e+00	0.000000e+00	
207	1.000010e-03	0.000000e+00	0.000000e+00	0.000000e+00	
208	1.000010e-03	0.000000e+00	0.000000e+00	0.000000e+00	
209	1.000010e-03	0.000000e+00	0.000000e+00	0.000000e+00	
210	1.000010e-03	0.000000e+00	0.000000e+00	0.000000e+00	
211	1.000010e-03	0.000000e+00	0.000000e+00	0.000000e+00	
212	1.000010e-03	0.000000e+00	0.000000e+00	0.000000e+00	
213	1.000011e-03	0.000000e+00	0.000000e+00	0.000000e+00	
214	1.000011e-03	0.000000e+00	0.000000e+00	0.000000e+00	
215	1.000012e-03	0.000000e+00	0.000000e+00	0.000000e+00	
216	1.000014e-03	0.000000e+00	0.000000e+00	0.000000e+00	
217	1.000018e-03	0.000000e+00	0.000000e+00	0.000000e+00	
218	1.000020e-03	0.000000e+00	0.000000e+00	0.000000e+00	
219	1.000021e-03	0.000000e+00	0.000000e+00	0.000000e+00	
220	1.000022e-03	0.000000e+00	0.000000e+00	0.000000e+00	
221	1.000022e-03	0.000000e+00	0.000000e+00	0.000000e+00	
222	1.000022e-03	0.000000e+00	0.000000e+00	0.000000e+00	
223	1.000023e-03	0.000000e+00	0.000000e+00	0.000000e+00	
224	1.000023e-03	0.000000e+00	0.000000e+00	0.000000e+00	
225	1.000023e-03	0.000000e+00	0.000000e+00	0.000000e+00	
226	1.000023e-03	0.000000e+00	0.000000e+00	0.000000e+00	
227	1.000024e-03	0.000000e+00	0.000000e+00	0.000000e+00	
228	1.000024e-03	0.000000e+00	0.000000e+00	0.000000e+00	

Index   time            v2#branch       v3#branch       v4#branch       
--------------------------------------------------------------------------------
229	1.000026e-03	0.000000e+00	0.000000e+00	0.000000e+00	
230	1.000028e-03	0.000000e+00	0.000000e+00	0.000000e+00	
231	1.000033e-03	0.000000e+00	0.000000e+00	0.000000e+00	
232	1.000044e-03	0.000000e+00	0.000000e+00	0.000000e+00	
233	1.000064e-03	0.000000e+00	0.000000e+00	0.000000e+00	
234	1.000105e-03	0.000000e+00	0.000000e+00	0.000000e+00	
235	1.000187e-03	0.000000e+00	0.000000e+00	0.000000e+00	
236	1.000351e-03	0.000000e+00	0.000000e+00	0.000000e+00	
237	1.000678e-03	0.000000e+00	0.000000e+00	0.000000e+00	
238	1.001334e-03	0.000000e+00	0.000000e+00	0.000000e+00	
239	1.002645e-03	0.000000e+00	0.000000e+00	0.000000e+00	
240	1.005266e-03	0.000000e+00	0.000000e+00	0.000000e+00	
241	1.010509e-03	0.000000e+00	0.000000e+00	0.000000e+00	
242	1.020995e-03	0.000000e+00	0.000000e+00	0.000000e+00	
243	1.041966e-03	0.000000e+00	0.000000e+00	0.000000e+00	
244	1.083909e-03	0.000000e+00	0.000000e+00	0.000000e+00	
245	1.167795e-03	0.000000e+00	0.000000e+00	0.000000e+00	
246	1.327795e-03	0.000000e+00	0.000000e+00	0.000000e+00	
247	1.487795e-03	0.000000e+00	0.000000e+00	0.000000e+00	
248	1.500010e-03	0.000000e+00	0.000000e+00	0.000000e+00	
249	1.500011e-03	0.000000e+00	0.000000e+00	0.000000e+00	
250	1.500013e-03	0.000000e+00	0.000000e+00	0.000000e+00	
251	1.500017e-03	0.000000e+00	0.000000e+00	0.000000e+00	
252	1.500019e-03	0.000000e+00	0.000000e+00	0.000000e+00	
253	1.500019e-03	0.000000e+00	0.000000e+00	0.000000e+00	
254	1.500019e-03	0.000000e+00	0.000000e+00	0.000000e+00	
255	1.500020e-03	0.000000e+00	0.000000e+00	0.000000e+00	
256	1.500020e-03	0.000000e+00	0.000000e+00	0.000000e+00	
257	1.500020e-03	0.000000e+00	0.000000e+00	0.000000e+00	
258	1.500020e-03	0.000000e+00	0.000000e+00	0.000000e+00	
259	1.500020e-03	0.000000e+00	0.000000e+00	0.000000e+00	
260	1.500020e-03	0.000000e+00	0.000000e+00	0.000000e+00	
261	1.500020e-03	0.000000e+00	0.000000e+00	0.000000e+00	
262	1.500020e-03	0.000000e+00	0.000000e+00	0.000000e+00	
263	1.500020e-03	0.000000e+00	0.000000e+00	0.000000e+00	
264	1.500020e-03	0.000000e+00	0.000000e+00	0.000000e+00	
265	1.500020e-03	0.000000e+00	0.000000e+00	0.000000e+00	
266	1.500021e-03	0.000000e+00	0.000000e+00	0.000000e+00	
267	1.500021e-03	0.000000e+00	0.000000e+00	0.000000e+00	
268	1.500021e-03	0.000000e+00	0.000000e+00	0.000000e+00	
269	1.500021e-03	0.000000e+00	0.000000e+00	0.000000e+00	
270	1.500021e-03	0.000000e+00	0.000000e+00	0.000000e+00	
271	1.500022e-03	0.000000e+00	0.000000e+00	0.000000e+00	
272	1.500022e-03	0.000000e+00	0.000000e+00	0.000000e+00	
273	1.500022e-03	0.000000e+00	0.000000e+00	0.000000e+00	
274	1.500022e-03	0.000000e+00	0.000000e+00	0.000000e+00	
275	1.500022e-03	0.000000e+00	0.000000e+00	0.000000e+00	
276	1.500022e-03	0.000000e+00	0.000000e+00	0.000000e+00	
277	1.500022e-03	0.000000e+00	0.000000e+00	0.000000e+00	
278	1.500022e-03	0.000000e+00	0.000000e+00	0.000000e+00	
279	1.500023e-03	0.000000e+00	0.000000e+00	0.000000e+00	
280	1.500023e-03	0.000000e+00	0.000000e+00	0.000000e+00	
281	1.500023e-03	0.000000e+00	0.000000e+00	0.000000e+00	
282	1.500023e-03	0.000000e+00	0.000000e+00	0.000000e+00	
283	1.500023e-03	0.000000e+00	0.000000e+00	0.000000e+00	
284	1.500023e-03	0.000000e+00	0.000000e+00	0.000000e+00	
285	1.500023e-03	0.000000e+00	0.000000e+00	0.000000e+00	
286	1.500023e-03	0.000000e+00	0.000000e+00	0.000000e+00	

Index   time            v2#branch       v3#branch       v4#branch       
--------------------------------------------------------------------------------
287	1.500023e-03	0.000000e+00	0.000000e+00	0.000000e+00	
288	1.500023e-03	0.000000e+00	0.000000e+00	0.000000e+00	
289	1.500023e-03	0.000000e+00	0.000000e+00	0.000000e+00	
290	1.500023e-03	0.000000e+00	0.000000e+00	0.000000e+00	
291	1.500023e-03	0.000000e+00	0.000000e+00	0.000000e+00	
292	1.500024e-03	0.000000e+00	0.000000e+00	0.000000e+00	
293	1.500024e-03	0.000000e+00	0.000000e+00	0.000000e+00	
294	1.500025e-03	0.000000e+00	0.000000e+00	0.000000e+00	
295	1.500025e-03	0.000000e+00	0.000000e+00	0.000000e+00	
296	1.500025e-03	0.000000e+00	0.000000e+00	0.000000e+00	
297	1.500026e-03	0.000000e+00	0.000000e+00	0.000000e+00	
298	1.500026e-03	0.000000e+00	0.000000e+00	0.000000e+00	
299	1.500026e-03	0.000000e+00	0.000000e+00	0.000000e+00	
300	1.500026e-03	0.000000e+00	0.000000e+00	0.000000e+00	
301	1.500026e-03	0.000000e+00	0.000000e+00	0.000000e+00	
302	1.500027e-03	0.000000e+00	0.000000e+00	0.000000e+00	
303	1.500028e-03	0.000000e+00	0.000000e+00	0.000000e+00	
304	1.500029e-03	0.000000e+00	0.000000e+00	0.000000e+00	
305	1.500029e-03	0.000000e+00	0.000000e+00	0.000000e+00	
306	1.500029e-03	0.000000e+00	0.000000e+00	0.000000e+00	
307	1.500029e-03	0.000000e+00	0.000000e+00	0.000000e+00	
308	1.500029e-03	0.000000e+00	0.000000e+00	0.000000e+00	
309	1.500029e-03	0.000000e+00	0.000000e+00	0.000000e+00	
310	1.500029e-03	0.000000e+00	0.000000e+00	0.000000e+00	
311	1.500029e-03	0.000000e+00	0.000000e+00	0.000000e+00	
312	1.500029e-03	0.000000e+00	0.000000e+00	0.000000e+00	
313	1.500029e-03	0.000000e+00	0.000000e+00	0.000000e+00	
314	1.500030e-03	0.000000e+00	0.000000e+00	0.000000e+00	
315	1.500030e-03	0.000000e+00	0.000000e+00	0.000000e+00	
316	1.500030e-03	0.000000e+00	0.000000e+00	0.000000e+00	
317	1.500030e-03	0.000000e+00	0.000000e+00	0.000000e+00	
318	1.500030e-03	0.000000e+00	0.000000e+00	0.000000e+00	
319	1.500031e-03	0.000000e+00	0.000000e+00	0.000000e+00	
320	1.500032e-03	0.000000e+00	0.000000e+00	0.000000e+00	
321	1.500033e-03	0.000000e+00	0.000000e+00	0.000000e+00	
322	1.500037e-03	0.000000e+00	0.000000e+00	0.000000e+00	
323	1.500043e-03	0.000000e+00	0.000000e+00	0.000000e+00	
324	1.500056e-03	0.000000e+00	0.000000e+00	0.000000e+00	
325	1.500082e-03	0.000000e+00	0.000000e+00	0.000000e+00	
326	1.500135e-03	0.000000e+00	0.000000e+00	0.000000e+00	
327	1.500240e-03	0.000000e+00	0.000000e+00	0.000000e+00	
328	1.500449e-03	0.000000e+00	0.000000e+00	0.000000e+00	
329	1.500869e-03	0.000000e+00	0.000000e+00	0.000000e+00	
330	1.501708e-03	0.000000e+00	0.000000e+00	0.000000e+00	
331	1.503385e-03	0.000000e+00	0.000000e+00	0.000000e+00	
332	1.506741e-03	0.000000e+00	0.000000e+00	0.000000e+00	
333	1.513452e-03	0.000000e+00	0.000000e+00	0.000000e+00	
334	1.526873e-03	0.000000e+00	0.000000e+00	0.000000e+00	
335	1.553717e-03	0.000000e+00	0.000000e+00	0.000000e+00	
336	1.607404e-03	0.000000e+00	0.000000e+00	0.000000e+00	
337	1.714778e-03	0.000000e+00	0.000000e+00	0.000000e+00	
338	1.874778e-03	0.000000e+00	0.000000e+00	0.000000e+00	
339	2.000000e-03	0.000000e+00	0.000000e+00	0.000000e+00	
340	2.000001e-03	0.000000e+00	0.000000e+00	0.000000e+00	
341	2.000003e-03	0.000000e+00	0.000000e+00	0.000000e+00	
342	2.000005e-03	0.000000e+00	0.000000e+00	0.000000e+00	
343	2.000005e-03	0.000000e+00	0.000000e+00	0.000000e+00	
344	2.000005e-03	0.000000e+00	0.000000e+00	0.000000e+00	

Index   time            v2#branch       v3#branch       v4#branch       
--------------------------------------------------------------------------------
345	2.000005e-03	0.000000e+00	0.000000e+00	0.000000e+00	
346	2.000005e-03	0.000000e+00	0.000000e+00	0.000000e+00	
347	2.000005e-03	0.000000e+00	0.000000e+00	0.000000e+00	
348	2.000005e-03	0.000000e+00	0.000000e+00	0.000000e+00	
349	2.000005e-03	0.000000e+00	0.000000e+00	0.000000e+00	
350	2.000005e-03	0.000000e+00	0.000000e+00	0.000000e+00	
351	2.000005e-03	0.000000e+00	0.000000e+00	0.000000e+00	
352	2.000006e-03	0.000000e+00	0.000000e+00	0.000000e+00	
353	2.000006e-03	0.000000e+00	0.000000e+00	0.000000e+00	
354	2.000006e-03	0.000000e+00	0.000000e+00	0.000000e+00	
355	2.000006e-03	0.000000e+00	0.000000e+00	0.000000e+00	
356	2.000006e-03	0.000000e+00	0.000000e+00	0.000000e+00	
357	2.000006e-03	0.000000e+00	0.000000e+00	0.000000e+00	
358	2.000006e-03	0.000000e+00	0.000000e+00	0.000000e+00	
359	2.000006e-03	0.000000e+00	0.000000e+00	0.000000e+00	
360	2.000006e-03	0.000000e+00	0.000000e+00	0.000000e+00	
361	2.000006e-03	0.000000e+00	0.000000e+00	0.000000e+00	
362	2.000006e-03	0.000000e+00	0.000000e+00	0.000000e+00	
363	2.000007e-03	0.000000e+00	0.000000e+00	0.000000e+00	
364	2.000007e-03	0.000000e+00	0.000000e+00	0.000000e+00	
365	2.000007e-03	0.000000e+00	0.000000e+00	0.000000e+00	
366	2.000007e-03	0.000000e+00	0.000000e+00	0.000000e+00	
367	2.000007e-03	0.000000e+00	0.000000e+00	0.000000e+00	
368	2.000007e-03	0.000000e+00	0.000000e+00	0.000000e+00	
369	2.000007e-03	0.000000e+00	0.000000e+00	0.000000e+00	
370	2.000007e-03	0.000000e+00	0.000000e+00	0.000000e+00	
371	2.000007e-03	0.000000e+00	0.000000e+00	0.000000e+00	
372	2.000007e-03	0.000000e+00	0.000000e+00	0.000000e+00	
373	2.000007e-03	0.000000e+00	0.000000e+00	0.000000e+00	
374	2.000008e-03	0.000000e+00	0.000000e+00	0.000000e+00	
375	2.000008e-03	0.000000e+00	0.000000e+00	0.000000e+00	
376	2.000008e-03	0.000000e+00	0.000000e+00	0.000000e+00	
377	2.000008e-03	0.000000e+00	0.000000e+00	0.000000e+00	
378	2.000008e-03	0.000000e+00	0.000000e+00	0.000000e+00	
379	2.000009e-03	0.000000e+00	0.000000e+00	0.000000e+00	
380	2.000009e-03	0.000000e+00	0.000000e+00	0.000000e+00	
381	2.000009e-03	0.000000e+00	0.000000e+00	0.000000e+00	
382	2.000009e-03	0.000000e+00	0.000000e+00	0.000000e+00	
383	2.000009e-03	0.000000e+00	0.000000e+00	0.000000e+00	
384	2.000009e-03	0.000000e+00	0.000000e+00	0.000000e+00	
385	2.000009e-03	0.000000e+00	0.000000e+00	0.000000e+00	
386	2.000009e-03	0.000000e+00	0.000000e+00	0.000000e+00	
387	2.000010e-03	0.000000e+00	0.000000e+00	0.000000e+00	
388	2.000010e-03	0.000000e+00	0.000000e+00	0.000000e+00	
389	2.000010e-03	0.000000e+00	0.000000e+00	0.000000e+00	
390	2.000010e-03	0.000000e+00	0.000000e+00	0.000000e+00	
391	2.000010e-03	0.000000e+00	0.000000e+00	0.000000e+00	
392	2.000010e-03	0.000000e+00	0.000000e+00	0.000000e+00	
393	2.000010e-03	0.000000e+00	0.000000e+00	0.000000e+00	
394	2.000010e-03	0.000000e+00	0.000000e+00	0.000000e+00	
395	2.000010e-03	0.000000e+00	0.000000e+00	0.000000e+00	
396	2.000010e-03	0.000000e+00	0.000000e+00	0.000000e+00	
397	2.000010e-03	0.000000e+00	0.000000e+00	0.000000e+00	
398	2.000011e-03	0.000000e+00	0.000000e+00	0.000000e+00	
399	2.000011e-03	0.000000e+00	0.000000e+00	0.000000e+00	
400	2.000012e-03	0.000000e+00	0.000000e+00	0.000000e+00	
401	2.000014e-03	0.000000e+00	0.000000e+00	0.000000e+00	
402	2.000018e-03	0.000000e+00	0.000000e+00	0.000000e+00	

Index   time            v2#branch       v3#branch       v4#branch       
--------------------------------------------------------------------------------
403	2.000020e-03	0.000000e+00	0.000000e+00	0.000000e+00	
404	2.000021e-03	0.000000e+00	0.000000e+00	0.000000e+00	
405	2.000022e-03	0.000000e+00	0.000000e+00	0.000000e+00	
406	2.000022e-03	0.000000e+00	0.000000e+00	0.000000e+00	
407	2.000022e-03	0.000000e+00	0.000000e+00	0.000000e+00	
408	2.000023e-03	0.000000e+00	0.000000e+00	0.000000e+00	
409	2.000023e-03	0.000000e+00	0.000000e+00	0.000000e+00	
410	2.000023e-03	0.000000e+00	0.000000e+00	0.000000e+00	
411	2.000023e-03	0.000000e+00	0.000000e+00	0.000000e+00	
412	2.000024e-03	0.000000e+00	0.000000e+00	0.000000e+00	
413	2.000024e-03	0.000000e+00	0.000000e+00	0.000000e+00	
414	2.000026e-03	0.000000e+00	0.000000e+00	0.000000e+00	
415	2.000028e-03	0.000000e+00	0.000000e+00	0.000000e+00	
416	2.000033e-03	0.000000e+00	0.000000e+00	0.000000e+00	
417	2.000044e-03	0.000000e+00	0.000000e+00	0.000000e+00	
418	2.000064e-03	0.000000e+00	0.000000e+00	0.000000e+00	
419	2.000105e-03	0.000000e+00	0.000000e+00	0.000000e+00	
420	2.000187e-03	0.000000e+00	0.000000e+00	0.000000e+00	
421	2.000351e-03	0.000000e+00	0.000000e+00	0.000000e+00	
422	2.000678e-03	0.000000e+00	0.000000e+00	0.000000e+00	
423	2.001334e-03	0.000000e+00	0.000000e+00	0.000000e+00	
424	2.002645e-03	0.000000e+00	0.000000e+00	0.000000e+00	
425	2.005266e-03	0.000000e+00	0.000000e+00	0.000000e+00	
426	2.010509e-03	0.000000e+00	0.000000e+00	0.000000e+00	
427	2.020995e-03	0.000000e+00	0.000000e+00	0.000000e+00	
428	2.041966e-03	0.000000e+00	0.000000e+00	0.000000e+00	
429	2.083909e-03	0.000000e+00	0.000000e+00	0.000000e+00	
430	2.167795e-03	0.000000e+00	0.000000e+00	0.000000e+00	
431	2.327795e-03	0.000000e+00	0.000000e+00	0.000000e+00	
432	2.487795e-03	0.000000e+00	0.000000e+00	0.000000e+00	
433	2.500010e-03	0.000000e+00	0.000000e+00	0.000000e+00	
434	2.500011e-03	0.000000e+00	0.000000e+00	0.000000e+00	
435	2.500013e-03	0.000000e+00	0.000000e+00	0.000000e+00	
436	2.500017e-03	0.000000e+00	0.000000e+00	0.000000e+00	
437	2.500019e-03	0.000000e+00	0.000000e+00	0.000000e+00	
438	2.500019e-03	0.000000e+00	0.000000e+00	0.000000e+00	
439	2.500019e-03	0.000000e+00	0.000000e+00	0.000000e+00	
440	2.500020e-03	0.000000e+00	0.000000e+00	0.000000e+00	
441	2.500020e-03	0.000000e+00	0.000000e+00	0.000000e+00	
442	2.500020e-03	0.000000e+00	0.000000e+00	0.000000e+00	
443	2.500020e-03	0.000000e+00	0.000000e+00	0.000000e+00	
444	2.500020e-03	0.000000e+00	0.000000e+00	0.000000e+00	
445	2.500020e-03	0.000000e+00	0.000000e+00	0.000000e+00	
446	2.500020e-03	0.000000e+00	0.000000e+00	0.000000e+00	
447	2.500020e-03	0.000000e+00	0.000000e+00	0.000000e+00	
448	2.500020e-03	0.000000e+00	0.000000e+00	0.000000e+00	
449	2.500020e-03	0.000000e+00	0.000000e+00	0.000000e+00	
450	2.500020e-03	0.000000e+00	0.000000e+00	0.000000e+00	
451	2.500021e-03	0.000000e+00	0.000000e+00	0.000000e+00	
452	2.500021e-03	0.000000e+00	0.000000e+00	0.000000e+00	
453	2.500021e-03	0.000000e+00	0.000000e+00	0.000000e+00	
454	2.500021e-03	0.000000e+00	0.000000e+00	0.000000e+00	
455	2.500021e-03	0.000000e+00	0.000000e+00	0.000000e+00	
456	2.500022e-03	0.000000e+00	0.000000e+00	0.000000e+00	
457	2.500022e-03	0.000000e+00	0.000000e+00	0.000000e+00	
458	2.500022e-03	0.000000e+00	0.000000e+00	0.000000e+00	
459	2.500022e-03	0.000000e+00	0.000000e+00	0.000000e+00	
460	2.500022e-03	0.000000e+00	0.000000e+00	0.000000e+00	

Index   time            v2#branch       v3#branch       v4#branch       
--------------------------------------------------------------------------------
461	2.500022e-03	0.000000e+00	0.000000e+00	0.000000e+00	
462	2.500022e-03	0.000000e+00	0.000000e+00	0.000000e+00	
463	2.500022e-03	0.000000e+00	0.000000e+00	0.000000e+00	
464	2.500023e-03	0.000000e+00	0.000000e+00	0.000000e+00	
465	2.500023e-03	0.000000e+00	0.000000e+00	0.000000e+00	
466	2.500023e-03	0.000000e+00	0.000000e+00	0.000000e+00	
467	2.500023e-03	0.000000e+00	0.000000e+00	0.000000e+00	
468	2.500023e-03	0.000000e+00	0.000000e+00	0.000000e+00	
469	2.500023e-03	0.000000e+00	0.000000e+00	0.000000e+00	
470	2.500023e-03	0.000000e+00	0.000000e+00	0.000000e+00	
471	2.500023e-03	0.000000e+00	0.000000e+00	0.000000e+00	
472	2.500023e-03	0.000000e+00	0.000000e+00	0.000000e+00	
473	2.500023e-03	0.000000e+00	0.000000e+00	0.000000e+00	
474	2.500023e-03	0.000000e+00	0.000000e+00	0.000000e+00	
475	2.500023e-03	0.000000e+00	0.000000e+00	0.000000e+00	
476	2.500023e-03	0.000000e+00	0.000000e+00	0.000000e+00	
477	2.500024e-03	0.000000e+00	0.000000e+00	0.000000e+00	
478	2.500024e-03	0.000000e+00	0.000000e+00	0.000000e+00	
479	2.500025e-03	0.000000e+00	0.000000e+00	0.000000e+00	
480	2.500025e-03	0.000000e+00	0.000000e+00	0.000000e+00	
481	2.500025e-03	0.000000e+00	0.000000e+00	0.000000e+00	
482	2.500026e-03	0.000000e+00	0.000000e+00	0.000000e+00	
483	2.500026e-03	0.000000e+00	0.000000e+00	0.000000e+00	
484	2.500026e-03	0.000000e+00	0.000000e+00	0.000000e+00	
485	2.500026e-03	0.000000e+00	0.000000e+00	0.000000e+00	
486	2.500026e-03	0.000000e+00	0.000000e+00	0.000000e+00	
487	2.500027e-03	0.000000e+00	0.000000e+00	0.000000e+00	
488	2.500028e-03	0.000000e+00	0.000000e+00	0.000000e+00	
489	2.500029e-03	0.000000e+00	0.000000e+00	0.000000e+00	
490	2.500029e-03	0.000000e+00	0.000000e+00	0.000000e+00	
491	2.500029e-03	0.000000e+00	0.000000e+00	0.000000e+00	
492	2.500029e-03	0.000000e+00	0.000000e+00	0.000000e+00	
493	2.500029e-03	0.000000e+00	0.000000e+00	0.000000e+00	
494	2.500029e-03	0.000000e+00	0.000000e+00	0.000000e+00	
495	2.500029e-03	0.000000e+00	0.000000e+00	0.000000e+00	
496	2.500029e-03	0.000000e+00	0.000000e+00	0.000000e+00	
497	2.500029e-03	0.000000e+00	0.000000e+00	0.000000e+00	
498	2.500029e-03	0.000000e+00	0.000000e+00	0.000000e+00	
499	2.500030e-03	0.000000e+00	0.000000e+00	0.000000e+00	
500	2.500030e-03	0.000000e+00	0.000000e+00	0.000000e+00	
501	2.500030e-03	0.000000e+00	0.000000e+00	0.000000e+00	
502	2.500030e-03	0.000000e+00	0.000000e+00	0.000000e+00	
503	2.500030e-03	0.000000e+00	0.000000e+00	0.000000e+00	
504	2.500031e-03	0.000000e+00	0.000000e+00	0.000000e+00	
505	2.500032e-03	0.000000e+00	0.000000e+00	0.000000e+00	
506	2.500033e-03	0.000000e+00	0.000000e+00	0.000000e+00	
507	2.500037e-03	0.000000e+00	0.000000e+00	0.000000e+00	
508	2.500043e-03	0.000000e+00	0.000000e+00	0.000000e+00	
509	2.500056e-03	0.000000e+00	0.000000e+00	0.000000e+00	
510	2.500082e-03	0.000000e+00	0.000000e+00	0.000000e+00	
511	2.500135e-03	0.000000e+00	0.000000e+00	0.000000e+00	
512	2.500240e-03	0.000000e+00	0.000000e+00	0.000000e+00	
513	2.500449e-03	0.000000e+00	0.000000e+00	0.000000e+00	
514	2.500869e-03	0.000000e+00	0.000000e+00	0.000000e+00	
515	2.501708e-03	0.000000e+00	0.000000e+00	0.000000e+00	
516	2.503385e-03	0.000000e+00	0.000000e+00	0.000000e+00	
517	2.506741e-03	0.000000e+00	0.000000e+00	0.000000e+00	
518	2.513452e-03	0.000000e+00	0.000000e+00	0.000000e+00	

Index   time            v2#branch       v3#branch       v4#branch       
--------------------------------------------------------------------------------
519	2.526873e-03	0.000000e+00	0.000000e+00	0.000000e+00	
520	2.553717e-03	0.000000e+00	0.000000e+00	0.000000e+00	
521	2.607404e-03	0.000000e+00	0.000000e+00	0.000000e+00	
522	2.714778e-03	0.000000e+00	0.000000e+00	0.000000e+00	
523	2.874778e-03	0.000000e+00	0.000000e+00	0.000000e+00	
524	3.000000e-03	0.000000e+00	0.000000e+00	0.000000e+00	
525	3.000001e-03	0.000000e+00	0.000000e+00	0.000000e+00	
526	3.000003e-03	0.000000e+00	0.000000e+00	0.000000e+00	
527	3.000005e-03	0.000000e+00	0.000000e+00	0.000000e+00	
528	3.000005e-03	0.000000e+00	0.000000e+00	0.000000e+00	
529	3.000005e-03	0.000000e+00	0.000000e+00	0.000000e+00	
530	3.000005e-03	0.000000e+00	0.000000e+00	0.000000e+00	
531	3.000005e-03	0.000000e+00	0.000000e+00	0.000000e+00	
532	3.000005e-03	0.000000e+00	0.000000e+00	0.000000e+00	
533	3.000005e-03	0.000000e+00	0.000000e+00	0.000000e+00	
534	3.000005e-03	0.000000e+00	0.000000e+00	0.000000e+00	
535	3.000005e-03	0.000000e+00	0.000000e+00	0.000000e+00	
536	3.000005e-03	0.000000e+00	0.000000e+00	0.000000e+00	
537	3.000006e-03	0.000000e+00	0.000000e+00	0.000000e+00	
538	3.000006e-03	0.000000e+00	0.000000e+00	0.000000e+00	
539	3.000007e-03	0.000000e+00	0.000000e+00	0.000000e+00	
540	3.000007e-03	0.000000e+00	0.000000e+00	0.000000e+00	
541	3.000007e-03	0.000000e+00	0.000000e+00	0.000000e+00	
542	3.000007e-03	0.000000e+00	0.000000e+00	0.000000e+00	
543	3.000007e-03	0.000000e+00	0.000000e+00	0.000000e+00	
544	3.000007e-03	0.000000e+00	0.000000e+00	0.000000e+00	
545	3.000007e-03	0.000000e+00	0.000000e+00	0.000000e+00	
546	3.000007e-03	0.000000e+00	0.000000e+00	0.000000e+00	
547	3.000007e-03	0.000000e+00	0.000000e+00	0.000000e+00	
548	3.000007e-03	0.000000e+00	0.000000e+00	0.000000e+00	
549	3.000008e-03	0.000000e+00	0.000000e+00	0.000000e+00	
550	3.000008e-03	0.000000e+00	0.000000e+00	0.000000e+00	
551	3.000008e-03	0.000000e+00	0.000000e+00	0.000000e+00	
552	3.000008e-03	0.000000e+00	0.000000e+00	0.000000e+00	
553	3.000008e-03	0.000000e+00	0.000000e+00	0.000000e+00	
554	3.000009e-03	0.000000e+00	0.000000e+00	0.000000e+00	
555	3.000009e-03	0.000000e+00	0.000000e+00	0.000000e+00	
556	3.000009e-03	0.000000e+00	0.000000e+00	0.000000e+00	
557	3.000009e-03	0.000000e+00	0.000000e+00	0.000000e+00	
558	3.000009e-03	0.000000e+00	0.000000e+00	0.000000e+00	
559	3.000009e-03	0.000000e+00	0.000000e+00	0.000000e+00	
560	3.000009e-03	0.000000e+00	0.000000e+00	0.000000e+00	
561	3.000009e-03	0.000000e+00	0.000000e+00	0.000000e+00	
562	3.000010e-03	0.000000e+00	0.000000e+00	0.000000e+00	
563	3.000010e-03	0.000000e+00	0.000000e+00	0.000000e+00	
564	3.000010e-03	0.000000e+00	0.000000e+00	0.000000e+00	
565	3.000010e-03	0.000000e+00	0.000000e+00	0.000000e+00	
566	3.000010e-03	0.000000e+00	0.000000e+00	0.000000e+00	
567	3.000010e-03	0.000000e+00	0.000000e+00	0.000000e+00	
568	3.000010e-03	0.000000e+00	0.000000e+00	0.000000e+00	
569	3.000010e-03	0.000000e+00	0.000000e+00	0.000000e+00	
570	3.000010e-03	0.000000e+00	0.000000e+00	0.000000e+00	
571	3.000010e-03	0.000000e+00	0.000000e+00	0.000000e+00	
572	3.000010e-03	0.000000e+00	0.000000e+00	0.000000e+00	
573	3.000011e-03	0.000000e+00	0.000000e+00	0.000000e+00	
574	3.000011e-03	0.000000e+00	0.000000e+00	0.000000e+00	
575	3.000012e-03	0.000000e+00	0.000000e+00	0.000000e+00	
576	3.000014e-03	0.000000e+00	0.000000e+00	0.000000e+00	

Index   time            v2#branch       v3#branch       v4#branch       
--------------------------------------------------------------------------------
577	3.000018e-03	0.000000e+00	0.000000e+00	0.000000e+00	
578	3.000020e-03	0.000000e+00	0.000000e+00	0.000000e+00	
579	3.000021e-03	0.000000e+00	0.000000e+00	0.000000e+00	
580	3.000022e-03	0.000000e+00	0.000000e+00	0.000000e+00	
581	3.000022e-03	0.000000e+00	0.000000e+00	0.000000e+00	
582	3.000022e-03	0.000000e+00	0.000000e+00	0.000000e+00	
583	3.000023e-03	0.000000e+00	0.000000e+00	0.000000e+00	
584	3.000023e-03	0.000000e+00	0.000000e+00	0.000000e+00	
585	3.000023e-03	0.000000e+00	0.000000e+00	0.000000e+00	
586	3.000023e-03	0.000000e+00	0.000000e+00	0.000000e+00	
587	3.000024e-03	0.000000e+00	0.000000e+00	0.000000e+00	
588	3.000024e-03	0.000000e+00	0.000000e+00	0.000000e+00	
589	3.000026e-03	0.000000e+00	0.000000e+00	0.000000e+00	
590	3.000028e-03	0.000000e+00	0.000000e+00	0.000000e+00	
591	3.000033e-03	0.000000e+00	0.000000e+00	0.000000e+00	
592	3.000044e-03	0.000000e+00	0.000000e+00	0.000000e+00	
593	3.000064e-03	0.000000e+00	0.000000e+00	0.000000e+00	
594	3.000105e-03	0.000000e+00	0.000000e+00	0.000000e+00	
595	3.000187e-03	0.000000e+00	0.000000e+00	0.000000e+00	
596	3.000351e-03	0.000000e+00	0.000000e+00	0.000000e+00	
597	3.000678e-03	0.000000e+00	0.000000e+00	0.000000e+00	
598	3.001334e-03	0.000000e+00	0.000000e+00	0.000000e+00	
599	3.002645e-03	0.000000e+00	0.000000e+00	0.000000e+00	
600	3.005266e-03	0.000000e+00	0.000000e+00	0.000000e+00	
601	3.010509e-03	0.000000e+00	0.000000e+00	0.000000e+00	
602	3.020995e-03	0.000000e+00	0.000000e+00	0.000000e+00	
603	3.041966e-03	0.000000e+00	0.000000e+00	0.000000e+00	
604	3.083909e-03	0.000000e+00	0.000000e+00	0.000000e+00	
605	3.167795e-03	0.000000e+00	0.000000e+00	0.000000e+00	
606	3.327795e-03	0.000000e+00	0.000000e+00	0.000000e+00	
607	3.487795e-03	0.000000e+00	0.000000e+00	0.000000e+00	
608	3.500010e-03	0.000000e+00	0.000000e+00	0.000000e+00	
609	3.500011e-03	0.000000e+00	0.000000e+00	0.000000e+00	
610	3.500013e-03	0.000000e+00	0.000000e+00	0.000000e+00	
611	3.500017e-03	0.000000e+00	0.000000e+00	0.000000e+00	
612	3.500019e-03	0.000000e+00	0.000000e+00	0.000000e+00	
613	3.500019e-03	0.000000e+00	0.000000e+00	0.000000e+00	
614	3.500019e-03	0.000000e+00	0.000000e+00	0.000000e+00	
615	3.500020e-03	0.000000e+00	0.000000e+00	0.000000e+00	
616	3.500020e-03	0.000000e+00	0.000000e+00	0.000000e+00	
617	3.500020e-03	0.000000e+00	0.000000e+00	0.000000e+00	
618	3.500020e-03	0.000000e+00	0.000000e+00	0.000000e+00	
619	3.500020e-03	0.000000e+00	0.000000e+00	0.000000e+00	
620	3.500020e-03	0.000000e+00	0.000000e+00	0.000000e+00	
621	3.500020e-03	0.000000e+00	0.000000e+00	0.000000e+00	
622	3.500020e-03	0.000000e+00	0.000000e+00	0.000000e+00	
623	3.500020e-03	0.000000e+00	0.000000e+00	0.000000e+00	
624	3.500020e-03	0.000000e+00	0.000000e+00	0.000000e+00	
625	3.500020e-03	0.000000e+00	0.000000e+00	0.000000e+00	
626	3.500021e-03	0.000000e+00	0.000000e+00	0.000000e+00	
627	3.500021e-03	0.000000e+00	0.000000e+00	0.000000e+00	
628	3.500021e-03	0.000000e+00	0.000000e+00	0.000000e+00	
629	3.500021e-03	0.000000e+00	0.000000e+00	0.000000e+00	
630	3.500021e-03	0.000000e+00	0.000000e+00	0.000000e+00	
631	3.500022e-03	0.000000e+00	0.000000e+00	0.000000e+00	
632	3.500022e-03	0.000000e+00	0.000000e+00	0.000000e+00	
633	3.500022e-03	0.000000e+00	0.000000e+00	0.000000e+00	
634	3.500022e-03	0.000000e+00	0.000000e+00	0.000000e+00	

Index   time            v2#branch       v3#branch       v4#branch       
--------------------------------------------------------------------------------
635	3.500022e-03	0.000000e+00	0.000000e+00	0.000000e+00	
636	3.500022e-03	0.000000e+00	0.000000e+00	0.000000e+00	
637	3.500022e-03	0.000000e+00	0.000000e+00	0.000000e+00	
638	3.500022e-03	0.000000e+00	0.000000e+00	0.000000e+00	
639	3.500023e-03	0.000000e+00	0.000000e+00	0.000000e+00	
640	3.500023e-03	0.000000e+00	0.000000e+00	0.000000e+00	
641	3.500023e-03	0.000000e+00	0.000000e+00	0.000000e+00	
642	3.500023e-03	0.000000e+00	0.000000e+00	0.000000e+00	
643	3.500023e-03	0.000000e+00	0.000000e+00	0.000000e+00	
644	3.500023e-03	0.000000e+00	0.000000e+00	0.000000e+00	
645	3.500023e-03	0.000000e+00	0.000000e+00	0.000000e+00	
646	3.500023e-03	0.000000e+00	0.000000e+00	0.000000e+00	
647	3.500023e-03	0.000000e+00	0.000000e+00	0.000000e+00	
648	3.500023e-03	0.000000e+00	0.000000e+00	0.000000e+00	
649	3.500023e-03	0.000000e+00	0.000000e+00	0.000000e+00	
650	3.500023e-03	0.000000e+00	0.000000e+00	0.000000e+00	
651	3.500023e-03	0.000000e+00	0.000000e+00	0.000000e+00	
652	3.500024e-03	0.000000e+00	0.000000e+00	0.000000e+00	
653	3.500024e-03	0.000000e+00	0.000000e+00	0.000000e+00	
654	3.500025e-03	0.000000e+00	0.000000e+00	0.000000e+00	
655	3.500025e-03	0.000000e+00	0.000000e+00	0.000000e+00	
656	3.500025e-03	0.000000e+00	0.000000e+00	0.000000e+00	
657	3.500026e-03	0.000000e+00	0.000000e+00	0.000000e+00	
658	3.500026e-03	0.000000e+00	0.000000e+00	0.000000e+00	
659	3.500026e-03	0.000000e+00	0.000000e+00	0.000000e+00	
660	3.500026e-03	0.000000e+00	0.000000e+00	0.000000e+00	
661	3.500026e-03	0.000000e+00	0.000000e+00	0.000000e+00	
662	3.500027e-03	0.000000e+00	0.000000e+00	0.000000e+00	
663	3.500028e-03	0.000000e+00	0.000000e+00	0.000000e+00	
664	3.500029e-03	0.000000e+00	0.000000e+00	0.000000e+00	
665	3.500029e-03	0.000000e+00	0.000000e+00	0.000000e+00	
666	3.500029e-03	0.000000e+00	0.000000e+00	0.000000e+00	
667	3.500029e-03	0.000000e+00	0.000000e+00	0.000000e+00	
668	3.500029e-03	0.000000e+00	0.000000e+00	0.000000e+00	
669	3.500029e-03	0.000000e+00	0.000000e+00	0.000000e+00	
670	3.500029e-03	0.000000e+00	0.000000e+00	0.000000e+00	
671	3.500029e-03	0.000000e+00	0.000000e+00	0.000000e+00	
672	3.500029e-03	0.000000e+00	0.000000e+00	0.000000e+00	
673	3.500029e-03	0.000000e+00	0.000000e+00	0.000000e+00	
674	3.500030e-03	0.000000e+00	0.000000e+00	0.000000e+00	
675	3.500030e-03	0.000000e+00	0.000000e+00	0.000000e+00	
676	3.500030e-03	0.000000e+00	0.000000e+00	0.000000e+00	
677	3.500030e-03	0.000000e+00	0.000000e+00	0.000000e+00	
678	3.500030e-03	0.000000e+00	0.000000e+00	0.000000e+00	
679	3.500031e-03	0.000000e+00	0.000000e+00	0.000000e+00	
680	3.500032e-03	0.000000e+00	0.000000e+00	0.000000e+00	
681	3.500033e-03	0.000000e+00	0.000000e+00	0.000000e+00	
682	3.500037e-03	0.000000e+00	0.000000e+00	0.000000e+00	
683	3.500043e-03	0.000000e+00	0.000000e+00	0.000000e+00	
684	3.500056e-03	0.000000e+00	0.000000e+00	0.000000e+00	
685	3.500082e-03	0.000000e+00	0.000000e+00	0.000000e+00	
686	3.500135e-03	0.000000e+00	0.000000e+00	0.000000e+00	
687	3.500240e-03	0.000000e+00	0.000000e+00	0.000000e+00	
688	3.500449e-03	0.000000e+00	0.000000e+00	0.000000e+00	
689	3.500869e-03	0.000000e+00	0.000000e+00	0.000000e+00	
690	3.501708e-03	0.000000e+00	0.000000e+00	0.000000e+00	
691	3.503385e-03	0.000000e+00	0.000000e+00	0.000000e+00	
692	3.506741e-03	0.000000e+00	0.000000e+00	0.000000e+00	

Index   time            v2#branch       v3#branch       v4#branch       
--------------------------------------------------------------------------------
693	3.513452e-03	0.000000e+00	0.000000e+00	0.000000e+00	
694	3.526873e-03	0.000000e+00	0.000000e+00	0.000000e+00	
695	3.553717e-03	0.000000e+00	0.000000e+00	0.000000e+00	
696	3.607404e-03	0.000000e+00	0.000000e+00	0.000000e+00	
697	3.714778e-03	0.000000e+00	0.000000e+00	0.000000e+00	
698	3.874778e-03	0.000000e+00	0.000000e+00	0.000000e+00	
699	4.000000e-03	0.000000e+00	0.000000e+00	0.000000e+00	
700	4.000001e-03	0.000000e+00	0.000000e+00	0.000000e+00	
701	4.000003e-03	0.000000e+00	0.000000e+00	0.000000e+00	
702	4.000005e-03	0.000000e+00	0.000000e+00	0.000000e+00	
703	4.000005e-03	0.000000e+00	0.000000e+00	0.000000e+00	
704	4.000005e-03	0.000000e+00	0.000000e+00	0.000000e+00	
705	4.000005e-03	0.000000e+00	0.000000e+00	0.000000e+00	
706	4.000005e-03	0.000000e+00	0.000000e+00	0.000000e+00	
707	4.000005e-03	0.000000e+00	0.000000e+00	0.000000e+00	
708	4.000005e-03	0.000000e+00	0.000000e+00	0.000000e+00	
709	4.000005e-03	0.000000e+00	0.000000e+00	0.000000e+00	
710	4.000005e-03	0.000000e+00	0.000000e+00	0.000000e+00	
711	4.000005e-03	0.000000e+00	0.000000e+00	0.000000e+00	
712	4.000006e-03	0.000000e+00	0.000000e+00	0.000000e+00	
713	4.000006e-03	0.000000e+00	0.000000e+00	0.000000e+00	
714	4.000006e-03	0.000000e+00	0.000000e+00	0.000000e+00	
715	4.000006e-03	0.000000e+00	0.000000e+00	0.000000e+00	
716	4.000006e-03	0.000000e+00	0.000000e+00	0.000000e+00	
717	4.000006e-03	0.000000e+00	0.000000e+00	0.000000e+00	
718	4.000006e-03	0.000000e+00	0.000000e+00	0.000000e+00	
719	4.000006e-03	0.000000e+00	0.000000e+00	0.000000e+00	
720	4.000006e-03	0.000000e+00	0.000000e+00	0.000000e+00	
721	4.000006e-03	0.000000e+00	0.000000e+00	0.000000e+00	
722	4.000006e-03	0.000000e+00	0.000000e+00	0.000000e+00	
723	4.000007e-03	0.000000e+00	0.000000e+00	0.000000e+00	
724	4.000007e-03	0.000000e+00	0.000000e+00	0.000000e+00	
725	4.000007e-03	0.000000e+00	0.000000e+00	0.000000e+00	
726	4.000007e-03	0.000000e+00	0.000000e+00	0.000000e+00	
727	4.000007e-03	0.000000e+00	0.000000e+00	0.000000e+00	
728	4.000007e-03	0.000000e+00	0.000000e+00	0.000000e+00	
729	4.000007e-03	0.000000e+00	0.000000e+00	0.000000e+00	
730	4.000007e-03	0.000000e+00	0.000000e+00	0.000000e+00	
731	4.000007e-03	0.000000e+00	0.000000e+00	0.000000e+00	
732	4.000007e-03	0.000000e+00	0.000000e+00	0.000000e+00	
733	4.000007e-03	0.000000e+00	0.000000e+00	0.000000e+00	
734	4.000008e-03	0.000000e+00	0.000000e+00	0.000000e+00	
735	4.000008e-03	0.000000e+00	0.000000e+00	0.000000e+00	
736	4.000008e-03	0.000000e+00	0.000000e+00	0.000000e+00	
737	4.000008e-03	0.000000e+00	0.000000e+00	0.000000e+00	
738	4.000008e-03	0.000000e+00	0.000000e+00	0.000000e+00	
739	4.000009e-03	0.000000e+00	0.000000e+00	0.000000e+00	
740	4.000009e-03	0.000000e+00	0.000000e+00	0.000000e+00	
741	4.000009e-03	0.000000e+00	0.000000e+00	0.000000e+00	
742	4.000009e-03	0.000000e+00	0.000000e+00	0.000000e+00	
743	4.000009e-03	0.000000e+00	0.000000e+00	0.000000e+00	
744	4.000009e-03	0.000000e+00	0.000000e+00	0.000000e+00	
745	4.000009e-03	0.000000e+00	0.000000e+00	0.000000e+00	
746	4.000009e-03	0.000000e+00	0.000000e+00	0.000000e+00	
747	4.000010e-03	0.000000e+00	0.000000e+00	0.000000e+00	
748	4.000010e-03	0.000000e+00	0.000000e+00	0.000000e+00	
749	4.000010e-03	0.000000e+00	0.000000e+00	0.000000e+00	
750	4.000010e-03	0.000000e+00	0.000000e+00	0.000000e+00	

Index   time            v2#branch       v3#branch       v4#branch       
--------------------------------------------------------------------------------
751	4.000010e-03	0.000000e+00	0.000000e+00	0.000000e+00	
752	4.000010e-03	0.000000e+00	0.000000e+00	0.000000e+00	
753	4.000010e-03	0.000000e+00	0.000000e+00	0.000000e+00	
754	4.000010e-03	0.000000e+00	0.000000e+00	0.000000e+00	
755	4.000010e-03	0.000000e+00	0.000000e+00	0.000000e+00	
756	4.000010e-03	0.000000e+00	0.000000e+00	0.000000e+00	
757	4.000010e-03	0.000000e+00	0.000000e+00	0.000000e+00	
758	4.000011e-03	0.000000e+00	0.000000e+00	0.000000e+00	
759	4.000011e-03	0.000000e+00	0.000000e+00	0.000000e+00	
760	4.000012e-03	0.000000e+00	0.000000e+00	0.000000e+00	
761	4.000014e-03	0.000000e+00	0.000000e+00	0.000000e+00	
762	4.000018e-03	0.000000e+00	0.000000e+00	0.000000e+00	
763	4.000020e-03	0.000000e+00	0.000000e+00	0.000000e+00	
764	4.000021e-03	0.000000e+00	0.000000e+00	0.000000e+00	
765	4.000021e-03	0.000000e+00	0.000000e+00	0.000000e+00	
766	4.000021e-03	0.000000e+00	0.000000e+00	0.000000e+00	
767	4.000021e-03	0.000000e+00	0.000000e+00	0.000000e+00	
768	4.000022e-03	0.000000e+00	0.000000e+00	0.000000e+00	
769	4.000022e-03	0.000000e+00	0.000000e+00	0.000000e+00	
770	4.000022e-03	0.000000e+00	0.000000e+00	0.000000e+00	
771	4.000022e-03	0.000000e+00	0.000000e+00	0.000000e+00	
772	4.000023e-03	0.000000e+00	0.000000e+00	0.000000e+00	
773	4.000023e-03	0.000000e+00	0.000000e+00	0.000000e+00	
774	4.000025e-03	0.000000e+00	0.000000e+00	0.000000e+00	
775	4.000027e-03	0.000000e+00	0.000000e+00	0.000000e+00	
776	4.000032e-03	0.000000e+00	0.000000e+00	0.000000e+00	
777	4.000043e-03	0.000000e+00	0.000000e+00	0.000000e+00	
778	4.000063e-03	0.000000e+00	0.000000e+00	0.000000e+00	
779	4.000104e-03	0.000000e+00	0.000000e+00	0.000000e+00	
780	4.000186e-03	0.000000e+00	0.000000e+00	0.000000e+00	
781	4.000350e-03	0.000000e+00	0.000000e+00	0.000000e+00	
782	4.000677e-03	0.000000e+00	0.000000e+00	0.000000e+00	
783	4.001333e-03	0.000000e+00	0.000000e+00	0.000000e+00	
784	4.002644e-03	0.000000e+00	0.000000e+00	0.000000e+00	
785	4.005265e-03	0.000000e+00	0.000000e+00	0.000000e+00	
786	4.010508e-03	0.000000e+00	0.000000e+00	0.000000e+00	
787	4.020994e-03	0.000000e+00	0.000000e+00	0.000000e+00	
788	4.041965e-03	0.000000e+00	0.000000e+00	0.000000e+00	
789	4.083908e-03	0.000000e+00	0.000000e+00	0.000000e+00	
790	4.167794e-03	0.000000e+00	0.000000e+00	0.000000e+00	
791	4.327794e-03	0.000000e+00	0.000000e+00	0.000000e+00	
792	4.487794e-03	0.000000e+00	0.000000e+00	0.000000e+00	
793	4.500010e-03	0.000000e+00	0.000000e+00	0.000000e+00	
794	4.500011e-03	0.000000e+00	0.000000e+00	0.000000e+00	
795	4.500013e-03	0.000000e+00	0.000000e+00	0.000000e+00	
796	4.500017e-03	0.000000e+00	0.000000e+00	0.000000e+00	
797	4.500019e-03	0.000000e+00	0.000000e+00	0.000000e+00	
798	4.500019e-03	0.000000e+00	0.000000e+00	0.000000e+00	
799	4.500019e-03	0.000000e+00	0.000000e+00	0.000000e+00	
800	4.500020e-03	0.000000e+00	0.000000e+00	0.000000e+00	
801	4.500020e-03	0.000000e+00	0.000000e+00	0.000000e+00	
802	4.500020e-03	0.000000e+00	0.000000e+00	0.000000e+00	
803	4.500020e-03	0.000000e+00	0.000000e+00	0.000000e+00	
804	4.500020e-03	0.000000e+00	0.000000e+00	0.000000e+00	
805	4.500020e-03	0.000000e+00	0.000000e+00	0.000000e+00	
806	4.500020e-03	0.000000e+00	0.000000e+00	0.000000e+00	
807	4.500020e-03	0.000000e+00	0.000000e+00	0.000000e+00	
808	4.500020e-03	0.000000e+00	0.000000e+00	0.000000e+00	

Index   time            v2#branch       v3#branch       v4#branch       
--------------------------------------------------------------------------------
809	4.500020e-03	0.000000e+00	0.000000e+00	0.000000e+00	
810	4.500020e-03	0.000000e+00	0.000000e+00	0.000000e+00	
811	4.500021e-03	0.000000e+00	0.000000e+00	0.000000e+00	
812	4.500021e-03	0.000000e+00	0.000000e+00	0.000000e+00	
813	4.500021e-03	0.000000e+00	0.000000e+00	0.000000e+00	
814	4.500021e-03	0.000000e+00	0.000000e+00	0.000000e+00	
815	4.500021e-03	0.000000e+00	0.000000e+00	0.000000e+00	
816	4.500022e-03	0.000000e+00	0.000000e+00	0.000000e+00	
817	4.500022e-03	0.000000e+00	0.000000e+00	0.000000e+00	
818	4.500022e-03	0.000000e+00	0.000000e+00	0.000000e+00	
819	4.500022e-03	0.000000e+00	0.000000e+00	0.000000e+00	
820	4.500022e-03	0.000000e+00	0.000000e+00	0.000000e+00	
821	4.500022e-03	0.000000e+00	0.000000e+00	0.000000e+00	
822	4.500022e-03	0.000000e+00	0.000000e+00	0.000000e+00	
823	4.500022e-03	0.000000e+00	0.000000e+00	0.000000e+00	
824	4.500023e-03	0.000000e+00	0.000000e+00	0.000000e+00	
825	4.500023e-03	0.000000e+00	0.000000e+00	0.000000e+00	
826	4.500023e-03	0.000000e+00	0.000000e+00	0.000000e+00	
827	4.500023e-03	0.000000e+00	0.000000e+00	0.000000e+00	
828	4.500023e-03	0.000000e+00	0.000000e+00	0.000000e+00	
829	4.500023e-03	0.000000e+00	0.000000e+00	0.000000e+00	
830	4.500023e-03	0.000000e+00	0.000000e+00	0.000000e+00	
831	4.500023e-03	0.000000e+00	0.000000e+00	0.000000e+00	
832	4.500023e-03	0.000000e+00	0.000000e+00	0.000000e+00	
833	4.500023e-03	0.000000e+00	0.000000e+00	0.000000e+00	
834	4.500023e-03	0.000000e+00	0.000000e+00	0.000000e+00	
835	4.500023e-03	0.000000e+00	0.000000e+00	0.000000e+00	
836	4.500023e-03	0.000000e+00	0.000000e+00	0.000000e+00	
837	4.500024e-03	0.000000e+00	0.000000e+00	0.000000e+00	
838	4.500024e-03	0.000000e+00	0.000000e+00	0.000000e+00	
839	4.500025e-03	0.000000e+00	0.000000e+00	0.000000e+00	
840	4.500025e-03	0.000000e+00	0.000000e+00	0.000000e+00	
841	4.500025e-03	0.000000e+00	0.000000e+00	0.000000e+00	
842	4.500026e-03	0.000000e+00	0.000000e+00	0.000000e+00	
843	4.500026e-03	0.000000e+00	0.000000e+00	0.000000e+00	
844	4.500026e-03	0.000000e+00	0.000000e+00	0.000000e+00	
845	4.500026e-03	0.000000e+00	0.000000e+00	0.000000e+00	
846	4.500026e-03	0.000000e+00	0.000000e+00	0.000000e+00	
847	4.500027e-03	0.000000e+00	0.000000e+00	0.000000e+00	
848	4.500028e-03	0.000000e+00	0.000000e+00	0.000000e+00	
849	4.500029e-03	0.000000e+00	0.000000e+00	0.000000e+00	
850	4.500029e-03	0.000000e+00	0.000000e+00	0.000000e+00	
851	4.500029e-03	0.000000e+00	0.000000e+00	0.000000e+00	
852	4.500029e-03	0.000000e+00	0.000000e+00	0.000000e+00	
853	4.500029e-03	0.000000e+00	0.000000e+00	0.000000e+00	
854	4.500029e-03	0.000000e+00	0.000000e+00	0.000000e+00	
855	4.500029e-03	0.000000e+00	0.000000e+00	0.000000e+00	
856	4.500029e-03	0.000000e+00	0.000000e+00	0.000000e+00	
857	4.500029e-03	0.000000e+00	0.000000e+00	0.000000e+00	
858	4.500029e-03	0.000000e+00	0.000000e+00	0.000000e+00	
859	4.500030e-03	0.000000e+00	0.000000e+00	0.000000e+00	
860	4.500030e-03	0.000000e+00	0.000000e+00	0.000000e+00	
861	4.500030e-03	0.000000e+00	0.000000e+00	0.000000e+00	
862	4.500030e-03	0.000000e+00	0.000000e+00	0.000000e+00	
863	4.500030e-03	0.000000e+00	0.000000e+00	0.000000e+00	
864	4.500031e-03	0.000000e+00	0.000000e+00	0.000000e+00	
865	4.500032e-03	0.000000e+00	0.000000e+00	0.000000e+00	
866	4.500033e-03	0.000000e+00	0.000000e+00	0.000000e+00	

Index   time            v2#branch       v3#branch       v4#branch       
--------------------------------------------------------------------------------
867	4.500037e-03	0.000000e+00	0.000000e+00	0.000000e+00	
868	4.500043e-03	0.000000e+00	0.000000e+00	0.000000e+00	
869	4.500056e-03	0.000000e+00	0.000000e+00	0.000000e+00	
870	4.500082e-03	0.000000e+00	0.000000e+00	0.000000e+00	
871	4.500135e-03	0.000000e+00	0.000000e+00	0.000000e+00	
872	4.500240e-03	0.000000e+00	0.000000e+00	0.000000e+00	
873	4.500449e-03	0.000000e+00	0.000000e+00	0.000000e+00	
874	4.500869e-03	0.000000e+00	0.000000e+00	0.000000e+00	
875	4.501708e-03	0.000000e+00	0.000000e+00	0.000000e+00	
876	4.503385e-03	0.000000e+00	0.000000e+00	0.000000e+00	
877	4.506741e-03	0.000000e+00	0.000000e+00	0.000000e+00	
878	4.513452e-03	0.000000e+00	0.000000e+00	0.000000e+00	
879	4.526873e-03	0.000000e+00	0.000000e+00	0.000000e+00	
880	4.553717e-03	0.000000e+00	0.000000e+00	0.000000e+00	
881	4.607404e-03	0.000000e+00	0.000000e+00	0.000000e+00	
882	4.714778e-03	0.000000e+00	0.000000e+00	0.000000e+00	
883	4.874778e-03	0.000000e+00	0.000000e+00	0.000000e+00	
884	5.000000e-03	0.000000e+00	0.000000e+00	0.000000e+00	
885	5.000001e-03	0.000000e+00	0.000000e+00	0.000000e+00	
886	5.000003e-03	0.000000e+00	0.000000e+00	0.000000e+00	
887	5.000005e-03	0.000000e+00	0.000000e+00	0.000000e+00	
888	5.000005e-03	0.000000e+00	0.000000e+00	0.000000e+00	
889	5.000005e-03	0.000000e+00	0.000000e+00	0.000000e+00	
890	5.000005e-03	0.000000e+00	0.000000e+00	0.000000e+00	
891	5.000005e-03	0.000000e+00	0.000000e+00	0.000000e+00	
892	5.000005e-03	0.000000e+00	0.000000e+00	0.000000e+00	
893	5.000005e-03	0.000000e+00	0.000000e+00	0.000000e+00	
894	5.000005e-03	0.000000e+00	0.000000e+00	0.000000e+00	
895	5.000005e-03	0.000000e+00	0.000000e+00	0.000000e+00	
896	5.000005e-03	0.000000e+00	0.000000e+00	0.000000e+00	
897	5.000006e-03	0.000000e+00	0.000000e+00	0.000000e+00	
898	5.000006e-03	0.000000e+00	0.000000e+00	0.000000e+00	
899	5.000007e-03	0.000000e+00	0.000000e+00	0.000000e+00	
900	5.000007e-03	0.000000e+00	0.000000e+00	0.000000e+00	
901	5.000007e-03	0.000000e+00	0.000000e+00	0.000000e+00	
902	5.000007e-03	0.000000e+00	0.000000e+00	0.000000e+00	
903	5.000007e-03	0.000000e+00	0.000000e+00	0.000000e+00	
904	5.000007e-03	0.000000e+00	0.000000e+00	0.000000e+00	
905	5.000007e-03	0.000000e+00	0.000000e+00	0.000000e+00	
906	5.000007e-03	0.000000e+00	0.000000e+00	0.000000e+00	
907	5.000007e-03	0.000000e+00	0.000000e+00	0.000000e+00	
908	5.000007e-03	0.000000e+00	0.000000e+00	0.000000e+00	
909	5.000008e-03	0.000000e+00	0.000000e+00	0.000000e+00	
910	5.000008e-03	0.000000e+00	0.000000e+00	0.000000e+00	
911	5.000008e-03	0.000000e+00	0.000000e+00	0.000000e+00	
912	5.000008e-03	0.000000e+00	0.000000e+00	0.000000e+00	
913	5.000008e-03	0.000000e+00	0.000000e+00	0.000000e+00	
914	5.000009e-03	0.000000e+00	0.000000e+00	0.000000e+00	
915	5.000009e-03	0.000000e+00	0.000000e+00	0.000000e+00	
916	5.000009e-03	0.000000e+00	0.000000e+00	0.000000e+00	
917	5.000009e-03	0.000000e+00	0.000000e+00	0.000000e+00	
918	5.000009e-03	0.000000e+00	0.000000e+00	0.000000e+00	
919	5.000009e-03	0.000000e+00	0.000000e+00	0.000000e+00	
920	5.000009e-03	0.000000e+00	0.000000e+00	0.000000e+00	
921	5.000009e-03	0.000000e+00	0.000000e+00	0.000000e+00	
922	5.000010e-03	0.000000e+00	0.000000e+00	0.000000e+00	
923	5.000010e-03	0.000000e+00	0.000000e+00	0.000000e+00	
924	5.000010e-03	0.000000e+00	0.000000e+00	0.000000e+00	

Index   time            v2#branch       v3#branch       v4#branch       
--------------------------------------------------------------------------------
925	5.000010e-03	0.000000e+00	0.000000e+00	0.000000e+00	
926	5.000010e-03	0.000000e+00	0.000000e+00	0.000000e+00	
927	5.000010e-03	0.000000e+00	0.000000e+00	0.000000e+00	
928	5.000010e-03	0.000000e+00	0.000000e+00	0.000000e+00	
929	5.000010e-03	0.000000e+00	0.000000e+00	0.000000e+00	
930	5.000010e-03	0.000000e+00	0.000000e+00	0.000000e+00	
931	5.000010e-03	0.000000e+00	0.000000e+00	0.000000e+00	
932	5.000010e-03	0.000000e+00	0.000000e+00	0.000000e+00	
933	5.000011e-03	0.000000e+00	0.000000e+00	0.000000e+00	
934	5.000011e-03	0.000000e+00	0.000000e+00	0.000000e+00	
935	5.000012e-03	0.000000e+00	0.000000e+00	0.000000e+00	
936	5.000014e-03	0.000000e+00	0.000000e+00	0.000000e+00	
937	5.000018e-03	0.000000e+00	0.000000e+00	0.000000e+00	
938	5.000020e-03	0.000000e+00	0.000000e+00	0.000000e+00	
939	5.000021e-03	0.000000e+00	0.000000e+00	0.000000e+00	
940	5.000022e-03	0.000000e+00	0.000000e+00	0.000000e+00	
941	5.000022e-03	0.000000e+00	0.000000e+00	0.000000e+00	
942	5.000022e-03	0.000000e+00	0.000000e+00	0.000000e+00	
943	5.000023e-03	0.000000e+00	0.000000e+00	0.000000e+00	
944	5.000023e-03	0.000000e+00	0.000000e+00	0.000000e+00	
945	5.000023e-03	0.000000e+00	0.000000e+00	0.000000e+00	
946	5.000023e-03	0.000000e+00	0.000000e+00	0.000000e+00	
947	5.000024e-03	0.000000e+00	0.000000e+00	0.000000e+00	
948	5.000024e-03	0.000000e+00	0.000000e+00	0.000000e+00	
949	5.000026e-03	0.000000e+00	0.000000e+00	0.000000e+00	
950	5.000028e-03	0.000000e+00	0.000000e+00	0.000000e+00	
951	5.000033e-03	0.000000e+00	0.000000e+00	0.000000e+00	
952	5.000044e-03	0.000000e+00	0.000000e+00	0.000000e+00	
953	5.000064e-03	0.000000e+00	0.000000e+00	0.000000e+00	
954	5.000105e-03	0.000000e+00	0.000000e+00	0.000000e+00	
955	5.000187e-03	0.000000e+00	0.000000e+00	0.000000e+00	
956	5.000351e-03	0.000000e+00	0.000000e+00	0.000000e+00	
957	5.000678e-03	0.000000e+00	0.000000e+00	0.000000e+00	
958	5.001334e-03	0.000000e+00	0.000000e+00	0.000000e+00	
959	5.002645e-03	0.000000e+00	0.000000e+00	0.000000e+00	
960	5.005266e-03	0.000000e+00	0.000000e+00	0.000000e+00	
961	5.010509e-03	0.000000e+00	0.000000e+00	0.000000e+00	
962	5.020995e-03	0.000000e+00	0.000000e+00	0.000000e+00	
963	5.041966e-03	0.000000e+00	0.000000e+00	0.000000e+00	
964	5.083909e-03	0.000000e+00	0.000000e+00	0.000000e+00	
965	5.167795e-03	0.000000e+00	0.000000e+00	0.000000e+00	
966	5.327795e-03	0.000000e+00	0.000000e+00	0.000000e+00	
967	5.487795e-03	0.000000e+00	0.000000e+00	0.000000e+00	
968	5.500010e-03	0.000000e+00	0.000000e+00	0.000000e+00	
969	5.500011e-03	0.000000e+00	0.000000e+00	0.000000e+00	
970	5.500013e-03	0.000000e+00	0.000000e+00	0.000000e+00	
971	5.500017e-03	0.000000e+00	0.000000e+00	0.000000e+00	
972	5.500019e-03	0.000000e+00	0.000000e+00	0.000000e+00	
973	5.500019e-03	0.000000e+00	0.000000e+00	0.000000e+00	
974	5.500019e-03	0.000000e+00	0.000000e+00	0.000000e+00	
975	5.500020e-03	0.000000e+00	0.000000e+00	0.000000e+00	
976	5.500020e-03	0.000000e+00	0.000000e+00	0.000000e+00	
977	5.500020e-03	0.000000e+00	0.000000e+00	0.000000e+00	
978	5.500020e-03	0.000000e+00	0.000000e+00	0.000000e+00	
979	5.500020e-03	0.000000e+00	0.000000e+00	0.000000e+00	
980	5.500020e-03	0.000000e+00	0.000000e+00	0.000000e+00	
981	5.500020e-03	0.000000e+00	0.000000e+00	0.000000e+00	
982	5.500020e-03	0.000000e+00	0.000000e+00	0.000000e+00	

Index   time            v2#branch       v3#branch       v4#branch       
--------------------------------------------------------------------------------
983	5.500020e-03	0.000000e+00	0.000000e+00	0.000000e+00	
984	5.500020e-03	0.000000e+00	0.000000e+00	0.000000e+00	
985	5.500020e-03	0.000000e+00	0.000000e+00	0.000000e+00	
986	5.500021e-03	0.000000e+00	0.000000e+00	0.000000e+00	
987	5.500021e-03	0.000000e+00	0.000000e+00	0.000000e+00	
988	5.500021e-03	0.000000e+00	0.000000e+00	0.000000e+00	
989	5.500021e-03	0.000000e+00	0.000000e+00	0.000000e+00	
990	5.500021e-03	0.000000e+00	0.000000e+00	0.000000e+00	
991	5.500022e-03	0.000000e+00	0.000000e+00	0.000000e+00	
992	5.500022e-03	0.000000e+00	0.000000e+00	0.000000e+00	
993	5.500022e-03	0.000000e+00	0.000000e+00	0.000000e+00	
994	5.500022e-03	0.000000e+00	0.000000e+00	0.000000e+00	
995	5.500022e-03	0.000000e+00	0.000000e+00	0.000000e+00	
996	5.500022e-03	0.000000e+00	0.000000e+00	0.000000e+00	
997	5.500022e-03	0.000000e+00	0.000000e+00	0.000000e+00	
998	5.500022e-03	0.000000e+00	0.000000e+00	0.000000e+00	
999	5.500023e-03	0.000000e+00	0.000000e+00	0.000000e+00	
1000	5.500023e-03	0.000000e+00	0.000000e+00	0.000000e+00	
1001	5.500023e-03	0.000000e+00	0.000000e+00	0.000000e+00	
1002	5.500023e-03	0.000000e+00	0.000000e+00	0.000000e+00	
1003	5.500023e-03	0.000000e+00	0.000000e+00	0.000000e+00	
1004	5.500023e-03	0.000000e+00	0.000000e+00	0.000000e+00	
1005	5.500023e-03	0.000000e+00	0.000000e+00	0.000000e+00	
1006	5.500023e-03	0.000000e+00	0.000000e+00	0.000000e+00	
1007	5.500023e-03	0.000000e+00	0.000000e+00	0.000000e+00	
1008	5.500023e-03	0.000000e+00	0.000000e+00	0.000000e+00	
1009	5.500023e-03	0.000000e+00	0.000000e+00	0.000000e+00	
1010	5.500023e-03	0.000000e+00	0.000000e+00	0.000000e+00	
1011	5.500023e-03	0.000000e+00	0.000000e+00	0.000000e+00	
1012	5.500024e-03	0.000000e+00	0.000000e+00	0.000000e+00	
1013	5.500024e-03	0.000000e+00	0.000000e+00	0.000000e+00	
1014	5.500025e-03	0.000000e+00	0.000000e+00	0.000000e+00	
1015	5.500025e-03	0.000000e+00	0.000000e+00	0.000000e+00	
1016	5.500025e-03	0.000000e+00	0.000000e+00	0.000000e+00	
1017	5.500026e-03	0.000000e+00	0.000000e+00	0.000000e+00	
1018	5.500026e-03	0.000000e+00	0.000000e+00	0.000000e+00	
1019	5.500026e-03	0.000000e+00	0.000000e+00	0.000000e+00	
1020	5.500026e-03	0.000000e+00	0.000000e+00	0.000000e+00	
1021	5.500026e-03	0.000000e+00	0.000000e+00	0.000000e+00	
1022	5.500027e-03	0.000000e+00	0.000000e+00	0.000000e+00	
1023	5.500028e-03	0.000000e+00	0.000000e+00	0.000000e+00	
1024	5.500029e-03	0.000000e+00	0.000000e+00	0.000000e+00	
1025	5.500029e-03	0.000000e+00	0.000000e+00	0.000000e+00	
1026	5.500029e-03	0.000000e+00	0.000000e+00	0.000000e+00	
1027	5.500029e-03	0.000000e+00	0.000000e+00	0.000000e+00	
1028	5.500029e-03	0.000000e+00	0.000000e+00	0.000000e+00	
1029	5.500029e-03	0.000000e+00	0.000000e+00	0.000000e+00	
1030	5.500029e-03	0.000000e+00	0.000000e+00	0.000000e+00	
1031	5.500029e-03	0.000000e+00	0.000000e+00	0.000000e+00	
1032	5.500029e-03	0.000000e+00	0.000000e+00	0.000000e+00	
1033	5.500029e-03	0.000000e+00	0.000000e+00	0.000000e+00	
1034	5.500030e-03	0.000000e+00	0.000000e+00	0.000000e+00	
1035	5.500030e-03	0.000000e+00	0.000000e+00	0.000000e+00	
1036	5.500030e-03	0.000000e+00	0.000000e+00	0.000000e+00	
1037	5.500030e-03	0.000000e+00	0.000000e+00	0.000000e+00	
1038	5.500030e-03	0.000000e+00	0.000000e+00	0.000000e+00	
1039	5.500031e-03	0.000000e+00	0.000000e+00	0.000000e+00	
1040	5.500032e-03	0.000000e+00	0.000000e+00	0.000000e+00	

Index   time            v2#branch       v3#branch       v4#branch       
--------------------------------------------------------------------------------
1041	5.500033e-03	0.000000e+00	0.000000e+00	0.000000e+00	
1042	5.500037e-03	0.000000e+00	0.000000e+00	0.000000e+00	
1043	5.500043e-03	0.000000e+00	0.000000e+00	0.000000e+00	
1044	5.500056e-03	0.000000e+00	0.000000e+00	0.000000e+00	
1045	5.500082e-03	0.000000e+00	0.000000e+00	0.000000e+00	
1046	5.500135e-03	0.000000e+00	0.000000e+00	0.000000e+00	
1047	5.500240e-03	0.000000e+00	0.000000e+00	0.000000e+00	
1048	5.500449e-03	0.000000e+00	0.000000e+00	0.000000e+00	
1049	5.500869e-03	0.000000e+00	0.000000e+00	0.000000e+00	
1050	5.501708e-03	0.000000e+00	0.000000e+00	0.000000e+00	
1051	5.503385e-03	0.000000e+00	0.000000e+00	0.000000e+00	
1052	5.506741e-03	0.000000e+00	0.000000e+00	0.000000e+00	
1053	5.513452e-03	0.000000e+00	0.000000e+00	0.000000e+00	
1054	5.526873e-03	0.000000e+00	0.000000e+00	0.000000e+00	
1055	5.553717e-03	0.000000e+00	0.000000e+00	0.000000e+00	
1056	5.607404e-03	0.000000e+00	0.000000e+00	0.000000e+00	
1057	5.714778e-03	0.000000e+00	0.000000e+00	0.000000e+00	
1058	5.874778e-03	0.000000e+00	0.000000e+00	0.000000e+00	
1059	6.000000e-03	0.000000e+00	0.000000e+00	0.000000e+00	
1060	6.000001e-03	0.000000e+00	0.000000e+00	0.000000e+00	
1061	6.000003e-03	0.000000e+00	0.000000e+00	0.000000e+00	
1062	6.000005e-03	0.000000e+00	0.000000e+00	0.000000e+00	
1063	6.000005e-03	0.000000e+00	0.000000e+00	0.000000e+00	
1064	6.000005e-03	0.000000e+00	0.000000e+00	0.000000e+00	
1065	6.000005e-03	0.000000e+00	0.000000e+00	0.000000e+00	
1066	6.000005e-03	0.000000e+00	0.000000e+00	0.000000e+00	
1067	6.000005e-03	0.000000e+00	0.000000e+00	0.000000e+00	
1068	6.000005e-03	0.000000e+00	0.000000e+00	0.000000e+00	
1069	6.000005e-03	0.000000e+00	0.000000e+00	0.000000e+00	
1070	6.000005e-03	0.000000e+00	0.000000e+00	0.000000e+00	
1071	6.000005e-03	0.000000e+00	0.000000e+00	0.000000e+00	
1072	6.000006e-03	0.000000e+00	0.000000e+00	0.000000e+00	
1073	6.000006e-03	0.000000e+00	0.000000e+00	0.000000e+00	
1074	6.000006e-03	0.000000e+00	0.000000e+00	0.000000e+00	
1075	6.000006e-03	0.000000e+00	0.000000e+00	0.000000e+00	
1076	6.000006e-03	0.000000e+00	0.000000e+00	0.000000e+00	
1077	6.000006e-03	0.000000e+00	0.000000e+00	0.000000e+00	
1078	6.000006e-03	0.000000e+00	0.000000e+00	0.000000e+00	
1079	6.000006e-03	0.000000e+00	0.000000e+00	0.000000e+00	
1080	6.000006e-03	0.000000e+00	0.000000e+00	0.000000e+00	
1081	6.000006e-03	0.000000e+00	0.000000e+00	0.000000e+00	
1082	6.000006e-03	0.000000e+00	0.000000e+00	0.000000e+00	
1083	6.000007e-03	0.000000e+00	0.000000e+00	0.000000e+00	
1084	6.000007e-03	0.000000e+00	0.000000e+00	0.000000e+00	
1085	6.000007e-03	0.000000e+00	0.000000e+00	0.000000e+00	
1086	6.000007e-03	0.000000e+00	0.000000e+00	0.000000e+00	
1087	6.000007e-03	0.000000e+00	0.000000e+00	0.000000e+00	
1088	6.000007e-03	0.000000e+00	0.000000e+00	0.000000e+00	
1089	6.000007e-03	0.000000e+00	0.000000e+00	0.000000e+00	
1090	6.000007e-03	0.000000e+00	0.000000e+00	0.000000e+00	
1091	6.000007e-03	0.000000e+00	0.000000e+00	0.000000e+00	
1092	6.000007e-03	0.000000e+00	0.000000e+00	0.000000e+00	
1093	6.000007e-03	0.000000e+00	0.000000e+00	0.000000e+00	
1094	6.000008e-03	0.000000e+00	0.000000e+00	0.000000e+00	
1095	6.000008e-03	0.000000e+00	0.000000e+00	0.000000e+00	
1096	6.000008e-03	0.000000e+00	0.000000e+00	0.000000e+00	
1097	6.000008e-03	0.000000e+00	0.000000e+00	0.000000e+00	
1098	6.000008e-03	0.000000e+00	0.000000e+00	0.000000e+00	

Index   time            v2#branch       v3#branch       v4#branch       
--------------------------------------------------------------------------------
1099	6.000009e-03	0.000000e+00	0.000000e+00	0.000000e+00	
1100	6.000009e-03	0.000000e+00	0.000000e+00	0.000000e+00	
1101	6.000009e-03	0.000000e+00	0.000000e+00	0.000000e+00	
1102	6.000009e-03	0.000000e+00	0.000000e+00	0.000000e+00	
1103	6.000009e-03	0.000000e+00	0.000000e+00	0.000000e+00	
1104	6.000009e-03	0.000000e+00	0.000000e+00	0.000000e+00	
1105	6.000009e-03	0.000000e+00	0.000000e+00	0.000000e+00	
1106	6.000009e-03	0.000000e+00	0.000000e+00	0.000000e+00	
1107	6.000010e-03	0.000000e+00	0.000000e+00	0.000000e+00	
1108	6.000010e-03	0.000000e+00	0.000000e+00	0.000000e+00	
1109	6.000010e-03	0.000000e+00	0.000000e+00	0.000000e+00	
1110	6.000010e-03	0.000000e+00	0.000000e+00	0.000000e+00	
1111	6.000010e-03	0.000000e+00	0.000000e+00	0.000000e+00	
1112	6.000010e-03	0.000000e+00	0.000000e+00	0.000000e+00	
1113	6.000010e-03	0.000000e+00	0.000000e+00	0.000000e+00	
1114	6.000010e-03	0.000000e+00	0.000000e+00	0.000000e+00	
1115	6.000010e-03	0.000000e+00	0.000000e+00	0.000000e+00	
1116	6.000010e-03	0.000000e+00	0.000000e+00	0.000000e+00	
1117	6.000010e-03	0.000000e+00	0.000000e+00	0.000000e+00	
1118	6.000011e-03	0.000000e+00	0.000000e+00	0.000000e+00	
1119	6.000011e-03	0.000000e+00	0.000000e+00	0.000000e+00	
1120	6.000012e-03	0.000000e+00	0.000000e+00	0.000000e+00	
1121	6.000014e-03	0.000000e+00	0.000000e+00	0.000000e+00	
1122	6.000018e-03	0.000000e+00	0.000000e+00	0.000000e+00	
1123	6.000020e-03	0.000000e+00	0.000000e+00	0.000000e+00	
1124	6.000021e-03	0.000000e+00	0.000000e+00	0.000000e+00	
1125	6.000022e-03	0.000000e+00	0.000000e+00	0.000000e+00	
1126	6.000022e-03	0.000000e+00	0.000000e+00	0.000000e+00	
1127	6.000022e-03	0.000000e+00	0.000000e+00	0.000000e+00	
1128	6.000023e-03	0.000000e+00	0.000000e+00	0.000000e+00	
1129	6.000023e-03	0.000000e+00	0.000000e+00	0.000000e+00	
1130	6.000023e-03	0.000000e+00	0.000000e+00	0.000000e+00	
1131	6.000023e-03	0.000000e+00	0.000000e+00	0.000000e+00	
1132	6.000024e-03	0.000000e+00	0.000000e+00	0.000000e+00	
1133	6.000024e-03	0.000000e+00	0.000000e+00	0.000000e+00	
1134	6.000026e-03	0.000000e+00	0.000000e+00	0.000000e+00	
1135	6.000028e-03	0.000000e+00	0.000000e+00	0.000000e+00	
1136	6.000033e-03	0.000000e+00	0.000000e+00	0.000000e+00	
1137	6.000044e-03	0.000000e+00	0.000000e+00	0.000000e+00	
1138	6.000064e-03	0.000000e+00	0.000000e+00	0.000000e+00	
1139	6.000105e-03	0.000000e+00	0.000000e+00	0.000000e+00	
1140	6.000187e-03	0.000000e+00	0.000000e+00	0.000000e+00	
1141	6.000351e-03	0.000000e+00	0.000000e+00	0.000000e+00	
1142	6.000678e-03	0.000000e+00	0.000000e+00	0.000000e+00	
1143	6.001334e-03	0.000000e+00	0.000000e+00	0.000000e+00	
1144	6.002645e-03	0.000000e+00	0.000000e+00	0.000000e+00	
1145	6.005266e-03	0.000000e+00	0.000000e+00	0.000000e+00	
1146	6.010509e-03	0.000000e+00	0.000000e+00	0.000000e+00	
1147	6.020995e-03	0.000000e+00	0.000000e+00	0.000000e+00	
1148	6.041966e-03	0.000000e+00	0.000000e+00	0.000000e+00	
1149	6.083909e-03	0.000000e+00	0.000000e+00	0.000000e+00	
1150	6.167795e-03	0.000000e+00	0.000000e+00	0.000000e+00	
1151	6.327795e-03	0.000000e+00	0.000000e+00	0.000000e+00	
1152	6.487795e-03	0.000000e+00	0.000000e+00	0.000000e+00	
1153	6.500010e-03	0.000000e+00	0.000000e+00	0.000000e+00	
1154	6.500011e-03	0.000000e+00	0.000000e+00	0.000000e+00	
1155	6.500013e-03	0.000000e+00	0.000000e+00	0.000000e+00	
1156	6.500017e-03	0.000000e+00	0.000000e+00	0.000000e+00	

Index   time            v2#branch       v3#branch       v4#branch       
--------------------------------------------------------------------------------
1157	6.500019e-03	0.000000e+00	0.000000e+00	0.000000e+00	
1158	6.500019e-03	0.000000e+00	0.000000e+00	0.000000e+00	
1159	6.500019e-03	0.000000e+00	0.000000e+00	0.000000e+00	
1160	6.500020e-03	0.000000e+00	0.000000e+00	0.000000e+00	
1161	6.500020e-03	0.000000e+00	0.000000e+00	0.000000e+00	
1162	6.500020e-03	0.000000e+00	0.000000e+00	0.000000e+00	
1163	6.500020e-03	0.000000e+00	0.000000e+00	0.000000e+00	
1164	6.500020e-03	0.000000e+00	0.000000e+00	0.000000e+00	
1165	6.500020e-03	0.000000e+00	0.000000e+00	0.000000e+00	
1166	6.500020e-03	0.000000e+00	0.000000e+00	0.000000e+00	
1167	6.500020e-03	0.000000e+00	0.000000e+00	0.000000e+00	
1168	6.500020e-03	0.000000e+00	0.000000e+00	0.000000e+00	
1169	6.500020e-03	0.000000e+00	0.000000e+00	0.000000e+00	
1170	6.500020e-03	0.000000e+00	0.000000e+00	0.000000e+00	
1171	6.500021e-03	0.000000e+00	0.000000e+00	0.000000e+00	
1172	6.500021e-03	0.000000e+00	0.000000e+00	0.000000e+00	
1173	6.500021e-03	0.000000e+00	0.000000e+00	0.000000e+00	
1174	6.500021e-03	0.000000e+00	0.000000e+00	0.000000e+00	
1175	6.500021e-03	0.000000e+00	0.000000e+00	0.000000e+00	
1176	6.500022e-03	0.000000e+00	0.000000e+00	0.000000e+00	
1177	6.500022e-03	0.000000e+00	0.000000e+00	0.000000e+00	
1178	6.500022e-03	0.000000e+00	0.000000e+00	0.000000e+00	
1179	6.500022e-03	0.000000e+00	0.000000e+00	0.000000e+00	
1180	6.500022e-03	0.000000e+00	0.000000e+00	0.000000e+00	
1181	6.500022e-03	0.000000e+00	0.000000e+00	0.000000e+00	
1182	6.500022e-03	0.000000e+00	0.000000e+00	0.000000e+00	
1183	6.500022e-03	0.000000e+00	0.000000e+00	0.000000e+00	
1184	6.500023e-03	0.000000e+00	0.000000e+00	0.000000e+00	
1185	6.500023e-03	0.000000e+00	0.000000e+00	0.000000e+00	
1186	6.500023e-03	0.000000e+00	0.000000e+00	0.000000e+00	
1187	6.500023e-03	0.000000e+00	0.000000e+00	0.000000e+00	
1188	6.500023e-03	0.000000e+00	0.000000e+00	0.000000e+00	
1189	6.500023e-03	0.000000e+00	0.000000e+00	0.000000e+00	
1190	6.500023e-03	0.000000e+00	0.000000e+00	0.000000e+00	
1191	6.500023e-03	0.000000e+00	0.000000e+00	0.000000e+00	
1192	6.500023e-03	0.000000e+00	0.000000e+00	0.000000e+00	
1193	6.500023e-03	0.000000e+00	0.000000e+00	0.000000e+00	
1194	6.500023e-03	0.000000e+00	0.000000e+00	0.000000e+00	
1195	6.500023e-03	0.000000e+00	0.000000e+00	0.000000e+00	
1196	6.500023e-03	0.000000e+00	0.000000e+00	0.000000e+00	
1197	6.500024e-03	0.000000e+00	0.000000e+00	0.000000e+00	
1198	6.500024e-03	0.000000e+00	0.000000e+00	0.000000e+00	
1199	6.500025e-03	0.000000e+00	0.000000e+00	0.000000e+00	
1200	6.500025e-03	0.000000e+00	0.000000e+00	0.000000e+00	
1201	6.500025e-03	0.000000e+00	0.000000e+00	0.000000e+00	
1202	6.500026e-03	0.000000e+00	0.000000e+00	0.000000e+00	
1203	6.500026e-03	0.000000e+00	0.000000e+00	0.000000e+00	
1204	6.500026e-03	0.000000e+00	0.000000e+00	0.000000e+00	
1205	6.500026e-03	0.000000e+00	0.000000e+00	0.000000e+00	
1206	6.500026e-03	0.000000e+00	0.000000e+00	0.000000e+00	
1207	6.500027e-03	0.000000e+00	0.000000e+00	0.000000e+00	
1208	6.500028e-03	0.000000e+00	0.000000e+00	0.000000e+00	
1209	6.500029e-03	0.000000e+00	0.000000e+00	0.000000e+00	
1210	6.500029e-03	0.000000e+00	0.000000e+00	0.000000e+00	
1211	6.500029e-03	0.000000e+00	0.000000e+00	0.000000e+00	
1212	6.500029e-03	0.000000e+00	0.000000e+00	0.000000e+00	
1213	6.500029e-03	0.000000e+00	0.000000e+00	0.000000e+00	
1214	6.500029e-03	0.000000e+00	0.000000e+00	0.000000e+00	

Index   time            v2#branch       v3#branch       v4#branch       
--------------------------------------------------------------------------------
1215	6.500029e-03	0.000000e+00	0.000000e+00	0.000000e+00	
1216	6.500029e-03	0.000000e+00	0.000000e+00	0.000000e+00	
1217	6.500029e-03	0.000000e+00	0.000000e+00	0.000000e+00	
1218	6.500029e-03	0.000000e+00	0.000000e+00	0.000000e+00	
1219	6.500030e-03	0.000000e+00	0.000000e+00	0.000000e+00	
1220	6.500030e-03	0.000000e+00	0.000000e+00	0.000000e+00	
1221	6.500030e-03	0.000000e+00	0.000000e+00	0.000000e+00	
1222	6.500030e-03	0.000000e+00	0.000000e+00	0.000000e+00	
1223	6.500030e-03	0.000000e+00	0.000000e+00	0.000000e+00	
1224	6.500031e-03	0.000000e+00	0.000000e+00	0.000000e+00	
1225	6.500032e-03	0.000000e+00	0.000000e+00	0.000000e+00	
1226	6.500033e-03	0.000000e+00	0.000000e+00	0.000000e+00	
1227	6.500037e-03	0.000000e+00	0.000000e+00	0.000000e+00	
1228	6.500043e-03	0.000000e+00	0.000000e+00	0.000000e+00	
1229	6.500056e-03	0.000000e+00	0.000000e+00	0.000000e+00	
1230	6.500082e-03	0.000000e+00	0.000000e+00	0.000000e+00	
1231	6.500135e-03	0.000000e+00	0.000000e+00	0.000000e+00	
1232	6.500240e-03	0.000000e+00	0.000000e+00	0.000000e+00	
1233	6.500449e-03	0.000000e+00	0.000000e+00	0.000000e+00	
1234	6.500869e-03	0.000000e+00	0.000000e+00	0.000000e+00	
1235	6.501708e-03	0.000000e+00	0.000000e+00	0.000000e+00	
1236	6.503385e-03	0.000000e+00	0.000000e+00	0.000000e+00	
1237	6.506741e-03	0.000000e+00	0.000000e+00	0.000000e+00	
1238	6.513452e-03	0.000000e+00	0.000000e+00	0.000000e+00	
1239	6.526873e-03	0.000000e+00	0.000000e+00	0.000000e+00	
1240	6.553717e-03	0.000000e+00	0.000000e+00	0.000000e+00	
1241	6.607404e-03	0.000000e+00	0.000000e+00	0.000000e+00	
1242	6.714778e-03	0.000000e+00	0.000000e+00	0.000000e+00	
1243	6.874778e-03	0.000000e+00	0.000000e+00	0.000000e+00	
1244	7.000000e-03	0.000000e+00	0.000000e+00	0.000000e+00	
1245	7.000001e-03	0.000000e+00	0.000000e+00	0.000000e+00	
1246	7.000003e-03	0.000000e+00	0.000000e+00	0.000000e+00	
1247	7.000005e-03	0.000000e+00	0.000000e+00	0.000000e+00	
1248	7.000005e-03	0.000000e+00	0.000000e+00	0.000000e+00	
1249	7.000005e-03	0.000000e+00	0.000000e+00	0.000000e+00	
1250	7.000005e-03	0.000000e+00	0.000000e+00	0.000000e+00	
1251	7.000005e-03	0.000000e+00	0.000000e+00	0.000000e+00	
1252	7.000005e-03	0.000000e+00	0.000000e+00	0.000000e+00	
1253	7.000005e-03	0.000000e+00	0.000000e+00	0.000000e+00	
1254	7.000005e-03	0.000000e+00	0.000000e+00	0.000000e+00	
1255	7.000005e-03	0.000000e+00	0.000000e+00	0.000000e+00	
1256	7.000005e-03	0.000000e+00	0.000000e+00	0.000000e+00	
1257	7.000006e-03	0.000000e+00	0.000000e+00	0.000000e+00	
1258	7.000006e-03	0.000000e+00	0.000000e+00	0.000000e+00	
1259	7.000007e-03	0.000000e+00	0.000000e+00	0.000000e+00	
1260	7.000007e-03	0.000000e+00	0.000000e+00	0.000000e+00	
1261	7.000007e-03	0.000000e+00	0.000000e+00	0.000000e+00	
1262	7.000007e-03	0.000000e+00	0.000000e+00	0.000000e+00	
1263	7.000007e-03	0.000000e+00	0.000000e+00	0.000000e+00	
1264	7.000007e-03	0.000000e+00	0.000000e+00	0.000000e+00	
1265	7.000007e-03	0.000000e+00	0.000000e+00	0.000000e+00	
1266	7.000007e-03	0.000000e+00	0.000000e+00	0.000000e+00	
1267	7.000007e-03	0.000000e+00	0.000000e+00	0.000000e+00	
1268	7.000007e-03	0.000000e+00	0.000000e+00	0.000000e+00	
1269	7.000008e-03	0.000000e+00	0.000000e+00	0.000000e+00	
1270	7.000008e-03	0.000000e+00	0.000000e+00	0.000000e+00	
1271	7.000008e-03	0.000000e+00	0.000000e+00	0.000000e+00	
1272	7.000008e-03	0.000000e+00	0.000000e+00	0.000000e+00	

Index   time            v2#branch       v3#branch       v4#branch       
--------------------------------------------------------------------------------
1273	7.000008e-03	0.000000e+00	0.000000e+00	0.000000e+00	
1274	7.000009e-03	0.000000e+00	0.000000e+00	0.000000e+00	
1275	7.000009e-03	0.000000e+00	0.000000e+00	0.000000e+00	
1276	7.000009e-03	0.000000e+00	0.000000e+00	0.000000e+00	
1277	7.000009e-03	0.000000e+00	0.000000e+00	0.000000e+00	
1278	7.000009e-03	0.000000e+00	0.000000e+00	0.000000e+00	
1279	7.000009e-03	0.000000e+00	0.000000e+00	0.000000e+00	
1280	7.000009e-03	0.000000e+00	0.000000e+00	0.000000e+00	
1281	7.000009e-03	0.000000e+00	0.000000e+00	0.000000e+00	
1282	7.000010e-03	0.000000e+00	0.000000e+00	0.000000e+00	
1283	7.000010e-03	0.000000e+00	0.000000e+00	0.000000e+00	
1284	7.000010e-03	0.000000e+00	0.000000e+00	0.000000e+00	
1285	7.000010e-03	0.000000e+00	0.000000e+00	0.000000e+00	
1286	7.000010e-03	0.000000e+00	0.000000e+00	0.000000e+00	
1287	7.000010e-03	0.000000e+00	0.000000e+00	0.000000e+00	
1288	7.000010e-03	0.000000e+00	0.000000e+00	0.000000e+00	
1289	7.000010e-03	0.000000e+00	0.000000e+00	0.000000e+00	
1290	7.000010e-03	0.000000e+00	0.000000e+00	0.000000e+00	
1291	7.000010e-03	0.000000e+00	0.000000e+00	0.000000e+00	
1292	7.000010e-03	0.000000e+00	0.000000e+00	0.000000e+00	
1293	7.000011e-03	0.000000e+00	0.000000e+00	0.000000e+00	
1294	7.000011e-03	0.000000e+00	0.000000e+00	0.000000e+00	
1295	7.000012e-03	0.000000e+00	0.000000e+00	0.000000e+00	
1296	7.000014e-03	0.000000e+00	0.000000e+00	0.000000e+00	
1297	7.000018e-03	0.000000e+00	0.000000e+00	0.000000e+00	
1298	7.000020e-03	0.000000e+00	0.000000e+00	0.000000e+00	
1299	7.000021e-03	0.000000e+00	0.000000e+00	0.000000e+00	
1300	7.000022e-03	0.000000e+00	0.000000e+00	0.000000e+00	
1301	7.000022e-03	0.000000e+00	0.000000e+00	0.000000e+00	
1302	7.000022e-03	0.000000e+00	0.000000e+00	0.000000e+00	
1303	7.000023e-03	0.000000e+00	0.000000e+00	0.000000e+00	
1304	7.000023e-03	0.000000e+00	0.000000e+00	0.000000e+00	
1305	7.000023e-03	0.000000e+00	0.000000e+00	0.000000e+00	
1306	7.000023e-03	0.000000e+00	0.000000e+00	0.000000e+00	
1307	7.000024e-03	0.000000e+00	0.000000e+00	0.000000e+00	
1308	7.000024e-03	0.000000e+00	0.000000e+00	0.000000e+00	
1309	7.000026e-03	0.000000e+00	0.000000e+00	0.000000e+00	
1310	7.000028e-03	0.000000e+00	0.000000e+00	0.000000e+00	
1311	7.000033e-03	0.000000e+00	0.000000e+00	0.000000e+00	
1312	7.000044e-03	0.000000e+00	0.000000e+00	0.000000e+00	
1313	7.000064e-03	0.000000e+00	0.000000e+00	0.000000e+00	
1314	7.000105e-03	0.000000e+00	0.000000e+00	0.000000e+00	
1315	7.000187e-03	0.000000e+00	0.000000e+00	0.000000e+00	
1316	7.000351e-03	0.000000e+00	0.000000e+00	0.000000e+00	
1317	7.000678e-03	0.000000e+00	0.000000e+00	0.000000e+00	
1318	7.001334e-03	0.000000e+00	0.000000e+00	0.000000e+00	
1319	7.002645e-03	0.000000e+00	0.000000e+00	0.000000e+00	
1320	7.005266e-03	0.000000e+00	0.000000e+00	0.000000e+00	
1321	7.010509e-03	0.000000e+00	0.000000e+00	0.000000e+00	
1322	7.020995e-03	0.000000e+00	0.000000e+00	0.000000e+00	
1323	7.041966e-03	0.000000e+00	0.000000e+00	0.000000e+00	
1324	7.083909e-03	0.000000e+00	0.000000e+00	0.000000e+00	
1325	7.167795e-03	0.000000e+00	0.000000e+00	0.000000e+00	
1326	7.327795e-03	0.000000e+00	0.000000e+00	0.000000e+00	
1327	7.487795e-03	0.000000e+00	0.000000e+00	0.000000e+00	
1328	7.500010e-03	0.000000e+00	0.000000e+00	0.000000e+00	
1329	7.500011e-03	0.000000e+00	0.000000e+00	0.000000e+00	
1330	7.500013e-03	0.000000e+00	0.000000e+00	0.000000e+00	

Index   time            v2#branch       v3#branch       v4#branch       
--------------------------------------------------------------------------------
1331	7.500017e-03	0.000000e+00	0.000000e+00	0.000000e+00	
1332	7.500019e-03	0.000000e+00	0.000000e+00	0.000000e+00	
1333	7.500019e-03	0.000000e+00	0.000000e+00	0.000000e+00	
1334	7.500019e-03	0.000000e+00	0.000000e+00	0.000000e+00	
1335	7.500020e-03	0.000000e+00	0.000000e+00	0.000000e+00	
1336	7.500020e-03	0.000000e+00	0.000000e+00	0.000000e+00	
1337	7.500020e-03	0.000000e+00	0.000000e+00	0.000000e+00	
1338	7.500020e-03	0.000000e+00	0.000000e+00	0.000000e+00	
1339	7.500020e-03	0.000000e+00	0.000000e+00	0.000000e+00	
1340	7.500020e-03	0.000000e+00	0.000000e+00	0.000000e+00	
1341	7.500020e-03	0.000000e+00	0.000000e+00	0.000000e+00	
1342	7.500020e-03	0.000000e+00	0.000000e+00	0.000000e+00	
1343	7.500020e-03	0.000000e+00	0.000000e+00	0.000000e+00	
1344	7.500020e-03	0.000000e+00	0.000000e+00	0.000000e+00	
1345	7.500020e-03	0.000000e+00	0.000000e+00	0.000000e+00	
1346	7.500021e-03	0.000000e+00	0.000000e+00	0.000000e+00	
1347	7.500021e-03	0.000000e+00	0.000000e+00	0.000000e+00	
1348	7.500021e-03	0.000000e+00	0.000000e+00	0.000000e+00	
1349	7.500021e-03	0.000000e+00	0.000000e+00	0.000000e+00	
1350	7.500021e-03	0.000000e+00	0.000000e+00	0.000000e+00	
1351	7.500022e-03	0.000000e+00	0.000000e+00	0.000000e+00	
1352	7.500022e-03	0.000000e+00	0.000000e+00	0.000000e+00	
1353	7.500022e-03	0.000000e+00	0.000000e+00	0.000000e+00	
1354	7.500022e-03	0.000000e+00	0.000000e+00	0.000000e+00	
1355	7.500022e-03	0.000000e+00	0.000000e+00	0.000000e+00	
1356	7.500022e-03	0.000000e+00	0.000000e+00	0.000000e+00	
1357	7.500022e-03	0.000000e+00	0.000000e+00	0.000000e+00	
1358	7.500022e-03	0.000000e+00	0.000000e+00	0.000000e+00	
1359	7.500023e-03	0.000000e+00	0.000000e+00	0.000000e+00	
1360	7.500023e-03	0.000000e+00	0.000000e+00	0.000000e+00	
1361	7.500023e-03	0.000000e+00	0.000000e+00	0.000000e+00	
1362	7.500023e-03	0.000000e+00	0.000000e+00	0.000000e+00	
1363	7.500023e-03	0.000000e+00	0.000000e+00	0.000000e+00	
1364	7.500023e-03	0.000000e+00	0.000000e+00	0.000000e+00	
1365	7.500023e-03	0.000000e+00	0.000000e+00	0.000000e+00	
1366	7.500023e-03	0.000000e+00	0.000000e+00	0.000000e+00	
1367	7.500023e-03	0.000000e+00	0.000000e+00	0.000000e+00	
1368	7.500023e-03	0.000000e+00	0.000000e+00	0.000000e+00	
1369	7.500023e-03	0.000000e+00	0.000000e+00	0.000000e+00	
1370	7.500023e-03	0.000000e+00	0.000000e+00	0.000000e+00	
1371	7.500023e-03	0.000000e+00	0.000000e+00	0.000000e+00	
1372	7.500024e-03	0.000000e+00	0.000000e+00	0.000000e+00	
1373	7.500024e-03	0.000000e+00	0.000000e+00	0.000000e+00	
1374	7.500025e-03	0.000000e+00	0.000000e+00	0.000000e+00	
1375	7.500025e-03	0.000000e+00	0.000000e+00	0.000000e+00	
1376	7.500025e-03	0.000000e+00	0.000000e+00	0.000000e+00	
1377	7.500026e-03	0.000000e+00	0.000000e+00	0.000000e+00	
1378	7.500026e-03	0.000000e+00	0.000000e+00	0.000000e+00	
1379	7.500026e-03	0.000000e+00	0.000000e+00	0.000000e+00	
1380	7.500026e-03	0.000000e+00	0.000000e+00	0.000000e+00	
1381	7.500026e-03	0.000000e+00	0.000000e+00	0.000000e+00	
1382	7.500027e-03	0.000000e+00	0.000000e+00	0.000000e+00	
1383	7.500028e-03	0.000000e+00	0.000000e+00	0.000000e+00	
1384	7.500029e-03	0.000000e+00	0.000000e+00	0.000000e+00	
1385	7.500029e-03	0.000000e+00	0.000000e+00	0.000000e+00	
1386	7.500029e-03	0.000000e+00	0.000000e+00	0.000000e+00	
1387	7.500029e-03	0.000000e+00	0.000000e+00	0.000000e+00	
1388	7.500029e-03	0.000000e+00	0.000000e+00	0.000000e+00	

Index   time            v2#branch       v3#branch       v4#branch       
--------------------------------------------------------------------------------
1389	7.500029e-03	0.000000e+00	0.000000e+00	0.000000e+00	
1390	7.500029e-03	0.000000e+00	0.000000e+00	0.000000e+00	
1391	7.500029e-03	0.000000e+00	0.000000e+00	0.000000e+00	
1392	7.500029e-03	0.000000e+00	0.000000e+00	0.000000e+00	
1393	7.500029e-03	0.000000e+00	0.000000e+00	0.000000e+00	
1394	7.500030e-03	0.000000e+00	0.000000e+00	0.000000e+00	
1395	7.500030e-03	0.000000e+00	0.000000e+00	0.000000e+00	
1396	7.500030e-03	0.000000e+00	0.000000e+00	0.000000e+00	
1397	7.500030e-03	0.000000e+00	0.000000e+00	0.000000e+00	
1398	7.500030e-03	0.000000e+00	0.000000e+00	0.000000e+00	
1399	7.500031e-03	0.000000e+00	0.000000e+00	0.000000e+00	
1400	7.500032e-03	0.000000e+00	0.000000e+00	0.000000e+00	
1401	7.500033e-03	0.000000e+00	0.000000e+00	0.000000e+00	
1402	7.500037e-03	0.000000e+00	0.000000e+00	0.000000e+00	
1403	7.500043e-03	0.000000e+00	0.000000e+00	0.000000e+00	
1404	7.500056e-03	0.000000e+00	0.000000e+00	0.000000e+00	
1405	7.500082e-03	0.000000e+00	0.000000e+00	0.000000e+00	
1406	7.500135e-03	0.000000e+00	0.000000e+00	0.000000e+00	
1407	7.500240e-03	0.000000e+00	0.000000e+00	0.000000e+00	
1408	7.500449e-03	0.000000e+00	0.000000e+00	0.000000e+00	
1409	7.500869e-03	0.000000e+00	0.000000e+00	0.000000e+00	
1410	7.501708e-03	0.000000e+00	0.000000e+00	0.000000e+00	
1411	7.503385e-03	0.000000e+00	0.000000e+00	0.000000e+00	
1412	7.506741e-03	0.000000e+00	0.000000e+00	0.000000e+00	
1413	7.513452e-03	0.000000e+00	0.000000e+00	0.000000e+00	
1414	7.526873e-03	0.000000e+00	0.000000e+00	0.000000e+00	
1415	7.553717e-03	0.000000e+00	0.000000e+00	0.000000e+00	
1416	7.607404e-03	0.000000e+00	0.000000e+00	0.000000e+00	
1417	7.714778e-03	0.000000e+00	0.000000e+00	0.000000e+00	
1418	7.874778e-03	0.000000e+00	0.000000e+00	0.000000e+00	
1419	8.000000e-03	0.000000e+00	0.000000e+00	0.000000e+00	

                                kicad schematic
                                Transient Analysis  Mon Sep 15 10:23:16  2025
--------------------------------------------------------------------------------
Index   time            v5#branch       v6#branch       v7#branch       
--------------------------------------------------------------------------------
0	0.000000e+00	0.000000e+00	0.000000e+00	0.000000e+00	
1	1.000000e-10	0.000000e+00	0.000000e+00	0.000000e+00	
2	2.000000e-10	0.000000e+00	0.000000e+00	0.000000e+00	
3	4.000000e-10	0.000000e+00	0.000000e+00	0.000000e+00	
4	8.000000e-10	0.000000e+00	0.000000e+00	0.000000e+00	
5	1.600000e-09	0.000000e+00	0.000000e+00	0.000000e+00	
6	3.200000e-09	0.000000e+00	0.000000e+00	0.000000e+00	
7	5.200000e-09	0.000000e+00	0.000000e+00	0.000000e+00	
8	5.210000e-09	0.000000e+00	0.000000e+00	0.000000e+00	
9	5.230000e-09	0.000000e+00	0.000000e+00	0.000000e+00	
10	5.270000e-09	0.000000e+00	0.000000e+00	0.000000e+00	
11	5.300000e-09	0.000000e+00	0.000000e+00	0.000000e+00	
12	5.308000e-09	0.000000e+00	0.000000e+00	0.000000e+00	
13	5.324000e-09	0.000000e+00	0.000000e+00	0.000000e+00	
14	5.356000e-09	0.000000e+00	0.000000e+00	0.000000e+00	
15	5.420000e-09	0.000000e+00	0.000000e+00	0.000000e+00	
16	5.548000e-09	0.000000e+00	0.000000e+00	0.000000e+00	
17	5.804000e-09	0.000000e+00	0.000000e+00	0.000000e+00	
18	6.200000e-09	0.000000e+00	0.000000e+00	0.000000e+00	
19	6.210000e-09	0.000000e+00	0.000000e+00	0.000000e+00	
20	6.230000e-09	0.000000e+00	0.000000e+00	0.000000e+00	
21	6.270000e-09	0.000000e+00	0.000000e+00	0.000000e+00	
22	6.300000e-09	0.000000e+00	0.000000e+00	0.000000e+00	
23	6.308000e-09	0.000000e+00	0.000000e+00	0.000000e+00	
24	6.324000e-09	0.000000e+00	0.000000e+00	0.000000e+00	
25	6.356000e-09	0.000000e+00	0.000000e+00	0.000000e+00	
26	6.420000e-09	0.000000e+00	0.000000e+00	0.000000e+00	
27	6.548000e-09	0.000000e+00	0.000000e+00	0.000000e+00	
28	6.804000e-09	0.000000e+00	0.000000e+00	0.000000e+00	
29	7.316000e-09	0.000000e+00	0.000000e+00	0.000000e+00	
30	8.200000e-09	0.000000e+00	0.000000e+00	0.000000e+00	
31	8.290000e-09	0.000000e+00	0.000000e+00	0.000000e+00	
32	8.470000e-09	0.000000e+00	0.000000e+00	0.000000e+00	
33	8.830000e-09	0.000000e+00	0.000000e+00	0.000000e+00	
34	9.100000e-09	0.000000e+00	0.000000e+00	0.000000e+00	
35	9.172000e-09	0.000000e+00	0.000000e+00	0.000000e+00	
36	9.200000e-09	0.000000e+00	0.000000e+00	0.000000e+00	
37	9.214400e-09	0.000000e+00	0.000000e+00	0.000000e+00	
38	9.243200e-09	0.000000e+00	0.000000e+00	0.000000e+00	
39	9.300800e-09	0.000000e+00	0.000000e+00	0.000000e+00	
40	9.416000e-09	0.000000e+00	0.000000e+00	0.000000e+00	
41	9.646400e-09	0.000000e+00	0.000000e+00	0.000000e+00	
42	1.000000e-08	0.000000e+00	0.000000e+00	0.000000e+00	
43	1.001000e-08	0.000000e+00	0.000000e+00	0.000000e+00	
44	1.003000e-08	0.000000e+00	0.000000e+00	0.000000e+00	
45	1.007000e-08	0.000000e+00	0.000000e+00	0.000000e+00	
46	1.010000e-08	0.000000e+00	0.000000e+00	0.000000e+00	
47	1.010800e-08	0.000000e+00	0.000000e+00	0.000000e+00	
48	1.012400e-08	0.000000e+00	0.000000e+00	0.000000e+00	
49	1.015600e-08	0.000000e+00	0.000000e+00	0.000000e+00	
50	1.022000e-08	0.000000e+00	0.000000e+00	0.000000e+00	
51	1.034800e-08	0.000000e+00	0.000000e+00	0.000000e+00	
52	1.060400e-08	0.000000e+00	0.000000e+00	0.000000e+00	
53	1.111600e-08	0.000000e+00	0.000000e+00	0.000000e+00	
54	1.214000e-08	0.000000e+00	0.000000e+00	0.000000e+00	

Index   time            v5#branch       v6#branch       v7#branch       
--------------------------------------------------------------------------------
55	1.418800e-08	0.000000e+00	0.000000e+00	0.000000e+00	
56	1.828400e-08	0.000000e+00	0.000000e+00	0.000000e+00	
57	2.647600e-08	0.000000e+00	0.000000e+00	0.000000e+00	
58	4.286000e-08	0.000000e+00	0.000000e+00	0.000000e+00	
59	7.562800e-08	0.000000e+00	0.000000e+00	0.000000e+00	
60	1.411640e-07	0.000000e+00	0.000000e+00	0.000000e+00	
61	2.722360e-07	0.000000e+00	0.000000e+00	0.000000e+00	
62	5.343800e-07	0.000000e+00	0.000000e+00	0.000000e+00	
63	1.058668e-06	0.000000e+00	0.000000e+00	0.000000e+00	
64	2.107244e-06	0.000000e+00	0.000000e+00	0.000000e+00	
65	4.204396e-06	0.000000e+00	0.000000e+00	0.000000e+00	
66	8.398700e-06	0.000000e+00	0.000000e+00	0.000000e+00	
67	1.678731e-05	0.000000e+00	0.000000e+00	0.000000e+00	
68	3.356452e-05	0.000000e+00	0.000000e+00	0.000000e+00	
69	6.711896e-05	0.000000e+00	0.000000e+00	0.000000e+00	
70	1.342278e-04	0.000000e+00	0.000000e+00	0.000000e+00	
71	2.684455e-04	0.000000e+00	0.000000e+00	0.000000e+00	
72	4.284455e-04	0.000000e+00	0.000000e+00	0.000000e+00	
73	5.000100e-04	0.000000e+00	0.000000e+00	0.000000e+00	
74	5.000110e-04	0.000000e+00	0.000000e+00	0.000000e+00	
75	5.000130e-04	0.000000e+00	0.000000e+00	0.000000e+00	
76	5.000170e-04	0.000000e+00	0.000000e+00	0.000000e+00	
77	5.000190e-04	0.000000e+00	0.000000e+00	0.000000e+00	
78	5.000191e-04	0.000000e+00	0.000000e+00	0.000000e+00	
79	5.000193e-04	0.000000e+00	0.000000e+00	0.000000e+00	
80	5.000196e-04	0.000000e+00	0.000000e+00	0.000000e+00	
81	5.000199e-04	0.000000e+00	0.000000e+00	0.000000e+00	
82	5.000199e-04	0.000000e+00	0.000000e+00	0.000000e+00	
83	5.000199e-04	0.000000e+00	0.000000e+00	0.000000e+00	
84	5.000200e-04	0.000000e+00	0.000000e+00	0.000000e+00	
85	5.000200e-04	0.000000e+00	0.000000e+00	0.000000e+00	
86	5.000200e-04	0.000000e+00	0.000000e+00	0.000000e+00	
87	5.000200e-04	0.000000e+00	0.000000e+00	0.000000e+00	
88	5.000201e-04	0.000000e+00	0.000000e+00	0.000000e+00	
89	5.000201e-04	0.000000e+00	0.000000e+00	0.000000e+00	
90	5.000202e-04	0.000000e+00	0.000000e+00	0.000000e+00	
91	5.000205e-04	0.000000e+00	0.000000e+00	0.000000e+00	
92	5.000210e-04	0.000000e+00	0.000000e+00	0.000000e+00	
93	5.000211e-04	0.000000e+00	0.000000e+00	0.000000e+00	
94	5.000212e-04	0.000000e+00	0.000000e+00	0.000000e+00	
95	5.000214e-04	0.000000e+00	0.000000e+00	0.000000e+00	
96	5.000218e-04	0.000000e+00	0.000000e+00	0.000000e+00	
97	5.000219e-04	0.000000e+00	0.000000e+00	0.000000e+00	
98	5.000220e-04	0.000000e+00	0.000000e+00	0.000000e+00	
99	5.000220e-04	0.000000e+00	0.000000e+00	0.000000e+00	
100	5.000220e-04	0.000000e+00	0.000000e+00	0.000000e+00	
101	5.000220e-04	0.000000e+00	0.000000e+00	0.000000e+00	
102	5.000221e-04	0.000000e+00	0.000000e+00	0.000000e+00	
103	5.000222e-04	0.000000e+00	0.000000e+00	0.000000e+00	
104	5.000225e-04	0.000000e+00	0.000000e+00	0.000000e+00	
105	5.000229e-04	0.000000e+00	0.000000e+00	0.000000e+00	
106	5.000230e-04	0.000000e+00	0.000000e+00	0.000000e+00	
107	5.000230e-04	0.000000e+00	0.000000e+00	0.000000e+00	
108	5.000230e-04	0.000000e+00	0.000000e+00	0.000000e+00	
109	5.000230e-04	0.000000e+00	0.000000e+00	0.000000e+00	
110	5.000231e-04	0.000000e+00	0.000000e+00	0.000000e+00	
111	5.000231e-04	0.000000e+00	0.000000e+00	0.000000e+00	
112	5.000231e-04	0.000000e+00	0.000000e+00	0.000000e+00	

Index   time            v5#branch       v6#branch       v7#branch       
--------------------------------------------------------------------------------
113	5.000231e-04	0.000000e+00	0.000000e+00	0.000000e+00	
114	5.000232e-04	0.000000e+00	0.000000e+00	0.000000e+00	
115	5.000232e-04	0.000000e+00	0.000000e+00	0.000000e+00	
116	5.000233e-04	0.000000e+00	0.000000e+00	0.000000e+00	
117	5.000236e-04	0.000000e+00	0.000000e+00	0.000000e+00	
118	5.000241e-04	0.000000e+00	0.000000e+00	0.000000e+00	
119	5.000250e-04	0.000000e+00	0.000000e+00	0.000000e+00	
120	5.000251e-04	0.000000e+00	0.000000e+00	0.000000e+00	
121	5.000253e-04	0.000000e+00	0.000000e+00	0.000000e+00	
122	5.000256e-04	0.000000e+00	0.000000e+00	0.000000e+00	
123	5.000259e-04	0.000000e+00	0.000000e+00	0.000000e+00	
124	5.000260e-04	0.000000e+00	0.000000e+00	0.000000e+00	
125	5.000261e-04	0.000000e+00	0.000000e+00	0.000000e+00	
126	5.000264e-04	0.000000e+00	0.000000e+00	0.000000e+00	
127	5.000270e-04	0.000000e+00	0.000000e+00	0.000000e+00	
128	5.000281e-04	0.000000e+00	0.000000e+00	0.000000e+00	
129	5.000291e-04	0.000000e+00	0.000000e+00	0.000000e+00	
130	5.000291e-04	0.000000e+00	0.000000e+00	0.000000e+00	
131	5.000291e-04	0.000000e+00	0.000000e+00	0.000000e+00	
132	5.000292e-04	0.000000e+00	0.000000e+00	0.000000e+00	
133	5.000292e-04	0.000000e+00	0.000000e+00	0.000000e+00	
134	5.000292e-04	0.000000e+00	0.000000e+00	0.000000e+00	
135	5.000292e-04	0.000000e+00	0.000000e+00	0.000000e+00	
136	5.000293e-04	0.000000e+00	0.000000e+00	0.000000e+00	
137	5.000293e-04	0.000000e+00	0.000000e+00	0.000000e+00	
138	5.000295e-04	0.000000e+00	0.000000e+00	0.000000e+00	
139	5.000297e-04	0.000000e+00	0.000000e+00	0.000000e+00	
140	5.000300e-04	0.000000e+00	0.000000e+00	0.000000e+00	
141	5.000301e-04	0.000000e+00	0.000000e+00	0.000000e+00	
142	5.000302e-04	0.000000e+00	0.000000e+00	0.000000e+00	
143	5.000304e-04	0.000000e+00	0.000000e+00	0.000000e+00	
144	5.000308e-04	0.000000e+00	0.000000e+00	0.000000e+00	
145	5.000316e-04	0.000000e+00	0.000000e+00	0.000000e+00	
146	5.000332e-04	0.000000e+00	0.000000e+00	0.000000e+00	
147	5.000365e-04	0.000000e+00	0.000000e+00	0.000000e+00	
148	5.000431e-04	0.000000e+00	0.000000e+00	0.000000e+00	
149	5.000562e-04	0.000000e+00	0.000000e+00	0.000000e+00	
150	5.000824e-04	0.000000e+00	0.000000e+00	0.000000e+00	
151	5.001348e-04	0.000000e+00	0.000000e+00	0.000000e+00	
152	5.002397e-04	0.000000e+00	0.000000e+00	0.000000e+00	
153	5.004494e-04	0.000000e+00	0.000000e+00	0.000000e+00	
154	5.008688e-04	0.000000e+00	0.000000e+00	0.000000e+00	
155	5.017077e-04	0.000000e+00	0.000000e+00	0.000000e+00	
156	5.033854e-04	0.000000e+00	0.000000e+00	0.000000e+00	
157	5.067408e-04	0.000000e+00	0.000000e+00	0.000000e+00	
158	5.134517e-04	0.000000e+00	0.000000e+00	0.000000e+00	
159	5.268735e-04	0.000000e+00	0.000000e+00	0.000000e+00	
160	5.537170e-04	0.000000e+00	0.000000e+00	0.000000e+00	
161	6.074041e-04	0.000000e+00	0.000000e+00	0.000000e+00	
162	7.147783e-04	0.000000e+00	0.000000e+00	0.000000e+00	
163	8.747783e-04	0.000000e+00	0.000000e+00	0.000000e+00	
164	1.000000e-03	0.000000e+00	0.000000e+00	0.000000e+00	
165	1.000001e-03	0.000000e+00	0.000000e+00	0.000000e+00	
166	1.000003e-03	0.000000e+00	0.000000e+00	0.000000e+00	
167	1.000005e-03	0.000000e+00	0.000000e+00	0.000000e+00	
168	1.000005e-03	0.000000e+00	0.000000e+00	0.000000e+00	
169	1.000005e-03	0.000000e+00	0.000000e+00	0.000000e+00	
170	1.000005e-03	0.000000e+00	0.000000e+00	0.000000e+00	

Index   time            v5#branch       v6#branch       v7#branch       
--------------------------------------------------------------------------------
171	1.000005e-03	0.000000e+00	0.000000e+00	0.000000e+00	
172	1.000005e-03	0.000000e+00	0.000000e+00	0.000000e+00	
173	1.000005e-03	0.000000e+00	0.000000e+00	0.000000e+00	
174	1.000005e-03	0.000000e+00	0.000000e+00	0.000000e+00	
175	1.000005e-03	0.000000e+00	0.000000e+00	0.000000e+00	
176	1.000005e-03	0.000000e+00	0.000000e+00	0.000000e+00	
177	1.000006e-03	0.000000e+00	0.000000e+00	0.000000e+00	
178	1.000006e-03	0.000000e+00	0.000000e+00	0.000000e+00	
179	1.000007e-03	0.000000e+00	0.000000e+00	0.000000e+00	
180	1.000007e-03	0.000000e+00	0.000000e+00	0.000000e+00	
181	1.000007e-03	0.000000e+00	0.000000e+00	0.000000e+00	
182	1.000007e-03	0.000000e+00	0.000000e+00	0.000000e+00	
183	1.000007e-03	0.000000e+00	0.000000e+00	0.000000e+00	
184	1.000007e-03	0.000000e+00	0.000000e+00	0.000000e+00	
185	1.000007e-03	0.000000e+00	0.000000e+00	0.000000e+00	
186	1.000007e-03	0.000000e+00	0.000000e+00	0.000000e+00	
187	1.000007e-03	0.000000e+00	0.000000e+00	0.000000e+00	
188	1.000007e-03	0.000000e+00	0.000000e+00	0.000000e+00	
189	1.000008e-03	0.000000e+00	0.000000e+00	0.000000e+00	
190	1.000008e-03	0.000000e+00	0.000000e+00	0.000000e+00	
191	1.000008e-03	0.000000e+00	0.000000e+00	0.000000e+00	
192	1.000008e-03	0.000000e+00	0.000000e+00	0.000000e+00	
193	1.000008e-03	0.000000e+00	0.000000e+00	0.000000e+00	
194	1.000009e-03	0.000000e+00	0.000000e+00	0.000000e+00	
195	1.000009e-03	0.000000e+00	0.000000e+00	0.000000e+00	
196	1.000009e-03	0.000000e+00	0.000000e+00	0.000000e+00	
197	1.000009e-03	0.000000e+00	0.000000e+00	0.000000e+00	
198	1.000009e-03	0.000000e+00	0.000000e+00	0.000000e+00	
199	1.000009e-03	0.000000e+00	0.000000e+00	0.000000e+00	
200	1.000009e-03	0.000000e+00	0.000000e+00	0.000000e+00	
201	1.000009e-03	0.000000e+00	0.000000e+00	0.000000e+00	
202	1.000010e-03	0.000000e+00	0.000000e+00	0.000000e+00	
203	1.000010e-03	0.000000e+00	0.000000e+00	0.000000e+00	
204	1.000010e-03	0.000000e+00	0.000000e+00	0.000000e+00	
205	1.000010e-03	0.000000e+00	0.000000e+00	0.000000e+00	
206	1.000010e-03	0.000000e+00	0.000000e+00	0.000000e+00	
207	1.000010e-03	0.000000e+00	0.000000e+00	0.000000e+00	
208	1.000010e-03	0.000000e+00	0.000000e+00	0.000000e+00	
209	1.000010e-03	0.000000e+00	0.000000e+00	0.000000e+00	
210	1.000010e-03	0.000000e+00	0.000000e+00	0.000000e+00	
211	1.000010e-03	0.000000e+00	0.000000e+00	0.000000e+00	
212	1.000010e-03	0.000000e+00	0.000000e+00	0.000000e+00	
213	1.000011e-03	0.000000e+00	0.000000e+00	0.000000e+00	
214	1.000011e-03	0.000000e+00	0.000000e+00	0.000000e+00	
215	1.000012e-03	0.000000e+00	0.000000e+00	0.000000e+00	
216	1.000014e-03	0.000000e+00	0.000000e+00	0.000000e+00	
217	1.000018e-03	0.000000e+00	0.000000e+00	0.000000e+00	
218	1.000020e-03	0.000000e+00	0.000000e+00	0.000000e+00	
219	1.000021e-03	0.000000e+00	0.000000e+00	0.000000e+00	
220	1.000022e-03	0.000000e+00	0.000000e+00	0.000000e+00	
221	1.000022e-03	0.000000e+00	0.000000e+00	0.000000e+00	
222	1.000022e-03	0.000000e+00	0.000000e+00	0.000000e+00	
223	1.000023e-03	0.000000e+00	0.000000e+00	0.000000e+00	
224	1.000023e-03	0.000000e+00	0.000000e+00	0.000000e+00	
225	1.000023e-03	0.000000e+00	0.000000e+00	0.000000e+00	
226	1.000023e-03	0.000000e+00	0.000000e+00	0.000000e+00	
227	1.000024e-03	0.000000e+00	0.000000e+00	0.000000e+00	
228	1.000024e-03	0.000000e+00	0.000000e+00	0.000000e+00	

Index   time            v5#branch       v6#branch       v7#branch       
--------------------------------------------------------------------------------
229	1.000026e-03	0.000000e+00	0.000000e+00	0.000000e+00	
230	1.000028e-03	0.000000e+00	0.000000e+00	0.000000e+00	
231	1.000033e-03	0.000000e+00	0.000000e+00	0.000000e+00	
232	1.000044e-03	0.000000e+00	0.000000e+00	0.000000e+00	
233	1.000064e-03	0.000000e+00	0.000000e+00	0.000000e+00	
234	1.000105e-03	0.000000e+00	0.000000e+00	0.000000e+00	
235	1.000187e-03	0.000000e+00	0.000000e+00	0.000000e+00	
236	1.000351e-03	0.000000e+00	0.000000e+00	0.000000e+00	
237	1.000678e-03	0.000000e+00	0.000000e+00	0.000000e+00	
238	1.001334e-03	0.000000e+00	0.000000e+00	0.000000e+00	
239	1.002645e-03	0.000000e+00	0.000000e+00	0.000000e+00	
240	1.005266e-03	0.000000e+00	0.000000e+00	0.000000e+00	
241	1.010509e-03	0.000000e+00	0.000000e+00	0.000000e+00	
242	1.020995e-03	0.000000e+00	0.000000e+00	0.000000e+00	
243	1.041966e-03	0.000000e+00	0.000000e+00	0.000000e+00	
244	1.083909e-03	0.000000e+00	0.000000e+00	0.000000e+00	
245	1.167795e-03	0.000000e+00	0.000000e+00	0.000000e+00	
246	1.327795e-03	0.000000e+00	0.000000e+00	0.000000e+00	
247	1.487795e-03	0.000000e+00	0.000000e+00	0.000000e+00	
248	1.500010e-03	0.000000e+00	0.000000e+00	0.000000e+00	
249	1.500011e-03	0.000000e+00	0.000000e+00	0.000000e+00	
250	1.500013e-03	0.000000e+00	0.000000e+00	0.000000e+00	
251	1.500017e-03	0.000000e+00	0.000000e+00	0.000000e+00	
252	1.500019e-03	0.000000e+00	0.000000e+00	0.000000e+00	
253	1.500019e-03	0.000000e+00	0.000000e+00	0.000000e+00	
254	1.500019e-03	0.000000e+00	0.000000e+00	0.000000e+00	
255	1.500020e-03	0.000000e+00	0.000000e+00	0.000000e+00	
256	1.500020e-03	0.000000e+00	0.000000e+00	0.000000e+00	
257	1.500020e-03	0.000000e+00	0.000000e+00	0.000000e+00	
258	1.500020e-03	0.000000e+00	0.000000e+00	0.000000e+00	
259	1.500020e-03	0.000000e+00	0.000000e+00	0.000000e+00	
260	1.500020e-03	0.000000e+00	0.000000e+00	0.000000e+00	
261	1.500020e-03	0.000000e+00	0.000000e+00	0.000000e+00	
262	1.500020e-03	0.000000e+00	0.000000e+00	0.000000e+00	
263	1.500020e-03	0.000000e+00	0.000000e+00	0.000000e+00	
264	1.500020e-03	0.000000e+00	0.000000e+00	0.000000e+00	
265	1.500020e-03	0.000000e+00	0.000000e+00	0.000000e+00	
266	1.500021e-03	0.000000e+00	0.000000e+00	0.000000e+00	
267	1.500021e-03	0.000000e+00	0.000000e+00	0.000000e+00	
268	1.500021e-03	0.000000e+00	0.000000e+00	0.000000e+00	
269	1.500021e-03	0.000000e+00	0.000000e+00	0.000000e+00	
270	1.500021e-03	0.000000e+00	0.000000e+00	0.000000e+00	
271	1.500022e-03	0.000000e+00	0.000000e+00	0.000000e+00	
272	1.500022e-03	0.000000e+00	0.000000e+00	0.000000e+00	
273	1.500022e-03	0.000000e+00	0.000000e+00	0.000000e+00	
274	1.500022e-03	0.000000e+00	0.000000e+00	0.000000e+00	
275	1.500022e-03	0.000000e+00	0.000000e+00	0.000000e+00	
276	1.500022e-03	0.000000e+00	0.000000e+00	0.000000e+00	
277	1.500022e-03	0.000000e+00	0.000000e+00	0.000000e+00	
278	1.500022e-03	0.000000e+00	0.000000e+00	0.000000e+00	
279	1.500023e-03	0.000000e+00	0.000000e+00	0.000000e+00	
280	1.500023e-03	0.000000e+00	0.000000e+00	0.000000e+00	
281	1.500023e-03	0.000000e+00	0.000000e+00	0.000000e+00	
282	1.500023e-03	0.000000e+00	0.000000e+00	0.000000e+00	
283	1.500023e-03	0.000000e+00	0.000000e+00	0.000000e+00	
284	1.500023e-03	0.000000e+00	0.000000e+00	0.000000e+00	
285	1.500023e-03	0.000000e+00	0.000000e+00	0.000000e+00	
286	1.500023e-03	0.000000e+00	0.000000e+00	0.000000e+00	

Index   time            v5#branch       v6#branch       v7#branch       
--------------------------------------------------------------------------------
287	1.500023e-03	0.000000e+00	0.000000e+00	0.000000e+00	
288	1.500023e-03	0.000000e+00	0.000000e+00	0.000000e+00	
289	1.500023e-03	0.000000e+00	0.000000e+00	0.000000e+00	
290	1.500023e-03	0.000000e+00	0.000000e+00	0.000000e+00	
291	1.500023e-03	0.000000e+00	0.000000e+00	0.000000e+00	
292	1.500024e-03	0.000000e+00	0.000000e+00	0.000000e+00	
293	1.500024e-03	0.000000e+00	0.000000e+00	0.000000e+00	
294	1.500025e-03	0.000000e+00	0.000000e+00	0.000000e+00	
295	1.500025e-03	0.000000e+00	0.000000e+00	0.000000e+00	
296	1.500025e-03	0.000000e+00	0.000000e+00	0.000000e+00	
297	1.500026e-03	0.000000e+00	0.000000e+00	0.000000e+00	
298	1.500026e-03	0.000000e+00	0.000000e+00	0.000000e+00	
299	1.500026e-03	0.000000e+00	0.000000e+00	0.000000e+00	
300	1.500026e-03	0.000000e+00	0.000000e+00	0.000000e+00	
301	1.500026e-03	0.000000e+00	0.000000e+00	0.000000e+00	
302	1.500027e-03	0.000000e+00	0.000000e+00	0.000000e+00	
303	1.500028e-03	0.000000e+00	0.000000e+00	0.000000e+00	
304	1.500029e-03	0.000000e+00	0.000000e+00	0.000000e+00	
305	1.500029e-03	0.000000e+00	0.000000e+00	0.000000e+00	
306	1.500029e-03	0.000000e+00	0.000000e+00	0.000000e+00	
307	1.500029e-03	0.000000e+00	0.000000e+00	0.000000e+00	
308	1.500029e-03	0.000000e+00	0.000000e+00	0.000000e+00	
309	1.500029e-03	0.000000e+00	0.000000e+00	0.000000e+00	
310	1.500029e-03	0.000000e+00	0.000000e+00	0.000000e+00	
311	1.500029e-03	0.000000e+00	0.000000e+00	0.000000e+00	
312	1.500029e-03	0.000000e+00	0.000000e+00	0.000000e+00	
313	1.500029e-03	0.000000e+00	0.000000e+00	0.000000e+00	
314	1.500030e-03	0.000000e+00	0.000000e+00	0.000000e+00	
315	1.500030e-03	0.000000e+00	0.000000e+00	0.000000e+00	
316	1.500030e-03	0.000000e+00	0.000000e+00	0.000000e+00	
317	1.500030e-03	0.000000e+00	0.000000e+00	0.000000e+00	
318	1.500030e-03	0.000000e+00	0.000000e+00	0.000000e+00	
319	1.500031e-03	0.000000e+00	0.000000e+00	0.000000e+00	
320	1.500032e-03	0.000000e+00	0.000000e+00	0.000000e+00	
321	1.500033e-03	0.000000e+00	0.000000e+00	0.000000e+00	
322	1.500037e-03	0.000000e+00	0.000000e+00	0.000000e+00	
323	1.500043e-03	0.000000e+00	0.000000e+00	0.000000e+00	
324	1.500056e-03	0.000000e+00	0.000000e+00	0.000000e+00	
325	1.500082e-03	0.000000e+00	0.000000e+00	0.000000e+00	
326	1.500135e-03	0.000000e+00	0.000000e+00	0.000000e+00	
327	1.500240e-03	0.000000e+00	0.000000e+00	0.000000e+00	
328	1.500449e-03	0.000000e+00	0.000000e+00	0.000000e+00	
329	1.500869e-03	0.000000e+00	0.000000e+00	0.000000e+00	
330	1.501708e-03	0.000000e+00	0.000000e+00	0.000000e+00	
331	1.503385e-03	0.000000e+00	0.000000e+00	0.000000e+00	
332	1.506741e-03	0.000000e+00	0.000000e+00	0.000000e+00	
333	1.513452e-03	0.000000e+00	0.000000e+00	0.000000e+00	
334	1.526873e-03	0.000000e+00	0.000000e+00	0.000000e+00	
335	1.553717e-03	0.000000e+00	0.000000e+00	0.000000e+00	
336	1.607404e-03	0.000000e+00	0.000000e+00	0.000000e+00	
337	1.714778e-03	0.000000e+00	0.000000e+00	0.000000e+00	
338	1.874778e-03	0.000000e+00	0.000000e+00	0.000000e+00	
339	2.000000e-03	0.000000e+00	0.000000e+00	0.000000e+00	
340	2.000001e-03	0.000000e+00	0.000000e+00	0.000000e+00	
341	2.000003e-03	0.000000e+00	0.000000e+00	0.000000e+00	
342	2.000005e-03	0.000000e+00	0.000000e+00	0.000000e+00	
343	2.000005e-03	0.000000e+00	0.000000e+00	0.000000e+00	
344	2.000005e-03	0.000000e+00	0.000000e+00	0.000000e+00	

Index   time            v5#branch       v6#branch       v7#branch       
--------------------------------------------------------------------------------
345	2.000005e-03	0.000000e+00	0.000000e+00	0.000000e+00	
346	2.000005e-03	0.000000e+00	0.000000e+00	0.000000e+00	
347	2.000005e-03	0.000000e+00	0.000000e+00	0.000000e+00	
348	2.000005e-03	0.000000e+00	0.000000e+00	0.000000e+00	
349	2.000005e-03	0.000000e+00	0.000000e+00	0.000000e+00	
350	2.000005e-03	0.000000e+00	0.000000e+00	0.000000e+00	
351	2.000005e-03	0.000000e+00	0.000000e+00	0.000000e+00	
352	2.000006e-03	0.000000e+00	0.000000e+00	0.000000e+00	
353	2.000006e-03	0.000000e+00	0.000000e+00	0.000000e+00	
354	2.000006e-03	0.000000e+00	0.000000e+00	0.000000e+00	
355	2.000006e-03	0.000000e+00	0.000000e+00	0.000000e+00	
356	2.000006e-03	0.000000e+00	0.000000e+00	0.000000e+00	
357	2.000006e-03	0.000000e+00	0.000000e+00	0.000000e+00	
358	2.000006e-03	0.000000e+00	0.000000e+00	0.000000e+00	
359	2.000006e-03	0.000000e+00	0.000000e+00	0.000000e+00	
360	2.000006e-03	0.000000e+00	0.000000e+00	0.000000e+00	
361	2.000006e-03	0.000000e+00	0.000000e+00	0.000000e+00	
362	2.000006e-03	0.000000e+00	0.000000e+00	0.000000e+00	
363	2.000007e-03	0.000000e+00	0.000000e+00	0.000000e+00	
364	2.000007e-03	0.000000e+00	0.000000e+00	0.000000e+00	
365	2.000007e-03	0.000000e+00	0.000000e+00	0.000000e+00	
366	2.000007e-03	0.000000e+00	0.000000e+00	0.000000e+00	
367	2.000007e-03	0.000000e+00	0.000000e+00	0.000000e+00	
368	2.000007e-03	0.000000e+00	0.000000e+00	0.000000e+00	
369	2.000007e-03	0.000000e+00	0.000000e+00	0.000000e+00	
370	2.000007e-03	0.000000e+00	0.000000e+00	0.000000e+00	
371	2.000007e-03	0.000000e+00	0.000000e+00	0.000000e+00	
372	2.000007e-03	0.000000e+00	0.000000e+00	0.000000e+00	
373	2.000007e-03	0.000000e+00	0.000000e+00	0.000000e+00	
374	2.000008e-03	0.000000e+00	0.000000e+00	0.000000e+00	
375	2.000008e-03	0.000000e+00	0.000000e+00	0.000000e+00	
376	2.000008e-03	0.000000e+00	0.000000e+00	0.000000e+00	
377	2.000008e-03	0.000000e+00	0.000000e+00	0.000000e+00	
378	2.000008e-03	0.000000e+00	0.000000e+00	0.000000e+00	
379	2.000009e-03	0.000000e+00	0.000000e+00	0.000000e+00	
380	2.000009e-03	0.000000e+00	0.000000e+00	0.000000e+00	
381	2.000009e-03	0.000000e+00	0.000000e+00	0.000000e+00	
382	2.000009e-03	0.000000e+00	0.000000e+00	0.000000e+00	
383	2.000009e-03	0.000000e+00	0.000000e+00	0.000000e+00	
384	2.000009e-03	0.000000e+00	0.000000e+00	0.000000e+00	
385	2.000009e-03	0.000000e+00	0.000000e+00	0.000000e+00	
386	2.000009e-03	0.000000e+00	0.000000e+00	0.000000e+00	
387	2.000010e-03	0.000000e+00	0.000000e+00	0.000000e+00	
388	2.000010e-03	0.000000e+00	0.000000e+00	0.000000e+00	
389	2.000010e-03	0.000000e+00	0.000000e+00	0.000000e+00	
390	2.000010e-03	0.000000e+00	0.000000e+00	0.000000e+00	
391	2.000010e-03	0.000000e+00	0.000000e+00	0.000000e+00	
392	2.000010e-03	0.000000e+00	0.000000e+00	0.000000e+00	
393	2.000010e-03	0.000000e+00	0.000000e+00	0.000000e+00	
394	2.000010e-03	0.000000e+00	0.000000e+00	0.000000e+00	
395	2.000010e-03	0.000000e+00	0.000000e+00	0.000000e+00	
396	2.000010e-03	0.000000e+00	0.000000e+00	0.000000e+00	
397	2.000010e-03	0.000000e+00	0.000000e+00	0.000000e+00	
398	2.000011e-03	0.000000e+00	0.000000e+00	0.000000e+00	
399	2.000011e-03	0.000000e+00	0.000000e+00	0.000000e+00	
400	2.000012e-03	0.000000e+00	0.000000e+00	0.000000e+00	
401	2.000014e-03	0.000000e+00	0.000000e+00	0.000000e+00	
402	2.000018e-03	0.000000e+00	0.000000e+00	0.000000e+00	

Index   time            v5#branch       v6#branch       v7#branch       
--------------------------------------------------------------------------------
403	2.000020e-03	0.000000e+00	0.000000e+00	0.000000e+00	
404	2.000021e-03	0.000000e+00	0.000000e+00	0.000000e+00	
405	2.000022e-03	0.000000e+00	0.000000e+00	0.000000e+00	
406	2.000022e-03	0.000000e+00	0.000000e+00	0.000000e+00	
407	2.000022e-03	0.000000e+00	0.000000e+00	0.000000e+00	
408	2.000023e-03	0.000000e+00	0.000000e+00	0.000000e+00	
409	2.000023e-03	0.000000e+00	0.000000e+00	0.000000e+00	
410	2.000023e-03	0.000000e+00	0.000000e+00	0.000000e+00	
411	2.000023e-03	0.000000e+00	0.000000e+00	0.000000e+00	
412	2.000024e-03	0.000000e+00	0.000000e+00	0.000000e+00	
413	2.000024e-03	0.000000e+00	0.000000e+00	0.000000e+00	
414	2.000026e-03	0.000000e+00	0.000000e+00	0.000000e+00	
415	2.000028e-03	0.000000e+00	0.000000e+00	0.000000e+00	
416	2.000033e-03	0.000000e+00	0.000000e+00	0.000000e+00	
417	2.000044e-03	0.000000e+00	0.000000e+00	0.000000e+00	
418	2.000064e-03	0.000000e+00	0.000000e+00	0.000000e+00	
419	2.000105e-03	0.000000e+00	0.000000e+00	0.000000e+00	
420	2.000187e-03	0.000000e+00	0.000000e+00	0.000000e+00	
421	2.000351e-03	0.000000e+00	0.000000e+00	0.000000e+00	
422	2.000678e-03	0.000000e+00	0.000000e+00	0.000000e+00	
423	2.001334e-03	0.000000e+00	0.000000e+00	0.000000e+00	
424	2.002645e-03	0.000000e+00	0.000000e+00	0.000000e+00	
425	2.005266e-03	0.000000e+00	0.000000e+00	0.000000e+00	
426	2.010509e-03	0.000000e+00	0.000000e+00	0.000000e+00	
427	2.020995e-03	0.000000e+00	0.000000e+00	0.000000e+00	
428	2.041966e-03	0.000000e+00	0.000000e+00	0.000000e+00	
429	2.083909e-03	0.000000e+00	0.000000e+00	0.000000e+00	
430	2.167795e-03	0.000000e+00	0.000000e+00	0.000000e+00	
431	2.327795e-03	0.000000e+00	0.000000e+00	0.000000e+00	
432	2.487795e-03	0.000000e+00	0.000000e+00	0.000000e+00	
433	2.500010e-03	0.000000e+00	0.000000e+00	0.000000e+00	
434	2.500011e-03	0.000000e+00	0.000000e+00	0.000000e+00	
435	2.500013e-03	0.000000e+00	0.000000e+00	0.000000e+00	
436	2.500017e-03	0.000000e+00	0.000000e+00	0.000000e+00	
437	2.500019e-03	0.000000e+00	0.000000e+00	0.000000e+00	
438	2.500019e-03	0.000000e+00	0.000000e+00	0.000000e+00	
439	2.500019e-03	0.000000e+00	0.000000e+00	0.000000e+00	
440	2.500020e-03	0.000000e+00	0.000000e+00	0.000000e+00	
441	2.500020e-03	0.000000e+00	0.000000e+00	0.000000e+00	
442	2.500020e-03	0.000000e+00	0.000000e+00	0.000000e+00	
443	2.500020e-03	0.000000e+00	0.000000e+00	0.000000e+00	
444	2.500020e-03	0.000000e+00	0.000000e+00	0.000000e+00	
445	2.500020e-03	0.000000e+00	0.000000e+00	0.000000e+00	
446	2.500020e-03	0.000000e+00	0.000000e+00	0.000000e+00	
447	2.500020e-03	0.000000e+00	0.000000e+00	0.000000e+00	
448	2.500020e-03	0.000000e+00	0.000000e+00	0.000000e+00	
449	2.500020e-03	0.000000e+00	0.000000e+00	0.000000e+00	
450	2.500020e-03	0.000000e+00	0.000000e+00	0.000000e+00	
451	2.500021e-03	0.000000e+00	0.000000e+00	0.000000e+00	
452	2.500021e-03	0.000000e+00	0.000000e+00	0.000000e+00	
453	2.500021e-03	0.000000e+00	0.000000e+00	0.000000e+00	
454	2.500021e-03	0.000000e+00	0.000000e+00	0.000000e+00	
455	2.500021e-03	0.000000e+00	0.000000e+00	0.000000e+00	
456	2.500022e-03	0.000000e+00	0.000000e+00	0.000000e+00	
457	2.500022e-03	0.000000e+00	0.000000e+00	0.000000e+00	
458	2.500022e-03	0.000000e+00	0.000000e+00	0.000000e+00	
459	2.500022e-03	0.000000e+00	0.000000e+00	0.000000e+00	
460	2.500022e-03	0.000000e+00	0.000000e+00	0.000000e+00	

Index   time            v5#branch       v6#branch       v7#branch       
--------------------------------------------------------------------------------
461	2.500022e-03	0.000000e+00	0.000000e+00	0.000000e+00	
462	2.500022e-03	0.000000e+00	0.000000e+00	0.000000e+00	
463	2.500022e-03	0.000000e+00	0.000000e+00	0.000000e+00	
464	2.500023e-03	0.000000e+00	0.000000e+00	0.000000e+00	
465	2.500023e-03	0.000000e+00	0.000000e+00	0.000000e+00	
466	2.500023e-03	0.000000e+00	0.000000e+00	0.000000e+00	
467	2.500023e-03	0.000000e+00	0.000000e+00	0.000000e+00	
468	2.500023e-03	0.000000e+00	0.000000e+00	0.000000e+00	
469	2.500023e-03	0.000000e+00	0.000000e+00	0.000000e+00	
470	2.500023e-03	0.000000e+00	0.000000e+00	0.000000e+00	
471	2.500023e-03	0.000000e+00	0.000000e+00	0.000000e+00	
472	2.500023e-03	0.000000e+00	0.000000e+00	0.000000e+00	
473	2.500023e-03	0.000000e+00	0.000000e+00	0.000000e+00	
474	2.500023e-03	0.000000e+00	0.000000e+00	0.000000e+00	
475	2.500023e-03	0.000000e+00	0.000000e+00	0.000000e+00	
476	2.500023e-03	0.000000e+00	0.000000e+00	0.000000e+00	
477	2.500024e-03	0.000000e+00	0.000000e+00	0.000000e+00	
478	2.500024e-03	0.000000e+00	0.000000e+00	0.000000e+00	
479	2.500025e-03	0.000000e+00	0.000000e+00	0.000000e+00	
480	2.500025e-03	0.000000e+00	0.000000e+00	0.000000e+00	
481	2.500025e-03	0.000000e+00	0.000000e+00	0.000000e+00	
482	2.500026e-03	0.000000e+00	0.000000e+00	0.000000e+00	
483	2.500026e-03	0.000000e+00	0.000000e+00	0.000000e+00	
484	2.500026e-03	0.000000e+00	0.000000e+00	0.000000e+00	
485	2.500026e-03	0.000000e+00	0.000000e+00	0.000000e+00	
486	2.500026e-03	0.000000e+00	0.000000e+00	0.000000e+00	
487	2.500027e-03	0.000000e+00	0.000000e+00	0.000000e+00	
488	2.500028e-03	0.000000e+00	0.000000e+00	0.000000e+00	
489	2.500029e-03	0.000000e+00	0.000000e+00	0.000000e+00	
490	2.500029e-03	0.000000e+00	0.000000e+00	0.000000e+00	
491	2.500029e-03	0.000000e+00	0.000000e+00	0.000000e+00	
492	2.500029e-03	0.000000e+00	0.000000e+00	0.000000e+00	
493	2.500029e-03	0.000000e+00	0.000000e+00	0.000000e+00	
494	2.500029e-03	0.000000e+00	0.000000e+00	0.000000e+00	
495	2.500029e-03	0.000000e+00	0.000000e+00	0.000000e+00	
496	2.500029e-03	0.000000e+00	0.000000e+00	0.000000e+00	
497	2.500029e-03	0.000000e+00	0.000000e+00	0.000000e+00	
498	2.500029e-03	0.000000e+00	0.000000e+00	0.000000e+00	
499	2.500030e-03	0.000000e+00	0.000000e+00	0.000000e+00	
500	2.500030e-03	0.000000e+00	0.000000e+00	0.000000e+00	
501	2.500030e-03	0.000000e+00	0.000000e+00	0.000000e+00	
502	2.500030e-03	0.000000e+00	0.000000e+00	0.000000e+00	
503	2.500030e-03	0.000000e+00	0.000000e+00	0.000000e+00	
504	2.500031e-03	0.000000e+00	0.000000e+00	0.000000e+00	
505	2.500032e-03	0.000000e+00	0.000000e+00	0.000000e+00	
506	2.500033e-03	0.000000e+00	0.000000e+00	0.000000e+00	
507	2.500037e-03	0.000000e+00	0.000000e+00	0.000000e+00	
508	2.500043e-03	0.000000e+00	0.000000e+00	0.000000e+00	
509	2.500056e-03	0.000000e+00	0.000000e+00	0.000000e+00	
510	2.500082e-03	0.000000e+00	0.000000e+00	0.000000e+00	
511	2.500135e-03	0.000000e+00	0.000000e+00	0.000000e+00	
512	2.500240e-03	0.000000e+00	0.000000e+00	0.000000e+00	
513	2.500449e-03	0.000000e+00	0.000000e+00	0.000000e+00	
514	2.500869e-03	0.000000e+00	0.000000e+00	0.000000e+00	
515	2.501708e-03	0.000000e+00	0.000000e+00	0.000000e+00	
516	2.503385e-03	0.000000e+00	0.000000e+00	0.000000e+00	
517	2.506741e-03	0.000000e+00	0.000000e+00	0.000000e+00	
518	2.513452e-03	0.000000e+00	0.000000e+00	0.000000e+00	

Index   time            v5#branch       v6#branch       v7#branch       
--------------------------------------------------------------------------------
519	2.526873e-03	0.000000e+00	0.000000e+00	0.000000e+00	
520	2.553717e-03	0.000000e+00	0.000000e+00	0.000000e+00	
521	2.607404e-03	0.000000e+00	0.000000e+00	0.000000e+00	
522	2.714778e-03	0.000000e+00	0.000000e+00	0.000000e+00	
523	2.874778e-03	0.000000e+00	0.000000e+00	0.000000e+00	
524	3.000000e-03	0.000000e+00	0.000000e+00	0.000000e+00	
525	3.000001e-03	0.000000e+00	0.000000e+00	0.000000e+00	
526	3.000003e-03	0.000000e+00	0.000000e+00	0.000000e+00	
527	3.000005e-03	0.000000e+00	0.000000e+00	0.000000e+00	
528	3.000005e-03	0.000000e+00	0.000000e+00	0.000000e+00	
529	3.000005e-03	0.000000e+00	0.000000e+00	0.000000e+00	
530	3.000005e-03	0.000000e+00	0.000000e+00	0.000000e+00	
531	3.000005e-03	0.000000e+00	0.000000e+00	0.000000e+00	
532	3.000005e-03	0.000000e+00	0.000000e+00	0.000000e+00	
533	3.000005e-03	0.000000e+00	0.000000e+00	0.000000e+00	
534	3.000005e-03	0.000000e+00	0.000000e+00	0.000000e+00	
535	3.000005e-03	0.000000e+00	0.000000e+00	0.000000e+00	
536	3.000005e-03	0.000000e+00	0.000000e+00	0.000000e+00	
537	3.000006e-03	0.000000e+00	0.000000e+00	0.000000e+00	
538	3.000006e-03	0.000000e+00	0.000000e+00	0.000000e+00	
539	3.000007e-03	0.000000e+00	0.000000e+00	0.000000e+00	
540	3.000007e-03	0.000000e+00	0.000000e+00	0.000000e+00	
541	3.000007e-03	0.000000e+00	0.000000e+00	0.000000e+00	
542	3.000007e-03	0.000000e+00	0.000000e+00	0.000000e+00	
543	3.000007e-03	0.000000e+00	0.000000e+00	0.000000e+00	
544	3.000007e-03	0.000000e+00	0.000000e+00	0.000000e+00	
545	3.000007e-03	0.000000e+00	0.000000e+00	0.000000e+00	
546	3.000007e-03	0.000000e+00	0.000000e+00	0.000000e+00	
547	3.000007e-03	0.000000e+00	0.000000e+00	0.000000e+00	
548	3.000007e-03	0.000000e+00	0.000000e+00	0.000000e+00	
549	3.000008e-03	0.000000e+00	0.000000e+00	0.000000e+00	
550	3.000008e-03	0.000000e+00	0.000000e+00	0.000000e+00	
551	3.000008e-03	0.000000e+00	0.000000e+00	0.000000e+00	
552	3.000008e-03	0.000000e+00	0.000000e+00	0.000000e+00	
553	3.000008e-03	0.000000e+00	0.000000e+00	0.000000e+00	
554	3.000009e-03	0.000000e+00	0.000000e+00	0.000000e+00	
555	3.000009e-03	0.000000e+00	0.000000e+00	0.000000e+00	
556	3.000009e-03	0.000000e+00	0.000000e+00	0.000000e+00	
557	3.000009e-03	0.000000e+00	0.000000e+00	0.000000e+00	
558	3.000009e-03	0.000000e+00	0.000000e+00	0.000000e+00	
559	3.000009e-03	0.000000e+00	0.000000e+00	0.000000e+00	
560	3.000009e-03	0.000000e+00	0.000000e+00	0.000000e+00	
561	3.000009e-03	0.000000e+00	0.000000e+00	0.000000e+00	
562	3.000010e-03	0.000000e+00	0.000000e+00	0.000000e+00	
563	3.000010e-03	0.000000e+00	0.000000e+00	0.000000e+00	
564	3.000010e-03	0.000000e+00	0.000000e+00	0.000000e+00	
565	3.000010e-03	0.000000e+00	0.000000e+00	0.000000e+00	
566	3.000010e-03	0.000000e+00	0.000000e+00	0.000000e+00	
567	3.000010e-03	0.000000e+00	0.000000e+00	0.000000e+00	
568	3.000010e-03	0.000000e+00	0.000000e+00	0.000000e+00	
569	3.000010e-03	0.000000e+00	0.000000e+00	0.000000e+00	
570	3.000010e-03	0.000000e+00	0.000000e+00	0.000000e+00	
571	3.000010e-03	0.000000e+00	0.000000e+00	0.000000e+00	
572	3.000010e-03	0.000000e+00	0.000000e+00	0.000000e+00	
573	3.000011e-03	0.000000e+00	0.000000e+00	0.000000e+00	
574	3.000011e-03	0.000000e+00	0.000000e+00	0.000000e+00	
575	3.000012e-03	0.000000e+00	0.000000e+00	0.000000e+00	
576	3.000014e-03	0.000000e+00	0.000000e+00	0.000000e+00	

Index   time            v5#branch       v6#branch       v7#branch       
--------------------------------------------------------------------------------
577	3.000018e-03	0.000000e+00	0.000000e+00	0.000000e+00	
578	3.000020e-03	0.000000e+00	0.000000e+00	0.000000e+00	
579	3.000021e-03	0.000000e+00	0.000000e+00	0.000000e+00	
580	3.000022e-03	0.000000e+00	0.000000e+00	0.000000e+00	
581	3.000022e-03	0.000000e+00	0.000000e+00	0.000000e+00	
582	3.000022e-03	0.000000e+00	0.000000e+00	0.000000e+00	
583	3.000023e-03	0.000000e+00	0.000000e+00	0.000000e+00	
584	3.000023e-03	0.000000e+00	0.000000e+00	0.000000e+00	
585	3.000023e-03	0.000000e+00	0.000000e+00	0.000000e+00	
586	3.000023e-03	0.000000e+00	0.000000e+00	0.000000e+00	
587	3.000024e-03	0.000000e+00	0.000000e+00	0.000000e+00	
588	3.000024e-03	0.000000e+00	0.000000e+00	0.000000e+00	
589	3.000026e-03	0.000000e+00	0.000000e+00	0.000000e+00	
590	3.000028e-03	0.000000e+00	0.000000e+00	0.000000e+00	
591	3.000033e-03	0.000000e+00	0.000000e+00	0.000000e+00	
592	3.000044e-03	0.000000e+00	0.000000e+00	0.000000e+00	
593	3.000064e-03	0.000000e+00	0.000000e+00	0.000000e+00	
594	3.000105e-03	0.000000e+00	0.000000e+00	0.000000e+00	
595	3.000187e-03	0.000000e+00	0.000000e+00	0.000000e+00	
596	3.000351e-03	0.000000e+00	0.000000e+00	0.000000e+00	
597	3.000678e-03	0.000000e+00	0.000000e+00	0.000000e+00	
598	3.001334e-03	0.000000e+00	0.000000e+00	0.000000e+00	
599	3.002645e-03	0.000000e+00	0.000000e+00	0.000000e+00	
600	3.005266e-03	0.000000e+00	0.000000e+00	0.000000e+00	
601	3.010509e-03	0.000000e+00	0.000000e+00	0.000000e+00	
602	3.020995e-03	0.000000e+00	0.000000e+00	0.000000e+00	
603	3.041966e-03	0.000000e+00	0.000000e+00	0.000000e+00	
604	3.083909e-03	0.000000e+00	0.000000e+00	0.000000e+00	
605	3.167795e-03	0.000000e+00	0.000000e+00	0.000000e+00	
606	3.327795e-03	0.000000e+00	0.000000e+00	0.000000e+00	
607	3.487795e-03	0.000000e+00	0.000000e+00	0.000000e+00	
608	3.500010e-03	0.000000e+00	0.000000e+00	0.000000e+00	
609	3.500011e-03	0.000000e+00	0.000000e+00	0.000000e+00	
610	3.500013e-03	0.000000e+00	0.000000e+00	0.000000e+00	
611	3.500017e-03	0.000000e+00	0.000000e+00	0.000000e+00	
612	3.500019e-03	0.000000e+00	0.000000e+00	0.000000e+00	
613	3.500019e-03	0.000000e+00	0.000000e+00	0.000000e+00	
614	3.500019e-03	0.000000e+00	0.000000e+00	0.000000e+00	
615	3.500020e-03	0.000000e+00	0.000000e+00	0.000000e+00	
616	3.500020e-03	0.000000e+00	0.000000e+00	0.000000e+00	
617	3.500020e-03	0.000000e+00	0.000000e+00	0.000000e+00	
618	3.500020e-03	0.000000e+00	0.000000e+00	0.000000e+00	
619	3.500020e-03	0.000000e+00	0.000000e+00	0.000000e+00	
620	3.500020e-03	0.000000e+00	0.000000e+00	0.000000e+00	
621	3.500020e-03	0.000000e+00	0.000000e+00	0.000000e+00	
622	3.500020e-03	0.000000e+00	0.000000e+00	0.000000e+00	
623	3.500020e-03	0.000000e+00	0.000000e+00	0.000000e+00	
624	3.500020e-03	0.000000e+00	0.000000e+00	0.000000e+00	
625	3.500020e-03	0.000000e+00	0.000000e+00	0.000000e+00	
626	3.500021e-03	0.000000e+00	0.000000e+00	0.000000e+00	
627	3.500021e-03	0.000000e+00	0.000000e+00	0.000000e+00	
628	3.500021e-03	0.000000e+00	0.000000e+00	0.000000e+00	
629	3.500021e-03	0.000000e+00	0.000000e+00	0.000000e+00	
630	3.500021e-03	0.000000e+00	0.000000e+00	0.000000e+00	
631	3.500022e-03	0.000000e+00	0.000000e+00	0.000000e+00	
632	3.500022e-03	0.000000e+00	0.000000e+00	0.000000e+00	
633	3.500022e-03	0.000000e+00	0.000000e+00	0.000000e+00	
634	3.500022e-03	0.000000e+00	0.000000e+00	0.000000e+00	

Index   time            v5#branch       v6#branch       v7#branch       
--------------------------------------------------------------------------------
635	3.500022e-03	0.000000e+00	0.000000e+00	0.000000e+00	
636	3.500022e-03	0.000000e+00	0.000000e+00	0.000000e+00	
637	3.500022e-03	0.000000e+00	0.000000e+00	0.000000e+00	
638	3.500022e-03	0.000000e+00	0.000000e+00	0.000000e+00	
639	3.500023e-03	0.000000e+00	0.000000e+00	0.000000e+00	
640	3.500023e-03	0.000000e+00	0.000000e+00	0.000000e+00	
641	3.500023e-03	0.000000e+00	0.000000e+00	0.000000e+00	
642	3.500023e-03	0.000000e+00	0.000000e+00	0.000000e+00	
643	3.500023e-03	0.000000e+00	0.000000e+00	0.000000e+00	
644	3.500023e-03	0.000000e+00	0.000000e+00	0.000000e+00	
645	3.500023e-03	0.000000e+00	0.000000e+00	0.000000e+00	
646	3.500023e-03	0.000000e+00	0.000000e+00	0.000000e+00	
647	3.500023e-03	0.000000e+00	0.000000e+00	0.000000e+00	
648	3.500023e-03	0.000000e+00	0.000000e+00	0.000000e+00	
649	3.500023e-03	0.000000e+00	0.000000e+00	0.000000e+00	
650	3.500023e-03	0.000000e+00	0.000000e+00	0.000000e+00	
651	3.500023e-03	0.000000e+00	0.000000e+00	0.000000e+00	
652	3.500024e-03	0.000000e+00	0.000000e+00	0.000000e+00	
653	3.500024e-03	0.000000e+00	0.000000e+00	0.000000e+00	
654	3.500025e-03	0.000000e+00	0.000000e+00	0.000000e+00	
655	3.500025e-03	0.000000e+00	0.000000e+00	0.000000e+00	
656	3.500025e-03	0.000000e+00	0.000000e+00	0.000000e+00	
657	3.500026e-03	0.000000e+00	0.000000e+00	0.000000e+00	
658	3.500026e-03	0.000000e+00	0.000000e+00	0.000000e+00	
659	3.500026e-03	0.000000e+00	0.000000e+00	0.000000e+00	
660	3.500026e-03	0.000000e+00	0.000000e+00	0.000000e+00	
661	3.500026e-03	0.000000e+00	0.000000e+00	0.000000e+00	
662	3.500027e-03	0.000000e+00	0.000000e+00	0.000000e+00	
663	3.500028e-03	0.000000e+00	0.000000e+00	0.000000e+00	
664	3.500029e-03	0.000000e+00	0.000000e+00	0.000000e+00	
665	3.500029e-03	0.000000e+00	0.000000e+00	0.000000e+00	
666	3.500029e-03	0.000000e+00	0.000000e+00	0.000000e+00	
667	3.500029e-03	0.000000e+00	0.000000e+00	0.000000e+00	
668	3.500029e-03	0.000000e+00	0.000000e+00	0.000000e+00	
669	3.500029e-03	0.000000e+00	0.000000e+00	0.000000e+00	
670	3.500029e-03	0.000000e+00	0.000000e+00	0.000000e+00	
671	3.500029e-03	0.000000e+00	0.000000e+00	0.000000e+00	
672	3.500029e-03	0.000000e+00	0.000000e+00	0.000000e+00	
673	3.500029e-03	0.000000e+00	0.000000e+00	0.000000e+00	
674	3.500030e-03	0.000000e+00	0.000000e+00	0.000000e+00	
675	3.500030e-03	0.000000e+00	0.000000e+00	0.000000e+00	
676	3.500030e-03	0.000000e+00	0.000000e+00	0.000000e+00	
677	3.500030e-03	0.000000e+00	0.000000e+00	0.000000e+00	
678	3.500030e-03	0.000000e+00	0.000000e+00	0.000000e+00	
679	3.500031e-03	0.000000e+00	0.000000e+00	0.000000e+00	
680	3.500032e-03	0.000000e+00	0.000000e+00	0.000000e+00	
681	3.500033e-03	0.000000e+00	0.000000e+00	0.000000e+00	
682	3.500037e-03	0.000000e+00	0.000000e+00	0.000000e+00	
683	3.500043e-03	0.000000e+00	0.000000e+00	0.000000e+00	
684	3.500056e-03	0.000000e+00	0.000000e+00	0.000000e+00	
685	3.500082e-03	0.000000e+00	0.000000e+00	0.000000e+00	
686	3.500135e-03	0.000000e+00	0.000000e+00	0.000000e+00	
687	3.500240e-03	0.000000e+00	0.000000e+00	0.000000e+00	
688	3.500449e-03	0.000000e+00	0.000000e+00	0.000000e+00	
689	3.500869e-03	0.000000e+00	0.000000e+00	0.000000e+00	
690	3.501708e-03	0.000000e+00	0.000000e+00	0.000000e+00	
691	3.503385e-03	0.000000e+00	0.000000e+00	0.000000e+00	
692	3.506741e-03	0.000000e+00	0.000000e+00	0.000000e+00	

Index   time            v5#branch       v6#branch       v7#branch       
--------------------------------------------------------------------------------
693	3.513452e-03	0.000000e+00	0.000000e+00	0.000000e+00	
694	3.526873e-03	0.000000e+00	0.000000e+00	0.000000e+00	
695	3.553717e-03	0.000000e+00	0.000000e+00	0.000000e+00	
696	3.607404e-03	0.000000e+00	0.000000e+00	0.000000e+00	
697	3.714778e-03	0.000000e+00	0.000000e+00	0.000000e+00	
698	3.874778e-03	0.000000e+00	0.000000e+00	0.000000e+00	
699	4.000000e-03	0.000000e+00	0.000000e+00	0.000000e+00	
700	4.000001e-03	0.000000e+00	0.000000e+00	0.000000e+00	
701	4.000003e-03	0.000000e+00	0.000000e+00	0.000000e+00	
702	4.000005e-03	0.000000e+00	0.000000e+00	0.000000e+00	
703	4.000005e-03	0.000000e+00	0.000000e+00	0.000000e+00	
704	4.000005e-03	0.000000e+00	0.000000e+00	0.000000e+00	
705	4.000005e-03	0.000000e+00	0.000000e+00	0.000000e+00	
706	4.000005e-03	0.000000e+00	0.000000e+00	0.000000e+00	
707	4.000005e-03	0.000000e+00	0.000000e+00	0.000000e+00	
708	4.000005e-03	0.000000e+00	0.000000e+00	0.000000e+00	
709	4.000005e-03	0.000000e+00	0.000000e+00	0.000000e+00	
710	4.000005e-03	0.000000e+00	0.000000e+00	0.000000e+00	
711	4.000005e-03	0.000000e+00	0.000000e+00	0.000000e+00	
712	4.000006e-03	0.000000e+00	0.000000e+00	0.000000e+00	
713	4.000006e-03	0.000000e+00	0.000000e+00	0.000000e+00	
714	4.000006e-03	0.000000e+00	0.000000e+00	0.000000e+00	
715	4.000006e-03	0.000000e+00	0.000000e+00	0.000000e+00	
716	4.000006e-03	0.000000e+00	0.000000e+00	0.000000e+00	
717	4.000006e-03	0.000000e+00	0.000000e+00	0.000000e+00	
718	4.000006e-03	0.000000e+00	0.000000e+00	0.000000e+00	
719	4.000006e-03	0.000000e+00	0.000000e+00	0.000000e+00	
720	4.000006e-03	0.000000e+00	0.000000e+00	0.000000e+00	
721	4.000006e-03	0.000000e+00	0.000000e+00	0.000000e+00	
722	4.000006e-03	0.000000e+00	0.000000e+00	0.000000e+00	
723	4.000007e-03	0.000000e+00	0.000000e+00	0.000000e+00	
724	4.000007e-03	0.000000e+00	0.000000e+00	0.000000e+00	
725	4.000007e-03	0.000000e+00	0.000000e+00	0.000000e+00	
726	4.000007e-03	0.000000e+00	0.000000e+00	0.000000e+00	
727	4.000007e-03	0.000000e+00	0.000000e+00	0.000000e+00	
728	4.000007e-03	0.000000e+00	0.000000e+00	0.000000e+00	
729	4.000007e-03	0.000000e+00	0.000000e+00	0.000000e+00	
730	4.000007e-03	0.000000e+00	0.000000e+00	0.000000e+00	
731	4.000007e-03	0.000000e+00	0.000000e+00	0.000000e+00	
732	4.000007e-03	0.000000e+00	0.000000e+00	0.000000e+00	
733	4.000007e-03	0.000000e+00	0.000000e+00	0.000000e+00	
734	4.000008e-03	0.000000e+00	0.000000e+00	0.000000e+00	
735	4.000008e-03	0.000000e+00	0.000000e+00	0.000000e+00	
736	4.000008e-03	0.000000e+00	0.000000e+00	0.000000e+00	
737	4.000008e-03	0.000000e+00	0.000000e+00	0.000000e+00	
738	4.000008e-03	0.000000e+00	0.000000e+00	0.000000e+00	
739	4.000009e-03	0.000000e+00	0.000000e+00	0.000000e+00	
740	4.000009e-03	0.000000e+00	0.000000e+00	0.000000e+00	
741	4.000009e-03	0.000000e+00	0.000000e+00	0.000000e+00	
742	4.000009e-03	0.000000e+00	0.000000e+00	0.000000e+00	
743	4.000009e-03	0.000000e+00	0.000000e+00	0.000000e+00	
744	4.000009e-03	0.000000e+00	0.000000e+00	0.000000e+00	
745	4.000009e-03	0.000000e+00	0.000000e+00	0.000000e+00	
746	4.000009e-03	0.000000e+00	0.000000e+00	0.000000e+00	
747	4.000010e-03	0.000000e+00	0.000000e+00	0.000000e+00	
748	4.000010e-03	0.000000e+00	0.000000e+00	0.000000e+00	
749	4.000010e-03	0.000000e+00	0.000000e+00	0.000000e+00	
750	4.000010e-03	0.000000e+00	0.000000e+00	0.000000e+00	

Index   time            v5#branch       v6#branch       v7#branch       
--------------------------------------------------------------------------------
751	4.000010e-03	0.000000e+00	0.000000e+00	0.000000e+00	
752	4.000010e-03	0.000000e+00	0.000000e+00	0.000000e+00	
753	4.000010e-03	0.000000e+00	0.000000e+00	0.000000e+00	
754	4.000010e-03	0.000000e+00	0.000000e+00	0.000000e+00	
755	4.000010e-03	0.000000e+00	0.000000e+00	0.000000e+00	
756	4.000010e-03	0.000000e+00	0.000000e+00	0.000000e+00	
757	4.000010e-03	0.000000e+00	0.000000e+00	0.000000e+00	
758	4.000011e-03	0.000000e+00	0.000000e+00	0.000000e+00	
759	4.000011e-03	0.000000e+00	0.000000e+00	0.000000e+00	
760	4.000012e-03	0.000000e+00	0.000000e+00	0.000000e+00	
761	4.000014e-03	0.000000e+00	0.000000e+00	0.000000e+00	
762	4.000018e-03	0.000000e+00	0.000000e+00	0.000000e+00	
763	4.000020e-03	0.000000e+00	0.000000e+00	0.000000e+00	
764	4.000021e-03	0.000000e+00	0.000000e+00	0.000000e+00	
765	4.000021e-03	0.000000e+00	0.000000e+00	0.000000e+00	
766	4.000021e-03	0.000000e+00	0.000000e+00	0.000000e+00	
767	4.000021e-03	0.000000e+00	0.000000e+00	0.000000e+00	
768	4.000022e-03	0.000000e+00	0.000000e+00	0.000000e+00	
769	4.000022e-03	0.000000e+00	0.000000e+00	0.000000e+00	
770	4.000022e-03	0.000000e+00	0.000000e+00	0.000000e+00	
771	4.000022e-03	0.000000e+00	0.000000e+00	0.000000e+00	
772	4.000023e-03	0.000000e+00	0.000000e+00	0.000000e+00	
773	4.000023e-03	0.000000e+00	0.000000e+00	0.000000e+00	
774	4.000025e-03	0.000000e+00	0.000000e+00	0.000000e+00	
775	4.000027e-03	0.000000e+00	0.000000e+00	0.000000e+00	
776	4.000032e-03	0.000000e+00	0.000000e+00	0.000000e+00	
777	4.000043e-03	0.000000e+00	0.000000e+00	0.000000e+00	
778	4.000063e-03	0.000000e+00	0.000000e+00	0.000000e+00	
779	4.000104e-03	0.000000e+00	0.000000e+00	0.000000e+00	
780	4.000186e-03	0.000000e+00	0.000000e+00	0.000000e+00	
781	4.000350e-03	0.000000e+00	0.000000e+00	0.000000e+00	
782	4.000677e-03	0.000000e+00	0.000000e+00	0.000000e+00	
783	4.001333e-03	0.000000e+00	0.000000e+00	0.000000e+00	
784	4.002644e-03	0.000000e+00	0.000000e+00	0.000000e+00	
785	4.005265e-03	0.000000e+00	0.000000e+00	0.000000e+00	
786	4.010508e-03	0.000000e+00	0.000000e+00	0.000000e+00	
787	4.020994e-03	0.000000e+00	0.000000e+00	0.000000e+00	
788	4.041965e-03	0.000000e+00	0.000000e+00	0.000000e+00	
789	4.083908e-03	0.000000e+00	0.000000e+00	0.000000e+00	
790	4.167794e-03	0.000000e+00	0.000000e+00	0.000000e+00	
791	4.327794e-03	0.000000e+00	0.000000e+00	0.000000e+00	
792	4.487794e-03	0.000000e+00	0.000000e+00	0.000000e+00	
793	4.500010e-03	0.000000e+00	0.000000e+00	0.000000e+00	
794	4.500011e-03	0.000000e+00	0.000000e+00	0.000000e+00	
795	4.500013e-03	0.000000e+00	0.000000e+00	0.000000e+00	
796	4.500017e-03	0.000000e+00	0.000000e+00	0.000000e+00	
797	4.500019e-03	0.000000e+00	0.000000e+00	0.000000e+00	
798	4.500019e-03	0.000000e+00	0.000000e+00	0.000000e+00	
799	4.500019e-03	0.000000e+00	0.000000e+00	0.000000e+00	
800	4.500020e-03	0.000000e+00	0.000000e+00	0.000000e+00	
801	4.500020e-03	0.000000e+00	0.000000e+00	0.000000e+00	
802	4.500020e-03	0.000000e+00	0.000000e+00	0.000000e+00	
803	4.500020e-03	0.000000e+00	0.000000e+00	0.000000e+00	
804	4.500020e-03	0.000000e+00	0.000000e+00	0.000000e+00	
805	4.500020e-03	0.000000e+00	0.000000e+00	0.000000e+00	
806	4.500020e-03	0.000000e+00	0.000000e+00	0.000000e+00	
807	4.500020e-03	0.000000e+00	0.000000e+00	0.000000e+00	
808	4.500020e-03	0.000000e+00	0.000000e+00	0.000000e+00	

Index   time            v5#branch       v6#branch       v7#branch       
--------------------------------------------------------------------------------
809	4.500020e-03	0.000000e+00	0.000000e+00	0.000000e+00	
810	4.500020e-03	0.000000e+00	0.000000e+00	0.000000e+00	
811	4.500021e-03	0.000000e+00	0.000000e+00	0.000000e+00	
812	4.500021e-03	0.000000e+00	0.000000e+00	0.000000e+00	
813	4.500021e-03	0.000000e+00	0.000000e+00	0.000000e+00	
814	4.500021e-03	0.000000e+00	0.000000e+00	0.000000e+00	
815	4.500021e-03	0.000000e+00	0.000000e+00	0.000000e+00	
816	4.500022e-03	0.000000e+00	0.000000e+00	0.000000e+00	
817	4.500022e-03	0.000000e+00	0.000000e+00	0.000000e+00	
818	4.500022e-03	0.000000e+00	0.000000e+00	0.000000e+00	
819	4.500022e-03	0.000000e+00	0.000000e+00	0.000000e+00	
820	4.500022e-03	0.000000e+00	0.000000e+00	0.000000e+00	
821	4.500022e-03	0.000000e+00	0.000000e+00	0.000000e+00	
822	4.500022e-03	0.000000e+00	0.000000e+00	0.000000e+00	
823	4.500022e-03	0.000000e+00	0.000000e+00	0.000000e+00	
824	4.500023e-03	0.000000e+00	0.000000e+00	0.000000e+00	
825	4.500023e-03	0.000000e+00	0.000000e+00	0.000000e+00	
826	4.500023e-03	0.000000e+00	0.000000e+00	0.000000e+00	
827	4.500023e-03	0.000000e+00	0.000000e+00	0.000000e+00	
828	4.500023e-03	0.000000e+00	0.000000e+00	0.000000e+00	
829	4.500023e-03	0.000000e+00	0.000000e+00	0.000000e+00	
830	4.500023e-03	0.000000e+00	0.000000e+00	0.000000e+00	
831	4.500023e-03	0.000000e+00	0.000000e+00	0.000000e+00	
832	4.500023e-03	0.000000e+00	0.000000e+00	0.000000e+00	
833	4.500023e-03	0.000000e+00	0.000000e+00	0.000000e+00	
834	4.500023e-03	0.000000e+00	0.000000e+00	0.000000e+00	
835	4.500023e-03	0.000000e+00	0.000000e+00	0.000000e+00	
836	4.500023e-03	0.000000e+00	0.000000e+00	0.000000e+00	
837	4.500024e-03	0.000000e+00	0.000000e+00	0.000000e+00	
838	4.500024e-03	0.000000e+00	0.000000e+00	0.000000e+00	
839	4.500025e-03	0.000000e+00	0.000000e+00	0.000000e+00	
840	4.500025e-03	0.000000e+00	0.000000e+00	0.000000e+00	
841	4.500025e-03	0.000000e+00	0.000000e+00	0.000000e+00	
842	4.500026e-03	0.000000e+00	0.000000e+00	0.000000e+00	
843	4.500026e-03	0.000000e+00	0.000000e+00	0.000000e+00	
844	4.500026e-03	0.000000e+00	0.000000e+00	0.000000e+00	
845	4.500026e-03	0.000000e+00	0.000000e+00	0.000000e+00	
846	4.500026e-03	0.000000e+00	0.000000e+00	0.000000e+00	
847	4.500027e-03	0.000000e+00	0.000000e+00	0.000000e+00	
848	4.500028e-03	0.000000e+00	0.000000e+00	0.000000e+00	
849	4.500029e-03	0.000000e+00	0.000000e+00	0.000000e+00	
850	4.500029e-03	0.000000e+00	0.000000e+00	0.000000e+00	
851	4.500029e-03	0.000000e+00	0.000000e+00	0.000000e+00	
852	4.500029e-03	0.000000e+00	0.000000e+00	0.000000e+00	
853	4.500029e-03	0.000000e+00	0.000000e+00	0.000000e+00	
854	4.500029e-03	0.000000e+00	0.000000e+00	0.000000e+00	
855	4.500029e-03	0.000000e+00	0.000000e+00	0.000000e+00	
856	4.500029e-03	0.000000e+00	0.000000e+00	0.000000e+00	
857	4.500029e-03	0.000000e+00	0.000000e+00	0.000000e+00	
858	4.500029e-03	0.000000e+00	0.000000e+00	0.000000e+00	
859	4.500030e-03	0.000000e+00	0.000000e+00	0.000000e+00	
860	4.500030e-03	0.000000e+00	0.000000e+00	0.000000e+00	
861	4.500030e-03	0.000000e+00	0.000000e+00	0.000000e+00	
862	4.500030e-03	0.000000e+00	0.000000e+00	0.000000e+00	
863	4.500030e-03	0.000000e+00	0.000000e+00	0.000000e+00	
864	4.500031e-03	0.000000e+00	0.000000e+00	0.000000e+00	
865	4.500032e-03	0.000000e+00	0.000000e+00	0.000000e+00	
866	4.500033e-03	0.000000e+00	0.000000e+00	0.000000e+00	

Index   time            v5#branch       v6#branch       v7#branch       
--------------------------------------------------------------------------------
867	4.500037e-03	0.000000e+00	0.000000e+00	0.000000e+00	
868	4.500043e-03	0.000000e+00	0.000000e+00	0.000000e+00	
869	4.500056e-03	0.000000e+00	0.000000e+00	0.000000e+00	
870	4.500082e-03	0.000000e+00	0.000000e+00	0.000000e+00	
871	4.500135e-03	0.000000e+00	0.000000e+00	0.000000e+00	
872	4.500240e-03	0.000000e+00	0.000000e+00	0.000000e+00	
873	4.500449e-03	0.000000e+00	0.000000e+00	0.000000e+00	
874	4.500869e-03	0.000000e+00	0.000000e+00	0.000000e+00	
875	4.501708e-03	0.000000e+00	0.000000e+00	0.000000e+00	
876	4.503385e-03	0.000000e+00	0.000000e+00	0.000000e+00	
877	4.506741e-03	0.000000e+00	0.000000e+00	0.000000e+00	
878	4.513452e-03	0.000000e+00	0.000000e+00	0.000000e+00	
879	4.526873e-03	0.000000e+00	0.000000e+00	0.000000e+00	
880	4.553717e-03	0.000000e+00	0.000000e+00	0.000000e+00	
881	4.607404e-03	0.000000e+00	0.000000e+00	0.000000e+00	
882	4.714778e-03	0.000000e+00	0.000000e+00	0.000000e+00	
883	4.874778e-03	0.000000e+00	0.000000e+00	0.000000e+00	
884	5.000000e-03	0.000000e+00	0.000000e+00	0.000000e+00	
885	5.000001e-03	0.000000e+00	0.000000e+00	0.000000e+00	
886	5.000003e-03	0.000000e+00	0.000000e+00	0.000000e+00	
887	5.000005e-03	0.000000e+00	0.000000e+00	0.000000e+00	
888	5.000005e-03	0.000000e+00	0.000000e+00	0.000000e+00	
889	5.000005e-03	0.000000e+00	0.000000e+00	0.000000e+00	
890	5.000005e-03	0.000000e+00	0.000000e+00	0.000000e+00	
891	5.000005e-03	0.000000e+00	0.000000e+00	0.000000e+00	
892	5.000005e-03	0.000000e+00	0.000000e+00	0.000000e+00	
893	5.000005e-03	0.000000e+00	0.000000e+00	0.000000e+00	
894	5.000005e-03	0.000000e+00	0.000000e+00	0.000000e+00	
895	5.000005e-03	0.000000e+00	0.000000e+00	0.000000e+00	
896	5.000005e-03	0.000000e+00	0.000000e+00	0.000000e+00	
897	5.000006e-03	0.000000e+00	0.000000e+00	0.000000e+00	
898	5.000006e-03	0.000000e+00	0.000000e+00	0.000000e+00	
899	5.000007e-03	0.000000e+00	0.000000e+00	0.000000e+00	
900	5.000007e-03	0.000000e+00	0.000000e+00	0.000000e+00	
901	5.000007e-03	0.000000e+00	0.000000e+00	0.000000e+00	
902	5.000007e-03	0.000000e+00	0.000000e+00	0.000000e+00	
903	5.000007e-03	0.000000e+00	0.000000e+00	0.000000e+00	
904	5.000007e-03	0.000000e+00	0.000000e+00	0.000000e+00	
905	5.000007e-03	0.000000e+00	0.000000e+00	0.000000e+00	
906	5.000007e-03	0.000000e+00	0.000000e+00	0.000000e+00	
907	5.000007e-03	0.000000e+00	0.000000e+00	0.000000e+00	
908	5.000007e-03	0.000000e+00	0.000000e+00	0.000000e+00	
909	5.000008e-03	0.000000e+00	0.000000e+00	0.000000e+00	
910	5.000008e-03	0.000000e+00	0.000000e+00	0.000000e+00	
911	5.000008e-03	0.000000e+00	0.000000e+00	0.000000e+00	
912	5.000008e-03	0.000000e+00	0.000000e+00	0.000000e+00	
913	5.000008e-03	0.000000e+00	0.000000e+00	0.000000e+00	
914	5.000009e-03	0.000000e+00	0.000000e+00	0.000000e+00	
915	5.000009e-03	0.000000e+00	0.000000e+00	0.000000e+00	
916	5.000009e-03	0.000000e+00	0.000000e+00	0.000000e+00	
917	5.000009e-03	0.000000e+00	0.000000e+00	0.000000e+00	
918	5.000009e-03	0.000000e+00	0.000000e+00	0.000000e+00	
919	5.000009e-03	0.000000e+00	0.000000e+00	0.000000e+00	
920	5.000009e-03	0.000000e+00	0.000000e+00	0.000000e+00	
921	5.000009e-03	0.000000e+00	0.000000e+00	0.000000e+00	
922	5.000010e-03	0.000000e+00	0.000000e+00	0.000000e+00	
923	5.000010e-03	0.000000e+00	0.000000e+00	0.000000e+00	
924	5.000010e-03	0.000000e+00	0.000000e+00	0.000000e+00	

Index   time            v5#branch       v6#branch       v7#branch       
--------------------------------------------------------------------------------
925	5.000010e-03	0.000000e+00	0.000000e+00	0.000000e+00	
926	5.000010e-03	0.000000e+00	0.000000e+00	0.000000e+00	
927	5.000010e-03	0.000000e+00	0.000000e+00	0.000000e+00	
928	5.000010e-03	0.000000e+00	0.000000e+00	0.000000e+00	
929	5.000010e-03	0.000000e+00	0.000000e+00	0.000000e+00	
930	5.000010e-03	0.000000e+00	0.000000e+00	0.000000e+00	
931	5.000010e-03	0.000000e+00	0.000000e+00	0.000000e+00	
932	5.000010e-03	0.000000e+00	0.000000e+00	0.000000e+00	
933	5.000011e-03	0.000000e+00	0.000000e+00	0.000000e+00	
934	5.000011e-03	0.000000e+00	0.000000e+00	0.000000e+00	
935	5.000012e-03	0.000000e+00	0.000000e+00	0.000000e+00	
936	5.000014e-03	0.000000e+00	0.000000e+00	0.000000e+00	
937	5.000018e-03	0.000000e+00	0.000000e+00	0.000000e+00	
938	5.000020e-03	0.000000e+00	0.000000e+00	0.000000e+00	
939	5.000021e-03	0.000000e+00	0.000000e+00	0.000000e+00	
940	5.000022e-03	0.000000e+00	0.000000e+00	0.000000e+00	
941	5.000022e-03	0.000000e+00	0.000000e+00	0.000000e+00	
942	5.000022e-03	0.000000e+00	0.000000e+00	0.000000e+00	
943	5.000023e-03	0.000000e+00	0.000000e+00	0.000000e+00	
944	5.000023e-03	0.000000e+00	0.000000e+00	0.000000e+00	
945	5.000023e-03	0.000000e+00	0.000000e+00	0.000000e+00	
946	5.000023e-03	0.000000e+00	0.000000e+00	0.000000e+00	
947	5.000024e-03	0.000000e+00	0.000000e+00	0.000000e+00	
948	5.000024e-03	0.000000e+00	0.000000e+00	0.000000e+00	
949	5.000026e-03	0.000000e+00	0.000000e+00	0.000000e+00	
950	5.000028e-03	0.000000e+00	0.000000e+00	0.000000e+00	
951	5.000033e-03	0.000000e+00	0.000000e+00	0.000000e+00	
952	5.000044e-03	0.000000e+00	0.000000e+00	0.000000e+00	
953	5.000064e-03	0.000000e+00	0.000000e+00	0.000000e+00	
954	5.000105e-03	0.000000e+00	0.000000e+00	0.000000e+00	
955	5.000187e-03	0.000000e+00	0.000000e+00	0.000000e+00	
956	5.000351e-03	0.000000e+00	0.000000e+00	0.000000e+00	
957	5.000678e-03	0.000000e+00	0.000000e+00	0.000000e+00	
958	5.001334e-03	0.000000e+00	0.000000e+00	0.000000e+00	
959	5.002645e-03	0.000000e+00	0.000000e+00	0.000000e+00	
960	5.005266e-03	0.000000e+00	0.000000e+00	0.000000e+00	
961	5.010509e-03	0.000000e+00	0.000000e+00	0.000000e+00	
962	5.020995e-03	0.000000e+00	0.000000e+00	0.000000e+00	
963	5.041966e-03	0.000000e+00	0.000000e+00	0.000000e+00	
964	5.083909e-03	0.000000e+00	0.000000e+00	0.000000e+00	
965	5.167795e-03	0.000000e+00	0.000000e+00	0.000000e+00	
966	5.327795e-03	0.000000e+00	0.000000e+00	0.000000e+00	
967	5.487795e-03	0.000000e+00	0.000000e+00	0.000000e+00	
968	5.500010e-03	0.000000e+00	0.000000e+00	0.000000e+00	
969	5.500011e-03	0.000000e+00	0.000000e+00	0.000000e+00	
970	5.500013e-03	0.000000e+00	0.000000e+00	0.000000e+00	
971	5.500017e-03	0.000000e+00	0.000000e+00	0.000000e+00	
972	5.500019e-03	0.000000e+00	0.000000e+00	0.000000e+00	
973	5.500019e-03	0.000000e+00	0.000000e+00	0.000000e+00	
974	5.500019e-03	0.000000e+00	0.000000e+00	0.000000e+00	
975	5.500020e-03	0.000000e+00	0.000000e+00	0.000000e+00	
976	5.500020e-03	0.000000e+00	0.000000e+00	0.000000e+00	
977	5.500020e-03	0.000000e+00	0.000000e+00	0.000000e+00	
978	5.500020e-03	0.000000e+00	0.000000e+00	0.000000e+00	
979	5.500020e-03	0.000000e+00	0.000000e+00	0.000000e+00	
980	5.500020e-03	0.000000e+00	0.000000e+00	0.000000e+00	
981	5.500020e-03	0.000000e+00	0.000000e+00	0.000000e+00	
982	5.500020e-03	0.000000e+00	0.000000e+00	0.000000e+00	

Index   time            v5#branch       v6#branch       v7#branch       
--------------------------------------------------------------------------------
983	5.500020e-03	0.000000e+00	0.000000e+00	0.000000e+00	
984	5.500020e-03	0.000000e+00	0.000000e+00	0.000000e+00	
985	5.500020e-03	0.000000e+00	0.000000e+00	0.000000e+00	
986	5.500021e-03	0.000000e+00	0.000000e+00	0.000000e+00	
987	5.500021e-03	0.000000e+00	0.000000e+00	0.000000e+00	
988	5.500021e-03	0.000000e+00	0.000000e+00	0.000000e+00	
989	5.500021e-03	0.000000e+00	0.000000e+00	0.000000e+00	
990	5.500021e-03	0.000000e+00	0.000000e+00	0.000000e+00	
991	5.500022e-03	0.000000e+00	0.000000e+00	0.000000e+00	
992	5.500022e-03	0.000000e+00	0.000000e+00	0.000000e+00	
993	5.500022e-03	0.000000e+00	0.000000e+00	0.000000e+00	
994	5.500022e-03	0.000000e+00	0.000000e+00	0.000000e+00	
995	5.500022e-03	0.000000e+00	0.000000e+00	0.000000e+00	
996	5.500022e-03	0.000000e+00	0.000000e+00	0.000000e+00	
997	5.500022e-03	0.000000e+00	0.000000e+00	0.000000e+00	
998	5.500022e-03	0.000000e+00	0.000000e+00	0.000000e+00	
999	5.500023e-03	0.000000e+00	0.000000e+00	0.000000e+00	
1000	5.500023e-03	0.000000e+00	0.000000e+00	0.000000e+00	
1001	5.500023e-03	0.000000e+00	0.000000e+00	0.000000e+00	
1002	5.500023e-03	0.000000e+00	0.000000e+00	0.000000e+00	
1003	5.500023e-03	0.000000e+00	0.000000e+00	0.000000e+00	
1004	5.500023e-03	0.000000e+00	0.000000e+00	0.000000e+00	
1005	5.500023e-03	0.000000e+00	0.000000e+00	0.000000e+00	
1006	5.500023e-03	0.000000e+00	0.000000e+00	0.000000e+00	
1007	5.500023e-03	0.000000e+00	0.000000e+00	0.000000e+00	
1008	5.500023e-03	0.000000e+00	0.000000e+00	0.000000e+00	
1009	5.500023e-03	0.000000e+00	0.000000e+00	0.000000e+00	
1010	5.500023e-03	0.000000e+00	0.000000e+00	0.000000e+00	
1011	5.500023e-03	0.000000e+00	0.000000e+00	0.000000e+00	
1012	5.500024e-03	0.000000e+00	0.000000e+00	0.000000e+00	
1013	5.500024e-03	0.000000e+00	0.000000e+00	0.000000e+00	
1014	5.500025e-03	0.000000e+00	0.000000e+00	0.000000e+00	
1015	5.500025e-03	0.000000e+00	0.000000e+00	0.000000e+00	
1016	5.500025e-03	0.000000e+00	0.000000e+00	0.000000e+00	
1017	5.500026e-03	0.000000e+00	0.000000e+00	0.000000e+00	
1018	5.500026e-03	0.000000e+00	0.000000e+00	0.000000e+00	
1019	5.500026e-03	0.000000e+00	0.000000e+00	0.000000e+00	
1020	5.500026e-03	0.000000e+00	0.000000e+00	0.000000e+00	
1021	5.500026e-03	0.000000e+00	0.000000e+00	0.000000e+00	
1022	5.500027e-03	0.000000e+00	0.000000e+00	0.000000e+00	
1023	5.500028e-03	0.000000e+00	0.000000e+00	0.000000e+00	
1024	5.500029e-03	0.000000e+00	0.000000e+00	0.000000e+00	
1025	5.500029e-03	0.000000e+00	0.000000e+00	0.000000e+00	
1026	5.500029e-03	0.000000e+00	0.000000e+00	0.000000e+00	
1027	5.500029e-03	0.000000e+00	0.000000e+00	0.000000e+00	
1028	5.500029e-03	0.000000e+00	0.000000e+00	0.000000e+00	
1029	5.500029e-03	0.000000e+00	0.000000e+00	0.000000e+00	
1030	5.500029e-03	0.000000e+00	0.000000e+00	0.000000e+00	
1031	5.500029e-03	0.000000e+00	0.000000e+00	0.000000e+00	
1032	5.500029e-03	0.000000e+00	0.000000e+00	0.000000e+00	
1033	5.500029e-03	0.000000e+00	0.000000e+00	0.000000e+00	
1034	5.500030e-03	0.000000e+00	0.000000e+00	0.000000e+00	
1035	5.500030e-03	0.000000e+00	0.000000e+00	0.000000e+00	
1036	5.500030e-03	0.000000e+00	0.000000e+00	0.000000e+00	
1037	5.500030e-03	0.000000e+00	0.000000e+00	0.000000e+00	
1038	5.500030e-03	0.000000e+00	0.000000e+00	0.000000e+00	
1039	5.500031e-03	0.000000e+00	0.000000e+00	0.000000e+00	
1040	5.500032e-03	0.000000e+00	0.000000e+00	0.000000e+00	

Index   time            v5#branch       v6#branch       v7#branch       
--------------------------------------------------------------------------------
1041	5.500033e-03	0.000000e+00	0.000000e+00	0.000000e+00	
1042	5.500037e-03	0.000000e+00	0.000000e+00	0.000000e+00	
1043	5.500043e-03	0.000000e+00	0.000000e+00	0.000000e+00	
1044	5.500056e-03	0.000000e+00	0.000000e+00	0.000000e+00	
1045	5.500082e-03	0.000000e+00	0.000000e+00	0.000000e+00	
1046	5.500135e-03	0.000000e+00	0.000000e+00	0.000000e+00	
1047	5.500240e-03	0.000000e+00	0.000000e+00	0.000000e+00	
1048	5.500449e-03	0.000000e+00	0.000000e+00	0.000000e+00	
1049	5.500869e-03	0.000000e+00	0.000000e+00	0.000000e+00	
1050	5.501708e-03	0.000000e+00	0.000000e+00	0.000000e+00	
1051	5.503385e-03	0.000000e+00	0.000000e+00	0.000000e+00	
1052	5.506741e-03	0.000000e+00	0.000000e+00	0.000000e+00	
1053	5.513452e-03	0.000000e+00	0.000000e+00	0.000000e+00	
1054	5.526873e-03	0.000000e+00	0.000000e+00	0.000000e+00	
1055	5.553717e-03	0.000000e+00	0.000000e+00	0.000000e+00	
1056	5.607404e-03	0.000000e+00	0.000000e+00	0.000000e+00	
1057	5.714778e-03	0.000000e+00	0.000000e+00	0.000000e+00	
1058	5.874778e-03	0.000000e+00	0.000000e+00	0.000000e+00	
1059	6.000000e-03	0.000000e+00	0.000000e+00	0.000000e+00	
1060	6.000001e-03	0.000000e+00	0.000000e+00	0.000000e+00	
1061	6.000003e-03	0.000000e+00	0.000000e+00	0.000000e+00	
1062	6.000005e-03	0.000000e+00	0.000000e+00	0.000000e+00	
1063	6.000005e-03	0.000000e+00	0.000000e+00	0.000000e+00	
1064	6.000005e-03	0.000000e+00	0.000000e+00	0.000000e+00	
1065	6.000005e-03	0.000000e+00	0.000000e+00	0.000000e+00	
1066	6.000005e-03	0.000000e+00	0.000000e+00	0.000000e+00	
1067	6.000005e-03	0.000000e+00	0.000000e+00	0.000000e+00	
1068	6.000005e-03	0.000000e+00	0.000000e+00	0.000000e+00	
1069	6.000005e-03	0.000000e+00	0.000000e+00	0.000000e+00	
1070	6.000005e-03	0.000000e+00	0.000000e+00	0.000000e+00	
1071	6.000005e-03	0.000000e+00	0.000000e+00	0.000000e+00	
1072	6.000006e-03	0.000000e+00	0.000000e+00	0.000000e+00	
1073	6.000006e-03	0.000000e+00	0.000000e+00	0.000000e+00	
1074	6.000006e-03	0.000000e+00	0.000000e+00	0.000000e+00	
1075	6.000006e-03	0.000000e+00	0.000000e+00	0.000000e+00	
1076	6.000006e-03	0.000000e+00	0.000000e+00	0.000000e+00	
1077	6.000006e-03	0.000000e+00	0.000000e+00	0.000000e+00	
1078	6.000006e-03	0.000000e+00	0.000000e+00	0.000000e+00	
1079	6.000006e-03	0.000000e+00	0.000000e+00	0.000000e+00	
1080	6.000006e-03	0.000000e+00	0.000000e+00	0.000000e+00	
1081	6.000006e-03	0.000000e+00	0.000000e+00	0.000000e+00	
1082	6.000006e-03	0.000000e+00	0.000000e+00	0.000000e+00	
1083	6.000007e-03	0.000000e+00	0.000000e+00	0.000000e+00	
1084	6.000007e-03	0.000000e+00	0.000000e+00	0.000000e+00	
1085	6.000007e-03	0.000000e+00	0.000000e+00	0.000000e+00	
1086	6.000007e-03	0.000000e+00	0.000000e+00	0.000000e+00	
1087	6.000007e-03	0.000000e+00	0.000000e+00	0.000000e+00	
1088	6.000007e-03	0.000000e+00	0.000000e+00	0.000000e+00	
1089	6.000007e-03	0.000000e+00	0.000000e+00	0.000000e+00	
1090	6.000007e-03	0.000000e+00	0.000000e+00	0.000000e+00	
1091	6.000007e-03	0.000000e+00	0.000000e+00	0.000000e+00	
1092	6.000007e-03	0.000000e+00	0.000000e+00	0.000000e+00	
1093	6.000007e-03	0.000000e+00	0.000000e+00	0.000000e+00	
1094	6.000008e-03	0.000000e+00	0.000000e+00	0.000000e+00	
1095	6.000008e-03	0.000000e+00	0.000000e+00	0.000000e+00	
1096	6.000008e-03	0.000000e+00	0.000000e+00	0.000000e+00	
1097	6.000008e-03	0.000000e+00	0.000000e+00	0.000000e+00	
1098	6.000008e-03	0.000000e+00	0.000000e+00	0.000000e+00	

Index   time            v5#branch       v6#branch       v7#branch       
--------------------------------------------------------------------------------
1099	6.000009e-03	0.000000e+00	0.000000e+00	0.000000e+00	
1100	6.000009e-03	0.000000e+00	0.000000e+00	0.000000e+00	
1101	6.000009e-03	0.000000e+00	0.000000e+00	0.000000e+00	
1102	6.000009e-03	0.000000e+00	0.000000e+00	0.000000e+00	
1103	6.000009e-03	0.000000e+00	0.000000e+00	0.000000e+00	
1104	6.000009e-03	0.000000e+00	0.000000e+00	0.000000e+00	
1105	6.000009e-03	0.000000e+00	0.000000e+00	0.000000e+00	
1106	6.000009e-03	0.000000e+00	0.000000e+00	0.000000e+00	
1107	6.000010e-03	0.000000e+00	0.000000e+00	0.000000e+00	
1108	6.000010e-03	0.000000e+00	0.000000e+00	0.000000e+00	
1109	6.000010e-03	0.000000e+00	0.000000e+00	0.000000e+00	
1110	6.000010e-03	0.000000e+00	0.000000e+00	0.000000e+00	
1111	6.000010e-03	0.000000e+00	0.000000e+00	0.000000e+00	
1112	6.000010e-03	0.000000e+00	0.000000e+00	0.000000e+00	
1113	6.000010e-03	0.000000e+00	0.000000e+00	0.000000e+00	
1114	6.000010e-03	0.000000e+00	0.000000e+00	0.000000e+00	
1115	6.000010e-03	0.000000e+00	0.000000e+00	0.000000e+00	
1116	6.000010e-03	0.000000e+00	0.000000e+00	0.000000e+00	
1117	6.000010e-03	0.000000e+00	0.000000e+00	0.000000e+00	
1118	6.000011e-03	0.000000e+00	0.000000e+00	0.000000e+00	
1119	6.000011e-03	0.000000e+00	0.000000e+00	0.000000e+00	
1120	6.000012e-03	0.000000e+00	0.000000e+00	0.000000e+00	
1121	6.000014e-03	0.000000e+00	0.000000e+00	0.000000e+00	
1122	6.000018e-03	0.000000e+00	0.000000e+00	0.000000e+00	
1123	6.000020e-03	0.000000e+00	0.000000e+00	0.000000e+00	
1124	6.000021e-03	0.000000e+00	0.000000e+00	0.000000e+00	
1125	6.000022e-03	0.000000e+00	0.000000e+00	0.000000e+00	
1126	6.000022e-03	0.000000e+00	0.000000e+00	0.000000e+00	
1127	6.000022e-03	0.000000e+00	0.000000e+00	0.000000e+00	
1128	6.000023e-03	0.000000e+00	0.000000e+00	0.000000e+00	
1129	6.000023e-03	0.000000e+00	0.000000e+00	0.000000e+00	
1130	6.000023e-03	0.000000e+00	0.000000e+00	0.000000e+00	
1131	6.000023e-03	0.000000e+00	0.000000e+00	0.000000e+00	
1132	6.000024e-03	0.000000e+00	0.000000e+00	0.000000e+00	
1133	6.000024e-03	0.000000e+00	0.000000e+00	0.000000e+00	
1134	6.000026e-03	0.000000e+00	0.000000e+00	0.000000e+00	
1135	6.000028e-03	0.000000e+00	0.000000e+00	0.000000e+00	
1136	6.000033e-03	0.000000e+00	0.000000e+00	0.000000e+00	
1137	6.000044e-03	0.000000e+00	0.000000e+00	0.000000e+00	
1138	6.000064e-03	0.000000e+00	0.000000e+00	0.000000e+00	
1139	6.000105e-03	0.000000e+00	0.000000e+00	0.000000e+00	
1140	6.000187e-03	0.000000e+00	0.000000e+00	0.000000e+00	
1141	6.000351e-03	0.000000e+00	0.000000e+00	0.000000e+00	
1142	6.000678e-03	0.000000e+00	0.000000e+00	0.000000e+00	
1143	6.001334e-03	0.000000e+00	0.000000e+00	0.000000e+00	
1144	6.002645e-03	0.000000e+00	0.000000e+00	0.000000e+00	
1145	6.005266e-03	0.000000e+00	0.000000e+00	0.000000e+00	
1146	6.010509e-03	0.000000e+00	0.000000e+00	0.000000e+00	
1147	6.020995e-03	0.000000e+00	0.000000e+00	0.000000e+00	
1148	6.041966e-03	0.000000e+00	0.000000e+00	0.000000e+00	
1149	6.083909e-03	0.000000e+00	0.000000e+00	0.000000e+00	
1150	6.167795e-03	0.000000e+00	0.000000e+00	0.000000e+00	
1151	6.327795e-03	0.000000e+00	0.000000e+00	0.000000e+00	
1152	6.487795e-03	0.000000e+00	0.000000e+00	0.000000e+00	
1153	6.500010e-03	0.000000e+00	0.000000e+00	0.000000e+00	
1154	6.500011e-03	0.000000e+00	0.000000e+00	0.000000e+00	
1155	6.500013e-03	0.000000e+00	0.000000e+00	0.000000e+00	
1156	6.500017e-03	0.000000e+00	0.000000e+00	0.000000e+00	

Index   time            v5#branch       v6#branch       v7#branch       
--------------------------------------------------------------------------------
1157	6.500019e-03	0.000000e+00	0.000000e+00	0.000000e+00	
1158	6.500019e-03	0.000000e+00	0.000000e+00	0.000000e+00	
1159	6.500019e-03	0.000000e+00	0.000000e+00	0.000000e+00	
1160	6.500020e-03	0.000000e+00	0.000000e+00	0.000000e+00	
1161	6.500020e-03	0.000000e+00	0.000000e+00	0.000000e+00	
1162	6.500020e-03	0.000000e+00	0.000000e+00	0.000000e+00	
1163	6.500020e-03	0.000000e+00	0.000000e+00	0.000000e+00	
1164	6.500020e-03	0.000000e+00	0.000000e+00	0.000000e+00	
1165	6.500020e-03	0.000000e+00	0.000000e+00	0.000000e+00	
1166	6.500020e-03	0.000000e+00	0.000000e+00	0.000000e+00	
1167	6.500020e-03	0.000000e+00	0.000000e+00	0.000000e+00	
1168	6.500020e-03	0.000000e+00	0.000000e+00	0.000000e+00	
1169	6.500020e-03	0.000000e+00	0.000000e+00	0.000000e+00	
1170	6.500020e-03	0.000000e+00	0.000000e+00	0.000000e+00	
1171	6.500021e-03	0.000000e+00	0.000000e+00	0.000000e+00	
1172	6.500021e-03	0.000000e+00	0.000000e+00	0.000000e+00	
1173	6.500021e-03	0.000000e+00	0.000000e+00	0.000000e+00	
1174	6.500021e-03	0.000000e+00	0.000000e+00	0.000000e+00	
1175	6.500021e-03	0.000000e+00	0.000000e+00	0.000000e+00	
1176	6.500022e-03	0.000000e+00	0.000000e+00	0.000000e+00	
1177	6.500022e-03	0.000000e+00	0.000000e+00	0.000000e+00	
1178	6.500022e-03	0.000000e+00	0.000000e+00	0.000000e+00	
1179	6.500022e-03	0.000000e+00	0.000000e+00	0.000000e+00	
1180	6.500022e-03	0.000000e+00	0.000000e+00	0.000000e+00	
1181	6.500022e-03	0.000000e+00	0.000000e+00	0.000000e+00	
1182	6.500022e-03	0.000000e+00	0.000000e+00	0.000000e+00	
1183	6.500022e-03	0.000000e+00	0.000000e+00	0.000000e+00	
1184	6.500023e-03	0.000000e+00	0.000000e+00	0.000000e+00	
1185	6.500023e-03	0.000000e+00	0.000000e+00	0.000000e+00	
1186	6.500023e-03	0.000000e+00	0.000000e+00	0.000000e+00	
1187	6.500023e-03	0.000000e+00	0.000000e+00	0.000000e+00	
1188	6.500023e-03	0.000000e+00	0.000000e+00	0.000000e+00	
1189	6.500023e-03	0.000000e+00	0.000000e+00	0.000000e+00	
1190	6.500023e-03	0.000000e+00	0.000000e+00	0.000000e+00	
1191	6.500023e-03	0.000000e+00	0.000000e+00	0.000000e+00	
1192	6.500023e-03	0.000000e+00	0.000000e+00	0.000000e+00	
1193	6.500023e-03	0.000000e+00	0.000000e+00	0.000000e+00	
1194	6.500023e-03	0.000000e+00	0.000000e+00	0.000000e+00	
1195	6.500023e-03	0.000000e+00	0.000000e+00	0.000000e+00	
1196	6.500023e-03	0.000000e+00	0.000000e+00	0.000000e+00	
1197	6.500024e-03	0.000000e+00	0.000000e+00	0.000000e+00	
1198	6.500024e-03	0.000000e+00	0.000000e+00	0.000000e+00	
1199	6.500025e-03	0.000000e+00	0.000000e+00	0.000000e+00	
1200	6.500025e-03	0.000000e+00	0.000000e+00	0.000000e+00	
1201	6.500025e-03	0.000000e+00	0.000000e+00	0.000000e+00	
1202	6.500026e-03	0.000000e+00	0.000000e+00	0.000000e+00	
1203	6.500026e-03	0.000000e+00	0.000000e+00	0.000000e+00	
1204	6.500026e-03	0.000000e+00	0.000000e+00	0.000000e+00	
1205	6.500026e-03	0.000000e+00	0.000000e+00	0.000000e+00	
1206	6.500026e-03	0.000000e+00	0.000000e+00	0.000000e+00	
1207	6.500027e-03	0.000000e+00	0.000000e+00	0.000000e+00	
1208	6.500028e-03	0.000000e+00	0.000000e+00	0.000000e+00	
1209	6.500029e-03	0.000000e+00	0.000000e+00	0.000000e+00	
1210	6.500029e-03	0.000000e+00	0.000000e+00	0.000000e+00	
1211	6.500029e-03	0.000000e+00	0.000000e+00	0.000000e+00	
1212	6.500029e-03	0.000000e+00	0.000000e+00	0.000000e+00	
1213	6.500029e-03	0.000000e+00	0.000000e+00	0.000000e+00	
1214	6.500029e-03	0.000000e+00	0.000000e+00	0.000000e+00	

Index   time            v5#branch       v6#branch       v7#branch       
--------------------------------------------------------------------------------
1215	6.500029e-03	0.000000e+00	0.000000e+00	0.000000e+00	
1216	6.500029e-03	0.000000e+00	0.000000e+00	0.000000e+00	
1217	6.500029e-03	0.000000e+00	0.000000e+00	0.000000e+00	
1218	6.500029e-03	0.000000e+00	0.000000e+00	0.000000e+00	
1219	6.500030e-03	0.000000e+00	0.000000e+00	0.000000e+00	
1220	6.500030e-03	0.000000e+00	0.000000e+00	0.000000e+00	
1221	6.500030e-03	0.000000e+00	0.000000e+00	0.000000e+00	
1222	6.500030e-03	0.000000e+00	0.000000e+00	0.000000e+00	
1223	6.500030e-03	0.000000e+00	0.000000e+00	0.000000e+00	
1224	6.500031e-03	0.000000e+00	0.000000e+00	0.000000e+00	
1225	6.500032e-03	0.000000e+00	0.000000e+00	0.000000e+00	
1226	6.500033e-03	0.000000e+00	0.000000e+00	0.000000e+00	
1227	6.500037e-03	0.000000e+00	0.000000e+00	0.000000e+00	
1228	6.500043e-03	0.000000e+00	0.000000e+00	0.000000e+00	
1229	6.500056e-03	0.000000e+00	0.000000e+00	0.000000e+00	
1230	6.500082e-03	0.000000e+00	0.000000e+00	0.000000e+00	
1231	6.500135e-03	0.000000e+00	0.000000e+00	0.000000e+00	
1232	6.500240e-03	0.000000e+00	0.000000e+00	0.000000e+00	
1233	6.500449e-03	0.000000e+00	0.000000e+00	0.000000e+00	
1234	6.500869e-03	0.000000e+00	0.000000e+00	0.000000e+00	
1235	6.501708e-03	0.000000e+00	0.000000e+00	0.000000e+00	
1236	6.503385e-03	0.000000e+00	0.000000e+00	0.000000e+00	
1237	6.506741e-03	0.000000e+00	0.000000e+00	0.000000e+00	
1238	6.513452e-03	0.000000e+00	0.000000e+00	0.000000e+00	
1239	6.526873e-03	0.000000e+00	0.000000e+00	0.000000e+00	
1240	6.553717e-03	0.000000e+00	0.000000e+00	0.000000e+00	
1241	6.607404e-03	0.000000e+00	0.000000e+00	0.000000e+00	
1242	6.714778e-03	0.000000e+00	0.000000e+00	0.000000e+00	
1243	6.874778e-03	0.000000e+00	0.000000e+00	0.000000e+00	
1244	7.000000e-03	0.000000e+00	0.000000e+00	0.000000e+00	
1245	7.000001e-03	0.000000e+00	0.000000e+00	0.000000e+00	
1246	7.000003e-03	0.000000e+00	0.000000e+00	0.000000e+00	
1247	7.000005e-03	0.000000e+00	0.000000e+00	0.000000e+00	
1248	7.000005e-03	0.000000e+00	0.000000e+00	0.000000e+00	
1249	7.000005e-03	0.000000e+00	0.000000e+00	0.000000e+00	
1250	7.000005e-03	0.000000e+00	0.000000e+00	0.000000e+00	
1251	7.000005e-03	0.000000e+00	0.000000e+00	0.000000e+00	
1252	7.000005e-03	0.000000e+00	0.000000e+00	0.000000e+00	
1253	7.000005e-03	0.000000e+00	0.000000e+00	0.000000e+00	
1254	7.000005e-03	0.000000e+00	0.000000e+00	0.000000e+00	
1255	7.000005e-03	0.000000e+00	0.000000e+00	0.000000e+00	
1256	7.000005e-03	0.000000e+00	0.000000e+00	0.000000e+00	
1257	7.000006e-03	0.000000e+00	0.000000e+00	0.000000e+00	
1258	7.000006e-03	0.000000e+00	0.000000e+00	0.000000e+00	
1259	7.000007e-03	0.000000e+00	0.000000e+00	0.000000e+00	
1260	7.000007e-03	0.000000e+00	0.000000e+00	0.000000e+00	
1261	7.000007e-03	0.000000e+00	0.000000e+00	0.000000e+00	
1262	7.000007e-03	0.000000e+00	0.000000e+00	0.000000e+00	
1263	7.000007e-03	0.000000e+00	0.000000e+00	0.000000e+00	
1264	7.000007e-03	0.000000e+00	0.000000e+00	0.000000e+00	
1265	7.000007e-03	0.000000e+00	0.000000e+00	0.000000e+00	
1266	7.000007e-03	0.000000e+00	0.000000e+00	0.000000e+00	
1267	7.000007e-03	0.000000e+00	0.000000e+00	0.000000e+00	
1268	7.000007e-03	0.000000e+00	0.000000e+00	0.000000e+00	
1269	7.000008e-03	0.000000e+00	0.000000e+00	0.000000e+00	
1270	7.000008e-03	0.000000e+00	0.000000e+00	0.000000e+00	
1271	7.000008e-03	0.000000e+00	0.000000e+00	0.000000e+00	
1272	7.000008e-03	0.000000e+00	0.000000e+00	0.000000e+00	

Index   time            v5#branch       v6#branch       v7#branch       
--------------------------------------------------------------------------------
1273	7.000008e-03	0.000000e+00	0.000000e+00	0.000000e+00	
1274	7.000009e-03	0.000000e+00	0.000000e+00	0.000000e+00	
1275	7.000009e-03	0.000000e+00	0.000000e+00	0.000000e+00	
1276	7.000009e-03	0.000000e+00	0.000000e+00	0.000000e+00	
1277	7.000009e-03	0.000000e+00	0.000000e+00	0.000000e+00	
1278	7.000009e-03	0.000000e+00	0.000000e+00	0.000000e+00	
1279	7.000009e-03	0.000000e+00	0.000000e+00	0.000000e+00	
1280	7.000009e-03	0.000000e+00	0.000000e+00	0.000000e+00	
1281	7.000009e-03	0.000000e+00	0.000000e+00	0.000000e+00	
1282	7.000010e-03	0.000000e+00	0.000000e+00	0.000000e+00	
1283	7.000010e-03	0.000000e+00	0.000000e+00	0.000000e+00	
1284	7.000010e-03	0.000000e+00	0.000000e+00	0.000000e+00	
1285	7.000010e-03	0.000000e+00	0.000000e+00	0.000000e+00	
1286	7.000010e-03	0.000000e+00	0.000000e+00	0.000000e+00	
1287	7.000010e-03	0.000000e+00	0.000000e+00	0.000000e+00	
1288	7.000010e-03	0.000000e+00	0.000000e+00	0.000000e+00	
1289	7.000010e-03	0.000000e+00	0.000000e+00	0.000000e+00	
1290	7.000010e-03	0.000000e+00	0.000000e+00	0.000000e+00	
1291	7.000010e-03	0.000000e+00	0.000000e+00	0.000000e+00	
1292	7.000010e-03	0.000000e+00	0.000000e+00	0.000000e+00	
1293	7.000011e-03	0.000000e+00	0.000000e+00	0.000000e+00	
1294	7.000011e-03	0.000000e+00	0.000000e+00	0.000000e+00	
1295	7.000012e-03	0.000000e+00	0.000000e+00	0.000000e+00	
1296	7.000014e-03	0.000000e+00	0.000000e+00	0.000000e+00	
1297	7.000018e-03	0.000000e+00	0.000000e+00	0.000000e+00	
1298	7.000020e-03	0.000000e+00	0.000000e+00	0.000000e+00	
1299	7.000021e-03	0.000000e+00	0.000000e+00	0.000000e+00	
1300	7.000022e-03	0.000000e+00	0.000000e+00	0.000000e+00	
1301	7.000022e-03	0.000000e+00	0.000000e+00	0.000000e+00	
1302	7.000022e-03	0.000000e+00	0.000000e+00	0.000000e+00	
1303	7.000023e-03	0.000000e+00	0.000000e+00	0.000000e+00	
1304	7.000023e-03	0.000000e+00	0.000000e+00	0.000000e+00	
1305	7.000023e-03	0.000000e+00	0.000000e+00	0.000000e+00	
1306	7.000023e-03	0.000000e+00	0.000000e+00	0.000000e+00	
1307	7.000024e-03	0.000000e+00	0.000000e+00	0.000000e+00	
1308	7.000024e-03	0.000000e+00	0.000000e+00	0.000000e+00	
1309	7.000026e-03	0.000000e+00	0.000000e+00	0.000000e+00	
1310	7.000028e-03	0.000000e+00	0.000000e+00	0.000000e+00	
1311	7.000033e-03	0.000000e+00	0.000000e+00	0.000000e+00	
1312	7.000044e-03	0.000000e+00	0.000000e+00	0.000000e+00	
1313	7.000064e-03	0.000000e+00	0.000000e+00	0.000000e+00	
1314	7.000105e-03	0.000000e+00	0.000000e+00	0.000000e+00	
1315	7.000187e-03	0.000000e+00	0.000000e+00	0.000000e+00	
1316	7.000351e-03	0.000000e+00	0.000000e+00	0.000000e+00	
1317	7.000678e-03	0.000000e+00	0.000000e+00	0.000000e+00	
1318	7.001334e-03	0.000000e+00	0.000000e+00	0.000000e+00	
1319	7.002645e-03	0.000000e+00	0.000000e+00	0.000000e+00	
1320	7.005266e-03	0.000000e+00	0.000000e+00	0.000000e+00	
1321	7.010509e-03	0.000000e+00	0.000000e+00	0.000000e+00	
1322	7.020995e-03	0.000000e+00	0.000000e+00	0.000000e+00	
1323	7.041966e-03	0.000000e+00	0.000000e+00	0.000000e+00	
1324	7.083909e-03	0.000000e+00	0.000000e+00	0.000000e+00	
1325	7.167795e-03	0.000000e+00	0.000000e+00	0.000000e+00	
1326	7.327795e-03	0.000000e+00	0.000000e+00	0.000000e+00	
1327	7.487795e-03	0.000000e+00	0.000000e+00	0.000000e+00	
1328	7.500010e-03	0.000000e+00	0.000000e+00	0.000000e+00	
1329	7.500011e-03	0.000000e+00	0.000000e+00	0.000000e+00	
1330	7.500013e-03	0.000000e+00	0.000000e+00	0.000000e+00	

Index   time            v5#branch       v6#branch       v7#branch       
--------------------------------------------------------------------------------
1331	7.500017e-03	0.000000e+00	0.000000e+00	0.000000e+00	
1332	7.500019e-03	0.000000e+00	0.000000e+00	0.000000e+00	
1333	7.500019e-03	0.000000e+00	0.000000e+00	0.000000e+00	
1334	7.500019e-03	0.000000e+00	0.000000e+00	0.000000e+00	
1335	7.500020e-03	0.000000e+00	0.000000e+00	0.000000e+00	
1336	7.500020e-03	0.000000e+00	0.000000e+00	0.000000e+00	
1337	7.500020e-03	0.000000e+00	0.000000e+00	0.000000e+00	
1338	7.500020e-03	0.000000e+00	0.000000e+00	0.000000e+00	
1339	7.500020e-03	0.000000e+00	0.000000e+00	0.000000e+00	
1340	7.500020e-03	0.000000e+00	0.000000e+00	0.000000e+00	
1341	7.500020e-03	0.000000e+00	0.000000e+00	0.000000e+00	
1342	7.500020e-03	0.000000e+00	0.000000e+00	0.000000e+00	
1343	7.500020e-03	0.000000e+00	0.000000e+00	0.000000e+00	
1344	7.500020e-03	0.000000e+00	0.000000e+00	0.000000e+00	
1345	7.500020e-03	0.000000e+00	0.000000e+00	0.000000e+00	
1346	7.500021e-03	0.000000e+00	0.000000e+00	0.000000e+00	
1347	7.500021e-03	0.000000e+00	0.000000e+00	0.000000e+00	
1348	7.500021e-03	0.000000e+00	0.000000e+00	0.000000e+00	
1349	7.500021e-03	0.000000e+00	0.000000e+00	0.000000e+00	
1350	7.500021e-03	0.000000e+00	0.000000e+00	0.000000e+00	
1351	7.500022e-03	0.000000e+00	0.000000e+00	0.000000e+00	
1352	7.500022e-03	0.000000e+00	0.000000e+00	0.000000e+00	
1353	7.500022e-03	0.000000e+00	0.000000e+00	0.000000e+00	
1354	7.500022e-03	0.000000e+00	0.000000e+00	0.000000e+00	
1355	7.500022e-03	0.000000e+00	0.000000e+00	0.000000e+00	
1356	7.500022e-03	0.000000e+00	0.000000e+00	0.000000e+00	
1357	7.500022e-03	0.000000e+00	0.000000e+00	0.000000e+00	
1358	7.500022e-03	0.000000e+00	0.000000e+00	0.000000e+00	
1359	7.500023e-03	0.000000e+00	0.000000e+00	0.000000e+00	
1360	7.500023e-03	0.000000e+00	0.000000e+00	0.000000e+00	
1361	7.500023e-03	0.000000e+00	0.000000e+00	0.000000e+00	
1362	7.500023e-03	0.000000e+00	0.000000e+00	0.000000e+00	
1363	7.500023e-03	0.000000e+00	0.000000e+00	0.000000e+00	
1364	7.500023e-03	0.000000e+00	0.000000e+00	0.000000e+00	
1365	7.500023e-03	0.000000e+00	0.000000e+00	0.000000e+00	
1366	7.500023e-03	0.000000e+00	0.000000e+00	0.000000e+00	
1367	7.500023e-03	0.000000e+00	0.000000e+00	0.000000e+00	
1368	7.500023e-03	0.000000e+00	0.000000e+00	0.000000e+00	
1369	7.500023e-03	0.000000e+00	0.000000e+00	0.000000e+00	
1370	7.500023e-03	0.000000e+00	0.000000e+00	0.000000e+00	
1371	7.500023e-03	0.000000e+00	0.000000e+00	0.000000e+00	
1372	7.500024e-03	0.000000e+00	0.000000e+00	0.000000e+00	
1373	7.500024e-03	0.000000e+00	0.000000e+00	0.000000e+00	
1374	7.500025e-03	0.000000e+00	0.000000e+00	0.000000e+00	
1375	7.500025e-03	0.000000e+00	0.000000e+00	0.000000e+00	
1376	7.500025e-03	0.000000e+00	0.000000e+00	0.000000e+00	
1377	7.500026e-03	0.000000e+00	0.000000e+00	0.000000e+00	
1378	7.500026e-03	0.000000e+00	0.000000e+00	0.000000e+00	
1379	7.500026e-03	0.000000e+00	0.000000e+00	0.000000e+00	
1380	7.500026e-03	0.000000e+00	0.000000e+00	0.000000e+00	
1381	7.500026e-03	0.000000e+00	0.000000e+00	0.000000e+00	
1382	7.500027e-03	0.000000e+00	0.000000e+00	0.000000e+00	
1383	7.500028e-03	0.000000e+00	0.000000e+00	0.000000e+00	
1384	7.500029e-03	0.000000e+00	0.000000e+00	0.000000e+00	
1385	7.500029e-03	0.000000e+00	0.000000e+00	0.000000e+00	
1386	7.500029e-03	0.000000e+00	0.000000e+00	0.000000e+00	
1387	7.500029e-03	0.000000e+00	0.000000e+00	0.000000e+00	
1388	7.500029e-03	0.000000e+00	0.000000e+00	0.000000e+00	

Index   time            v5#branch       v6#branch       v7#branch       
--------------------------------------------------------------------------------
1389	7.500029e-03	0.000000e+00	0.000000e+00	0.000000e+00	
1390	7.500029e-03	0.000000e+00	0.000000e+00	0.000000e+00	
1391	7.500029e-03	0.000000e+00	0.000000e+00	0.000000e+00	
1392	7.500029e-03	0.000000e+00	0.000000e+00	0.000000e+00	
1393	7.500029e-03	0.000000e+00	0.000000e+00	0.000000e+00	
1394	7.500030e-03	0.000000e+00	0.000000e+00	0.000000e+00	
1395	7.500030e-03	0.000000e+00	0.000000e+00	0.000000e+00	
1396	7.500030e-03	0.000000e+00	0.000000e+00	0.000000e+00	
1397	7.500030e-03	0.000000e+00	0.000000e+00	0.000000e+00	
1398	7.500030e-03	0.000000e+00	0.000000e+00	0.000000e+00	
1399	7.500031e-03	0.000000e+00	0.000000e+00	0.000000e+00	
1400	7.500032e-03	0.000000e+00	0.000000e+00	0.000000e+00	
1401	7.500033e-03	0.000000e+00	0.000000e+00	0.000000e+00	
1402	7.500037e-03	0.000000e+00	0.000000e+00	0.000000e+00	
1403	7.500043e-03	0.000000e+00	0.000000e+00	0.000000e+00	
1404	7.500056e-03	0.000000e+00	0.000000e+00	0.000000e+00	
1405	7.500082e-03	0.000000e+00	0.000000e+00	0.000000e+00	
1406	7.500135e-03	0.000000e+00	0.000000e+00	0.000000e+00	
1407	7.500240e-03	0.000000e+00	0.000000e+00	0.000000e+00	
1408	7.500449e-03	0.000000e+00	0.000000e+00	0.000000e+00	
1409	7.500869e-03	0.000000e+00	0.000000e+00	0.000000e+00	
1410	7.501708e-03	0.000000e+00	0.000000e+00	0.000000e+00	
1411	7.503385e-03	0.000000e+00	0.000000e+00	0.000000e+00	
1412	7.506741e-03	0.000000e+00	0.000000e+00	0.000000e+00	
1413	7.513452e-03	0.000000e+00	0.000000e+00	0.000000e+00	
1414	7.526873e-03	0.000000e+00	0.000000e+00	0.000000e+00	
1415	7.553717e-03	0.000000e+00	0.000000e+00	0.000000e+00	
1416	7.607404e-03	0.000000e+00	0.000000e+00	0.000000e+00	
1417	7.714778e-03	0.000000e+00	0.000000e+00	0.000000e+00	
1418	7.874778e-03	0.000000e+00	0.000000e+00	0.000000e+00	
1419	8.000000e-03	0.000000e+00	0.000000e+00	0.000000e+00	

                                kicad schematic
                                Transient Analysis  Mon Sep 15 10:23:16  2025
--------------------------------------------------------------------------------
Index   time            v8#branch       v9#branch       
--------------------------------------------------------------------------------
0	0.000000e+00	0.000000e+00	0.000000e+00	
1	1.000000e-10	0.000000e+00	0.000000e+00	
2	2.000000e-10	0.000000e+00	0.000000e+00	
3	4.000000e-10	0.000000e+00	0.000000e+00	
4	8.000000e-10	0.000000e+00	0.000000e+00	
5	1.600000e-09	0.000000e+00	0.000000e+00	
6	3.200000e-09	0.000000e+00	0.000000e+00	
7	5.200000e-09	0.000000e+00	0.000000e+00	
8	5.210000e-09	0.000000e+00	0.000000e+00	
9	5.230000e-09	0.000000e+00	0.000000e+00	
10	5.270000e-09	0.000000e+00	0.000000e+00	
11	5.300000e-09	0.000000e+00	0.000000e+00	
12	5.308000e-09	0.000000e+00	0.000000e+00	
13	5.324000e-09	0.000000e+00	0.000000e+00	
14	5.356000e-09	0.000000e+00	0.000000e+00	
15	5.420000e-09	0.000000e+00	0.000000e+00	
16	5.548000e-09	0.000000e+00	0.000000e+00	
17	5.804000e-09	0.000000e+00	0.000000e+00	
18	6.200000e-09	0.000000e+00	0.000000e+00	
19	6.210000e-09	0.000000e+00	0.000000e+00	
20	6.230000e-09	0.000000e+00	0.000000e+00	
21	6.270000e-09	0.000000e+00	0.000000e+00	
22	6.300000e-09	0.000000e+00	0.000000e+00	
23	6.308000e-09	0.000000e+00	0.000000e+00	
24	6.324000e-09	0.000000e+00	0.000000e+00	
25	6.356000e-09	0.000000e+00	0.000000e+00	
26	6.420000e-09	0.000000e+00	0.000000e+00	
27	6.548000e-09	0.000000e+00	0.000000e+00	
28	6.804000e-09	0.000000e+00	0.000000e+00	
29	7.316000e-09	0.000000e+00	0.000000e+00	
30	8.200000e-09	0.000000e+00	0.000000e+00	
31	8.290000e-09	0.000000e+00	0.000000e+00	
32	8.470000e-09	0.000000e+00	0.000000e+00	
33	8.830000e-09	0.000000e+00	0.000000e+00	
34	9.100000e-09	0.000000e+00	0.000000e+00	
35	9.172000e-09	0.000000e+00	0.000000e+00	
36	9.200000e-09	0.000000e+00	0.000000e+00	
37	9.214400e-09	0.000000e+00	0.000000e+00	
38	9.243200e-09	0.000000e+00	0.000000e+00	
39	9.300800e-09	0.000000e+00	0.000000e+00	
40	9.416000e-09	0.000000e+00	0.000000e+00	
41	9.646400e-09	0.000000e+00	0.000000e+00	
42	1.000000e-08	0.000000e+00	0.000000e+00	
43	1.001000e-08	0.000000e+00	0.000000e+00	
44	1.003000e-08	0.000000e+00	0.000000e+00	
45	1.007000e-08	0.000000e+00	0.000000e+00	
46	1.010000e-08	0.000000e+00	0.000000e+00	
47	1.010800e-08	0.000000e+00	0.000000e+00	
48	1.012400e-08	0.000000e+00	0.000000e+00	
49	1.015600e-08	0.000000e+00	0.000000e+00	
50	1.022000e-08	0.000000e+00	0.000000e+00	
51	1.034800e-08	0.000000e+00	0.000000e+00	
52	1.060400e-08	0.000000e+00	0.000000e+00	
53	1.111600e-08	0.000000e+00	0.000000e+00	
54	1.214000e-08	0.000000e+00	0.000000e+00	

Index   time            v8#branch       v9#branch       
--------------------------------------------------------------------------------
55	1.418800e-08	0.000000e+00	0.000000e+00	
56	1.828400e-08	0.000000e+00	0.000000e+00	
57	2.647600e-08	0.000000e+00	0.000000e+00	
58	4.286000e-08	0.000000e+00	0.000000e+00	
59	7.562800e-08	0.000000e+00	0.000000e+00	
60	1.411640e-07	0.000000e+00	0.000000e+00	
61	2.722360e-07	0.000000e+00	0.000000e+00	
62	5.343800e-07	0.000000e+00	0.000000e+00	
63	1.058668e-06	0.000000e+00	0.000000e+00	
64	2.107244e-06	0.000000e+00	0.000000e+00	
65	4.204396e-06	0.000000e+00	0.000000e+00	
66	8.398700e-06	0.000000e+00	0.000000e+00	
67	1.678731e-05	0.000000e+00	0.000000e+00	
68	3.356452e-05	0.000000e+00	0.000000e+00	
69	6.711896e-05	0.000000e+00	0.000000e+00	
70	1.342278e-04	0.000000e+00	0.000000e+00	
71	2.684455e-04	0.000000e+00	0.000000e+00	
72	4.284455e-04	0.000000e+00	0.000000e+00	
73	5.000100e-04	0.000000e+00	0.000000e+00	
74	5.000110e-04	0.000000e+00	0.000000e+00	
75	5.000130e-04	0.000000e+00	0.000000e+00	
76	5.000170e-04	0.000000e+00	0.000000e+00	
77	5.000190e-04	0.000000e+00	0.000000e+00	
78	5.000191e-04	0.000000e+00	0.000000e+00	
79	5.000193e-04	0.000000e+00	0.000000e+00	
80	5.000196e-04	0.000000e+00	0.000000e+00	
81	5.000199e-04	0.000000e+00	0.000000e+00	
82	5.000199e-04	0.000000e+00	0.000000e+00	
83	5.000199e-04	0.000000e+00	0.000000e+00	
84	5.000200e-04	0.000000e+00	0.000000e+00	
85	5.000200e-04	0.000000e+00	0.000000e+00	
86	5.000200e-04	0.000000e+00	0.000000e+00	
87	5.000200e-04	0.000000e+00	0.000000e+00	
88	5.000201e-04	0.000000e+00	0.000000e+00	
89	5.000201e-04	0.000000e+00	0.000000e+00	
90	5.000202e-04	0.000000e+00	0.000000e+00	
91	5.000205e-04	0.000000e+00	0.000000e+00	
92	5.000210e-04	0.000000e+00	0.000000e+00	
93	5.000211e-04	0.000000e+00	0.000000e+00	
94	5.000212e-04	0.000000e+00	0.000000e+00	
95	5.000214e-04	0.000000e+00	0.000000e+00	
96	5.000218e-04	0.000000e+00	0.000000e+00	
97	5.000219e-04	0.000000e+00	0.000000e+00	
98	5.000220e-04	0.000000e+00	0.000000e+00	
99	5.000220e-04	0.000000e+00	0.000000e+00	
100	5.000220e-04	0.000000e+00	0.000000e+00	
101	5.000220e-04	0.000000e+00	0.000000e+00	
102	5.000221e-04	0.000000e+00	0.000000e+00	
103	5.000222e-04	0.000000e+00	0.000000e+00	
104	5.000225e-04	0.000000e+00	0.000000e+00	
105	5.000229e-04	0.000000e+00	0.000000e+00	
106	5.000230e-04	0.000000e+00	0.000000e+00	
107	5.000230e-04	0.000000e+00	0.000000e+00	
108	5.000230e-04	0.000000e+00	0.000000e+00	
109	5.000230e-04	0.000000e+00	0.000000e+00	
110	5.000231e-04	0.000000e+00	0.000000e+00	
111	5.000231e-04	0.000000e+00	0.000000e+00	
112	5.000231e-04	0.000000e+00	0.000000e+00	

Index   time            v8#branch       v9#branch       
--------------------------------------------------------------------------------
113	5.000231e-04	0.000000e+00	0.000000e+00	
114	5.000232e-04	0.000000e+00	0.000000e+00	
115	5.000232e-04	0.000000e+00	0.000000e+00	
116	5.000233e-04	0.000000e+00	0.000000e+00	
117	5.000236e-04	0.000000e+00	0.000000e+00	
118	5.000241e-04	0.000000e+00	0.000000e+00	
119	5.000250e-04	0.000000e+00	0.000000e+00	
120	5.000251e-04	0.000000e+00	0.000000e+00	
121	5.000253e-04	0.000000e+00	0.000000e+00	
122	5.000256e-04	0.000000e+00	0.000000e+00	
123	5.000259e-04	0.000000e+00	0.000000e+00	
124	5.000260e-04	0.000000e+00	0.000000e+00	
125	5.000261e-04	0.000000e+00	0.000000e+00	
126	5.000264e-04	0.000000e+00	0.000000e+00	
127	5.000270e-04	0.000000e+00	0.000000e+00	
128	5.000281e-04	0.000000e+00	0.000000e+00	
129	5.000291e-04	0.000000e+00	0.000000e+00	
130	5.000291e-04	0.000000e+00	0.000000e+00	
131	5.000291e-04	0.000000e+00	0.000000e+00	
132	5.000292e-04	0.000000e+00	0.000000e+00	
133	5.000292e-04	0.000000e+00	0.000000e+00	
134	5.000292e-04	0.000000e+00	0.000000e+00	
135	5.000292e-04	0.000000e+00	0.000000e+00	
136	5.000293e-04	0.000000e+00	0.000000e+00	
137	5.000293e-04	0.000000e+00	0.000000e+00	
138	5.000295e-04	0.000000e+00	0.000000e+00	
139	5.000297e-04	0.000000e+00	0.000000e+00	
140	5.000300e-04	0.000000e+00	0.000000e+00	
141	5.000301e-04	0.000000e+00	0.000000e+00	
142	5.000302e-04	0.000000e+00	0.000000e+00	
143	5.000304e-04	0.000000e+00	0.000000e+00	
144	5.000308e-04	0.000000e+00	0.000000e+00	
145	5.000316e-04	0.000000e+00	0.000000e+00	
146	5.000332e-04	0.000000e+00	0.000000e+00	
147	5.000365e-04	0.000000e+00	0.000000e+00	
148	5.000431e-04	0.000000e+00	0.000000e+00	
149	5.000562e-04	0.000000e+00	0.000000e+00	
150	5.000824e-04	0.000000e+00	0.000000e+00	
151	5.001348e-04	0.000000e+00	0.000000e+00	
152	5.002397e-04	0.000000e+00	0.000000e+00	
153	5.004494e-04	0.000000e+00	0.000000e+00	
154	5.008688e-04	0.000000e+00	0.000000e+00	
155	5.017077e-04	0.000000e+00	0.000000e+00	
156	5.033854e-04	0.000000e+00	0.000000e+00	
157	5.067408e-04	0.000000e+00	0.000000e+00	
158	5.134517e-04	0.000000e+00	0.000000e+00	
159	5.268735e-04	0.000000e+00	0.000000e+00	
160	5.537170e-04	0.000000e+00	0.000000e+00	
161	6.074041e-04	0.000000e+00	0.000000e+00	
162	7.147783e-04	0.000000e+00	0.000000e+00	
163	8.747783e-04	0.000000e+00	0.000000e+00	
164	1.000000e-03	0.000000e+00	0.000000e+00	
165	1.000001e-03	0.000000e+00	0.000000e+00	
166	1.000003e-03	0.000000e+00	0.000000e+00	
167	1.000005e-03	0.000000e+00	0.000000e+00	
168	1.000005e-03	0.000000e+00	0.000000e+00	
169	1.000005e-03	0.000000e+00	0.000000e+00	
170	1.000005e-03	0.000000e+00	0.000000e+00	

Index   time            v8#branch       v9#branch       
--------------------------------------------------------------------------------
171	1.000005e-03	0.000000e+00	0.000000e+00	
172	1.000005e-03	0.000000e+00	0.000000e+00	
173	1.000005e-03	0.000000e+00	0.000000e+00	
174	1.000005e-03	0.000000e+00	0.000000e+00	
175	1.000005e-03	0.000000e+00	0.000000e+00	
176	1.000005e-03	0.000000e+00	0.000000e+00	
177	1.000006e-03	0.000000e+00	0.000000e+00	
178	1.000006e-03	0.000000e+00	0.000000e+00	
179	1.000007e-03	0.000000e+00	0.000000e+00	
180	1.000007e-03	0.000000e+00	0.000000e+00	
181	1.000007e-03	0.000000e+00	0.000000e+00	
182	1.000007e-03	0.000000e+00	0.000000e+00	
183	1.000007e-03	0.000000e+00	0.000000e+00	
184	1.000007e-03	0.000000e+00	0.000000e+00	
185	1.000007e-03	0.000000e+00	0.000000e+00	
186	1.000007e-03	0.000000e+00	0.000000e+00	
187	1.000007e-03	0.000000e+00	0.000000e+00	
188	1.000007e-03	0.000000e+00	0.000000e+00	
189	1.000008e-03	0.000000e+00	0.000000e+00	
190	1.000008e-03	0.000000e+00	0.000000e+00	
191	1.000008e-03	0.000000e+00	0.000000e+00	
192	1.000008e-03	0.000000e+00	0.000000e+00	
193	1.000008e-03	0.000000e+00	0.000000e+00	
194	1.000009e-03	0.000000e+00	0.000000e+00	
195	1.000009e-03	0.000000e+00	0.000000e+00	
196	1.000009e-03	0.000000e+00	0.000000e+00	
197	1.000009e-03	0.000000e+00	0.000000e+00	
198	1.000009e-03	0.000000e+00	0.000000e+00	
199	1.000009e-03	0.000000e+00	0.000000e+00	
200	1.000009e-03	0.000000e+00	0.000000e+00	
201	1.000009e-03	0.000000e+00	0.000000e+00	
202	1.000010e-03	0.000000e+00	0.000000e+00	
203	1.000010e-03	0.000000e+00	0.000000e+00	
204	1.000010e-03	0.000000e+00	0.000000e+00	
205	1.000010e-03	0.000000e+00	0.000000e+00	
206	1.000010e-03	0.000000e+00	0.000000e+00	
207	1.000010e-03	0.000000e+00	0.000000e+00	
208	1.000010e-03	0.000000e+00	0.000000e+00	
209	1.000010e-03	0.000000e+00	0.000000e+00	
210	1.000010e-03	0.000000e+00	0.000000e+00	
211	1.000010e-03	0.000000e+00	0.000000e+00	
212	1.000010e-03	0.000000e+00	0.000000e+00	
213	1.000011e-03	0.000000e+00	0.000000e+00	
214	1.000011e-03	0.000000e+00	0.000000e+00	
215	1.000012e-03	0.000000e+00	0.000000e+00	
216	1.000014e-03	0.000000e+00	0.000000e+00	
217	1.000018e-03	0.000000e+00	0.000000e+00	
218	1.000020e-03	0.000000e+00	0.000000e+00	
219	1.000021e-03	0.000000e+00	0.000000e+00	
220	1.000022e-03	0.000000e+00	0.000000e+00	
221	1.000022e-03	0.000000e+00	0.000000e+00	
222	1.000022e-03	0.000000e+00	0.000000e+00	
223	1.000023e-03	0.000000e+00	0.000000e+00	
224	1.000023e-03	0.000000e+00	0.000000e+00	
225	1.000023e-03	0.000000e+00	0.000000e+00	
226	1.000023e-03	0.000000e+00	0.000000e+00	
227	1.000024e-03	0.000000e+00	0.000000e+00	
228	1.000024e-03	0.000000e+00	0.000000e+00	

Index   time            v8#branch       v9#branch       
--------------------------------------------------------------------------------
229	1.000026e-03	0.000000e+00	0.000000e+00	
230	1.000028e-03	0.000000e+00	0.000000e+00	
231	1.000033e-03	0.000000e+00	0.000000e+00	
232	1.000044e-03	0.000000e+00	0.000000e+00	
233	1.000064e-03	0.000000e+00	0.000000e+00	
234	1.000105e-03	0.000000e+00	0.000000e+00	
235	1.000187e-03	0.000000e+00	0.000000e+00	
236	1.000351e-03	0.000000e+00	0.000000e+00	
237	1.000678e-03	0.000000e+00	0.000000e+00	
238	1.001334e-03	0.000000e+00	0.000000e+00	
239	1.002645e-03	0.000000e+00	0.000000e+00	
240	1.005266e-03	0.000000e+00	0.000000e+00	
241	1.010509e-03	0.000000e+00	0.000000e+00	
242	1.020995e-03	0.000000e+00	0.000000e+00	
243	1.041966e-03	0.000000e+00	0.000000e+00	
244	1.083909e-03	0.000000e+00	0.000000e+00	
245	1.167795e-03	0.000000e+00	0.000000e+00	
246	1.327795e-03	0.000000e+00	0.000000e+00	
247	1.487795e-03	0.000000e+00	0.000000e+00	
248	1.500010e-03	0.000000e+00	0.000000e+00	
249	1.500011e-03	0.000000e+00	0.000000e+00	
250	1.500013e-03	0.000000e+00	0.000000e+00	
251	1.500017e-03	0.000000e+00	0.000000e+00	
252	1.500019e-03	0.000000e+00	0.000000e+00	
253	1.500019e-03	0.000000e+00	0.000000e+00	
254	1.500019e-03	0.000000e+00	0.000000e+00	
255	1.500020e-03	0.000000e+00	0.000000e+00	
256	1.500020e-03	0.000000e+00	0.000000e+00	
257	1.500020e-03	0.000000e+00	0.000000e+00	
258	1.500020e-03	0.000000e+00	0.000000e+00	
259	1.500020e-03	0.000000e+00	0.000000e+00	
260	1.500020e-03	0.000000e+00	0.000000e+00	
261	1.500020e-03	0.000000e+00	0.000000e+00	
262	1.500020e-03	0.000000e+00	0.000000e+00	
263	1.500020e-03	0.000000e+00	0.000000e+00	
264	1.500020e-03	0.000000e+00	0.000000e+00	
265	1.500020e-03	0.000000e+00	0.000000e+00	
266	1.500021e-03	0.000000e+00	0.000000e+00	
267	1.500021e-03	0.000000e+00	0.000000e+00	
268	1.500021e-03	0.000000e+00	0.000000e+00	
269	1.500021e-03	0.000000e+00	0.000000e+00	
270	1.500021e-03	0.000000e+00	0.000000e+00	
271	1.500022e-03	0.000000e+00	0.000000e+00	
272	1.500022e-03	0.000000e+00	0.000000e+00	
273	1.500022e-03	0.000000e+00	0.000000e+00	
274	1.500022e-03	0.000000e+00	0.000000e+00	
275	1.500022e-03	0.000000e+00	0.000000e+00	
276	1.500022e-03	0.000000e+00	0.000000e+00	
277	1.500022e-03	0.000000e+00	0.000000e+00	
278	1.500022e-03	0.000000e+00	0.000000e+00	
279	1.500023e-03	0.000000e+00	0.000000e+00	
280	1.500023e-03	0.000000e+00	0.000000e+00	
281	1.500023e-03	0.000000e+00	0.000000e+00	
282	1.500023e-03	0.000000e+00	0.000000e+00	
283	1.500023e-03	0.000000e+00	0.000000e+00	
284	1.500023e-03	0.000000e+00	0.000000e+00	
285	1.500023e-03	0.000000e+00	0.000000e+00	
286	1.500023e-03	0.000000e+00	0.000000e+00	

Index   time            v8#branch       v9#branch       
--------------------------------------------------------------------------------
287	1.500023e-03	0.000000e+00	0.000000e+00	
288	1.500023e-03	0.000000e+00	0.000000e+00	
289	1.500023e-03	0.000000e+00	0.000000e+00	
290	1.500023e-03	0.000000e+00	0.000000e+00	
291	1.500023e-03	0.000000e+00	0.000000e+00	
292	1.500024e-03	0.000000e+00	0.000000e+00	
293	1.500024e-03	0.000000e+00	0.000000e+00	
294	1.500025e-03	0.000000e+00	0.000000e+00	
295	1.500025e-03	0.000000e+00	0.000000e+00	
296	1.500025e-03	0.000000e+00	0.000000e+00	
297	1.500026e-03	0.000000e+00	0.000000e+00	
298	1.500026e-03	0.000000e+00	0.000000e+00	
299	1.500026e-03	0.000000e+00	0.000000e+00	
300	1.500026e-03	0.000000e+00	0.000000e+00	
301	1.500026e-03	0.000000e+00	0.000000e+00	
302	1.500027e-03	0.000000e+00	0.000000e+00	
303	1.500028e-03	0.000000e+00	0.000000e+00	
304	1.500029e-03	0.000000e+00	0.000000e+00	
305	1.500029e-03	0.000000e+00	0.000000e+00	
306	1.500029e-03	0.000000e+00	0.000000e+00	
307	1.500029e-03	0.000000e+00	0.000000e+00	
308	1.500029e-03	0.000000e+00	0.000000e+00	
309	1.500029e-03	0.000000e+00	0.000000e+00	
310	1.500029e-03	0.000000e+00	0.000000e+00	
311	1.500029e-03	0.000000e+00	0.000000e+00	
312	1.500029e-03	0.000000e+00	0.000000e+00	
313	1.500029e-03	0.000000e+00	0.000000e+00	
314	1.500030e-03	0.000000e+00	0.000000e+00	
315	1.500030e-03	0.000000e+00	0.000000e+00	
316	1.500030e-03	0.000000e+00	0.000000e+00	
317	1.500030e-03	0.000000e+00	0.000000e+00	
318	1.500030e-03	0.000000e+00	0.000000e+00	
319	1.500031e-03	0.000000e+00	0.000000e+00	
320	1.500032e-03	0.000000e+00	0.000000e+00	
321	1.500033e-03	0.000000e+00	0.000000e+00	
322	1.500037e-03	0.000000e+00	0.000000e+00	
323	1.500043e-03	0.000000e+00	0.000000e+00	
324	1.500056e-03	0.000000e+00	0.000000e+00	
325	1.500082e-03	0.000000e+00	0.000000e+00	
326	1.500135e-03	0.000000e+00	0.000000e+00	
327	1.500240e-03	0.000000e+00	0.000000e+00	
328	1.500449e-03	0.000000e+00	0.000000e+00	
329	1.500869e-03	0.000000e+00	0.000000e+00	
330	1.501708e-03	0.000000e+00	0.000000e+00	
331	1.503385e-03	0.000000e+00	0.000000e+00	
332	1.506741e-03	0.000000e+00	0.000000e+00	
333	1.513452e-03	0.000000e+00	0.000000e+00	
334	1.526873e-03	0.000000e+00	0.000000e+00	
335	1.553717e-03	0.000000e+00	0.000000e+00	
336	1.607404e-03	0.000000e+00	0.000000e+00	
337	1.714778e-03	0.000000e+00	0.000000e+00	
338	1.874778e-03	0.000000e+00	0.000000e+00	
339	2.000000e-03	0.000000e+00	0.000000e+00	
340	2.000001e-03	0.000000e+00	0.000000e+00	
341	2.000003e-03	0.000000e+00	0.000000e+00	
342	2.000005e-03	0.000000e+00	0.000000e+00	
343	2.000005e-03	0.000000e+00	0.000000e+00	
344	2.000005e-03	0.000000e+00	0.000000e+00	

Index   time            v8#branch       v9#branch       
--------------------------------------------------------------------------------
345	2.000005e-03	0.000000e+00	0.000000e+00	
346	2.000005e-03	0.000000e+00	0.000000e+00	
347	2.000005e-03	0.000000e+00	0.000000e+00	
348	2.000005e-03	0.000000e+00	0.000000e+00	
349	2.000005e-03	0.000000e+00	0.000000e+00	
350	2.000005e-03	0.000000e+00	0.000000e+00	
351	2.000005e-03	0.000000e+00	0.000000e+00	
352	2.000006e-03	0.000000e+00	0.000000e+00	
353	2.000006e-03	0.000000e+00	0.000000e+00	
354	2.000006e-03	0.000000e+00	0.000000e+00	
355	2.000006e-03	0.000000e+00	0.000000e+00	
356	2.000006e-03	0.000000e+00	0.000000e+00	
357	2.000006e-03	0.000000e+00	0.000000e+00	
358	2.000006e-03	0.000000e+00	0.000000e+00	
359	2.000006e-03	0.000000e+00	0.000000e+00	
360	2.000006e-03	0.000000e+00	0.000000e+00	
361	2.000006e-03	0.000000e+00	0.000000e+00	
362	2.000006e-03	0.000000e+00	0.000000e+00	
363	2.000007e-03	0.000000e+00	0.000000e+00	
364	2.000007e-03	0.000000e+00	0.000000e+00	
365	2.000007e-03	0.000000e+00	0.000000e+00	
366	2.000007e-03	0.000000e+00	0.000000e+00	
367	2.000007e-03	0.000000e+00	0.000000e+00	
368	2.000007e-03	0.000000e+00	0.000000e+00	
369	2.000007e-03	0.000000e+00	0.000000e+00	
370	2.000007e-03	0.000000e+00	0.000000e+00	
371	2.000007e-03	0.000000e+00	0.000000e+00	
372	2.000007e-03	0.000000e+00	0.000000e+00	
373	2.000007e-03	0.000000e+00	0.000000e+00	
374	2.000008e-03	0.000000e+00	0.000000e+00	
375	2.000008e-03	0.000000e+00	0.000000e+00	
376	2.000008e-03	0.000000e+00	0.000000e+00	
377	2.000008e-03	0.000000e+00	0.000000e+00	
378	2.000008e-03	0.000000e+00	0.000000e+00	
379	2.000009e-03	0.000000e+00	0.000000e+00	
380	2.000009e-03	0.000000e+00	0.000000e+00	
381	2.000009e-03	0.000000e+00	0.000000e+00	
382	2.000009e-03	0.000000e+00	0.000000e+00	
383	2.000009e-03	0.000000e+00	0.000000e+00	
384	2.000009e-03	0.000000e+00	0.000000e+00	
385	2.000009e-03	0.000000e+00	0.000000e+00	
386	2.000009e-03	0.000000e+00	0.000000e+00	
387	2.000010e-03	0.000000e+00	0.000000e+00	
388	2.000010e-03	0.000000e+00	0.000000e+00	
389	2.000010e-03	0.000000e+00	0.000000e+00	
390	2.000010e-03	0.000000e+00	0.000000e+00	
391	2.000010e-03	0.000000e+00	0.000000e+00	
392	2.000010e-03	0.000000e+00	0.000000e+00	
393	2.000010e-03	0.000000e+00	0.000000e+00	
394	2.000010e-03	0.000000e+00	0.000000e+00	
395	2.000010e-03	0.000000e+00	0.000000e+00	
396	2.000010e-03	0.000000e+00	0.000000e+00	
397	2.000010e-03	0.000000e+00	0.000000e+00	
398	2.000011e-03	0.000000e+00	0.000000e+00	
399	2.000011e-03	0.000000e+00	0.000000e+00	
400	2.000012e-03	0.000000e+00	0.000000e+00	
401	2.000014e-03	0.000000e+00	0.000000e+00	
402	2.000018e-03	0.000000e+00	0.000000e+00	

Index   time            v8#branch       v9#branch       
--------------------------------------------------------------------------------
403	2.000020e-03	0.000000e+00	0.000000e+00	
404	2.000021e-03	0.000000e+00	0.000000e+00	
405	2.000022e-03	0.000000e+00	0.000000e+00	
406	2.000022e-03	0.000000e+00	0.000000e+00	
407	2.000022e-03	0.000000e+00	0.000000e+00	
408	2.000023e-03	0.000000e+00	0.000000e+00	
409	2.000023e-03	0.000000e+00	0.000000e+00	
410	2.000023e-03	0.000000e+00	0.000000e+00	
411	2.000023e-03	0.000000e+00	0.000000e+00	
412	2.000024e-03	0.000000e+00	0.000000e+00	
413	2.000024e-03	0.000000e+00	0.000000e+00	
414	2.000026e-03	0.000000e+00	0.000000e+00	
415	2.000028e-03	0.000000e+00	0.000000e+00	
416	2.000033e-03	0.000000e+00	0.000000e+00	
417	2.000044e-03	0.000000e+00	0.000000e+00	
418	2.000064e-03	0.000000e+00	0.000000e+00	
419	2.000105e-03	0.000000e+00	0.000000e+00	
420	2.000187e-03	0.000000e+00	0.000000e+00	
421	2.000351e-03	0.000000e+00	0.000000e+00	
422	2.000678e-03	0.000000e+00	0.000000e+00	
423	2.001334e-03	0.000000e+00	0.000000e+00	
424	2.002645e-03	0.000000e+00	0.000000e+00	
425	2.005266e-03	0.000000e+00	0.000000e+00	
426	2.010509e-03	0.000000e+00	0.000000e+00	
427	2.020995e-03	0.000000e+00	0.000000e+00	
428	2.041966e-03	0.000000e+00	0.000000e+00	
429	2.083909e-03	0.000000e+00	0.000000e+00	
430	2.167795e-03	0.000000e+00	0.000000e+00	
431	2.327795e-03	0.000000e+00	0.000000e+00	
432	2.487795e-03	0.000000e+00	0.000000e+00	
433	2.500010e-03	0.000000e+00	0.000000e+00	
434	2.500011e-03	0.000000e+00	0.000000e+00	
435	2.500013e-03	0.000000e+00	0.000000e+00	
436	2.500017e-03	0.000000e+00	0.000000e+00	
437	2.500019e-03	0.000000e+00	0.000000e+00	
438	2.500019e-03	0.000000e+00	0.000000e+00	
439	2.500019e-03	0.000000e+00	0.000000e+00	
440	2.500020e-03	0.000000e+00	0.000000e+00	
441	2.500020e-03	0.000000e+00	0.000000e+00	
442	2.500020e-03	0.000000e+00	0.000000e+00	
443	2.500020e-03	0.000000e+00	0.000000e+00	
444	2.500020e-03	0.000000e+00	0.000000e+00	
445	2.500020e-03	0.000000e+00	0.000000e+00	
446	2.500020e-03	0.000000e+00	0.000000e+00	
447	2.500020e-03	0.000000e+00	0.000000e+00	
448	2.500020e-03	0.000000e+00	0.000000e+00	
449	2.500020e-03	0.000000e+00	0.000000e+00	
450	2.500020e-03	0.000000e+00	0.000000e+00	
451	2.500021e-03	0.000000e+00	0.000000e+00	
452	2.500021e-03	0.000000e+00	0.000000e+00	
453	2.500021e-03	0.000000e+00	0.000000e+00	
454	2.500021e-03	0.000000e+00	0.000000e+00	
455	2.500021e-03	0.000000e+00	0.000000e+00	
456	2.500022e-03	0.000000e+00	0.000000e+00	
457	2.500022e-03	0.000000e+00	0.000000e+00	
458	2.500022e-03	0.000000e+00	0.000000e+00	
459	2.500022e-03	0.000000e+00	0.000000e+00	
460	2.500022e-03	0.000000e+00	0.000000e+00	

Index   time            v8#branch       v9#branch       
--------------------------------------------------------------------------------
461	2.500022e-03	0.000000e+00	0.000000e+00	
462	2.500022e-03	0.000000e+00	0.000000e+00	
463	2.500022e-03	0.000000e+00	0.000000e+00	
464	2.500023e-03	0.000000e+00	0.000000e+00	
465	2.500023e-03	0.000000e+00	0.000000e+00	
466	2.500023e-03	0.000000e+00	0.000000e+00	
467	2.500023e-03	0.000000e+00	0.000000e+00	
468	2.500023e-03	0.000000e+00	0.000000e+00	
469	2.500023e-03	0.000000e+00	0.000000e+00	
470	2.500023e-03	0.000000e+00	0.000000e+00	
471	2.500023e-03	0.000000e+00	0.000000e+00	
472	2.500023e-03	0.000000e+00	0.000000e+00	
473	2.500023e-03	0.000000e+00	0.000000e+00	
474	2.500023e-03	0.000000e+00	0.000000e+00	
475	2.500023e-03	0.000000e+00	0.000000e+00	
476	2.500023e-03	0.000000e+00	0.000000e+00	
477	2.500024e-03	0.000000e+00	0.000000e+00	
478	2.500024e-03	0.000000e+00	0.000000e+00	
479	2.500025e-03	0.000000e+00	0.000000e+00	
480	2.500025e-03	0.000000e+00	0.000000e+00	
481	2.500025e-03	0.000000e+00	0.000000e+00	
482	2.500026e-03	0.000000e+00	0.000000e+00	
483	2.500026e-03	0.000000e+00	0.000000e+00	
484	2.500026e-03	0.000000e+00	0.000000e+00	
485	2.500026e-03	0.000000e+00	0.000000e+00	
486	2.500026e-03	0.000000e+00	0.000000e+00	
487	2.500027e-03	0.000000e+00	0.000000e+00	
488	2.500028e-03	0.000000e+00	0.000000e+00	
489	2.500029e-03	0.000000e+00	0.000000e+00	
490	2.500029e-03	0.000000e+00	0.000000e+00	
491	2.500029e-03	0.000000e+00	0.000000e+00	
492	2.500029e-03	0.000000e+00	0.000000e+00	
493	2.500029e-03	0.000000e+00	0.000000e+00	
494	2.500029e-03	0.000000e+00	0.000000e+00	
495	2.500029e-03	0.000000e+00	0.000000e+00	
496	2.500029e-03	0.000000e+00	0.000000e+00	
497	2.500029e-03	0.000000e+00	0.000000e+00	
498	2.500029e-03	0.000000e+00	0.000000e+00	
499	2.500030e-03	0.000000e+00	0.000000e+00	
500	2.500030e-03	0.000000e+00	0.000000e+00	
501	2.500030e-03	0.000000e+00	0.000000e+00	
502	2.500030e-03	0.000000e+00	0.000000e+00	
503	2.500030e-03	0.000000e+00	0.000000e+00	
504	2.500031e-03	0.000000e+00	0.000000e+00	
505	2.500032e-03	0.000000e+00	0.000000e+00	
506	2.500033e-03	0.000000e+00	0.000000e+00	
507	2.500037e-03	0.000000e+00	0.000000e+00	
508	2.500043e-03	0.000000e+00	0.000000e+00	
509	2.500056e-03	0.000000e+00	0.000000e+00	
510	2.500082e-03	0.000000e+00	0.000000e+00	
511	2.500135e-03	0.000000e+00	0.000000e+00	
512	2.500240e-03	0.000000e+00	0.000000e+00	
513	2.500449e-03	0.000000e+00	0.000000e+00	
514	2.500869e-03	0.000000e+00	0.000000e+00	
515	2.501708e-03	0.000000e+00	0.000000e+00	
516	2.503385e-03	0.000000e+00	0.000000e+00	
517	2.506741e-03	0.000000e+00	0.000000e+00	
518	2.513452e-03	0.000000e+00	0.000000e+00	

Index   time            v8#branch       v9#branch       
--------------------------------------------------------------------------------
519	2.526873e-03	0.000000e+00	0.000000e+00	
520	2.553717e-03	0.000000e+00	0.000000e+00	
521	2.607404e-03	0.000000e+00	0.000000e+00	
522	2.714778e-03	0.000000e+00	0.000000e+00	
523	2.874778e-03	0.000000e+00	0.000000e+00	
524	3.000000e-03	0.000000e+00	0.000000e+00	
525	3.000001e-03	0.000000e+00	0.000000e+00	
526	3.000003e-03	0.000000e+00	0.000000e+00	
527	3.000005e-03	0.000000e+00	0.000000e+00	
528	3.000005e-03	0.000000e+00	0.000000e+00	
529	3.000005e-03	0.000000e+00	0.000000e+00	
530	3.000005e-03	0.000000e+00	0.000000e+00	
531	3.000005e-03	0.000000e+00	0.000000e+00	
532	3.000005e-03	0.000000e+00	0.000000e+00	
533	3.000005e-03	0.000000e+00	0.000000e+00	
534	3.000005e-03	0.000000e+00	0.000000e+00	
535	3.000005e-03	0.000000e+00	0.000000e+00	
536	3.000005e-03	0.000000e+00	0.000000e+00	
537	3.000006e-03	0.000000e+00	0.000000e+00	
538	3.000006e-03	0.000000e+00	0.000000e+00	
539	3.000007e-03	0.000000e+00	0.000000e+00	
540	3.000007e-03	0.000000e+00	0.000000e+00	
541	3.000007e-03	0.000000e+00	0.000000e+00	
542	3.000007e-03	0.000000e+00	0.000000e+00	
543	3.000007e-03	0.000000e+00	0.000000e+00	
544	3.000007e-03	0.000000e+00	0.000000e+00	
545	3.000007e-03	0.000000e+00	0.000000e+00	
546	3.000007e-03	0.000000e+00	0.000000e+00	
547	3.000007e-03	0.000000e+00	0.000000e+00	
548	3.000007e-03	0.000000e+00	0.000000e+00	
549	3.000008e-03	0.000000e+00	0.000000e+00	
550	3.000008e-03	0.000000e+00	0.000000e+00	
551	3.000008e-03	0.000000e+00	0.000000e+00	
552	3.000008e-03	0.000000e+00	0.000000e+00	
553	3.000008e-03	0.000000e+00	0.000000e+00	
554	3.000009e-03	0.000000e+00	0.000000e+00	
555	3.000009e-03	0.000000e+00	0.000000e+00	
556	3.000009e-03	0.000000e+00	0.000000e+00	
557	3.000009e-03	0.000000e+00	0.000000e+00	
558	3.000009e-03	0.000000e+00	0.000000e+00	
559	3.000009e-03	0.000000e+00	0.000000e+00	
560	3.000009e-03	0.000000e+00	0.000000e+00	
561	3.000009e-03	0.000000e+00	0.000000e+00	
562	3.000010e-03	0.000000e+00	0.000000e+00	
563	3.000010e-03	0.000000e+00	0.000000e+00	
564	3.000010e-03	0.000000e+00	0.000000e+00	
565	3.000010e-03	0.000000e+00	0.000000e+00	
566	3.000010e-03	0.000000e+00	0.000000e+00	
567	3.000010e-03	0.000000e+00	0.000000e+00	
568	3.000010e-03	0.000000e+00	0.000000e+00	
569	3.000010e-03	0.000000e+00	0.000000e+00	
570	3.000010e-03	0.000000e+00	0.000000e+00	
571	3.000010e-03	0.000000e+00	0.000000e+00	
572	3.000010e-03	0.000000e+00	0.000000e+00	
573	3.000011e-03	0.000000e+00	0.000000e+00	
574	3.000011e-03	0.000000e+00	0.000000e+00	
575	3.000012e-03	0.000000e+00	0.000000e+00	
576	3.000014e-03	0.000000e+00	0.000000e+00	

Index   time            v8#branch       v9#branch       
--------------------------------------------------------------------------------
577	3.000018e-03	0.000000e+00	0.000000e+00	
578	3.000020e-03	0.000000e+00	0.000000e+00	
579	3.000021e-03	0.000000e+00	0.000000e+00	
580	3.000022e-03	0.000000e+00	0.000000e+00	
581	3.000022e-03	0.000000e+00	0.000000e+00	
582	3.000022e-03	0.000000e+00	0.000000e+00	
583	3.000023e-03	0.000000e+00	0.000000e+00	
584	3.000023e-03	0.000000e+00	0.000000e+00	
585	3.000023e-03	0.000000e+00	0.000000e+00	
586	3.000023e-03	0.000000e+00	0.000000e+00	
587	3.000024e-03	0.000000e+00	0.000000e+00	
588	3.000024e-03	0.000000e+00	0.000000e+00	
589	3.000026e-03	0.000000e+00	0.000000e+00	
590	3.000028e-03	0.000000e+00	0.000000e+00	
591	3.000033e-03	0.000000e+00	0.000000e+00	
592	3.000044e-03	0.000000e+00	0.000000e+00	
593	3.000064e-03	0.000000e+00	0.000000e+00	
594	3.000105e-03	0.000000e+00	0.000000e+00	
595	3.000187e-03	0.000000e+00	0.000000e+00	
596	3.000351e-03	0.000000e+00	0.000000e+00	
597	3.000678e-03	0.000000e+00	0.000000e+00	
598	3.001334e-03	0.000000e+00	0.000000e+00	
599	3.002645e-03	0.000000e+00	0.000000e+00	
600	3.005266e-03	0.000000e+00	0.000000e+00	
601	3.010509e-03	0.000000e+00	0.000000e+00	
602	3.020995e-03	0.000000e+00	0.000000e+00	
603	3.041966e-03	0.000000e+00	0.000000e+00	
604	3.083909e-03	0.000000e+00	0.000000e+00	
605	3.167795e-03	0.000000e+00	0.000000e+00	
606	3.327795e-03	0.000000e+00	0.000000e+00	
607	3.487795e-03	0.000000e+00	0.000000e+00	
608	3.500010e-03	0.000000e+00	0.000000e+00	
609	3.500011e-03	0.000000e+00	0.000000e+00	
610	3.500013e-03	0.000000e+00	0.000000e+00	
611	3.500017e-03	0.000000e+00	0.000000e+00	
612	3.500019e-03	0.000000e+00	0.000000e+00	
613	3.500019e-03	0.000000e+00	0.000000e+00	
614	3.500019e-03	0.000000e+00	0.000000e+00	
615	3.500020e-03	0.000000e+00	0.000000e+00	
616	3.500020e-03	0.000000e+00	0.000000e+00	
617	3.500020e-03	0.000000e+00	0.000000e+00	
618	3.500020e-03	0.000000e+00	0.000000e+00	
619	3.500020e-03	0.000000e+00	0.000000e+00	
620	3.500020e-03	0.000000e+00	0.000000e+00	
621	3.500020e-03	0.000000e+00	0.000000e+00	
622	3.500020e-03	0.000000e+00	0.000000e+00	
623	3.500020e-03	0.000000e+00	0.000000e+00	
624	3.500020e-03	0.000000e+00	0.000000e+00	
625	3.500020e-03	0.000000e+00	0.000000e+00	
626	3.500021e-03	0.000000e+00	0.000000e+00	
627	3.500021e-03	0.000000e+00	0.000000e+00	
628	3.500021e-03	0.000000e+00	0.000000e+00	
629	3.500021e-03	0.000000e+00	0.000000e+00	
630	3.500021e-03	0.000000e+00	0.000000e+00	
631	3.500022e-03	0.000000e+00	0.000000e+00	
632	3.500022e-03	0.000000e+00	0.000000e+00	
633	3.500022e-03	0.000000e+00	0.000000e+00	
634	3.500022e-03	0.000000e+00	0.000000e+00	

Index   time            v8#branch       v9#branch       
--------------------------------------------------------------------------------
635	3.500022e-03	0.000000e+00	0.000000e+00	
636	3.500022e-03	0.000000e+00	0.000000e+00	
637	3.500022e-03	0.000000e+00	0.000000e+00	
638	3.500022e-03	0.000000e+00	0.000000e+00	
639	3.500023e-03	0.000000e+00	0.000000e+00	
640	3.500023e-03	0.000000e+00	0.000000e+00	
641	3.500023e-03	0.000000e+00	0.000000e+00	
642	3.500023e-03	0.000000e+00	0.000000e+00	
643	3.500023e-03	0.000000e+00	0.000000e+00	
644	3.500023e-03	0.000000e+00	0.000000e+00	
645	3.500023e-03	0.000000e+00	0.000000e+00	
646	3.500023e-03	0.000000e+00	0.000000e+00	
647	3.500023e-03	0.000000e+00	0.000000e+00	
648	3.500023e-03	0.000000e+00	0.000000e+00	
649	3.500023e-03	0.000000e+00	0.000000e+00	
650	3.500023e-03	0.000000e+00	0.000000e+00	
651	3.500023e-03	0.000000e+00	0.000000e+00	
652	3.500024e-03	0.000000e+00	0.000000e+00	
653	3.500024e-03	0.000000e+00	0.000000e+00	
654	3.500025e-03	0.000000e+00	0.000000e+00	
655	3.500025e-03	0.000000e+00	0.000000e+00	
656	3.500025e-03	0.000000e+00	0.000000e+00	
657	3.500026e-03	0.000000e+00	0.000000e+00	
658	3.500026e-03	0.000000e+00	0.000000e+00	
659	3.500026e-03	0.000000e+00	0.000000e+00	
660	3.500026e-03	0.000000e+00	0.000000e+00	
661	3.500026e-03	0.000000e+00	0.000000e+00	
662	3.500027e-03	0.000000e+00	0.000000e+00	
663	3.500028e-03	0.000000e+00	0.000000e+00	
664	3.500029e-03	0.000000e+00	0.000000e+00	
665	3.500029e-03	0.000000e+00	0.000000e+00	
666	3.500029e-03	0.000000e+00	0.000000e+00	
667	3.500029e-03	0.000000e+00	0.000000e+00	
668	3.500029e-03	0.000000e+00	0.000000e+00	
669	3.500029e-03	0.000000e+00	0.000000e+00	
670	3.500029e-03	0.000000e+00	0.000000e+00	
671	3.500029e-03	0.000000e+00	0.000000e+00	
672	3.500029e-03	0.000000e+00	0.000000e+00	
673	3.500029e-03	0.000000e+00	0.000000e+00	
674	3.500030e-03	0.000000e+00	0.000000e+00	
675	3.500030e-03	0.000000e+00	0.000000e+00	
676	3.500030e-03	0.000000e+00	0.000000e+00	
677	3.500030e-03	0.000000e+00	0.000000e+00	
678	3.500030e-03	0.000000e+00	0.000000e+00	
679	3.500031e-03	0.000000e+00	0.000000e+00	
680	3.500032e-03	0.000000e+00	0.000000e+00	
681	3.500033e-03	0.000000e+00	0.000000e+00	
682	3.500037e-03	0.000000e+00	0.000000e+00	
683	3.500043e-03	0.000000e+00	0.000000e+00	
684	3.500056e-03	0.000000e+00	0.000000e+00	
685	3.500082e-03	0.000000e+00	0.000000e+00	
686	3.500135e-03	0.000000e+00	0.000000e+00	
687	3.500240e-03	0.000000e+00	0.000000e+00	
688	3.500449e-03	0.000000e+00	0.000000e+00	
689	3.500869e-03	0.000000e+00	0.000000e+00	
690	3.501708e-03	0.000000e+00	0.000000e+00	
691	3.503385e-03	0.000000e+00	0.000000e+00	
692	3.506741e-03	0.000000e+00	0.000000e+00	

Index   time            v8#branch       v9#branch       
--------------------------------------------------------------------------------
693	3.513452e-03	0.000000e+00	0.000000e+00	
694	3.526873e-03	0.000000e+00	0.000000e+00	
695	3.553717e-03	0.000000e+00	0.000000e+00	
696	3.607404e-03	0.000000e+00	0.000000e+00	
697	3.714778e-03	0.000000e+00	0.000000e+00	
698	3.874778e-03	0.000000e+00	0.000000e+00	
699	4.000000e-03	0.000000e+00	0.000000e+00	
700	4.000001e-03	0.000000e+00	0.000000e+00	
701	4.000003e-03	0.000000e+00	0.000000e+00	
702	4.000005e-03	0.000000e+00	0.000000e+00	
703	4.000005e-03	0.000000e+00	0.000000e+00	
704	4.000005e-03	0.000000e+00	0.000000e+00	
705	4.000005e-03	0.000000e+00	0.000000e+00	
706	4.000005e-03	0.000000e+00	0.000000e+00	
707	4.000005e-03	0.000000e+00	0.000000e+00	
708	4.000005e-03	0.000000e+00	0.000000e+00	
709	4.000005e-03	0.000000e+00	0.000000e+00	
710	4.000005e-03	0.000000e+00	0.000000e+00	
711	4.000005e-03	0.000000e+00	0.000000e+00	
712	4.000006e-03	0.000000e+00	0.000000e+00	
713	4.000006e-03	0.000000e+00	0.000000e+00	
714	4.000006e-03	0.000000e+00	0.000000e+00	
715	4.000006e-03	0.000000e+00	0.000000e+00	
716	4.000006e-03	0.000000e+00	0.000000e+00	
717	4.000006e-03	0.000000e+00	0.000000e+00	
718	4.000006e-03	0.000000e+00	0.000000e+00	
719	4.000006e-03	0.000000e+00	0.000000e+00	
720	4.000006e-03	0.000000e+00	0.000000e+00	
721	4.000006e-03	0.000000e+00	0.000000e+00	
722	4.000006e-03	0.000000e+00	0.000000e+00	
723	4.000007e-03	0.000000e+00	0.000000e+00	
724	4.000007e-03	0.000000e+00	0.000000e+00	
725	4.000007e-03	0.000000e+00	0.000000e+00	
726	4.000007e-03	0.000000e+00	0.000000e+00	
727	4.000007e-03	0.000000e+00	0.000000e+00	
728	4.000007e-03	0.000000e+00	0.000000e+00	
729	4.000007e-03	0.000000e+00	0.000000e+00	
730	4.000007e-03	0.000000e+00	0.000000e+00	
731	4.000007e-03	0.000000e+00	0.000000e+00	
732	4.000007e-03	0.000000e+00	0.000000e+00	
733	4.000007e-03	0.000000e+00	0.000000e+00	
734	4.000008e-03	0.000000e+00	0.000000e+00	
735	4.000008e-03	0.000000e+00	0.000000e+00	
736	4.000008e-03	0.000000e+00	0.000000e+00	
737	4.000008e-03	0.000000e+00	0.000000e+00	
738	4.000008e-03	0.000000e+00	0.000000e+00	
739	4.000009e-03	0.000000e+00	0.000000e+00	
740	4.000009e-03	0.000000e+00	0.000000e+00	
741	4.000009e-03	0.000000e+00	0.000000e+00	
742	4.000009e-03	0.000000e+00	0.000000e+00	
743	4.000009e-03	0.000000e+00	0.000000e+00	
744	4.000009e-03	0.000000e+00	0.000000e+00	
745	4.000009e-03	0.000000e+00	0.000000e+00	
746	4.000009e-03	0.000000e+00	0.000000e+00	
747	4.000010e-03	0.000000e+00	0.000000e+00	
748	4.000010e-03	0.000000e+00	0.000000e+00	
749	4.000010e-03	0.000000e+00	0.000000e+00	
750	4.000010e-03	0.000000e+00	0.000000e+00	

Index   time            v8#branch       v9#branch       
--------------------------------------------------------------------------------
751	4.000010e-03	0.000000e+00	0.000000e+00	
752	4.000010e-03	0.000000e+00	0.000000e+00	
753	4.000010e-03	0.000000e+00	0.000000e+00	
754	4.000010e-03	0.000000e+00	0.000000e+00	
755	4.000010e-03	0.000000e+00	0.000000e+00	
756	4.000010e-03	0.000000e+00	0.000000e+00	
757	4.000010e-03	0.000000e+00	0.000000e+00	
758	4.000011e-03	0.000000e+00	0.000000e+00	
759	4.000011e-03	0.000000e+00	0.000000e+00	
760	4.000012e-03	0.000000e+00	0.000000e+00	
761	4.000014e-03	0.000000e+00	0.000000e+00	
762	4.000018e-03	0.000000e+00	0.000000e+00	
763	4.000020e-03	0.000000e+00	0.000000e+00	
764	4.000021e-03	0.000000e+00	0.000000e+00	
765	4.000021e-03	0.000000e+00	0.000000e+00	
766	4.000021e-03	0.000000e+00	0.000000e+00	
767	4.000021e-03	0.000000e+00	0.000000e+00	
768	4.000022e-03	0.000000e+00	0.000000e+00	
769	4.000022e-03	0.000000e+00	0.000000e+00	
770	4.000022e-03	0.000000e+00	0.000000e+00	
771	4.000022e-03	0.000000e+00	0.000000e+00	
772	4.000023e-03	0.000000e+00	0.000000e+00	
773	4.000023e-03	0.000000e+00	0.000000e+00	
774	4.000025e-03	0.000000e+00	0.000000e+00	
775	4.000027e-03	0.000000e+00	0.000000e+00	
776	4.000032e-03	0.000000e+00	0.000000e+00	
777	4.000043e-03	0.000000e+00	0.000000e+00	
778	4.000063e-03	0.000000e+00	0.000000e+00	
779	4.000104e-03	0.000000e+00	0.000000e+00	
780	4.000186e-03	0.000000e+00	0.000000e+00	
781	4.000350e-03	0.000000e+00	0.000000e+00	
782	4.000677e-03	0.000000e+00	0.000000e+00	
783	4.001333e-03	0.000000e+00	0.000000e+00	
784	4.002644e-03	0.000000e+00	0.000000e+00	
785	4.005265e-03	0.000000e+00	0.000000e+00	
786	4.010508e-03	0.000000e+00	0.000000e+00	
787	4.020994e-03	0.000000e+00	0.000000e+00	
788	4.041965e-03	0.000000e+00	0.000000e+00	
789	4.083908e-03	0.000000e+00	0.000000e+00	
790	4.167794e-03	0.000000e+00	0.000000e+00	
791	4.327794e-03	0.000000e+00	0.000000e+00	
792	4.487794e-03	0.000000e+00	0.000000e+00	
793	4.500010e-03	0.000000e+00	0.000000e+00	
794	4.500011e-03	0.000000e+00	0.000000e+00	
795	4.500013e-03	0.000000e+00	0.000000e+00	
796	4.500017e-03	0.000000e+00	0.000000e+00	
797	4.500019e-03	0.000000e+00	0.000000e+00	
798	4.500019e-03	0.000000e+00	0.000000e+00	
799	4.500019e-03	0.000000e+00	0.000000e+00	
800	4.500020e-03	0.000000e+00	0.000000e+00	
801	4.500020e-03	0.000000e+00	0.000000e+00	
802	4.500020e-03	0.000000e+00	0.000000e+00	
803	4.500020e-03	0.000000e+00	0.000000e+00	
804	4.500020e-03	0.000000e+00	0.000000e+00	
805	4.500020e-03	0.000000e+00	0.000000e+00	
806	4.500020e-03	0.000000e+00	0.000000e+00	
807	4.500020e-03	0.000000e+00	0.000000e+00	
808	4.500020e-03	0.000000e+00	0.000000e+00	

Index   time            v8#branch       v9#branch       
--------------------------------------------------------------------------------
809	4.500020e-03	0.000000e+00	0.000000e+00	
810	4.500020e-03	0.000000e+00	0.000000e+00	
811	4.500021e-03	0.000000e+00	0.000000e+00	
812	4.500021e-03	0.000000e+00	0.000000e+00	
813	4.500021e-03	0.000000e+00	0.000000e+00	
814	4.500021e-03	0.000000e+00	0.000000e+00	
815	4.500021e-03	0.000000e+00	0.000000e+00	
816	4.500022e-03	0.000000e+00	0.000000e+00	
817	4.500022e-03	0.000000e+00	0.000000e+00	
818	4.500022e-03	0.000000e+00	0.000000e+00	
819	4.500022e-03	0.000000e+00	0.000000e+00	
820	4.500022e-03	0.000000e+00	0.000000e+00	
821	4.500022e-03	0.000000e+00	0.000000e+00	
822	4.500022e-03	0.000000e+00	0.000000e+00	
823	4.500022e-03	0.000000e+00	0.000000e+00	
824	4.500023e-03	0.000000e+00	0.000000e+00	
825	4.500023e-03	0.000000e+00	0.000000e+00	
826	4.500023e-03	0.000000e+00	0.000000e+00	
827	4.500023e-03	0.000000e+00	0.000000e+00	
828	4.500023e-03	0.000000e+00	0.000000e+00	
829	4.500023e-03	0.000000e+00	0.000000e+00	
830	4.500023e-03	0.000000e+00	0.000000e+00	
831	4.500023e-03	0.000000e+00	0.000000e+00	
832	4.500023e-03	0.000000e+00	0.000000e+00	
833	4.500023e-03	0.000000e+00	0.000000e+00	
834	4.500023e-03	0.000000e+00	0.000000e+00	
835	4.500023e-03	0.000000e+00	0.000000e+00	
836	4.500023e-03	0.000000e+00	0.000000e+00	
837	4.500024e-03	0.000000e+00	0.000000e+00	
838	4.500024e-03	0.000000e+00	0.000000e+00	
839	4.500025e-03	0.000000e+00	0.000000e+00	
840	4.500025e-03	0.000000e+00	0.000000e+00	
841	4.500025e-03	0.000000e+00	0.000000e+00	
842	4.500026e-03	0.000000e+00	0.000000e+00	
843	4.500026e-03	0.000000e+00	0.000000e+00	
844	4.500026e-03	0.000000e+00	0.000000e+00	
845	4.500026e-03	0.000000e+00	0.000000e+00	
846	4.500026e-03	0.000000e+00	0.000000e+00	
847	4.500027e-03	0.000000e+00	0.000000e+00	
848	4.500028e-03	0.000000e+00	0.000000e+00	
849	4.500029e-03	0.000000e+00	0.000000e+00	
850	4.500029e-03	0.000000e+00	0.000000e+00	
851	4.500029e-03	0.000000e+00	0.000000e+00	
852	4.500029e-03	0.000000e+00	0.000000e+00	
853	4.500029e-03	0.000000e+00	0.000000e+00	
854	4.500029e-03	0.000000e+00	0.000000e+00	
855	4.500029e-03	0.000000e+00	0.000000e+00	
856	4.500029e-03	0.000000e+00	0.000000e+00	
857	4.500029e-03	0.000000e+00	0.000000e+00	
858	4.500029e-03	0.000000e+00	0.000000e+00	
859	4.500030e-03	0.000000e+00	0.000000e+00	
860	4.500030e-03	0.000000e+00	0.000000e+00	
861	4.500030e-03	0.000000e+00	0.000000e+00	
862	4.500030e-03	0.000000e+00	0.000000e+00	
863	4.500030e-03	0.000000e+00	0.000000e+00	
864	4.500031e-03	0.000000e+00	0.000000e+00	
865	4.500032e-03	0.000000e+00	0.000000e+00	
866	4.500033e-03	0.000000e+00	0.000000e+00	

Index   time            v8#branch       v9#branch       
--------------------------------------------------------------------------------
867	4.500037e-03	0.000000e+00	0.000000e+00	
868	4.500043e-03	0.000000e+00	0.000000e+00	
869	4.500056e-03	0.000000e+00	0.000000e+00	
870	4.500082e-03	0.000000e+00	0.000000e+00	
871	4.500135e-03	0.000000e+00	0.000000e+00	
872	4.500240e-03	0.000000e+00	0.000000e+00	
873	4.500449e-03	0.000000e+00	0.000000e+00	
874	4.500869e-03	0.000000e+00	0.000000e+00	
875	4.501708e-03	0.000000e+00	0.000000e+00	
876	4.503385e-03	0.000000e+00	0.000000e+00	
877	4.506741e-03	0.000000e+00	0.000000e+00	
878	4.513452e-03	0.000000e+00	0.000000e+00	
879	4.526873e-03	0.000000e+00	0.000000e+00	
880	4.553717e-03	0.000000e+00	0.000000e+00	
881	4.607404e-03	0.000000e+00	0.000000e+00	
882	4.714778e-03	0.000000e+00	0.000000e+00	
883	4.874778e-03	0.000000e+00	0.000000e+00	
884	5.000000e-03	0.000000e+00	0.000000e+00	
885	5.000001e-03	0.000000e+00	0.000000e+00	
886	5.000003e-03	0.000000e+00	0.000000e+00	
887	5.000005e-03	0.000000e+00	0.000000e+00	
888	5.000005e-03	0.000000e+00	0.000000e+00	
889	5.000005e-03	0.000000e+00	0.000000e+00	
890	5.000005e-03	0.000000e+00	0.000000e+00	
891	5.000005e-03	0.000000e+00	0.000000e+00	
892	5.000005e-03	0.000000e+00	0.000000e+00	
893	5.000005e-03	0.000000e+00	0.000000e+00	
894	5.000005e-03	0.000000e+00	0.000000e+00	
895	5.000005e-03	0.000000e+00	0.000000e+00	
896	5.000005e-03	0.000000e+00	0.000000e+00	
897	5.000006e-03	0.000000e+00	0.000000e+00	
898	5.000006e-03	0.000000e+00	0.000000e+00	
899	5.000007e-03	0.000000e+00	0.000000e+00	
900	5.000007e-03	0.000000e+00	0.000000e+00	
901	5.000007e-03	0.000000e+00	0.000000e+00	
902	5.000007e-03	0.000000e+00	0.000000e+00	
903	5.000007e-03	0.000000e+00	0.000000e+00	
904	5.000007e-03	0.000000e+00	0.000000e+00	
905	5.000007e-03	0.000000e+00	0.000000e+00	
906	5.000007e-03	0.000000e+00	0.000000e+00	
907	5.000007e-03	0.000000e+00	0.000000e+00	
908	5.000007e-03	0.000000e+00	0.000000e+00	
909	5.000008e-03	0.000000e+00	0.000000e+00	
910	5.000008e-03	0.000000e+00	0.000000e+00	
911	5.000008e-03	0.000000e+00	0.000000e+00	
912	5.000008e-03	0.000000e+00	0.000000e+00	
913	5.000008e-03	0.000000e+00	0.000000e+00	
914	5.000009e-03	0.000000e+00	0.000000e+00	
915	5.000009e-03	0.000000e+00	0.000000e+00	
916	5.000009e-03	0.000000e+00	0.000000e+00	
917	5.000009e-03	0.000000e+00	0.000000e+00	
918	5.000009e-03	0.000000e+00	0.000000e+00	
919	5.000009e-03	0.000000e+00	0.000000e+00	
920	5.000009e-03	0.000000e+00	0.000000e+00	
921	5.000009e-03	0.000000e+00	0.000000e+00	
922	5.000010e-03	0.000000e+00	0.000000e+00	
923	5.000010e-03	0.000000e+00	0.000000e+00	
924	5.000010e-03	0.000000e+00	0.000000e+00	

Index   time            v8#branch       v9#branch       
--------------------------------------------------------------------------------
925	5.000010e-03	0.000000e+00	0.000000e+00	
926	5.000010e-03	0.000000e+00	0.000000e+00	
927	5.000010e-03	0.000000e+00	0.000000e+00	
928	5.000010e-03	0.000000e+00	0.000000e+00	
929	5.000010e-03	0.000000e+00	0.000000e+00	
930	5.000010e-03	0.000000e+00	0.000000e+00	
931	5.000010e-03	0.000000e+00	0.000000e+00	
932	5.000010e-03	0.000000e+00	0.000000e+00	
933	5.000011e-03	0.000000e+00	0.000000e+00	
934	5.000011e-03	0.000000e+00	0.000000e+00	
935	5.000012e-03	0.000000e+00	0.000000e+00	
936	5.000014e-03	0.000000e+00	0.000000e+00	
937	5.000018e-03	0.000000e+00	0.000000e+00	
938	5.000020e-03	0.000000e+00	0.000000e+00	
939	5.000021e-03	0.000000e+00	0.000000e+00	
940	5.000022e-03	0.000000e+00	0.000000e+00	
941	5.000022e-03	0.000000e+00	0.000000e+00	
942	5.000022e-03	0.000000e+00	0.000000e+00	
943	5.000023e-03	0.000000e+00	0.000000e+00	
944	5.000023e-03	0.000000e+00	0.000000e+00	
945	5.000023e-03	0.000000e+00	0.000000e+00	
946	5.000023e-03	0.000000e+00	0.000000e+00	
947	5.000024e-03	0.000000e+00	0.000000e+00	
948	5.000024e-03	0.000000e+00	0.000000e+00	
949	5.000026e-03	0.000000e+00	0.000000e+00	
950	5.000028e-03	0.000000e+00	0.000000e+00	
951	5.000033e-03	0.000000e+00	0.000000e+00	
952	5.000044e-03	0.000000e+00	0.000000e+00	
953	5.000064e-03	0.000000e+00	0.000000e+00	
954	5.000105e-03	0.000000e+00	0.000000e+00	
955	5.000187e-03	0.000000e+00	0.000000e+00	
956	5.000351e-03	0.000000e+00	0.000000e+00	
957	5.000678e-03	0.000000e+00	0.000000e+00	
958	5.001334e-03	0.000000e+00	0.000000e+00	
959	5.002645e-03	0.000000e+00	0.000000e+00	
960	5.005266e-03	0.000000e+00	0.000000e+00	
961	5.010509e-03	0.000000e+00	0.000000e+00	
962	5.020995e-03	0.000000e+00	0.000000e+00	
963	5.041966e-03	0.000000e+00	0.000000e+00	
964	5.083909e-03	0.000000e+00	0.000000e+00	
965	5.167795e-03	0.000000e+00	0.000000e+00	
966	5.327795e-03	0.000000e+00	0.000000e+00	
967	5.487795e-03	0.000000e+00	0.000000e+00	
968	5.500010e-03	0.000000e+00	0.000000e+00	
969	5.500011e-03	0.000000e+00	0.000000e+00	
970	5.500013e-03	0.000000e+00	0.000000e+00	
971	5.500017e-03	0.000000e+00	0.000000e+00	
972	5.500019e-03	0.000000e+00	0.000000e+00	
973	5.500019e-03	0.000000e+00	0.000000e+00	
974	5.500019e-03	0.000000e+00	0.000000e+00	
975	5.500020e-03	0.000000e+00	0.000000e+00	
976	5.500020e-03	0.000000e+00	0.000000e+00	
977	5.500020e-03	0.000000e+00	0.000000e+00	
978	5.500020e-03	0.000000e+00	0.000000e+00	
979	5.500020e-03	0.000000e+00	0.000000e+00	
980	5.500020e-03	0.000000e+00	0.000000e+00	
981	5.500020e-03	0.000000e+00	0.000000e+00	
982	5.500020e-03	0.000000e+00	0.000000e+00	

Index   time            v8#branch       v9#branch       
--------------------------------------------------------------------------------
983	5.500020e-03	0.000000e+00	0.000000e+00	
984	5.500020e-03	0.000000e+00	0.000000e+00	
985	5.500020e-03	0.000000e+00	0.000000e+00	
986	5.500021e-03	0.000000e+00	0.000000e+00	
987	5.500021e-03	0.000000e+00	0.000000e+00	
988	5.500021e-03	0.000000e+00	0.000000e+00	
989	5.500021e-03	0.000000e+00	0.000000e+00	
990	5.500021e-03	0.000000e+00	0.000000e+00	
991	5.500022e-03	0.000000e+00	0.000000e+00	
992	5.500022e-03	0.000000e+00	0.000000e+00	
993	5.500022e-03	0.000000e+00	0.000000e+00	
994	5.500022e-03	0.000000e+00	0.000000e+00	
995	5.500022e-03	0.000000e+00	0.000000e+00	
996	5.500022e-03	0.000000e+00	0.000000e+00	
997	5.500022e-03	0.000000e+00	0.000000e+00	
998	5.500022e-03	0.000000e+00	0.000000e+00	
999	5.500023e-03	0.000000e+00	0.000000e+00	
1000	5.500023e-03	0.000000e+00	0.000000e+00	
1001	5.500023e-03	0.000000e+00	0.000000e+00	
1002	5.500023e-03	0.000000e+00	0.000000e+00	
1003	5.500023e-03	0.000000e+00	0.000000e+00	
1004	5.500023e-03	0.000000e+00	0.000000e+00	
1005	5.500023e-03	0.000000e+00	0.000000e+00	
1006	5.500023e-03	0.000000e+00	0.000000e+00	
1007	5.500023e-03	0.000000e+00	0.000000e+00	
1008	5.500023e-03	0.000000e+00	0.000000e+00	
1009	5.500023e-03	0.000000e+00	0.000000e+00	
1010	5.500023e-03	0.000000e+00	0.000000e+00	
1011	5.500023e-03	0.000000e+00	0.000000e+00	
1012	5.500024e-03	0.000000e+00	0.000000e+00	
1013	5.500024e-03	0.000000e+00	0.000000e+00	
1014	5.500025e-03	0.000000e+00	0.000000e+00	
1015	5.500025e-03	0.000000e+00	0.000000e+00	
1016	5.500025e-03	0.000000e+00	0.000000e+00	
1017	5.500026e-03	0.000000e+00	0.000000e+00	
1018	5.500026e-03	0.000000e+00	0.000000e+00	
1019	5.500026e-03	0.000000e+00	0.000000e+00	
1020	5.500026e-03	0.000000e+00	0.000000e+00	
1021	5.500026e-03	0.000000e+00	0.000000e+00	
1022	5.500027e-03	0.000000e+00	0.000000e+00	
1023	5.500028e-03	0.000000e+00	0.000000e+00	
1024	5.500029e-03	0.000000e+00	0.000000e+00	
1025	5.500029e-03	0.000000e+00	0.000000e+00	
1026	5.500029e-03	0.000000e+00	0.000000e+00	
1027	5.500029e-03	0.000000e+00	0.000000e+00	
1028	5.500029e-03	0.000000e+00	0.000000e+00	
1029	5.500029e-03	0.000000e+00	0.000000e+00	
1030	5.500029e-03	0.000000e+00	0.000000e+00	
1031	5.500029e-03	0.000000e+00	0.000000e+00	
1032	5.500029e-03	0.000000e+00	0.000000e+00	
1033	5.500029e-03	0.000000e+00	0.000000e+00	
1034	5.500030e-03	0.000000e+00	0.000000e+00	
1035	5.500030e-03	0.000000e+00	0.000000e+00	
1036	5.500030e-03	0.000000e+00	0.000000e+00	
1037	5.500030e-03	0.000000e+00	0.000000e+00	
1038	5.500030e-03	0.000000e+00	0.000000e+00	
1039	5.500031e-03	0.000000e+00	0.000000e+00	
1040	5.500032e-03	0.000000e+00	0.000000e+00	

Index   time            v8#branch       v9#branch       
--------------------------------------------------------------------------------
1041	5.500033e-03	0.000000e+00	0.000000e+00	
1042	5.500037e-03	0.000000e+00	0.000000e+00	
1043	5.500043e-03	0.000000e+00	0.000000e+00	
1044	5.500056e-03	0.000000e+00	0.000000e+00	
1045	5.500082e-03	0.000000e+00	0.000000e+00	
1046	5.500135e-03	0.000000e+00	0.000000e+00	
1047	5.500240e-03	0.000000e+00	0.000000e+00	
1048	5.500449e-03	0.000000e+00	0.000000e+00	
1049	5.500869e-03	0.000000e+00	0.000000e+00	
1050	5.501708e-03	0.000000e+00	0.000000e+00	
1051	5.503385e-03	0.000000e+00	0.000000e+00	
1052	5.506741e-03	0.000000e+00	0.000000e+00	
1053	5.513452e-03	0.000000e+00	0.000000e+00	
1054	5.526873e-03	0.000000e+00	0.000000e+00	
1055	5.553717e-03	0.000000e+00	0.000000e+00	
1056	5.607404e-03	0.000000e+00	0.000000e+00	
1057	5.714778e-03	0.000000e+00	0.000000e+00	
1058	5.874778e-03	0.000000e+00	0.000000e+00	
1059	6.000000e-03	0.000000e+00	0.000000e+00	
1060	6.000001e-03	0.000000e+00	0.000000e+00	
1061	6.000003e-03	0.000000e+00	0.000000e+00	
1062	6.000005e-03	0.000000e+00	0.000000e+00	
1063	6.000005e-03	0.000000e+00	0.000000e+00	
1064	6.000005e-03	0.000000e+00	0.000000e+00	
1065	6.000005e-03	0.000000e+00	0.000000e+00	
1066	6.000005e-03	0.000000e+00	0.000000e+00	
1067	6.000005e-03	0.000000e+00	0.000000e+00	
1068	6.000005e-03	0.000000e+00	0.000000e+00	
1069	6.000005e-03	0.000000e+00	0.000000e+00	
1070	6.000005e-03	0.000000e+00	0.000000e+00	
1071	6.000005e-03	0.000000e+00	0.000000e+00	
1072	6.000006e-03	0.000000e+00	0.000000e+00	
1073	6.000006e-03	0.000000e+00	0.000000e+00	
1074	6.000006e-03	0.000000e+00	0.000000e+00	
1075	6.000006e-03	0.000000e+00	0.000000e+00	
1076	6.000006e-03	0.000000e+00	0.000000e+00	
1077	6.000006e-03	0.000000e+00	0.000000e+00	
1078	6.000006e-03	0.000000e+00	0.000000e+00	
1079	6.000006e-03	0.000000e+00	0.000000e+00	
1080	6.000006e-03	0.000000e+00	0.000000e+00	
1081	6.000006e-03	0.000000e+00	0.000000e+00	
1082	6.000006e-03	0.000000e+00	0.000000e+00	
1083	6.000007e-03	0.000000e+00	0.000000e+00	
1084	6.000007e-03	0.000000e+00	0.000000e+00	
1085	6.000007e-03	0.000000e+00	0.000000e+00	
1086	6.000007e-03	0.000000e+00	0.000000e+00	
1087	6.000007e-03	0.000000e+00	0.000000e+00	
1088	6.000007e-03	0.000000e+00	0.000000e+00	
1089	6.000007e-03	0.000000e+00	0.000000e+00	
1090	6.000007e-03	0.000000e+00	0.000000e+00	
1091	6.000007e-03	0.000000e+00	0.000000e+00	
1092	6.000007e-03	0.000000e+00	0.000000e+00	
1093	6.000007e-03	0.000000e+00	0.000000e+00	
1094	6.000008e-03	0.000000e+00	0.000000e+00	
1095	6.000008e-03	0.000000e+00	0.000000e+00	
1096	6.000008e-03	0.000000e+00	0.000000e+00	
1097	6.000008e-03	0.000000e+00	0.000000e+00	
1098	6.000008e-03	0.000000e+00	0.000000e+00	

Index   time            v8#branch       v9#branch       
--------------------------------------------------------------------------------
1099	6.000009e-03	0.000000e+00	0.000000e+00	
1100	6.000009e-03	0.000000e+00	0.000000e+00	
1101	6.000009e-03	0.000000e+00	0.000000e+00	
1102	6.000009e-03	0.000000e+00	0.000000e+00	
1103	6.000009e-03	0.000000e+00	0.000000e+00	
1104	6.000009e-03	0.000000e+00	0.000000e+00	
1105	6.000009e-03	0.000000e+00	0.000000e+00	
1106	6.000009e-03	0.000000e+00	0.000000e+00	
1107	6.000010e-03	0.000000e+00	0.000000e+00	
1108	6.000010e-03	0.000000e+00	0.000000e+00	
1109	6.000010e-03	0.000000e+00	0.000000e+00	
1110	6.000010e-03	0.000000e+00	0.000000e+00	
1111	6.000010e-03	0.000000e+00	0.000000e+00	
1112	6.000010e-03	0.000000e+00	0.000000e+00	
1113	6.000010e-03	0.000000e+00	0.000000e+00	
1114	6.000010e-03	0.000000e+00	0.000000e+00	
1115	6.000010e-03	0.000000e+00	0.000000e+00	
1116	6.000010e-03	0.000000e+00	0.000000e+00	
1117	6.000010e-03	0.000000e+00	0.000000e+00	
1118	6.000011e-03	0.000000e+00	0.000000e+00	
1119	6.000011e-03	0.000000e+00	0.000000e+00	
1120	6.000012e-03	0.000000e+00	0.000000e+00	
1121	6.000014e-03	0.000000e+00	0.000000e+00	
1122	6.000018e-03	0.000000e+00	0.000000e+00	
1123	6.000020e-03	0.000000e+00	0.000000e+00	
1124	6.000021e-03	0.000000e+00	0.000000e+00	
1125	6.000022e-03	0.000000e+00	0.000000e+00	
1126	6.000022e-03	0.000000e+00	0.000000e+00	
1127	6.000022e-03	0.000000e+00	0.000000e+00	
1128	6.000023e-03	0.000000e+00	0.000000e+00	
1129	6.000023e-03	0.000000e+00	0.000000e+00	
1130	6.000023e-03	0.000000e+00	0.000000e+00	
1131	6.000023e-03	0.000000e+00	0.000000e+00	
1132	6.000024e-03	0.000000e+00	0.000000e+00	
1133	6.000024e-03	0.000000e+00	0.000000e+00	
1134	6.000026e-03	0.000000e+00	0.000000e+00	
1135	6.000028e-03	0.000000e+00	0.000000e+00	
1136	6.000033e-03	0.000000e+00	0.000000e+00	
1137	6.000044e-03	0.000000e+00	0.000000e+00	
1138	6.000064e-03	0.000000e+00	0.000000e+00	
1139	6.000105e-03	0.000000e+00	0.000000e+00	
1140	6.000187e-03	0.000000e+00	0.000000e+00	
1141	6.000351e-03	0.000000e+00	0.000000e+00	
1142	6.000678e-03	0.000000e+00	0.000000e+00	
1143	6.001334e-03	0.000000e+00	0.000000e+00	
1144	6.002645e-03	0.000000e+00	0.000000e+00	
1145	6.005266e-03	0.000000e+00	0.000000e+00	
1146	6.010509e-03	0.000000e+00	0.000000e+00	
1147	6.020995e-03	0.000000e+00	0.000000e+00	
1148	6.041966e-03	0.000000e+00	0.000000e+00	
1149	6.083909e-03	0.000000e+00	0.000000e+00	
1150	6.167795e-03	0.000000e+00	0.000000e+00	
1151	6.327795e-03	0.000000e+00	0.000000e+00	
1152	6.487795e-03	0.000000e+00	0.000000e+00	
1153	6.500010e-03	0.000000e+00	0.000000e+00	
1154	6.500011e-03	0.000000e+00	0.000000e+00	
1155	6.500013e-03	0.000000e+00	0.000000e+00	
1156	6.500017e-03	0.000000e+00	0.000000e+00	

Index   time            v8#branch       v9#branch       
--------------------------------------------------------------------------------
1157	6.500019e-03	0.000000e+00	0.000000e+00	
1158	6.500019e-03	0.000000e+00	0.000000e+00	
1159	6.500019e-03	0.000000e+00	0.000000e+00	
1160	6.500020e-03	0.000000e+00	0.000000e+00	
1161	6.500020e-03	0.000000e+00	0.000000e+00	
1162	6.500020e-03	0.000000e+00	0.000000e+00	
1163	6.500020e-03	0.000000e+00	0.000000e+00	
1164	6.500020e-03	0.000000e+00	0.000000e+00	
1165	6.500020e-03	0.000000e+00	0.000000e+00	
1166	6.500020e-03	0.000000e+00	0.000000e+00	
1167	6.500020e-03	0.000000e+00	0.000000e+00	
1168	6.500020e-03	0.000000e+00	0.000000e+00	
1169	6.500020e-03	0.000000e+00	0.000000e+00	
1170	6.500020e-03	0.000000e+00	0.000000e+00	
1171	6.500021e-03	0.000000e+00	0.000000e+00	
1172	6.500021e-03	0.000000e+00	0.000000e+00	
1173	6.500021e-03	0.000000e+00	0.000000e+00	
1174	6.500021e-03	0.000000e+00	0.000000e+00	
1175	6.500021e-03	0.000000e+00	0.000000e+00	
1176	6.500022e-03	0.000000e+00	0.000000e+00	
1177	6.500022e-03	0.000000e+00	0.000000e+00	
1178	6.500022e-03	0.000000e+00	0.000000e+00	
1179	6.500022e-03	0.000000e+00	0.000000e+00	
1180	6.500022e-03	0.000000e+00	0.000000e+00	
1181	6.500022e-03	0.000000e+00	0.000000e+00	
1182	6.500022e-03	0.000000e+00	0.000000e+00	
1183	6.500022e-03	0.000000e+00	0.000000e+00	
1184	6.500023e-03	0.000000e+00	0.000000e+00	
1185	6.500023e-03	0.000000e+00	0.000000e+00	
1186	6.500023e-03	0.000000e+00	0.000000e+00	
1187	6.500023e-03	0.000000e+00	0.000000e+00	
1188	6.500023e-03	0.000000e+00	0.000000e+00	
1189	6.500023e-03	0.000000e+00	0.000000e+00	
1190	6.500023e-03	0.000000e+00	0.000000e+00	
1191	6.500023e-03	0.000000e+00	0.000000e+00	
1192	6.500023e-03	0.000000e+00	0.000000e+00	
1193	6.500023e-03	0.000000e+00	0.000000e+00	
1194	6.500023e-03	0.000000e+00	0.000000e+00	
1195	6.500023e-03	0.000000e+00	0.000000e+00	
1196	6.500023e-03	0.000000e+00	0.000000e+00	
1197	6.500024e-03	0.000000e+00	0.000000e+00	
1198	6.500024e-03	0.000000e+00	0.000000e+00	
1199	6.500025e-03	0.000000e+00	0.000000e+00	
1200	6.500025e-03	0.000000e+00	0.000000e+00	
1201	6.500025e-03	0.000000e+00	0.000000e+00	
1202	6.500026e-03	0.000000e+00	0.000000e+00	
1203	6.500026e-03	0.000000e+00	0.000000e+00	
1204	6.500026e-03	0.000000e+00	0.000000e+00	
1205	6.500026e-03	0.000000e+00	0.000000e+00	
1206	6.500026e-03	0.000000e+00	0.000000e+00	
1207	6.500027e-03	0.000000e+00	0.000000e+00	
1208	6.500028e-03	0.000000e+00	0.000000e+00	
1209	6.500029e-03	0.000000e+00	0.000000e+00	
1210	6.500029e-03	0.000000e+00	0.000000e+00	
1211	6.500029e-03	0.000000e+00	0.000000e+00	
1212	6.500029e-03	0.000000e+00	0.000000e+00	
1213	6.500029e-03	0.000000e+00	0.000000e+00	
1214	6.500029e-03	0.000000e+00	0.000000e+00	

Index   time            v8#branch       v9#branch       
--------------------------------------------------------------------------------
1215	6.500029e-03	0.000000e+00	0.000000e+00	
1216	6.500029e-03	0.000000e+00	0.000000e+00	
1217	6.500029e-03	0.000000e+00	0.000000e+00	
1218	6.500029e-03	0.000000e+00	0.000000e+00	
1219	6.500030e-03	0.000000e+00	0.000000e+00	
1220	6.500030e-03	0.000000e+00	0.000000e+00	
1221	6.500030e-03	0.000000e+00	0.000000e+00	
1222	6.500030e-03	0.000000e+00	0.000000e+00	
1223	6.500030e-03	0.000000e+00	0.000000e+00	
1224	6.500031e-03	0.000000e+00	0.000000e+00	
1225	6.500032e-03	0.000000e+00	0.000000e+00	
1226	6.500033e-03	0.000000e+00	0.000000e+00	
1227	6.500037e-03	0.000000e+00	0.000000e+00	
1228	6.500043e-03	0.000000e+00	0.000000e+00	
1229	6.500056e-03	0.000000e+00	0.000000e+00	
1230	6.500082e-03	0.000000e+00	0.000000e+00	
1231	6.500135e-03	0.000000e+00	0.000000e+00	
1232	6.500240e-03	0.000000e+00	0.000000e+00	
1233	6.500449e-03	0.000000e+00	0.000000e+00	
1234	6.500869e-03	0.000000e+00	0.000000e+00	
1235	6.501708e-03	0.000000e+00	0.000000e+00	
1236	6.503385e-03	0.000000e+00	0.000000e+00	
1237	6.506741e-03	0.000000e+00	0.000000e+00	
1238	6.513452e-03	0.000000e+00	0.000000e+00	
1239	6.526873e-03	0.000000e+00	0.000000e+00	
1240	6.553717e-03	0.000000e+00	0.000000e+00	
1241	6.607404e-03	0.000000e+00	0.000000e+00	
1242	6.714778e-03	0.000000e+00	0.000000e+00	
1243	6.874778e-03	0.000000e+00	0.000000e+00	
1244	7.000000e-03	0.000000e+00	0.000000e+00	
1245	7.000001e-03	0.000000e+00	0.000000e+00	
1246	7.000003e-03	0.000000e+00	0.000000e+00	
1247	7.000005e-03	0.000000e+00	0.000000e+00	
1248	7.000005e-03	0.000000e+00	0.000000e+00	
1249	7.000005e-03	0.000000e+00	0.000000e+00	
1250	7.000005e-03	0.000000e+00	0.000000e+00	
1251	7.000005e-03	0.000000e+00	0.000000e+00	
1252	7.000005e-03	0.000000e+00	0.000000e+00	
1253	7.000005e-03	0.000000e+00	0.000000e+00	
1254	7.000005e-03	0.000000e+00	0.000000e+00	
1255	7.000005e-03	0.000000e+00	0.000000e+00	
1256	7.000005e-03	0.000000e+00	0.000000e+00	
1257	7.000006e-03	0.000000e+00	0.000000e+00	
1258	7.000006e-03	0.000000e+00	0.000000e+00	
1259	7.000007e-03	0.000000e+00	0.000000e+00	
1260	7.000007e-03	0.000000e+00	0.000000e+00	
1261	7.000007e-03	0.000000e+00	0.000000e+00	
1262	7.000007e-03	0.000000e+00	0.000000e+00	
1263	7.000007e-03	0.000000e+00	0.000000e+00	
1264	7.000007e-03	0.000000e+00	0.000000e+00	
1265	7.000007e-03	0.000000e+00	0.000000e+00	
1266	7.000007e-03	0.000000e+00	0.000000e+00	
1267	7.000007e-03	0.000000e+00	0.000000e+00	
1268	7.000007e-03	0.000000e+00	0.000000e+00	
1269	7.000008e-03	0.000000e+00	0.000000e+00	
1270	7.000008e-03	0.000000e+00	0.000000e+00	
1271	7.000008e-03	0.000000e+00	0.000000e+00	
1272	7.000008e-03	0.000000e+00	0.000000e+00	

Index   time            v8#branch       v9#branch       
--------------------------------------------------------------------------------
1273	7.000008e-03	0.000000e+00	0.000000e+00	
1274	7.000009e-03	0.000000e+00	0.000000e+00	
1275	7.000009e-03	0.000000e+00	0.000000e+00	
1276	7.000009e-03	0.000000e+00	0.000000e+00	
1277	7.000009e-03	0.000000e+00	0.000000e+00	
1278	7.000009e-03	0.000000e+00	0.000000e+00	
1279	7.000009e-03	0.000000e+00	0.000000e+00	
1280	7.000009e-03	0.000000e+00	0.000000e+00	
1281	7.000009e-03	0.000000e+00	0.000000e+00	
1282	7.000010e-03	0.000000e+00	0.000000e+00	
1283	7.000010e-03	0.000000e+00	0.000000e+00	
1284	7.000010e-03	0.000000e+00	0.000000e+00	
1285	7.000010e-03	0.000000e+00	0.000000e+00	
1286	7.000010e-03	0.000000e+00	0.000000e+00	
1287	7.000010e-03	0.000000e+00	0.000000e+00	
1288	7.000010e-03	0.000000e+00	0.000000e+00	
1289	7.000010e-03	0.000000e+00	0.000000e+00	
1290	7.000010e-03	0.000000e+00	0.000000e+00	
1291	7.000010e-03	0.000000e+00	0.000000e+00	
1292	7.000010e-03	0.000000e+00	0.000000e+00	
1293	7.000011e-03	0.000000e+00	0.000000e+00	
1294	7.000011e-03	0.000000e+00	0.000000e+00	
1295	7.000012e-03	0.000000e+00	0.000000e+00	
1296	7.000014e-03	0.000000e+00	0.000000e+00	
1297	7.000018e-03	0.000000e+00	0.000000e+00	
1298	7.000020e-03	0.000000e+00	0.000000e+00	
1299	7.000021e-03	0.000000e+00	0.000000e+00	
1300	7.000022e-03	0.000000e+00	0.000000e+00	
1301	7.000022e-03	0.000000e+00	0.000000e+00	
1302	7.000022e-03	0.000000e+00	0.000000e+00	
1303	7.000023e-03	0.000000e+00	0.000000e+00	
1304	7.000023e-03	0.000000e+00	0.000000e+00	
1305	7.000023e-03	0.000000e+00	0.000000e+00	
1306	7.000023e-03	0.000000e+00	0.000000e+00	
1307	7.000024e-03	0.000000e+00	0.000000e+00	
1308	7.000024e-03	0.000000e+00	0.000000e+00	
1309	7.000026e-03	0.000000e+00	0.000000e+00	
1310	7.000028e-03	0.000000e+00	0.000000e+00	
1311	7.000033e-03	0.000000e+00	0.000000e+00	
1312	7.000044e-03	0.000000e+00	0.000000e+00	
1313	7.000064e-03	0.000000e+00	0.000000e+00	
1314	7.000105e-03	0.000000e+00	0.000000e+00	
1315	7.000187e-03	0.000000e+00	0.000000e+00	
1316	7.000351e-03	0.000000e+00	0.000000e+00	
1317	7.000678e-03	0.000000e+00	0.000000e+00	
1318	7.001334e-03	0.000000e+00	0.000000e+00	
1319	7.002645e-03	0.000000e+00	0.000000e+00	
1320	7.005266e-03	0.000000e+00	0.000000e+00	
1321	7.010509e-03	0.000000e+00	0.000000e+00	
1322	7.020995e-03	0.000000e+00	0.000000e+00	
1323	7.041966e-03	0.000000e+00	0.000000e+00	
1324	7.083909e-03	0.000000e+00	0.000000e+00	
1325	7.167795e-03	0.000000e+00	0.000000e+00	
1326	7.327795e-03	0.000000e+00	0.000000e+00	
1327	7.487795e-03	0.000000e+00	0.000000e+00	
1328	7.500010e-03	0.000000e+00	0.000000e+00	
1329	7.500011e-03	0.000000e+00	0.000000e+00	
1330	7.500013e-03	0.000000e+00	0.000000e+00	

Index   time            v8#branch       v9#branch       
--------------------------------------------------------------------------------
1331	7.500017e-03	0.000000e+00	0.000000e+00	
1332	7.500019e-03	0.000000e+00	0.000000e+00	
1333	7.500019e-03	0.000000e+00	0.000000e+00	
1334	7.500019e-03	0.000000e+00	0.000000e+00	
1335	7.500020e-03	0.000000e+00	0.000000e+00	
1336	7.500020e-03	0.000000e+00	0.000000e+00	
1337	7.500020e-03	0.000000e+00	0.000000e+00	
1338	7.500020e-03	0.000000e+00	0.000000e+00	
1339	7.500020e-03	0.000000e+00	0.000000e+00	
1340	7.500020e-03	0.000000e+00	0.000000e+00	
1341	7.500020e-03	0.000000e+00	0.000000e+00	
1342	7.500020e-03	0.000000e+00	0.000000e+00	
1343	7.500020e-03	0.000000e+00	0.000000e+00	
1344	7.500020e-03	0.000000e+00	0.000000e+00	
1345	7.500020e-03	0.000000e+00	0.000000e+00	
1346	7.500021e-03	0.000000e+00	0.000000e+00	
1347	7.500021e-03	0.000000e+00	0.000000e+00	
1348	7.500021e-03	0.000000e+00	0.000000e+00	
1349	7.500021e-03	0.000000e+00	0.000000e+00	
1350	7.500021e-03	0.000000e+00	0.000000e+00	
1351	7.500022e-03	0.000000e+00	0.000000e+00	
1352	7.500022e-03	0.000000e+00	0.000000e+00	
1353	7.500022e-03	0.000000e+00	0.000000e+00	
1354	7.500022e-03	0.000000e+00	0.000000e+00	
1355	7.500022e-03	0.000000e+00	0.000000e+00	
1356	7.500022e-03	0.000000e+00	0.000000e+00	
1357	7.500022e-03	0.000000e+00	0.000000e+00	
1358	7.500022e-03	0.000000e+00	0.000000e+00	
1359	7.500023e-03	0.000000e+00	0.000000e+00	
1360	7.500023e-03	0.000000e+00	0.000000e+00	
1361	7.500023e-03	0.000000e+00	0.000000e+00	
1362	7.500023e-03	0.000000e+00	0.000000e+00	
1363	7.500023e-03	0.000000e+00	0.000000e+00	
1364	7.500023e-03	0.000000e+00	0.000000e+00	
1365	7.500023e-03	0.000000e+00	0.000000e+00	
1366	7.500023e-03	0.000000e+00	0.000000e+00	
1367	7.500023e-03	0.000000e+00	0.000000e+00	
1368	7.500023e-03	0.000000e+00	0.000000e+00	
1369	7.500023e-03	0.000000e+00	0.000000e+00	
1370	7.500023e-03	0.000000e+00	0.000000e+00	
1371	7.500023e-03	0.000000e+00	0.000000e+00	
1372	7.500024e-03	0.000000e+00	0.000000e+00	
1373	7.500024e-03	0.000000e+00	0.000000e+00	
1374	7.500025e-03	0.000000e+00	0.000000e+00	
1375	7.500025e-03	0.000000e+00	0.000000e+00	
1376	7.500025e-03	0.000000e+00	0.000000e+00	
1377	7.500026e-03	0.000000e+00	0.000000e+00	
1378	7.500026e-03	0.000000e+00	0.000000e+00	
1379	7.500026e-03	0.000000e+00	0.000000e+00	
1380	7.500026e-03	0.000000e+00	0.000000e+00	
1381	7.500026e-03	0.000000e+00	0.000000e+00	
1382	7.500027e-03	0.000000e+00	0.000000e+00	
1383	7.500028e-03	0.000000e+00	0.000000e+00	
1384	7.500029e-03	0.000000e+00	0.000000e+00	
1385	7.500029e-03	0.000000e+00	0.000000e+00	
1386	7.500029e-03	0.000000e+00	0.000000e+00	
1387	7.500029e-03	0.000000e+00	0.000000e+00	
1388	7.500029e-03	0.000000e+00	0.000000e+00	

Index   time            v8#branch       v9#branch       
--------------------------------------------------------------------------------
1389	7.500029e-03	0.000000e+00	0.000000e+00	
1390	7.500029e-03	0.000000e+00	0.000000e+00	
1391	7.500029e-03	0.000000e+00	0.000000e+00	
1392	7.500029e-03	0.000000e+00	0.000000e+00	
1393	7.500029e-03	0.000000e+00	0.000000e+00	
1394	7.500030e-03	0.000000e+00	0.000000e+00	
1395	7.500030e-03	0.000000e+00	0.000000e+00	
1396	7.500030e-03	0.000000e+00	0.000000e+00	
1397	7.500030e-03	0.000000e+00	0.000000e+00	
1398	7.500030e-03	0.000000e+00	0.000000e+00	
1399	7.500031e-03	0.000000e+00	0.000000e+00	
1400	7.500032e-03	0.000000e+00	0.000000e+00	
1401	7.500033e-03	0.000000e+00	0.000000e+00	
1402	7.500037e-03	0.000000e+00	0.000000e+00	
1403	7.500043e-03	0.000000e+00	0.000000e+00	
1404	7.500056e-03	0.000000e+00	0.000000e+00	
1405	7.500082e-03	0.000000e+00	0.000000e+00	
1406	7.500135e-03	0.000000e+00	0.000000e+00	
1407	7.500240e-03	0.000000e+00	0.000000e+00	
1408	7.500449e-03	0.000000e+00	0.000000e+00	
1409	7.500869e-03	0.000000e+00	0.000000e+00	
1410	7.501708e-03	0.000000e+00	0.000000e+00	
1411	7.503385e-03	0.000000e+00	0.000000e+00	
1412	7.506741e-03	0.000000e+00	0.000000e+00	
1413	7.513452e-03	0.000000e+00	0.000000e+00	
1414	7.526873e-03	0.000000e+00	0.000000e+00	
1415	7.553717e-03	0.000000e+00	0.000000e+00	
1416	7.607404e-03	0.000000e+00	0.000000e+00	
1417	7.714778e-03	0.000000e+00	0.000000e+00	
1418	7.874778e-03	0.000000e+00	0.000000e+00	
1419	8.000000e-03	0.000000e+00	0.000000e+00	
